"MYE2: Persons by single year of age and sex for local authorities in England and Wales, mid-2023",,,,,,,,,,,,,,,,,,,,,,,,,,,,,,,,,,,,,,,,,,,,,,,,,,,,,,,,,,,,,,,,,,,,,,,,,,,,,,,,,,,,,,,,,,,,,,
This worksheet contains one table. Freeze panes are turned on. ,,,,,,,,,,,,,,,,,,,,,,,,,,,,,,,,,,,,,,,,,,,,,,,,,,,,,,,,,,,,,,,,,,,,,,,,,,,,,,,,,,,,,,,,,,,,,,
"To turn off freeze panes select the 'View' ribbon then 'Freeze Panes' then 'Unfreeze Panes' or use [Alt W, F]",,,,,,,,,,,,,,,,,,,,,,,,,,,,,,,,,,,,,,,,,,,,,,,,,,,,,,,,,,,,,,,,,,,,,,,,,,,,,,,,,,,,,,,,,,,,,,
Please choose from the links presented in the cells below to e-mail us your opinion on this table: ,,,,,,,,,,,,,,,,,,,,,,,,,,,,,,,,,,,,,,,,,,,,,,,,,,,,,,,,,,,,,,,,,,,,,,,,,,,,,,,,,,,,,,,,,,,,,,
"This met my needs, please produce it next year",,,,,,,,,,,,,,,,,,,,,,,,,,,,,,,,,,,,,,,,,,,,,,,,,,,,,,,,,,,,,,,,,,,,,,,,,,,,,,,,,,,,,,,,,,,,,,
I need something slightly different (please specify),,,,,,,,,,,,,,,,,,,,,,,,,,,,,,,,,,,,,,,,,,,,,,,,,,,,,,,,,,,,,,,,,,,,,,,,,,,,,,,,,,,,,,,,,,,,,,
This is not what I need at all (please specify),,,,,,,,,,,,,,,,,,,,,,,,,,,,,,,,,,,,,,,,,,,,,,,,,,,,,,,,,,,,,,,,,,,,,,,,,,,,,,,,,,,,,,,,,,,,,,
Code,Name,Geography,All ages,0,1,2,3,4,5,6,7,8,9,10,11,12,13,14,15,16,17,18,19,20,21,22,23,24,25,26,27,28,29,30,31,32,33,34,35,36,37,38,39,40,41,42,43,44,45,46,47,48,49,50,51,52,53,54,55,56,57,58,59,60,61,62,63,64,65,66,67,68,69,70,71,72,73,74,75,76,77,78,79,80,81,82,83,84,85,86,87,88,89,90+
K04000001,ENGLAND AND WALES,Country,60854727.00,600801.00,641879.00,638385.00,661083.00,672685.00,681900.00,697641.00,717150.00,710833.00,714772.00,732612.00,751923.00,752347.00,742256.00,736698.00,743900.00,716641.00,705108.00,707670.00,716527.00,711854.00,713853.00,715140.00,738033.00,768416.00,778100.00,795056.00,782863.00,795733.00,816611.00,818170.00,843787.00,853772.00,852228.00,847155.00,856627.00,837184.00,830098.00,826094.00,799549.00,799458.00,795121.00,801792.00,804769.00,770485.00,716103.00,702628.00,716717.00,731450.00,739902.00,768197.00,797244.00,826458.00,804402.00,822081.00,818332.00,822945.00,818740.00,819904.00,807652.00,787224.00,767486.00,737013.00,705294.00,684873.00,663659.00,634051.00,607219.00,580893.00,579378.00,566107.00,545374.00,544313.00,547740.00,555344.00,580460.00,620020.00,465366.00,442487.00,430180.00,387059.00,335360.00,288359.00,287413.00,271872.00,250133.00,222324.00,195657.00,170123.00,142674.00,551758.00
E92000001,ENGLAND,Country,57690323.00,573100.00,611983.00,608924.00,629972.00,640658.00,648548.00,663754.00,681559.00,675636.00,679270.00,696169.00,714362.00,714228.00,704780.00,699401.00,706006.00,680553.00,669743.00,671208.00,677553.00,673283.00,674617.00,676878.00,700947.00,730647.00,740801.00,755921.00,745430.00,757884.00,777813.00,779256.00,803070.00,812586.00,811784.00,806727.00,815398.00,796852.00,790301.00,786596.00,761753.00,761526.00,757565.00,763805.00,766371.00,734135.00,682602.00,669430.00,682668.00,696007.00,703567.00,729662.00,756142.00,782845.00,762354.00,778013.00,774855.00,778477.00,774198.00,774216.00,762104.00,742788.00,723731.00,694877.00,664557.00,644790.00,624637.00,596453.00,571250.00,546316.00,544215.00,531268.00,512151.00,511067.00,514065.00,521443.00,545087.00,583339.00,437949.00,416050.00,404700.00,363994.00,314801.00,270597.00,270666.00,256427.00,235873.00,209664.00,184536.00,160616.00,134632.00,521291.00
E12000001,NORTH EAST,Region,2711380.00,24711.00,26256.00,26370.00,26959.00,28242.00,28768.00,29763.00,30584.00,30231.00,30775.00,31701.00,32141.00,32483.00,31867.00,31220.00,31975.00,30632.00,30549.00,30752.00,34581.00,36861.00,35309.00,32769.00,31385.00,31458.00,32016.00,33312.00,32648.00,33472.00,33759.00,34347.00,35664.00,35636.00,35183.00,34698.00,35915.00,35288.00,35531.00,34879.00,33579.00,33340.00,32987.00,33287.00,33531.00,32444.00,28952.00,27799.00,29636.00,30217.00,30629.00,32475.00,35153.00,37108.00,35420.00,36237.00,37045.00,37907.00,38322.00,38946.00,38490.00,38418.00,38118.00,36392.00,35223.00,35294.00,34569.00,33046.00,31759.00,30141.00,29796.00,29239.00,27834.00,27464.00,27532.00,27733.00,28721.00,30570.00,22233.00,20894.00,19754.00,17067.00,15345.00,13718.00,13665.00,12776.00,11874.00,10641.00,8949.00,8003.00,6504.00,23914.00
E06000047,County Durham,Unitary Authority,532182.00,4410.00,4736.00,4805.00,4964.00,5084.00,5199.00,5352.00,5647.00,5654.00,5812.00,5989.00,6022.00,6116.00,6127.00,5857.00,6111.00,5958.00,5786.00,6108.00,8276.00,10046.00,8641.00,6859.00,5885.00,5651.00,5661.00,5945.00,5774.00,5796.00,5829.00,6059.00,6279.00,6446.00,6289.00,6309.00,6470.00,6377.00,6425.00,6277.00,6177.00,6294.00,6229.00,6287.00,6226.00,6254.00,5606.00,5379.00,5697.00,5846.00,6050.00,6739.00,7147.00,7629.00,7203.00,7615.00,7778.00,7989.00,8024.00,8174.00,8038.00,7824.00,7855.00,7376.00,7009.00,7206.00,6904.00,6656.00,6415.00,6228.00,6045.00,6029.00,5697.00,5724.00,5658.00,5797.00,5838.00,6305.00,4656.00,4488.00,4316.00,3583.00,3180.00,2922.00,2790.00,2542.00,2361.00,2164.00,1825.00,1596.00,1284.00,4497.00
E06000005,Darlington,Unitary Authority,110562.00,1010.00,1115.00,1102.00,1157.00,1168.00,1210.00,1152.00,1244.00,1257.00,1273.00,1351.00,1341.00,1335.00,1361.00,1385.00,1380.00,1298.00,1272.00,1249.00,951.00,851.00,904.00,1008.00,1176.00,1261.00,1293.00,1295.00,1342.00,1320.00,1375.00,1406.00,1423.00,1559.00,1464.00,1404.00,1501.00,1404.00,1447.00,1353.00,1382.00,1364.00,1350.00,1395.00,1419.00,1425.00,1326.00,1225.00,1305.00,1331.00,1368.00,1406.00,1526.00,1604.00,1559.00,1552.00,1568.00,1561.00,1633.00,1628.00,1511.00,1602.00,1545.00,1531.00,1412.00,1423.00,1385.00,1292.00,1294.00,1190.00,1164.00,1185.00,1130.00,1115.00,1083.00,1165.00,1165.00,1274.00,953.00,902.00,796.00,687.00,633.00,592.00,613.00,554.00,503.00,448.00,377.00,354.00,277.00,1083.00
E06000001,Hartlepool,Unitary Authority,95366.00,915.00,960.00,981.00,1066.00,1081.00,1069.00,1152.00,1155.00,1105.00,1183.00,1187.00,1193.00,1247.00,1245.00,1241.00,1275.00,1151.00,1211.00,1145.00,1021.00,848.00,924.00,1079.00,1108.00,1190.00,1077.00,1214.00,1066.00,1159.00,1178.00,1155.00,1219.00,1269.00,1188.00,1224.00,1253.00,1229.00,1218.00,1193.00,1120.00,1081.00,1129.00,1114.00,1117.00,1076.00,977.00,965.00,1015.00,992.00,1031.00,1169.00,1232.00,1325.00,1283.00,1300.00,1358.00,1441.00,1422.00,1455.00,1392.00,1449.00,1419.00,1415.00,1273.00,1335.00,1159.00,1204.00,1092.00,1071.00,957.00,1014.00,996.00,917.00,1007.00,974.00,973.00,1014.00,736.00,655.00,609.00,504.00,500.00,442.00,465.00,407.00,429.00,382.00,266.00,300.00,206.00,828.00
E06000002,Middlesbrough,Unitary Authority,152650.00,1824.00,1798.00,1766.00,1830.00,1889.00,1940.00,2081.00,1927.00,2019.00,1982.00,2110.00,2064.00,2119.00,1991.00,1814.00,1884.00,1890.00,1863.00,1826.00,1873.00,1703.00,1796.00,1974.00,2073.00,2213.00,2596.00,2660.00,2523.00,2517.00,2549.00,2542.00,2553.00,2304.00,2389.00,2345.00,2378.00,2321.00,2246.00,2121.00,2041.00,1955.00,1853.00,1855.00,1778.00,1728.00,1478.00,1453.00,1540.00,1549.00,1511.00,1588.00,1636.00,1720.00,1686.00,1634.00,1787.00,1747.00,1831.00,1876.00,1844.00,1833.00,1909.00,1753.00,1717.00,1681.00,1696.00,1651.00,1516.00,1463.00,1358.00,1384.00,1254.00,1236.00,1207.00,1175.00,1195.00,1311.00,928.00,882.00,787.00,735.00,722.00,580.00,574.00,557.00,520.00,457.00,424.00,341.00,301.00,1120.00
E06000057,Northumberland,Unitary Authority,327055.00,2549.00,2664.00,2813.00,2772.00,2976.00,3156.00,3223.00,3328.00,3339.00,3460.00,3562.00,3670.00,3707.00,3565.00,3498.00,3677.00,3395.00,3458.00,3249.00,2560.00,2475.00,2435.00,2746.00,2919.00,3117.00,3207.00,3164.00,3076.00,3268.00,3264.00,3342.00,3606.00,3589.00,3552.00,3546.00,3716.00,3724.00,3633.00,3759.00,3595.00,3607.00,3660.00,3648.00,3916.00,3777.00,3323.00,3377.00,3581.00,3767.00,3851.00,4077.00,4518.00,4744.00,4480.00,4696.00,4881.00,4994.00,5073.00,5366.00,5376.00,5273.00,5339.00,5103.00,5188.00,5087.00,4954.00,4825.00,4754.00,4502.00,4531.00,4435.00,4259.00,4240.00,4234.00,4305.00,4701.00,4843.00,3502.00,3348.00,3175.00,2764.00,2339.00,2055.00,2004.00,1873.00,1706.00,1586.00,1358.00,1203.00,951.00,3552.00
E06000003,Redcar and Cleveland,Unitary Authority,137938.00,1259.00,1359.00,1226.00,1367.00,1416.00,1419.00,1535.00,1488.00,1566.00,1564.00,1691.00,1740.00,1718.00,1618.00,1544.00,1675.00,1629.00,1627.00,1469.00,1270.00,1072.00,1174.00,1211.00,1435.00,1491.00,1426.00,1399.00,1483.00,1482.00,1550.00,1526.00,1698.00,1683.00,1580.00,1604.00,1628.00,1581.00,1573.00,1678.00,1501.00,1493.00,1575.00,1579.00,1567.00,1458.00,1384.00,1320.00,1472.00,1447.00,1561.00,1665.00,1832.00,1973.00,1908.00,1974.00,1969.00,2201.00,2262.00,2163.00,2121.00,2146.00,2131.00,2002.00,1959.00,1955.00,1969.00,1773.00,1778.00,1631.00,1719.00,1672.00,1583.00,1575.00,1577.00,1659.00,1645.00,1838.00,1410.00,1270.00,1234.00,1000.00,992.00,851.00,854.00,828.00,685.00,637.00,546.00,456.00,370.00,1314.00
E06000004,Stockton-on-Tees,Unitary Authority,202415.00,1924.00,2078.00,2032.00,2203.00,2266.00,2282.00,2451.00,2542.00,2465.00,2470.00,2731.00,2667.00,2815.00,2654.00,2674.00,2705.00,2562.00,2566.00,2413.00,1894.00,1495.00,1554.00,1799.00,2165.00,2206.00,2164.00,2546.00,2357.00,2428.00,2634.00,2684.00,2798.00,2751.00,2710.00,2751.00,2894.00,2752.00,2966.00,2906.00,2805.00,2681.00,2574.00,2734.00,2647.00,2553.00,2298.00,2173.00,2295.00,2358.00,2424.00,2355.00,2686.00,2763.00,2785.00,2722.00,2780.00,2833.00,2826.00,2751.00,2740.00,2820.00,2801.00,2618.00,2574.00,2550.00,2463.00,2461.00,2293.00,2093.00,2157.00,2039.00,2012.00,1965.00,1909.00,1930.00,2007.00,2086.00,1492.00,1398.00,1328.00,1155.00,1133.00,993.00,941.00,885.00,819.00,693.00,568.00,535.00,390.00,1570.00
E11000007,Tyne and Wear (Met County),Metropolitan County,1153212.00,10820.00,11546.00,11645.00,11600.00,12362.00,12493.00,12817.00,13253.00,12826.00,13031.00,13080.00,13444.00,13426.00,13306.00,13207.00,13268.00,12749.00,12766.00,13293.00,16736.00,18371.00,17881.00,16093.00,14624.00,14329.00,14592.00,15089.00,15027.00,15502.00,15380.00,15633.00,16088.00,16035.00,16011.00,15515.00,16075.00,15900.00,16023.00,15592.00,14958.00,14865.00,14617.00,14675.00,14861.00,14173.00,12560.00,11907.00,12731.00,12927.00,12833.00,13476.00,14576.00,15350.00,14516.00,14744.00,14924.00,15141.00,15251.00,15533.00,15468.00,15471.00,15119.00,14594.00,14091.00,14057.00,14039.00,13184.00,12617.00,11963.00,11865.00,11481.00,10903.00,10692.00,10857.00,10728.00,11197.00,11899.00,8556.00,7951.00,7509.00,6639.00,5846.00,5283.00,5424.00,5130.00,4851.00,4274.00,3585.00,3218.00,2725.00,9950.00
E08000037,Gateshead,Metropolitan District,199139.00,1818.00,1958.00,2013.00,1988.00,2122.00,2108.00,2304.00,2245.00,2333.00,2286.00,2215.00,2361.00,2428.00,2345.00,2361.00,2178.00,2327.00,2394.00,2458.00,2188.00,1911.00,1715.00,1936.00,2060.00,2307.00,2506.00,2546.00,2597.00,2726.00,2677.00,2729.00,2801.00,2706.00,2727.00,2646.00,2735.00,2675.00,2753.00,2643.00,2667.00,2633.00,2450.00,2552.00,2608.00,2436.00,2220.00,2110.00,2232.00,2244.00,2299.00,2318.00,2725.00,2769.00,2677.00,2700.00,2689.00,2865.00,2846.00,2812.00,2720.00,2794.00,2758.00,2573.00,2484.00,2453.00,2520.00,2370.00,2127.00,2172.00,2034.00,2017.00,1897.00,1889.00,2003.00,2000.00,2098.00,2212.00,1525.00,1548.00,1396.00,1228.00,1113.00,1045.00,1043.00,1054.00,936.00,799.00,645.00,630.00,534.00,1844.00
E08000021,Newcastle upon Tyne,Metropolitan District,311976.00,3054.00,3243.00,3206.00,3221.00,3340.00,3360.00,3376.00,3571.00,3347.00,3473.00,3506.00,3399.00,3477.00,3420.00,3414.00,3340.00,3177.00,3162.00,3894.00,8552.00,10747.00,10443.00,8155.00,6009.00,5187.00,5022.00,5110.00,5074.00,4944.00,4705.00,4675.00,4557.00,4357.00,4636.00,4136.00,4436.00,4272.00,4183.00,4089.00,3947.00,3898.00,3975.00,3739.00,3744.00,3529.00,3185.00,3026.00,3267.00,3258.00,3142.00,3167.00,3215.00,3505.00,3217.00,3279.00,3263.00,3357.00,3375.00,3457.00,3423.00,3446.00,3331.00,3162.00,3110.00,3109.00,3016.00,2778.00,2740.00,2482.00,2462.00,2412.00,2286.00,2137.00,2220.00,2136.00,2232.00,2488.00,1726.00,1628.00,1560.00,1337.00,1203.00,1058.00,1141.00,1069.00,992.00,954.00,809.00,716.00,585.00,2414.00
E08000022,North Tyneside,Metropolitan District,211769.00,1885.00,2058.00,1995.00,2091.00,2378.00,2334.00,2338.00,2474.00,2373.00,2449.00,2495.00,2466.00,2441.00,2528.00,2441.00,2506.00,2358.00,2427.00,2234.00,1674.00,1602.00,1612.00,1717.00,1967.00,2130.00,2200.00,2403.00,2341.00,2538.00,2609.00,2623.00,2801.00,2906.00,2833.00,2924.00,2912.00,3031.00,3064.00,2996.00,2965.00,2923.00,2855.00,3014.00,3134.00,2930.00,2491.00,2420.00,2562.00,2643.00,2565.00,2761.00,2989.00,2987.00,2853.00,2849.00,2907.00,2911.00,2935.00,3007.00,3031.00,3058.00,2938.00,2784.00,2775.00,2666.00,2729.00,2507.00,2502.00,2435.00,2420.00,2408.00,2220.00,2187.00,2183.00,2195.00,2350.00,2448.00,1779.00,1614.00,1584.00,1320.00,1146.00,986.00,1080.00,975.00,955.00,810.00,708.00,638.00,523.00,1960.00
E08000023,South Tyneside,Metropolitan District,149270.00,1413.00,1425.00,1590.00,1499.00,1613.00,1702.00,1697.00,1810.00,1697.00,1759.00,1733.00,1765.00,1810.00,1757.00,1770.00,1779.00,1653.00,1624.00,1577.00,1410.00,1292.00,1312.00,1391.00,1516.00,1566.00,1578.00,1632.00,1701.00,1746.00,1754.00,1881.00,1869.00,2029.00,1968.00,2023.00,2089.00,2079.00,2156.00,2031.00,1883.00,1846.00,1876.00,1883.00,1883.00,1878.00,1529.00,1482.00,1573.00,1656.00,1669.00,1745.00,1898.00,2038.00,1986.00,2109.00,2141.00,2114.00,2250.00,2259.00,2278.00,2227.00,2164.00,2197.00,2065.00,2105.00,2000.00,1886.00,1876.00,1725.00,1780.00,1659.00,1497.00,1561.00,1598.00,1538.00,1595.00,1601.00,1271.00,1101.00,1025.00,987.00,849.00,766.00,759.00,714.00,704.00,625.00,515.00,444.00,366.00,1398.00
E08000024,Sunderland,Metropolitan District,281058.00,2650.00,2862.00,2841.00,2801.00,2909.00,2989.00,3102.00,3153.00,3076.00,3064.00,3131.00,3453.00,3270.00,3256.00,3221.00,3465.00,3234.00,3159.00,3130.00,2912.00,2819.00,2799.00,2894.00,3072.00,3139.00,3286.00,3398.00,3314.00,3548.00,3635.00,3725.00,4060.00,4037.00,3847.00,3786.00,3903.00,3843.00,3867.00,3833.00,3496.00,3565.00,3461.00,3487.00,3492.00,3400.00,3135.00,2869.00,3097.00,3126.00,3158.00,3485.00,3749.00,4051.00,3783.00,3807.00,3924.00,3894.00,3845.00,3998.00,4016.00,3946.00,3928.00,3878.00,3657.00,3724.00,3774.00,3643.00,3372.00,3149.00,3169.00,2985.00,3003.00,2918.00,2853.00,2859.00,2922.00,3150.00,2255.00,2060.00,1944.00,1767.00,1535.00,1428.00,1401.00,1318.00,1264.00,1086.00,908.00,790.00,717.00,2334.00
E12000002,NORTH WEST,Region,7600126.00,75510.00,81106.00,80788.00,83966.00,85865.00,86148.00,89017.00,91340.00,90529.00,91262.00,93283.00,94937.00,95283.00,93707.00,93148.00,93733.00,90027.00,89611.00,90291.00,93938.00,95599.00,95463.00,92437.00,93159.00,95970.00,95737.00,98410.00,95482.00,97549.00,99757.00,100797.00,103741.00,106229.00,104745.00,104215.00,106185.00,102288.00,103035.00,102791.00,98401.00,98071.00,96694.00,96074.00,96502.00,91773.00,84864.00,82748.00,85603.00,87944.00,88896.00,93214.00,98795.00,102983.00,100187.00,103214.00,101543.00,102647.00,102204.00,103785.00,102784.00,100203.00,98938.00,94606.00,90656.00,87468.00,84785.00,81238.00,77606.00,73841.00,73363.00,72262.00,69158.00,69509.00,69697.00,70310.00,73447.00,78446.00,56979.00,53754.00,52690.00,47590.00,41397.00,36696.00,35599.00,33648.00,30848.00,27054.00,23801.00,20213.00,16565.00,61755.00
E06000008,Blackburn with Darwen,Unitary Authority,157503.00,1819.00,1973.00,2014.00,2083.00,2137.00,2089.00,2235.00,2303.00,2276.00,2234.00,2346.00,2411.00,2472.00,2425.00,2490.00,2424.00,2318.00,2341.00,2235.00,1899.00,1830.00,1893.00,1873.00,1988.00,2071.00,2060.00,1959.00,1982.00,2051.00,2071.00,2079.00,2142.00,2221.00,2037.00,2168.00,2245.00,2179.00,2193.00,2291.00,2183.00,2163.00,2246.00,2209.00,2189.00,2042.00,1960.00,1857.00,1873.00,1901.00,1906.00,2042.00,2063.00,2047.00,2028.00,2091.00,2029.00,1886.00,1876.00,1903.00,1814.00,1819.00,1761.00,1675.00,1618.00,1561.00,1426.00,1415.00,1383.00,1348.00,1212.00,1297.00,1178.00,1117.00,1144.00,1129.00,1186.00,1230.00,850.00,790.00,769.00,678.00,600.00,527.00,511.00,518.00,460.00,337.00,344.00,282.00,227.00,946.00
E06000009,Blackpool,Unitary Authority,142708.00,1478.00,1465.00,1428.00,1514.00,1647.00,1559.00,1642.00,1553.00,1681.00,1643.00,1632.00,1662.00,1591.00,1676.00,1627.00,1660.00,1600.00,1605.00,1659.00,1409.00,1166.00,1316.00,1495.00,1553.00,1571.00,1625.00,1713.00,1649.00,1670.00,1758.00,1802.00,1872.00,2025.00,1963.00,1914.00,1946.00,1958.00,1892.00,1824.00,1720.00,1730.00,1609.00,1578.00,1712.00,1557.00,1439.00,1473.00,1563.00,1544.00,1627.00,1829.00,1953.00,2048.00,2049.00,2225.00,2093.00,2226.00,2246.00,2135.00,2269.00,2147.00,2185.00,2036.00,1917.00,1896.00,1806.00,1673.00,1729.00,1503.00,1452.00,1390.00,1354.00,1349.00,1325.00,1462.00,1528.00,1599.00,1220.00,1108.00,1082.00,1012.00,825.00,796.00,747.00,731.00,621.00,616.00,536.00,430.00,338.00,1227.00
E06000049,Cheshire East,Unitary Authority,412458.00,3787.00,4104.00,4132.00,4225.00,4240.00,4593.00,4550.00,4689.00,4577.00,4578.00,4829.00,4946.00,4903.00,4743.00,4799.00,4846.00,4542.00,4551.00,4380.00,3089.00,2401.00,2677.00,3334.00,3945.00,4181.00,4204.00,4303.00,4236.00,4625.00,4743.00,4849.00,4995.00,5442.00,5257.00,5284.00,5418.00,5254.00,5388.00,5435.00,5107.00,5167.00,5090.00,5099.00,5258.00,5056.00,4762.00,4821.00,4971.00,5175.00,5230.00,5451.00,5813.00,6073.00,5879.00,6229.00,6304.00,6167.00,6189.00,6213.00,6087.00,6191.00,5950.00,5737.00,5396.00,5171.00,4962.00,4668.00,4567.00,4492.00,4466.00,4422.00,4268.00,4424.00,4418.00,4487.00,4928.00,5341.00,3785.00,3743.00,3759.00,3307.00,2771.00,2421.00,2401.00,2204.00,2142.00,1868.00,1698.00,1461.00,1135.00,4660.00
E06000050,Cheshire West and Chester,Unitary Authority,365061.00,3135.00,3499.00,3531.00,3625.00,3734.00,3825.00,3898.00,4057.00,3946.00,4104.00,4196.00,4352.00,4244.00,4195.00,4154.00,4271.00,4087.00,4028.00,3870.00,3341.00,3262.00,3695.00,3858.00,4074.00,4063.00,4157.00,4384.00,4037.00,4339.00,4489.00,4463.00,4861.00,4922.00,4749.00,4779.00,4785.00,4619.00,4624.00,4899.00,4531.00,4646.00,4652.00,4475.00,4544.00,4517.00,4053.00,3849.00,4129.00,4402.00,4502.00,4865.00,5146.00,5259.00,5193.00,5236.00,5347.00,5147.00,5323.00,5330.00,5426.00,5329.00,5120.00,4874.00,4649.00,4494.00,4381.00,4206.00,4159.00,3862.00,3923.00,3931.00,3689.00,3739.00,3813.00,3868.00,4117.00,4206.00,3279.00,3164.00,2982.00,2673.00,2316.00,2162.00,2045.00,1936.00,1787.00,1567.00,1345.00,1136.00,933.00,3653.00
E06000063,Cumberland,Unitary Authority,276876.00,2338.00,2437.00,2603.00,2609.00,2668.00,2729.00,2860.00,2970.00,2921.00,2983.00,3016.00,3161.00,3193.00,3166.00,3088.00,3132.00,2919.00,2982.00,2762.00,2372.00,2134.00,2205.00,2429.00,2662.00,2847.00,2937.00,3072.00,2950.00,3042.00,3188.00,3253.00,3482.00,3444.00,3347.00,3359.00,3313.00,3140.00,3358.00,3228.00,3135.00,3315.00,3235.00,3179.00,3187.00,2911.00,2851.00,2793.00,2983.00,3110.00,3332.00,3637.00,3784.00,4160.00,3902.00,4283.00,4086.00,4361.00,4337.00,4469.00,4480.00,4337.00,4320.00,4174.00,4117.00,4071.00,3957.00,3707.00,3580.00,3324.00,3345.00,3354.00,3164.00,3363.00,3265.00,3376.00,3352.00,3599.00,2545.00,2348.00,2407.00,2117.00,1915.00,1712.00,1613.00,1513.00,1430.00,1316.00,1090.00,952.00,783.00,2901.00
E06000006,Halton,Unitary Authority,129587.00,1220.00,1356.00,1375.00,1400.00,1402.00,1460.00,1525.00,1540.00,1601.00,1570.00,1591.00,1667.00,1628.00,1669.00,1574.00,1650.00,1625.00,1680.00,1509.00,1223.00,1077.00,1221.00,1356.00,1482.00,1550.00,1510.00,1465.00,1471.00,1560.00,1640.00,1608.00,1787.00,1770.00,1742.00,1696.00,1854.00,1799.00,1721.00,1748.00,1770.00,1730.00,1682.00,1693.00,1677.00,1652.00,1466.00,1536.00,1605.00,1626.00,1590.00,1708.00,1732.00,1834.00,1809.00,1752.00,1762.00,1808.00,1761.00,1814.00,1778.00,1773.00,1894.00,1707.00,1574.00,1705.00,1580.00,1463.00,1506.00,1426.00,1380.00,1373.00,1334.00,1365.00,1329.00,1321.00,1340.00,1387.00,921.00,790.00,815.00,728.00,646.00,553.00,517.00,498.00,415.00,390.00,335.00,323.00,254.00,838.00
E06000007,Warrington,Unitary Authority,212389.00,1918.00,2051.00,2064.00,2240.00,2269.00,2349.00,2328.00,2528.00,2579.00,2619.00,2629.00,2747.00,2715.00,2688.00,2709.00,2691.00,2558.00,2471.00,2279.00,1597.00,1344.00,1590.00,1871.00,2175.00,2283.00,2346.00,2457.00,2400.00,2316.00,2500.00,2565.00,2712.00,2929.00,2724.00,2795.00,2933.00,2841.00,2930.00,2964.00,2900.00,2818.00,2933.00,2892.00,2984.00,2803.00,2556.00,2547.00,2674.00,2726.00,2778.00,2977.00,2994.00,3212.00,3198.00,3111.00,3056.00,3244.00,3243.00,3142.00,3098.00,3120.00,2959.00,2815.00,2573.00,2567.00,2384.00,2338.00,2178.00,2099.00,2084.00,2068.00,1967.00,1984.00,2009.00,1976.00,2076.00,2305.00,1709.00,1660.00,1608.00,1447.00,1304.00,1112.00,1110.00,1088.00,953.00,831.00,705.00,553.00,503.00,1714.00
E06000064,Westmorland and Furness,Unitary Authority,228187.00,1641.00,1832.00,1781.00,1875.00,2052.00,1957.00,2159.00,2215.00,2102.00,2220.00,2316.00,2237.00,2360.00,2318.00,2500.00,2486.00,2454.00,2466.00,2449.00,2036.00,1691.00,1765.00,1883.00,2080.00,2344.00,2286.00,2221.00,2336.00,2353.00,2457.00,2473.00,2540.00,2627.00,2573.00,2628.00,2627.00,2523.00,2469.00,2567.00,2414.00,2527.00,2527.00,2515.00,2458.00,2413.00,2315.00,2335.00,2456.00,2566.00,2776.00,2788.00,3136.00,3368.00,3392.00,3587.00,3487.00,3678.00,3639.00,3825.00,3962.00,3788.00,3682.00,3576.00,3582.00,3494.00,3283.00,3128.00,2986.00,2976.00,2994.00,2882.00,2850.00,2881.00,2955.00,2958.00,3180.00,3330.00,2555.00,2328.00,2304.00,2084.00,1735.00,1620.00,1528.00,1533.00,1371.00,1156.00,1049.00,816.00,690.00,2830.00
E11000001,Greater Manchester (Met County),Metropolitan County,2948633.00,32570.00,34705.00,34370.00,35739.00,36206.00,36185.00,37324.00,38394.00,38011.00,38345.00,39163.00,39385.00,39939.00,39297.00,38639.00,38755.00,37148.00,36842.00,37101.00,39651.00,40518.00,39607.00,38935.00,41058.00,42477.00,42490.00,43215.00,41485.00,42285.00,42543.00,42781.00,43627.00,43937.00,44040.00,43495.00,44107.00,42308.00,42772.00,42704.00,40563.00,40303.00,39638.00,39438.00,39301.00,37024.00,34518.00,33593.00,33748.00,34562.00,33968.00,35283.00,37023.00,37897.00,36488.00,37418.00,36636.00,36972.00,36342.00,36407.00,35376.00,33849.00,33352.00,31729.00,30525.00,29247.00,28234.00,26895.00,25547.00,24361.00,23976.00,23687.00,22735.00,22386.00,22882.00,22950.00,23856.00,25594.00,18237.00,17552.00,16974.00,15577.00,13567.00,11754.00,11477.00,10747.00,9908.00,8593.00,7396.00,6343.00,5146.00,18906.00
E08000001,Bolton,Metropolitan District,302383.00,3518.00,3777.00,3700.00,4024.00,3843.00,3870.00,4086.00,4169.00,4135.00,4247.00,4361.00,4360.00,4428.00,4354.00,4402.00,4262.00,4164.00,4132.00,3854.00,3335.00,2846.00,3235.00,3331.00,3388.00,3610.00,3636.00,3794.00,3626.00,3707.00,3803.00,3843.00,3972.00,4108.00,4223.00,4168.00,4301.00,4158.00,4222.00,4179.00,4030.00,3995.00,3931.00,3979.00,4090.00,3647.00,3578.00,3449.00,3457.00,3544.00,3612.00,3820.00,4009.00,4041.00,3878.00,3954.00,3870.00,4002.00,3999.00,3994.00,3764.00,3497.00,3577.00,3406.00,3255.00,3066.00,3060.00,2949.00,2710.00,2702.00,2676.00,2647.00,2560.00,2442.00,2597.00,2626.00,2696.00,2923.00,2106.00,1981.00,1899.00,1790.00,1578.00,1340.00,1221.00,1219.00,1120.00,923.00,742.00,694.00,537.00,2030.00
E08000002,Bury,Metropolitan District,195476.00,2046.00,2127.00,2200.00,2249.00,2378.00,2320.00,2334.00,2534.00,2447.00,2511.00,2578.00,2654.00,2688.00,2638.00,2590.00,2719.00,2497.00,2455.00,2365.00,1888.00,1640.00,1805.00,1853.00,2012.00,2221.00,2159.00,2191.00,2194.00,2365.00,2477.00,2644.00,2708.00,2694.00,2799.00,2706.00,2796.00,2878.00,2701.00,2765.00,2642.00,2628.00,2770.00,2589.00,2513.00,2519.00,2319.00,2176.00,2328.00,2402.00,2387.00,2510.00,2611.00,2638.00,2571.00,2657.00,2603.00,2708.00,2684.00,2665.00,2697.00,2553.00,2534.00,2319.00,2310.00,2223.00,2093.00,1892.00,1874.00,1789.00,1806.00,1829.00,1763.00,1715.00,1761.00,1881.00,1888.00,2115.00,1481.00,1378.00,1429.00,1188.00,1020.00,897.00,921.00,881.00,756.00,642.00,584.00,541.00,434.00,1536.00
E08000003,Manchester,Metropolitan District,579917.00,6760.00,7119.00,6657.00,7041.00,6998.00,6874.00,7274.00,7326.00,7367.00,7354.00,7466.00,7538.00,7461.00,7516.00,7376.00,7335.00,7187.00,7136.00,8659.00,15608.00,18780.00,16218.00,13513.00,12961.00,12212.00,12283.00,12104.00,11370.00,10923.00,10700.00,10262.00,9948.00,9775.00,9390.00,9151.00,9135.00,8686.00,8791.00,8637.00,7973.00,7846.00,7876.00,7550.00,7480.00,6925.00,6523.00,6217.00,6270.00,6182.00,5934.00,6066.00,5929.00,5955.00,5821.00,6050.00,5659.00,5738.00,5467.00,5504.00,5134.00,4914.00,4813.00,4476.00,4448.00,4135.00,3881.00,3798.00,3586.00,3340.00,3030.00,2970.00,2837.00,2719.00,2681.00,2551.00,2514.00,2388.00,1868.00,1753.00,1736.00,1470.00,1408.00,1291.00,1196.00,1071.00,1014.00,903.00,801.00,646.00,531.00,2158.00
E08000004,Oldham,Metropolitan District,246130.00,3091.00,3377.00,3207.00,3293.00,3282.00,3355.00,3500.00,3521.00,3650.00,3556.00,3726.00,3515.00,3667.00,3773.00,3626.00,3660.00,3614.00,3582.00,3541.00,2967.00,2546.00,2766.00,2793.00,2926.00,3104.00,2938.00,3131.00,3007.00,3172.00,3103.00,3061.00,3123.00,3266.00,3554.00,3480.00,3448.00,3378.00,3388.00,3448.00,3265.00,3241.00,3171.00,3273.00,3298.00,3077.00,2831.00,2821.00,2863.00,2910.00,2775.00,2969.00,3107.00,3280.00,3226.00,3162.00,3080.00,2999.00,3058.00,3107.00,2993.00,2689.00,2806.00,2744.00,2635.00,2431.00,2243.00,2207.00,2162.00,2056.00,2069.00,2067.00,1966.00,1847.00,1897.00,1924.00,2103.00,2174.00,1520.00,1455.00,1524.00,1302.00,1162.00,983.00,969.00,951.00,863.00,773.00,609.00,496.00,437.00,1425.00
E08000005,Rochdale,Metropolitan District,229756.00,2741.00,2948.00,2930.00,3038.00,3077.00,3014.00,3123.00,3294.00,3169.00,3132.00,3236.00,3313.00,3300.00,3313.00,3257.00,3257.00,3155.00,3079.00,2944.00,2500.00,2182.00,2211.00,2530.00,2625.00,2866.00,2758.00,2781.00,2726.00,2966.00,3055.00,3096.00,3055.00,3249.00,3379.00,3184.00,3504.00,3228.00,3265.00,3263.00,3052.00,3141.00,3077.00,3116.00,3078.00,2884.00,2788.00,2648.00,2579.00,2801.00,2644.00,2822.00,2915.00,3040.00,2891.00,2941.00,2976.00,3077.00,2963.00,2837.00,2787.00,2798.00,2753.00,2591.00,2521.00,2378.00,2394.00,2242.00,2199.00,2061.00,2114.00,2055.00,1954.00,1889.00,1898.00,1872.00,1915.00,2121.00,1442.00,1419.00,1286.00,1216.00,1061.00,900.00,847.00,794.00,721.00,637.00,545.00,476.00,405.00,1452.00
E08000006,Salford,Metropolitan District,284106.00,3435.00,3601.00,3563.00,3610.00,3562.00,3476.00,3406.00,3558.00,3360.00,3374.00,3432.00,3401.00,3489.00,3381.00,3222.00,3313.00,3097.00,3092.00,3262.00,3864.00,4151.00,4336.00,4709.00,5671.00,6054.00,6197.00,6095.00,5739.00,5756.00,5632.00,5624.00,5553.00,5265.00,5153.00,5125.00,4880.00,4521.00,4396.00,4354.00,4200.00,4069.00,3653.00,3565.00,3555.00,3333.00,2989.00,2833.00,2992.00,2892.00,2837.00,2860.00,3075.00,3095.00,2811.00,3109.00,3053.00,2985.00,2934.00,2927.00,3006.00,2955.00,2707.00,2549.00,2439.00,2461.00,2339.00,2247.00,1990.00,1861.00,1875.00,1798.00,1728.00,1729.00,1812.00,1753.00,1852.00,2079.00,1426.00,1303.00,1268.00,1203.00,1082.00,966.00,922.00,859.00,768.00,684.00,629.00,504.00,406.00,1430.00
E08000007,Stockport,Metropolitan District,299545.00,2950.00,3147.00,3309.00,3442.00,3429.00,3553.00,3666.00,3764.00,3688.00,3809.00,3766.00,3710.00,3831.00,3650.00,3722.00,3677.00,3533.00,3456.00,3257.00,2294.00,1901.00,2061.00,2409.00,2929.00,3168.00,3205.00,3465.00,3231.00,3551.00,3702.00,3647.00,4036.00,4186.00,4290.00,4166.00,4525.00,4216.00,4257.00,4414.00,4100.00,4233.00,4110.00,4108.00,4234.00,4063.00,3744.00,3639.00,3566.00,3746.00,3663.00,3821.00,4056.00,4176.00,3864.00,4171.00,3974.00,4117.00,4033.00,4193.00,3917.00,3953.00,3867.00,3622.00,3598.00,3432.00,3351.00,3215.00,3136.00,3044.00,2931.00,2932.00,2767.00,2766.00,2852.00,2856.00,3019.00,3385.00,2404.00,2387.00,2180.00,2096.00,1840.00,1579.00,1649.00,1457.00,1454.00,1284.00,1133.00,943.00,780.00,3093.00
E08000008,Tameside,Metropolitan District,234666.00,2437.00,2587.00,2636.00,2733.00,2812.00,2831.00,2823.00,2917.00,2937.00,2926.00,3100.00,3120.00,3142.00,3174.00,3001.00,3039.00,2939.00,2877.00,2674.00,2139.00,1989.00,2102.00,2331.00,2442.00,2790.00,2797.00,2938.00,2923.00,3033.00,3068.00,3279.00,3502.00,3570.00,3370.00,3475.00,3515.00,3303.00,3471.00,3353.00,3200.00,3231.00,3049.00,3035.00,3056.00,2898.00,2667.00,2822.00,2730.00,2760.00,2841.00,2951.00,3174.00,3265.00,3202.00,3229.00,3298.00,3340.00,3269.00,3246.00,3196.00,3111.00,3046.00,3044.00,2686.00,2668.00,2636.00,2465.00,2283.00,2070.00,2079.00,2145.00,2096.00,2068.00,2054.00,2091.00,2217.00,2447.00,1660.00,1586.00,1517.00,1438.00,1184.00,970.00,974.00,868.00,901.00,731.00,633.00,553.00,393.00,1498.00
E08000009,Trafford,Metropolitan District,237480.00,2188.00,2339.00,2526.00,2655.00,3041.00,3002.00,3180.00,3343.00,3273.00,3452.00,3439.00,3628.00,3715.00,3348.00,3382.00,3316.00,3148.00,3040.00,2735.00,1970.00,1613.00,1912.00,1977.00,2456.00,2575.00,2538.00,2580.00,2514.00,2473.00,2529.00,2642.00,2810.00,2913.00,2945.00,3148.00,3165.00,3190.00,3516.00,3584.00,3600.00,3546.00,3566.00,3824.00,3669.00,3595.00,3375.00,3198.00,3142.00,3249.00,3121.00,3184.00,3377.00,3364.00,3326.00,3142.00,3162.00,3104.00,3122.00,3158.00,3116.00,3000.00,2801.00,2710.00,2636.00,2520.00,2431.00,2312.00,2212.00,2132.00,2042.00,1958.00,1976.00,1997.00,1994.00,1964.00,2105.00,2128.00,1580.00,1597.00,1599.00,1454.00,1170.00,1104.00,1109.00,1138.00,1003.00,879.00,789.00,674.00,575.00,2151.00
E08000010,Wigan,Metropolitan District,339174.00,3404.00,3683.00,3642.00,3654.00,3784.00,3890.00,3932.00,3968.00,3985.00,3984.00,4059.00,4146.00,4218.00,4150.00,4061.00,4177.00,3814.00,3993.00,3810.00,3086.00,2870.00,2961.00,3489.00,3648.00,3877.00,3979.00,4136.00,4155.00,4339.00,4474.00,4683.00,4920.00,4911.00,4937.00,4892.00,4838.00,4750.00,4765.00,4707.00,4501.00,4373.00,4435.00,4399.00,4328.00,4083.00,3704.00,3790.00,3821.00,4076.00,4154.00,4280.00,4770.00,5043.00,4898.00,5003.00,4961.00,4902.00,4813.00,4776.00,4766.00,4379.00,4448.00,4268.00,3997.00,3933.00,3806.00,3568.00,3395.00,3306.00,3354.00,3286.00,3088.00,3214.00,3336.00,3432.00,3547.00,3834.00,2750.00,2693.00,2536.00,2420.00,2062.00,1724.00,1669.00,1509.00,1308.00,1137.00,931.00,816.00,648.00,2133.00
E10000017,Lancashire,County,1270162.00,11581.00,12573.00,12548.00,13256.00,13585.00,13439.00,14061.00,14525.00,14477.00,14461.00,15175.00,15316.00,15514.00,15317.00,15250.00,15358.00,14822.00,14829.00,15329.00,16573.00,16432.00,16498.00,14894.00,14183.00,14078.00,14117.00,14559.00,14143.00,14301.00,14871.00,15167.00,15626.00,16165.00,15919.00,16111.00,16752.00,16127.00,16055.00,15853.00,15687.00,15417.00,15013.00,15391.00,15613.00,14635.00,13646.00,13409.00,14158.00,14369.00,15013.00,15636.00,16953.00,17887.00,17373.00,18024.00,17871.00,17809.00,18003.00,18313.00,18102.00,17752.00,17757.00,16887.00,16200.00,15573.00,15346.00,15131.00,14163.00,13540.00,13505.00,13402.00,12664.00,12918.00,13032.00,13417.00,14061.00,14944.00,10916.00,10300.00,9992.00,9038.00,7888.00,6922.00,6636.00,6319.00,5588.00,4996.00,4431.00,3801.00,3171.00,11710.00
E07000117,Burnley,Non-metropolitan District,96435.00,1041.00,1098.00,1045.00,1227.00,1211.00,1150.00,1254.00,1324.00,1183.00,1261.00,1316.00,1268.00,1282.00,1334.00,1293.00,1324.00,1266.00,1252.00,1228.00,1003.00,950.00,1017.00,1043.00,1031.00,1159.00,1146.00,1191.00,1180.00,1169.00,1259.00,1373.00,1383.00,1431.00,1391.00,1331.00,1393.00,1360.00,1408.00,1302.00,1289.00,1240.00,1212.00,1215.00,1158.00,1121.00,1084.00,1107.00,1128.00,1101.00,1105.00,1108.00,1262.00,1228.00,1246.00,1318.00,1255.00,1245.00,1262.00,1270.00,1261.00,1249.00,1213.00,1207.00,1132.00,1101.00,1108.00,1007.00,985.00,895.00,893.00,969.00,863.00,849.00,859.00,911.00,956.00,992.00,707.00,657.00,641.00,550.00,484.00,433.00,390.00,351.00,335.00,280.00,279.00,216.00,165.00,666.00
E07000118,Chorley,Non-metropolitan District,119352.00,983.00,1117.00,1093.00,1190.00,1273.00,1229.00,1436.00,1381.00,1396.00,1415.00,1485.00,1532.00,1451.00,1376.00,1428.00,1377.00,1361.00,1346.00,1234.00,1034.00,847.00,856.00,992.00,1140.00,1265.00,1312.00,1272.00,1286.00,1329.00,1301.00,1465.00,1454.00,1507.00,1534.00,1548.00,1733.00,1685.00,1620.00,1680.00,1578.00,1536.00,1566.00,1649.00,1592.00,1541.00,1417.00,1423.00,1491.00,1564.00,1533.00,1637.00,1756.00,1918.00,1763.00,1816.00,1784.00,1740.00,1705.00,1791.00,1770.00,1676.00,1592.00,1622.00,1481.00,1368.00,1462.00,1373.00,1291.00,1229.00,1343.00,1230.00,1187.00,1228.00,1248.00,1267.00,1430.00,1487.00,1044.00,1019.00,953.00,899.00,743.00,655.00,621.00,565.00,523.00,445.00,314.00,319.00,264.00,941.00
E07000119,Fylde,Non-metropolitan District,83846.00,556.00,658.00,660.00,666.00,721.00,729.00,749.00,781.00,759.00,821.00,863.00,900.00,872.00,836.00,824.00,881.00,838.00,763.00,890.00,499.00,456.00,536.00,514.00,711.00,694.00,643.00,769.00,701.00,769.00,809.00,726.00,843.00,935.00,918.00,919.00,908.00,872.00,945.00,892.00,948.00,985.00,924.00,954.00,935.00,899.00,899.00,813.00,841.00,889.00,1011.00,983.00,1185.00,1224.00,1222.00,1265.00,1283.00,1333.00,1358.00,1391.00,1354.00,1472.00,1518.00,1444.00,1420.00,1333.00,1209.00,1372.00,1238.00,1177.00,1246.00,1201.00,1065.00,1121.00,1157.00,1146.00,1239.00,1312.00,1004.00,980.00,929.00,822.00,744.00,614.00,625.00,624.00,536.00,472.00,431.00,357.00,312.00,1204.00
E07000120,Hyndburn,Non-metropolitan District,84261.00,927.00,1017.00,952.00,1000.00,1042.00,1009.00,1081.00,1032.00,1079.00,1044.00,1130.00,1127.00,1146.00,1133.00,1116.00,1073.00,1059.00,1096.00,1087.00,861.00,858.00,833.00,969.00,1105.00,1029.00,1069.00,1115.00,1075.00,1073.00,1180.00,1206.00,1154.00,1187.00,1137.00,1206.00,1175.00,1187.00,1207.00,1074.00,1054.00,1026.00,1023.00,1073.00,1013.00,1013.00,865.00,855.00,964.00,948.00,971.00,1009.00,1132.00,1169.00,1177.00,1199.00,1130.00,1173.00,1130.00,1049.00,1131.00,1058.00,1032.00,981.00,971.00,882.00,885.00,897.00,870.00,765.00,723.00,749.00,730.00,753.00,741.00,825.00,851.00,864.00,633.00,620.00,591.00,519.00,464.00,396.00,366.00,326.00,320.00,272.00,265.00,186.00,191.00,581.00
E07000121,Lancaster,Non-metropolitan District,145559.00,1297.00,1285.00,1292.00,1357.00,1413.00,1378.00,1399.00,1496.00,1462.00,1481.00,1527.00,1562.00,1651.00,1592.00,1477.00,1543.00,1445.00,1535.00,2034.00,4229.00,4761.00,3915.00,2672.00,1910.00,1488.00,1456.00,1604.00,1642.00,1583.00,1605.00,1548.00,1706.00,1601.00,1576.00,1739.00,1798.00,1593.00,1659.00,1805.00,1814.00,1715.00,1632.00,1580.00,1717.00,1592.00,1455.00,1460.00,1390.00,1503.00,1508.00,1616.00,1760.00,1854.00,1861.00,1870.00,1926.00,1999.00,1960.00,2051.00,1972.00,1885.00,1911.00,1844.00,1861.00,1844.00,1708.00,1625.00,1483.00,1519.00,1483.00,1476.00,1450.00,1443.00,1417.00,1538.00,1514.00,1721.00,1234.00,1147.00,1074.00,1014.00,870.00,738.00,725.00,711.00,651.00,589.00,506.00,399.00,388.00,1440.00
E07000122,Pendle,Non-metropolitan District,97039.00,1096.00,1158.00,1123.00,1279.00,1205.00,1189.00,1308.00,1360.00,1317.00,1287.00,1351.00,1338.00,1439.00,1413.00,1395.00,1364.00,1321.00,1299.00,1241.00,1034.00,818.00,994.00,1059.00,1125.00,1148.00,1183.00,1174.00,1132.00,1071.00,1086.00,1173.00,1223.00,1253.00,1276.00,1236.00,1365.00,1337.00,1311.00,1347.00,1324.00,1264.00,1334.00,1279.00,1251.00,1159.00,1141.00,1031.00,1194.00,1132.00,1119.00,1152.00,1240.00,1252.00,1221.00,1241.00,1261.00,1283.00,1196.00,1229.00,1227.00,1197.00,1231.00,1121.00,1076.00,1107.00,1113.00,1076.00,990.00,923.00,942.00,943.00,880.00,925.00,906.00,890.00,945.00,1027.00,687.00,657.00,647.00,571.00,477.00,452.00,393.00,399.00,283.00,347.00,303.00,234.00,183.00,756.00
E07000123,Preston,Non-metropolitan District,156411.00,1748.00,1840.00,1961.00,1921.00,1985.00,1895.00,1972.00,1952.00,1960.00,2033.00,1937.00,1965.00,1959.00,1933.00,1968.00,1906.00,1843.00,1908.00,2061.00,2553.00,2890.00,3127.00,2635.00,2423.00,2429.00,2513.00,2548.00,2369.00,2331.00,2373.00,2286.00,2368.00,2383.00,2296.00,2255.00,2310.00,2223.00,2274.00,2088.00,2155.00,1946.00,1973.00,2031.00,2098.00,1938.00,1752.00,1749.00,1744.00,1726.00,1812.00,1881.00,1861.00,1944.00,1938.00,1892.00,1901.00,1809.00,1825.00,1822.00,1862.00,1807.00,1940.00,1712.00,1607.00,1465.00,1383.00,1415.00,1342.00,1227.00,1175.00,1170.00,1105.00,1150.00,1020.00,1068.00,1109.00,1135.00,825.00,784.00,798.00,710.00,635.00,577.00,571.00,512.00,536.00,415.00,390.00,369.00,258.00,1121.00
E07000124,Ribble Valley,Non-metropolitan District,64469.00,457.00,562.00,582.00,627.00,592.00,638.00,587.00,632.00,589.00,634.00,762.00,745.00,749.00,759.00,873.00,802.00,886.00,806.00,705.00,479.00,311.00,352.00,550.00,538.00,641.00,621.00,618.00,545.00,644.00,612.00,645.00,629.00,686.00,714.00,775.00,780.00,723.00,682.00,716.00,649.00,734.00,713.00,685.00,772.00,734.00,643.00,703.00,736.00,754.00,789.00,849.00,957.00,1001.00,1066.00,1070.00,1069.00,1055.00,993.00,1097.00,1046.00,1057.00,1079.00,1005.00,917.00,941.00,935.00,939.00,831.00,817.00,797.00,765.00,687.00,723.00,747.00,794.00,796.00,838.00,730.00,661.00,599.00,533.00,492.00,445.00,435.00,396.00,334.00,311.00,285.00,247.00,207.00,763.00
E07000125,Rossendale,Non-metropolitan District,71541.00,683.00,718.00,730.00,722.00,791.00,812.00,823.00,884.00,913.00,868.00,887.00,973.00,951.00,967.00,900.00,936.00,927.00,900.00,841.00,589.00,498.00,554.00,582.00,762.00,765.00,785.00,707.00,776.00,861.00,884.00,889.00,880.00,1005.00,971.00,1007.00,998.00,916.00,901.00,909.00,875.00,947.00,896.00,897.00,972.00,880.00,838.00,811.00,894.00,902.00,956.00,986.00,979.00,1119.00,1077.00,1148.00,1107.00,1023.00,1060.00,1031.00,1008.00,1035.00,980.00,918.00,890.00,906.00,764.00,822.00,770.00,767.00,758.00,780.00,698.00,674.00,735.00,685.00,805.00,806.00,537.00,534.00,500.00,438.00,390.00,327.00,293.00,307.00,250.00,218.00,206.00,173.00,163.00,541.00
E07000126,South Ribble,Non-metropolitan District,113552.00,965.00,1035.00,1105.00,1108.00,1135.00,1211.00,1165.00,1310.00,1351.00,1303.00,1331.00,1349.00,1363.00,1333.00,1390.00,1359.00,1299.00,1249.00,1175.00,994.00,814.00,892.00,1058.00,1127.00,1173.00,1192.00,1279.00,1227.00,1204.00,1316.00,1452.00,1428.00,1507.00,1472.00,1451.00,1561.00,1534.00,1422.00,1413.00,1437.00,1457.00,1285.00,1406.00,1461.00,1360.00,1225.00,1298.00,1359.00,1339.00,1477.00,1483.00,1669.00,1769.00,1505.00,1679.00,1671.00,1691.00,1749.00,1726.00,1776.00,1698.00,1606.00,1514.00,1402.00,1432.00,1366.00,1343.00,1346.00,1236.00,1235.00,1201.00,1241.00,1143.00,1300.00,1269.00,1305.00,1435.00,1004.00,978.00,984.00,880.00,708.00,648.00,646.00,636.00,520.00,482.00,394.00,390.00,295.00,1041.00
E07000127,West Lancashire,Non-metropolitan District,120703.00,972.00,1189.00,1045.00,1103.00,1201.00,1155.00,1193.00,1185.00,1228.00,1173.00,1352.00,1338.00,1375.00,1331.00,1338.00,1444.00,1295.00,1319.00,1527.00,2306.00,2424.00,2571.00,1802.00,1232.00,1236.00,1165.00,1192.00,1138.00,1167.00,1283.00,1219.00,1326.00,1429.00,1425.00,1390.00,1433.00,1417.00,1361.00,1355.00,1318.00,1329.00,1276.00,1279.00,1381.00,1263.00,1251.00,1158.00,1262.00,1296.00,1421.00,1543.00,1641.00,1760.00,1696.00,1775.00,1769.00,1712.00,1895.00,1879.00,1820.00,1748.00,1777.00,1622.00,1609.00,1527.00,1582.00,1444.00,1415.00,1367.00,1310.00,1326.00,1271.00,1330.00,1272.00,1368.00,1419.00,1440.00,1119.00,1013.00,1012.00,967.00,867.00,737.00,651.00,667.00,575.00,555.00,463.00,394.00,345.00,1153.00
E07000128,Wyre,Non-metropolitan District,116994.00,856.00,896.00,960.00,1056.00,1016.00,1044.00,1094.00,1188.00,1240.00,1141.00,1234.00,1219.00,1276.00,1310.00,1248.00,1349.00,1282.00,1356.00,1306.00,992.00,805.00,851.00,1018.00,1079.00,1051.00,1032.00,1090.00,1072.00,1100.00,1163.00,1185.00,1232.00,1241.00,1209.00,1254.00,1298.00,1280.00,1265.00,1272.00,1246.00,1238.00,1179.00,1343.00,1263.00,1135.00,1076.00,1001.00,1155.00,1215.00,1311.00,1389.00,1511.00,1649.00,1601.00,1751.00,1715.00,1746.00,1870.00,1977.00,1875.00,1870.00,1878.00,1897.00,1834.00,1667.00,1831.00,1818.00,1602.00,1618.00,1600.00,1592.00,1487.00,1579.00,1630.00,1656.00,1692.00,1887.00,1392.00,1250.00,1264.00,1135.00,1014.00,900.00,920.00,825.00,725.00,610.00,595.00,517.00,400.00,1503.00
E11000002,Merseyside (Met County),Metropolitan County,1456562.00,14023.00,15111.00,14942.00,15400.00,15925.00,15963.00,16435.00,16566.00,16358.00,16505.00,16390.00,17053.00,16724.00,16213.00,16318.00,16460.00,15954.00,15816.00,16718.00,20748.00,23744.00,22996.00,20509.00,17959.00,18505.00,18005.00,19062.00,18793.00,19007.00,19497.00,19757.00,20097.00,20747.00,20394.00,19986.00,20205.00,19540.00,19633.00,19278.00,18391.00,18255.00,18069.00,17605.00,17579.00,17163.00,15298.00,14535.00,15443.00,15963.00,16174.00,16998.00,18198.00,19198.00,18876.00,19258.00,18872.00,19349.00,19245.00,20234.00,20392.00,20098.00,19958.00,19396.00,18505.00,17689.00,17426.00,16614.00,15808.00,14910.00,15026.00,14456.00,13955.00,13983.00,13525.00,13366.00,13823.00,14911.00,10962.00,9971.00,9998.00,8929.00,7830.00,7117.00,7014.00,6561.00,6173.00,5384.00,4872.00,4116.00,3385.00,12370.00
E08000011,Knowsley,Metropolitan District,159243.00,1883.00,2095.00,1958.00,2020.00,2064.00,2094.00,2063.00,1977.00,1981.00,1900.00,1955.00,2025.00,1939.00,1870.00,1901.00,1883.00,1783.00,1860.00,1920.00,1532.00,1567.00,1377.00,1604.00,1719.00,1876.00,1915.00,2173.00,2120.00,2279.00,2326.00,2297.00,2545.00,2600.00,2592.00,2447.00,2432.00,2395.00,2248.00,2252.00,2197.00,2053.00,1983.00,1917.00,1922.00,1840.00,1601.00,1524.00,1678.00,1639.00,1757.00,1717.00,1949.00,2113.00,2085.00,2097.00,2074.00,2255.00,2243.00,2348.00,2361.00,2291.00,2312.00,2224.00,2087.00,1939.00,2029.00,1972.00,1742.00,1649.00,1585.00,1579.00,1393.00,1378.00,1326.00,1306.00,1277.00,1266.00,991.00,852.00,816.00,700.00,669.00,609.00,629.00,617.00,566.00,518.00,432.00,375.00,307.00,987.00
E08000012,Liverpool,Metropolitan District,503740.00,5016.00,5313.00,5194.00,5284.00,5478.00,5550.00,5602.00,5648.00,5574.00,5465.00,5377.00,5438.00,5384.00,5037.00,5153.00,5218.00,5154.00,5068.00,6316.00,12234.00,16160.00,15123.00,11425.00,8391.00,8053.00,7410.00,8097.00,7865.00,7725.00,7860.00,7702.00,7577.00,7786.00,7559.00,7271.00,7549.00,7153.00,7025.00,7027.00,6414.00,6364.00,6219.00,6044.00,5970.00,5732.00,5097.00,4689.00,4965.00,5234.00,5113.00,5215.00,5594.00,5801.00,5767.00,5796.00,5459.00,5667.00,5657.00,6031.00,5958.00,6067.00,6042.00,5821.00,5572.00,5329.00,5164.00,4886.00,4764.00,4350.00,4317.00,4169.00,4001.00,3896.00,3718.00,3615.00,3635.00,3889.00,2854.00,2561.00,2540.00,2244.00,1989.00,1862.00,1777.00,1652.00,1556.00,1339.00,1261.00,982.00,797.00,3044.00
E08000014,Sefton,Metropolitan District,282745.00,2377.00,2685.00,2735.00,2824.00,2940.00,2851.00,3018.00,3118.00,3116.00,3233.00,3086.00,3171.00,3195.00,3204.00,3173.00,3148.00,3068.00,3028.00,2866.00,2460.00,2086.00,2225.00,2609.00,2657.00,2989.00,2964.00,2972.00,2950.00,3102.00,3099.00,3238.00,3476.00,3559.00,3629.00,3674.00,3441.00,3507.00,3734.00,3712.00,3420.00,3480.00,3495.00,3463.00,3413.00,3381.00,3033.00,2835.00,3063.00,3041.00,3270.00,3561.00,3697.00,3875.00,3912.00,4102.00,4026.00,4138.00,4079.00,4293.00,4488.00,4376.00,4292.00,4340.00,4116.00,3837.00,3903.00,3619.00,3522.00,3348.00,3408.00,3161.00,3140.00,3118.00,3009.00,2969.00,3222.00,3622.00,2627.00,2421.00,2461.00,2199.00,1956.00,1810.00,1752.00,1703.00,1626.00,1485.00,1267.00,1116.00,949.00,3387.00
E08000013,St. Helens,Metropolitan District,185982.00,1823.00,1897.00,1904.00,1916.00,1986.00,1993.00,2153.00,2025.00,2004.00,2130.00,2104.00,2237.00,2189.00,2179.00,2148.00,2221.00,2122.00,2076.00,2002.00,1757.00,1526.00,1586.00,1843.00,2035.00,2168.00,2200.00,2215.00,2302.00,2269.00,2406.00,2550.00,2637.00,2641.00,2460.00,2574.00,2541.00,2421.00,2535.00,2340.00,2362.00,2437.00,2397.00,2259.00,2294.00,2338.00,1977.00,1988.00,2083.00,2227.00,2294.00,2421.00,2586.00,2803.00,2695.00,2707.00,2677.00,2603.00,2682.00,2709.00,2740.00,2594.00,2505.00,2450.00,2336.00,2289.00,2166.00,2081.00,2036.00,1887.00,1939.00,1873.00,1831.00,1958.00,1894.00,1901.00,2036.00,2203.00,1647.00,1487.00,1456.00,1377.00,1150.00,967.00,935.00,877.00,866.00,727.00,655.00,546.00,430.00,1489.00
E08000015,Wirral,Metropolitan District,324852.00,2924.00,3121.00,3151.00,3356.00,3457.00,3475.00,3599.00,3798.00,3683.00,3777.00,3868.00,4182.00,4017.00,3923.00,3943.00,3990.00,3827.00,3784.00,3614.00,2765.00,2405.00,2685.00,3028.00,3157.00,3419.00,3516.00,3605.00,3556.00,3632.00,3806.00,3970.00,3862.00,4161.00,4154.00,4020.00,4242.00,4064.00,4091.00,3947.00,3998.00,3921.00,3975.00,3922.00,3980.00,3872.00,3590.00,3499.00,3654.00,3822.00,3740.00,4084.00,4372.00,4606.00,4417.00,4556.00,4636.00,4686.00,4584.00,4853.00,4845.00,4770.00,4807.00,4561.00,4394.00,4295.00,4164.00,4056.00,3744.00,3676.00,3777.00,3674.00,3590.00,3633.00,3578.00,3575.00,3653.00,3931.00,2843.00,2650.00,2725.00,2409.00,2066.00,1869.00,1921.00,1712.00,1559.00,1315.00,1257.00,1097.00,902.00,3463.00
E12000003,YORKSHIRE AND THE HUMBER,Region,5594125.00,55153.00,58272.00,58375.00,61505.00,62311.00,63043.00,64951.00,66286.00,66003.00,65927.00,67851.00,69468.00,69177.00,68814.00,68271.00,67922.00,65934.00,65651.00,67037.00,73384.00,73009.00,70981.00,68437.00,68986.00,69764.00,70594.00,70839.00,69336.00,70994.00,73371.00,73961.00,76137.00,77147.00,76363.00,75148.00,76945.00,75098.00,74289.00,73481.00,71277.00,70711.00,70011.00,70484.00,70468.00,66980.00,61546.00,60340.00,62601.00,63759.00,65344.00,69450.00,72825.00,76653.00,74653.00,76064.00,76047.00,76037.00,75292.00,75596.00,74882.00,73591.00,72056.00,69071.00,66340.00,64858.00,63542.00,60443.00,58232.00,54986.00,55412.00,53864.00,51515.00,52171.00,51946.00,52688.00,55160.00,59206.00,42972.00,41542.00,39440.00,35375.00,30496.00,26528.00,26873.00,25146.00,23408.00,20685.00,18224.00,15659.00,13178.00,48283.00
E06000011,East Riding of Yorkshire,Unitary Authority,350119.00,2630.00,2762.00,2943.00,3133.00,3188.00,3301.00,3458.00,3493.00,3560.00,3557.00,3635.00,3948.00,3835.00,3801.00,3719.00,3845.00,3742.00,3659.00,3623.00,2709.00,2208.00,2404.00,2805.00,3059.00,3306.00,3305.00,3286.00,3192.00,3398.00,3612.00,3621.00,3856.00,3816.00,3915.00,3715.00,4171.00,3901.00,3896.00,3886.00,3892.00,3845.00,3816.00,3861.00,3932.00,3917.00,3630.00,3519.00,3914.00,4083.00,4150.00,4666.00,4954.00,5138.00,5049.00,5304.00,5370.00,5453.00,5544.00,5523.00,5662.00,5681.00,5537.00,5311.00,5255.00,5204.00,5116.00,4856.00,4841.00,4736.00,4616.00,4510.00,4442.00,4469.00,4665.00,4662.00,5004.00,5625.00,4006.00,3679.00,3515.00,3209.00,2734.00,2364.00,2377.00,2206.00,2113.00,1893.00,1579.00,1297.00,1179.00,4323.00
E06000010,"Kingston upon Hull, City of",Unitary Authority,271942.00,3072.00,3340.00,3170.00,3297.00,3289.00,3269.00,3443.00,3493.00,3356.00,3475.00,3686.00,3672.00,3570.00,3445.00,3374.00,3484.00,3333.00,3307.00,3334.00,3720.00,3571.00,3637.00,3470.00,3441.00,3318.00,3727.00,3928.00,4133.00,4187.00,4286.00,4434.00,4462.00,4547.00,4347.00,4287.00,4245.00,4113.00,4221.00,4047.00,3703.00,3545.00,3673.00,3507.00,3374.00,3170.00,2974.00,2927.00,3060.00,3100.00,3124.00,3269.00,3343.00,3502.00,3277.00,3383.00,3243.00,3422.00,3294.00,3365.00,3390.00,3293.00,3312.00,3067.00,2985.00,2806.00,2834.00,2744.00,2489.00,2330.00,2375.00,2319.00,2229.00,2146.00,2056.00,1992.00,2181.00,2307.00,1568.00,1376.00,1254.00,1354.00,1051.00,925.00,940.00,936.00,799.00,739.00,624.00,576.00,464.00,1696.00
E06000012,North East Lincolnshire,Unitary Authority,158335.00,1471.00,1538.00,1564.00,1734.00,1740.00,1769.00,1910.00,1911.00,1954.00,1924.00,1972.00,2048.00,2028.00,2036.00,1990.00,1932.00,1822.00,1914.00,1851.00,1433.00,1226.00,1300.00,1488.00,1626.00,1766.00,1706.00,1798.00,1804.00,1788.00,1950.00,1860.00,1995.00,2124.00,2088.00,2125.00,2171.00,2065.00,2068.00,2010.00,1914.00,1857.00,1884.00,1884.00,1820.00,1725.00,1564.00,1613.00,1688.00,1784.00,1784.00,1900.00,2114.00,2246.00,2079.00,2301.00,2245.00,2305.00,2358.00,2349.00,2331.00,2409.00,2369.00,2221.00,2086.00,2072.00,1982.00,1898.00,1859.00,1733.00,1737.00,1650.00,1591.00,1653.00,1570.00,1605.00,1708.00,1892.00,1383.00,1265.00,1208.00,1079.00,952.00,884.00,865.00,813.00,768.00,697.00,625.00,555.00,428.00,1534.00
E06000013,North Lincolnshire,Unitary Authority,170087.00,1537.00,1674.00,1697.00,1733.00,1733.00,1853.00,1882.00,1893.00,1888.00,1941.00,2052.00,2091.00,2044.00,2079.00,2127.00,2095.00,2017.00,2013.00,1934.00,1462.00,1197.00,1307.00,1515.00,1691.00,1604.00,1680.00,1758.00,1707.00,1912.00,1859.00,1990.00,2063.00,2127.00,2118.00,2119.00,2090.00,2166.00,2163.00,2177.00,2144.00,2052.00,1938.00,1997.00,2006.00,1924.00,1744.00,1776.00,1877.00,1949.00,2017.00,2112.00,2275.00,2396.00,2509.00,2642.00,2496.00,2580.00,2605.00,2654.00,2648.00,2603.00,2520.00,2464.00,2330.00,2267.00,2252.00,2123.00,2069.00,1973.00,1948.00,1936.00,1855.00,1835.00,1948.00,1926.00,1961.00,2107.00,1575.00,1533.00,1449.00,1243.00,1156.00,944.00,994.00,882.00,772.00,714.00,660.00,546.00,429.00,1744.00
E06000065,North Yorkshire,Unitary Authority,627629.00,5045.00,5388.00,5491.00,5669.00,5911.00,5977.00,6140.00,6470.00,6400.00,6392.00,6510.00,6804.00,6863.00,7046.00,6969.00,7147.00,6993.00,7407.00,6916.00,5209.00,4559.00,4746.00,5143.00,5553.00,5883.00,6257.00,6142.00,6006.00,6146.00,6424.00,6621.00,6831.00,7087.00,7275.00,7026.00,7145.00,6994.00,7085.00,6984.00,6738.00,6977.00,6845.00,7253.00,7136.00,7019.00,6397.00,6396.00,6753.00,6952.00,7525.00,7999.00,8656.00,9223.00,9041.00,9540.00,9627.00,10032.00,9971.00,10537.00,10238.00,10318.00,9985.00,9801.00,9505.00,9372.00,8796.00,8578.00,8451.00,7989.00,8136.00,7879.00,7592.00,7765.00,7734.00,8030.00,8365.00,9016.00,6563.00,6538.00,6193.00,5351.00,4713.00,4006.00,4088.00,3918.00,3557.00,3124.00,2838.00,2449.00,2003.00,7467.00
E06000014,York,Unitary Authority,206780.00,1515.00,1627.00,1720.00,1750.00,1748.00,1807.00,1842.00,1897.00,1965.00,1999.00,2068.00,2119.00,2125.00,2071.00,2132.00,2128.00,2046.00,2053.00,2768.00,6228.00,6827.00,5639.00,4108.00,3409.00,3256.00,2977.00,2709.00,2429.00,2587.00,2721.00,2498.00,2527.00,2667.00,2652.00,2713.00,2548.00,2546.00,2449.00,2515.00,2498.00,2460.00,2598.00,2594.00,2414.00,2479.00,2332.00,2214.00,2102.00,2294.00,2270.00,2335.00,2533.00,2671.00,2635.00,2661.00,2535.00,2569.00,2485.00,2593.00,2657.00,2406.00,2463.00,2384.00,2224.00,2120.00,2248.00,2042.00,1972.00,1927.00,1882.00,1906.00,1812.00,1871.00,1923.00,1880.00,2042.00,2246.00,1649.00,1587.00,1463.00,1306.00,1153.00,992.00,1062.00,994.00,952.00,853.00,768.00,637.00,554.00,2148.00
E11000003,South Yorkshire (Met County),Metropolitan County,1407072.00,14336.00,15041.00,14849.00,15736.00,15693.00,15914.00,16252.00,16475.00,16271.00,16230.00,16716.00,17190.00,17046.00,16705.00,16797.00,16710.00,16008.00,15695.00,16389.00,19059.00,19292.00,19365.00,18352.00,18573.00,18560.00,19055.00,19463.00,18771.00,18975.00,19459.00,19742.00,20363.00,20584.00,20097.00,19641.00,20247.00,19412.00,18876.00,18642.00,18087.00,17940.00,17322.00,17407.00,17556.00,16414.00,15000.00,14581.00,15154.00,15671.00,15969.00,17319.00,17859.00,19221.00,18804.00,19090.00,19402.00,19057.00,18915.00,18688.00,18259.00,18167.00,17875.00,17088.00,16352.00,15877.00,15656.00,14688.00,14167.00,13429.00,13510.00,13152.00,12411.00,12606.00,12350.00,12716.00,13182.00,13852.00,10441.00,10542.00,9956.00,8575.00,7543.00,6705.00,6603.00,6181.00,5594.00,4927.00,4408.00,3777.00,3103.00,11343.00
E08000016,Barnsley,Metropolitan District,248449.00,2486.00,2627.00,2630.00,2837.00,2795.00,2780.00,2906.00,2861.00,2891.00,2823.00,2971.00,3014.00,3075.00,3004.00,2870.00,2894.00,2812.00,2771.00,2693.00,2214.00,1890.00,2064.00,2282.00,2445.00,2657.00,2956.00,3117.00,3046.00,3190.00,3359.00,3499.00,3635.00,3663.00,3546.00,3294.00,3605.00,3382.00,3252.00,3299.00,3276.00,3147.00,3021.00,3054.00,3094.00,2897.00,2579.00,2489.00,2644.00,2849.00,2937.00,3255.00,3383.00,3866.00,3572.00,3685.00,3820.00,3775.00,3668.00,3705.00,3583.00,3552.00,3439.00,3219.00,3064.00,3151.00,2981.00,2948.00,2795.00,2574.00,2680.00,2580.00,2443.00,2448.00,2362.00,2480.00,2534.00,2648.00,2024.00,2045.00,1842.00,1647.00,1340.00,1265.00,1141.00,1055.00,1011.00,876.00,747.00,644.00,547.00,1933.00
E08000017,Doncaster,Metropolitan District,314176.00,3338.00,3499.00,3420.00,3634.00,3587.00,3604.00,3578.00,3673.00,3745.00,3729.00,3860.00,3938.00,3939.00,3825.00,3911.00,3804.00,3621.00,3531.00,3493.00,2570.00,2292.00,2716.00,3157.00,3360.00,3673.00,3686.00,3930.00,3840.00,3922.00,4168.00,4241.00,4492.00,4500.00,4549.00,4617.00,4646.00,4486.00,4358.00,4335.00,3927.00,4191.00,4008.00,4095.00,4060.00,3525.00,3503.00,3421.00,3488.00,3501.00,3729.00,3994.00,3933.00,4378.00,4284.00,4362.00,4478.00,4404.00,4441.00,4413.00,4477.00,4381.00,4237.00,4140.00,4065.00,3823.00,3774.00,3601.00,3484.00,3264.00,3253.00,3176.00,2991.00,3096.00,2916.00,3091.00,3149.00,3283.00,2377.00,2296.00,2238.00,1921.00,1744.00,1557.00,1455.00,1408.00,1237.00,1119.00,1029.00,893.00,705.00,2594.00
E08000018,Rotherham,Metropolitan District,271195.00,2814.00,2989.00,2961.00,3029.00,3100.00,3199.00,3247.00,3338.00,3156.00,3296.00,3374.00,3467.00,3417.00,3362.00,3438.00,3446.00,3235.00,3228.00,3011.00,2566.00,2382.00,2556.00,2669.00,3004.00,3128.00,3137.00,3403.00,3215.00,3288.00,3509.00,3567.00,3809.00,3904.00,3764.00,3711.00,3746.00,3719.00,3550.00,3593.00,3522.00,3509.00,3386.00,3422.00,3404.00,3141.00,2861.00,2765.00,3043.00,3052.00,3188.00,3484.00,3709.00,3896.00,3867.00,3835.00,3924.00,3902.00,3807.00,3730.00,3699.00,3610.00,3589.00,3501.00,3311.00,3141.00,3194.00,2895.00,2871.00,2741.00,2712.00,2727.00,2533.00,2640.00,2644.00,2570.00,2751.00,2866.00,2153.00,2344.00,2058.00,1758.00,1549.00,1343.00,1421.00,1268.00,1145.00,972.00,885.00,745.00,642.00,2143.00
E08000019,Sheffield,Metropolitan District,573252.00,5698.00,5926.00,5838.00,6236.00,6211.00,6331.00,6521.00,6603.00,6479.00,6382.00,6511.00,6771.00,6615.00,6514.00,6578.00,6566.00,6340.00,6165.00,7192.00,11709.00,12728.00,12029.00,10244.00,9764.00,9102.00,9276.00,9013.00,8670.00,8575.00,8423.00,8435.00,8427.00,8517.00,8238.00,8019.00,8250.00,7825.00,7716.00,7415.00,7362.00,7093.00,6907.00,6836.00,6998.00,6851.00,6057.00,5906.00,5979.00,6269.00,6115.00,6586.00,6834.00,7081.00,7081.00,7208.00,7180.00,6976.00,6999.00,6840.00,6500.00,6624.00,6610.00,6228.00,5912.00,5762.00,5707.00,5244.00,5017.00,4850.00,4865.00,4669.00,4444.00,4422.00,4428.00,4575.00,4748.00,5055.00,3887.00,3857.00,3818.00,3249.00,2910.00,2540.00,2586.00,2450.00,2201.00,1960.00,1747.00,1495.00,1209.00,4673.00
E11000006,West Yorkshire (Met County),Metropolitan County,2402161.00,25547.00,26902.00,26941.00,28453.00,29009.00,29153.00,30024.00,30654.00,30609.00,30409.00,31212.00,31596.00,31666.00,31631.00,31163.00,30581.00,29973.00,29603.00,30222.00,33564.00,34129.00,32583.00,31556.00,31634.00,32071.00,31887.00,31755.00,31294.00,32001.00,33060.00,33195.00,34040.00,34195.00,33871.00,33522.00,34328.00,33901.00,33531.00,33220.00,32301.00,32035.00,31935.00,31981.00,32230.00,30332.00,27905.00,27314.00,28053.00,27926.00,28505.00,29850.00,31091.00,32256.00,31259.00,31143.00,31129.00,30619.00,30120.00,29887.00,29697.00,28714.00,27995.00,26735.00,25603.00,25140.00,24658.00,23514.00,22384.00,20869.00,21208.00,20512.00,19583.00,19826.00,19700.00,19877.00,20717.00,22161.00,15787.00,15022.00,14402.00,13258.00,11194.00,9708.00,9944.00,9216.00,8853.00,7738.00,6722.00,5822.00,5018.00,18028.00
E08000032,Bradford,Metropolitan District,560194.00,6864.00,7001.00,6905.00,7391.00,7688.00,7428.00,7777.00,8033.00,8101.00,8106.00,8037.00,8263.00,8313.00,8467.00,8435.00,8339.00,8208.00,8028.00,7964.00,7130.00,6683.00,6554.00,6702.00,6991.00,7285.00,7056.00,7128.00,6966.00,7316.00,7541.00,7577.00,7600.00,7694.00,7897.00,8061.00,8109.00,8053.00,7928.00,7865.00,7928.00,7714.00,7874.00,7772.00,7831.00,7283.00,6823.00,6706.00,6490.00,6547.00,6691.00,6748.00,6965.00,7097.00,6749.00,6803.00,6610.00,6666.00,6379.00,6412.00,6394.00,6293.00,6192.00,5942.00,5892.00,5534.00,5493.00,5214.00,4983.00,4697.00,4726.00,4559.00,4306.00,4130.00,4147.00,4067.00,4273.00,4550.00,3075.00,2849.00,2805.00,2615.00,2266.00,2017.00,2118.00,1920.00,1875.00,1749.00,1445.00,1304.00,1121.00,4071.00
E08000033,Calderdale,Metropolitan District,208735.00,1990.00,2114.00,2173.00,2336.00,2275.00,2440.00,2491.00,2522.00,2606.00,2495.00,2742.00,2712.00,2690.00,2732.00,2735.00,2720.00,2609.00,2623.00,2561.00,1989.00,1671.00,1702.00,1974.00,2155.00,2283.00,2392.00,2347.00,2327.00,2398.00,2495.00,2595.00,2661.00,2582.00,2681.00,2611.00,2752.00,2745.00,2578.00,2780.00,2651.00,2651.00,2635.00,2665.00,2786.00,2673.00,2421.00,2397.00,2531.00,2496.00,2722.00,2960.00,3006.00,3174.00,3075.00,3087.00,3116.00,3065.00,3087.00,3010.00,3046.00,2899.00,2864.00,2695.00,2513.00,2519.00,2497.00,2424.00,2324.00,2101.00,2124.00,2028.00,1945.00,2044.00,2018.00,2071.00,2151.00,2269.00,1615.00,1568.00,1507.00,1333.00,1135.00,973.00,927.00,872.00,837.00,695.00,607.00,515.00,428.00,1699.00
E08000034,Kirklees,Metropolitan District,442033.00,4554.00,5025.00,4915.00,5149.00,5167.00,5311.00,5504.00,5563.00,5593.00,5522.00,5823.00,5860.00,6028.00,5832.00,5797.00,5858.00,5573.00,5652.00,5532.00,5116.00,4974.00,5277.00,5349.00,5179.00,5216.00,5293.00,5251.00,5382.00,5349.00,5646.00,5755.00,5913.00,5837.00,5885.00,5848.00,6113.00,6033.00,5937.00,6016.00,5770.00,5792.00,5765.00,5886.00,5891.00,5824.00,5155.00,5013.00,5268.00,5253.00,5493.00,5637.00,6158.00,6287.00,6173.00,6142.00,6215.00,5880.00,5897.00,5702.00,5741.00,5542.00,5290.00,5114.00,4980.00,4757.00,4794.00,4612.00,4326.00,4066.00,4075.00,3950.00,3944.00,4013.00,3936.00,3902.00,4131.00,4485.00,3128.00,3030.00,2857.00,2630.00,2301.00,1845.00,1937.00,1843.00,1795.00,1430.00,1291.00,1081.00,924.00,3455.00
E08000035,Leeds,Metropolitan District,829413.00,8478.00,8832.00,8905.00,9372.00,9621.00,9810.00,9963.00,10228.00,10096.00,9980.00,10162.00,10358.00,10191.00,10190.00,9950.00,9395.00,9403.00,9199.00,10266.00,16014.00,18108.00,16178.00,14097.00,13440.00,13233.00,12972.00,12442.00,12027.00,12256.00,12431.00,12094.00,12360.00,12654.00,12108.00,11857.00,11965.00,11760.00,11887.00,11410.00,11168.00,11118.00,10995.00,11116.00,11054.00,10238.00,9564.00,9431.00,9589.00,9343.00,9316.00,9834.00,10037.00,10415.00,9965.00,9949.00,9822.00,9743.00,9568.00,9730.00,9546.00,9071.00,8911.00,8426.00,7891.00,8019.00,7678.00,7348.00,6907.00,6396.00,6642.00,6461.00,6079.00,6286.00,6160.00,6343.00,6629.00,7051.00,5127.00,4891.00,4613.00,4324.00,3633.00,3138.00,3347.00,3017.00,2913.00,2627.00,2332.00,2032.00,1710.00,6178.00
E08000036,Wakefield,Metropolitan District,361786.00,3661.00,3930.00,4043.00,4205.00,4258.00,4164.00,4289.00,4308.00,4213.00,4306.00,4448.00,4403.00,4444.00,4410.00,4246.00,4269.00,4180.00,4101.00,3899.00,3315.00,2693.00,2872.00,3434.00,3869.00,4054.00,4174.00,4587.00,4592.00,4682.00,4947.00,5174.00,5506.00,5428.00,5300.00,5145.00,5389.00,5310.00,5201.00,5149.00,4784.00,4760.00,4666.00,4542.00,4668.00,4314.00,3942.00,3767.00,4175.00,4287.00,4283.00,4671.00,4925.00,5283.00,5297.00,5162.00,5366.00,5265.00,5189.00,5033.00,4970.00,4909.00,4738.00,4558.00,4327.00,4311.00,4196.00,3916.00,3844.00,3609.00,3641.00,3514.00,3309.00,3353.00,3439.00,3494.00,3533.00,3806.00,2842.00,2684.00,2620.00,2356.00,1859.00,1735.00,1615.00,1564.00,1433.00,1237.00,1047.00,890.00,835.00,2625.00
E12000004,EAST MIDLANDS,Region,4991265.00,46583.00,49931.00,50346.00,52628.00,53685.00,54907.00,56102.00,58053.00,57945.00,58091.00,59349.00,61351.00,61547.00,60073.00,59705.00,60817.00,57909.00,57228.00,57839.00,65467.00,66259.00,65779.00,61030.00,57689.00,57520.00,57106.00,59393.00,59434.00,60883.00,63452.00,63579.00,66156.00,67271.00,67189.00,65997.00,67413.00,65794.00,65127.00,65458.00,62787.00,63059.00,62359.00,63414.00,63718.00,60400.00,55893.00,55221.00,57133.00,58754.00,60211.00,63269.00,66804.00,70373.00,67190.00,70155.00,69610.00,69915.00,69225.00,69709.00,68275.00,67546.00,65366.00,63173.00,60116.00,58426.00,56780.00,53739.00,51932.00,49467.00,50311.00,48985.00,48025.00,47680.00,48349.00,48859.00,51113.00,53933.00,40387.00,39260.00,38534.00,34030.00,28804.00,24657.00,24025.00,23021.00,20959.00,18308.00,15975.00,14004.00,11764.00,44178.00
E06000015,Derby,Unitary Authority,266460.00,2868.00,3018.00,3138.00,3106.00,3316.00,3255.00,3257.00,3335.00,3463.00,3505.00,3518.00,3628.00,3503.00,3574.00,3406.00,3607.00,3326.00,3235.00,3346.00,3806.00,3567.00,3728.00,3602.00,3690.00,3637.00,3664.00,3646.00,3684.00,3681.00,3751.00,3760.00,3852.00,4024.00,3884.00,3783.00,3770.00,3610.00,3682.00,3788.00,3673.00,3726.00,3550.00,3774.00,3435.00,3218.00,3068.00,3067.00,3055.00,3163.00,3173.00,3234.00,3471.00,3511.00,3324.00,3483.00,3363.00,3211.00,3251.00,3292.00,3169.00,3060.00,3092.00,2760.00,2785.00,2615.00,2519.00,2329.00,2322.00,2129.00,2307.00,2141.00,2163.00,2000.00,2089.00,2041.00,2180.00,2310.00,1655.00,1714.00,1645.00,1349.00,1262.00,1132.00,1166.00,1097.00,1083.00,834.00,819.00,735.00,621.00,2282.00
E06000016,Leicester,Unitary Authority,379780.00,4385.00,4554.00,4362.00,4695.00,4596.00,4720.00,4841.00,4987.00,5109.00,5034.00,5177.00,5306.00,5250.00,5065.00,5319.00,5184.00,5004.00,5138.00,5557.00,7465.00,8581.00,9167.00,7147.00,6162.00,6415.00,6150.00,6424.00,6225.00,6016.00,5901.00,5892.00,5756.00,5579.00,5706.00,5482.00,5562.00,5682.00,5497.00,5570.00,5504.00,5396.00,5359.00,5235.00,5238.00,5045.00,4549.00,4519.00,4689.00,4563.00,4204.00,4383.00,4455.00,4502.00,4376.00,4288.00,4206.00,3948.00,3809.00,3892.00,3697.00,3766.00,3637.00,3599.00,3491.00,3301.00,3193.00,3018.00,2861.00,2662.00,2725.00,2547.00,2419.00,2318.00,2219.00,2142.00,2129.00,1925.00,1505.00,1467.00,1352.00,1358.00,1055.00,1003.00,1006.00,962.00,924.00,828.00,701.00,615.00,513.00,2020.00
E06000061,North Northamptonshire,Unitary Authority,367991.00,3651.00,3968.00,4030.00,4265.00,4340.00,4355.00,4386.00,4513.00,4515.00,4655.00,4804.00,4879.00,4897.00,4764.00,4933.00,4930.00,4741.00,4570.00,4186.00,3208.00,2628.00,2938.00,3483.00,3940.00,3937.00,3983.00,4343.00,4153.00,4492.00,4890.00,4742.00,5262.00,5150.00,5214.00,5297.00,5386.00,5094.00,5205.00,5250.00,4874.00,5050.00,5027.00,4970.00,5136.00,4815.00,4376.00,4513.00,4548.00,4612.00,4716.00,4870.00,5089.00,5335.00,5120.00,5390.00,5371.00,5289.00,5182.00,5243.00,4870.00,4831.00,4563.00,4451.00,4167.00,4009.00,4034.00,3751.00,3475.00,3493.00,3594.00,3457.00,3356.00,3316.00,3290.00,3502.00,3572.00,3817.00,2854.00,2733.00,2552.00,2260.00,2023.00,1610.00,1518.00,1501.00,1331.00,1124.00,1049.00,843.00,729.00,2813.00
E06000018,Nottingham,Unitary Authority,329276.00,3392.00,3657.00,3400.00,3647.00,3675.00,3642.00,3856.00,3975.00,3861.00,3785.00,3966.00,3966.00,3973.00,3744.00,3737.00,3887.00,3625.00,3727.00,5218.00,13508.00,16164.00,13898.00,9157.00,5693.00,4417.00,4543.00,4767.00,4644.00,4571.00,4885.00,4942.00,4901.00,4921.00,4911.00,4521.00,4595.00,4554.00,4573.00,4496.00,4131.00,4097.00,3907.00,3778.00,3944.00,3634.00,3409.00,3342.00,3325.00,3300.00,3363.00,3409.00,3438.00,3598.00,3354.00,3423.00,3401.00,3374.00,3455.00,3331.00,3156.00,3297.00,3173.00,2943.00,2808.00,2760.00,2542.00,2392.00,2242.00,2106.00,2175.00,1979.00,1852.00,1896.00,1817.00,1788.00,1776.00,1916.00,1462.00,1308.00,1383.00,1157.00,1029.00,927.00,901.00,856.00,865.00,718.00,620.00,581.00,470.00,1974.00
E06000017,Rutland,Unitary Authority,40643.00,259.00,269.00,273.00,300.00,306.00,382.00,387.00,388.00,386.00,402.00,421.00,452.00,464.00,487.00,667.00,741.00,675.00,713.00,612.00,323.00,287.00,253.00,335.00,395.00,359.00,351.00,385.00,370.00,348.00,409.00,416.00,387.00,425.00,398.00,415.00,428.00,423.00,397.00,417.00,393.00,428.00,486.00,494.00,489.00,471.00,483.00,451.00,462.00,455.00,491.00,499.00,600.00,636.00,585.00,557.00,624.00,606.00,573.00,607.00,635.00,568.00,583.00,537.00,550.00,579.00,545.00,532.00,499.00,467.00,468.00,509.00,485.00,486.00,537.00,548.00,552.00,582.00,449.00,439.00,416.00,418.00,354.00,309.00,250.00,280.00,277.00,196.00,211.00,180.00,138.00,569.00
E06000062,West Northamptonshire,Unitary Authority,434349.00,4531.00,4767.00,4787.00,5180.00,5079.00,5244.00,5238.00,5478.00,5463.00,5390.00,5501.00,5649.00,5570.00,5561.00,5481.00,5526.00,5297.00,5195.00,5000.00,4314.00,4160.00,4494.00,4856.00,4720.00,4892.00,4991.00,5110.00,5329.00,5333.00,5751.00,5803.00,6135.00,6319.00,6477.00,6429.00,6559.00,6387.00,6343.00,6197.00,6012.00,6124.00,6056.00,6211.00,6204.00,5880.00,5383.00,5165.00,5362.00,5595.00,5689.00,5724.00,6002.00,6203.00,5680.00,6071.00,6031.00,6019.00,5843.00,5866.00,5798.00,5565.00,5415.00,4973.00,4739.00,4669.00,4418.00,4185.00,4073.00,3738.00,3820.00,3724.00,3716.00,3623.00,3731.00,3753.00,4146.00,4324.00,3092.00,2941.00,2957.00,2432.00,2173.00,1801.00,1730.00,1726.00,1542.00,1383.00,1150.00,993.00,916.00,3447.00
E10000007,Derbyshire,County,811449.00,7176.00,7596.00,7625.00,7792.00,8120.00,8204.00,8450.00,8706.00,8567.00,8646.00,8991.00,9452.00,9517.00,9226.00,9055.00,9477.00,9054.00,8834.00,8293.00,6186.00,5790.00,6170.00,7047.00,7989.00,8535.00,8786.00,9236.00,9085.00,9601.00,10015.00,10047.00,10612.00,10659.00,10167.00,10000.00,10266.00,10226.00,9814.00,9855.00,9570.00,9601.00,9630.00,9908.00,9937.00,9419.00,8789.00,8741.00,9226.00,9819.00,10170.00,10892.00,11794.00,12557.00,11939.00,12524.00,12678.00,13015.00,12823.00,12709.00,12672.00,12554.00,11924.00,11529.00,10899.00,10804.00,10503.00,9920.00,9640.00,9147.00,9283.00,8987.00,8845.00,8834.00,9002.00,9134.00,9530.00,10157.00,7674.00,7360.00,7430.00,6467.00,5390.00,4523.00,4430.00,4203.00,3779.00,3218.00,2815.00,2521.00,2110.00,7557.00
E07000032,Amber Valley,Non-metropolitan District,127709.00,1108.00,1198.00,1176.00,1168.00,1266.00,1281.00,1361.00,1323.00,1293.00,1349.00,1448.00,1405.00,1487.00,1461.00,1405.00,1413.00,1416.00,1361.00,1278.00,963.00,909.00,963.00,1122.00,1273.00,1349.00,1358.00,1385.00,1414.00,1435.00,1426.00,1472.00,1626.00,1650.00,1596.00,1504.00,1578.00,1577.00,1528.00,1514.00,1489.00,1523.00,1437.00,1528.00,1570.00,1484.00,1425.00,1428.00,1512.00,1573.00,1638.00,1732.00,1991.00,1913.00,1968.00,1993.00,2038.00,2093.00,1979.00,2024.00,2025.00,2011.00,1864.00,1822.00,1672.00,1714.00,1616.00,1549.00,1588.00,1448.00,1481.00,1451.00,1383.00,1470.00,1492.00,1545.00,1611.00,1694.00,1202.00,1145.00,1228.00,1045.00,902.00,720.00,713.00,687.00,566.00,533.00,432.00,368.00,325.00,1230.00
E07000033,Bolsover,Non-metropolitan District,82829.00,805.00,831.00,845.00,878.00,899.00,858.00,869.00,919.00,893.00,837.00,968.00,961.00,971.00,899.00,899.00,935.00,889.00,871.00,866.00,621.00,627.00,620.00,754.00,891.00,966.00,986.00,1144.00,1104.00,1106.00,1235.00,1186.00,1258.00,1184.00,1135.00,1141.00,1090.00,1105.00,1043.00,1083.00,974.00,1063.00,973.00,890.00,956.00,931.00,814.00,883.00,1002.00,974.00,951.00,1112.00,1147.00,1316.00,1209.00,1370.00,1334.00,1252.00,1268.00,1276.00,1280.00,1251.00,1159.00,1106.00,1068.00,1069.00,1048.00,1033.00,935.00,871.00,902.00,846.00,815.00,836.00,881.00,827.00,845.00,872.00,736.00,739.00,710.00,578.00,501.00,406.00,336.00,351.00,339.00,311.00,250.00,238.00,184.00,639.00
E07000034,Chesterfield,Non-metropolitan District,104883.00,960.00,959.00,934.00,1006.00,1035.00,1056.00,1092.00,1086.00,1021.00,1161.00,1177.00,1216.00,1248.00,1155.00,1183.00,1252.00,1140.00,1104.00,1103.00,871.00,800.00,837.00,926.00,1040.00,1254.00,1189.00,1245.00,1234.00,1249.00,1483.00,1377.00,1454.00,1393.00,1241.00,1305.00,1376.00,1375.00,1275.00,1323.00,1209.00,1219.00,1339.00,1316.00,1331.00,1316.00,1190.00,1092.00,1172.00,1282.00,1267.00,1378.00,1529.00,1476.00,1569.00,1580.00,1511.00,1566.00,1643.00,1663.00,1562.00,1568.00,1481.00,1444.00,1413.00,1358.00,1349.00,1266.00,1258.00,1208.00,1175.00,1149.00,1137.00,1111.00,1175.00,1123.00,1152.00,1272.00,967.00,864.00,930.00,831.00,682.00,575.00,565.00,563.00,484.00,414.00,337.00,327.00,300.00,1060.00
E07000035,Derbyshire Dales,Non-metropolitan District,71530.00,447.00,487.00,503.00,567.00,561.00,548.00,606.00,654.00,689.00,668.00,679.00,758.00,789.00,754.00,745.00,840.00,745.00,777.00,707.00,462.00,418.00,457.00,568.00,565.00,553.00,613.00,507.00,559.00,562.00,574.00,650.00,621.00,636.00,706.00,659.00,651.00,641.00,635.00,672.00,664.00,658.00,698.00,773.00,780.00,739.00,694.00,757.00,793.00,803.00,899.00,1020.00,1085.00,1215.00,1120.00,1195.00,1262.00,1279.00,1300.00,1302.00,1340.00,1302.00,1218.00,1264.00,1193.00,1138.00,1137.00,1069.00,1086.00,982.00,999.00,1023.00,1002.00,1014.00,968.00,1037.00,1085.00,1212.00,897.00,796.00,847.00,739.00,626.00,516.00,506.00,456.00,461.00,413.00,371.00,279.00,260.00,1025.00
E07000036,Erewash,Non-metropolitan District,113844.00,1031.00,1045.00,1039.00,1091.00,1105.00,1143.00,1179.00,1300.00,1272.00,1286.00,1290.00,1345.00,1363.00,1301.00,1281.00,1331.00,1203.00,1268.00,1197.00,1004.00,862.00,1022.00,1072.00,1214.00,1270.00,1372.00,1476.00,1439.00,1549.00,1535.00,1465.00,1522.00,1530.00,1502.00,1575.00,1540.00,1522.00,1478.00,1442.00,1387.00,1448.00,1415.00,1453.00,1401.00,1380.00,1232.00,1154.00,1256.00,1434.00,1512.00,1529.00,1590.00,1777.00,1629.00,1744.00,1721.00,1751.00,1781.00,1642.00,1640.00,1719.00,1605.00,1536.00,1373.00,1409.00,1319.00,1278.00,1171.00,1184.00,1142.00,1168.00,1157.00,1163.00,1139.00,1189.00,1277.00,1377.00,1018.00,972.00,980.00,885.00,712.00,564.00,662.00,534.00,557.00,431.00,402.00,341.00,274.00,969.00
E07000037,High Peak,Non-metropolitan District,91569.00,764.00,780.00,850.00,840.00,872.00,932.00,939.00,953.00,955.00,925.00,957.00,1086.00,1055.00,1067.00,1048.00,1087.00,1084.00,1011.00,942.00,671.00,584.00,646.00,742.00,883.00,964.00,925.00,951.00,879.00,939.00,1002.00,969.00,1167.00,1171.00,1085.00,1066.00,1168.00,1137.00,1123.00,1117.00,1123.00,1035.00,1099.00,1140.00,1108.00,1060.00,1019.00,977.00,1028.00,1098.00,1136.00,1287.00,1331.00,1415.00,1393.00,1435.00,1495.00,1603.00,1525.00,1481.00,1622.00,1485.00,1466.00,1455.00,1334.00,1381.00,1282.00,1224.00,1092.00,1021.00,1093.00,1022.00,1061.00,1029.00,1033.00,1035.00,1110.00,1164.00,848.00,798.00,820.00,679.00,607.00,515.00,488.00,463.00,395.00,333.00,330.00,285.00,228.00,747.00
E07000038,North East Derbyshire,Non-metropolitan District,105035.00,885.00,1014.00,1058.00,984.00,1083.00,1054.00,1134.00,1078.00,1065.00,1158.00,1097.00,1227.00,1170.00,1183.00,1072.00,1129.00,1097.00,1054.00,964.00,742.00,761.00,799.00,848.00,973.00,1026.00,1034.00,1143.00,1114.00,1266.00,1237.00,1265.00,1307.00,1355.00,1248.00,1194.00,1320.00,1346.00,1214.00,1217.00,1173.00,1140.00,1211.00,1247.00,1289.00,1120.00,1085.00,1089.00,1149.00,1213.00,1278.00,1316.00,1406.00,1628.00,1393.00,1556.00,1561.00,1700.00,1604.00,1659.00,1603.00,1646.00,1547.00,1474.00,1512.00,1437.00,1459.00,1352.00,1315.00,1311.00,1334.00,1210.00,1190.00,1197.00,1259.00,1347.00,1356.00,1370.00,1157.00,1184.00,1111.00,987.00,777.00,715.00,665.00,653.00,577.00,461.00,394.00,391.00,290.00,1022.00
E07000039,South Derbyshire,Non-metropolitan District,114050.00,1176.00,1282.00,1220.00,1258.00,1299.00,1332.00,1270.00,1393.00,1379.00,1262.00,1375.00,1454.00,1434.00,1406.00,1422.00,1490.00,1480.00,1388.00,1236.00,852.00,829.00,826.00,1015.00,1150.00,1153.00,1309.00,1385.00,1342.00,1495.00,1523.00,1663.00,1657.00,1740.00,1654.00,1556.00,1543.00,1523.00,1518.00,1487.00,1551.00,1515.00,1458.00,1561.00,1502.00,1389.00,1330.00,1361.00,1314.00,1442.00,1489.00,1518.00,1715.00,1817.00,1658.00,1651.00,1756.00,1771.00,1723.00,1662.00,1600.00,1572.00,1584.00,1428.00,1334.00,1298.00,1293.00,1149.00,1195.00,1122.00,1157.00,1118.00,1100.00,1014.00,1055.00,1031.00,1094.00,1196.00,849.00,862.00,804.00,723.00,583.00,512.00,495.00,496.00,400.00,322.00,299.00,292.00,249.00,865.00
E10000018,Leicestershire,County,734015.00,6522.00,7139.00,7146.00,7514.00,7743.00,8141.00,8004.00,8429.00,8319.00,8209.00,8386.00,8695.00,8931.00,8580.00,8332.00,8634.00,8322.00,8123.00,8529.00,10538.00,9604.00,8558.00,8687.00,8016.00,8092.00,7567.00,7845.00,7983.00,8375.00,8708.00,8639.00,9080.00,9667.00,9698.00,9526.00,9616.00,9525.00,9514.00,9583.00,9191.00,9159.00,9217.00,9424.00,9403.00,8919.00,8230.00,8056.00,8470.00,8717.00,8998.00,9615.00,9863.00,10708.00,9982.00,10546.00,10429.00,10384.00,10356.00,10343.00,10135.00,9952.00,9797.00,9667.00,9055.00,8898.00,8587.00,8130.00,7864.00,7512.00,7597.00,7803.00,7490.00,7453.00,7560.00,7768.00,7940.00,8458.00,6204.00,6289.00,6207.00,5562.00,4418.00,3838.00,3760.00,3602.00,3335.00,2933.00,2522.00,2213.00,1894.00,7043.00
E07000129,Blaby,Non-metropolitan District,105278.00,997.00,1143.00,1147.00,1136.00,1224.00,1229.00,1297.00,1320.00,1272.00,1250.00,1266.00,1334.00,1356.00,1255.00,1269.00,1323.00,1211.00,1184.00,1161.00,931.00,701.00,784.00,956.00,1008.00,1135.00,1095.00,1156.00,1141.00,1280.00,1340.00,1302.00,1352.00,1487.00,1473.00,1466.00,1519.00,1487.00,1451.00,1483.00,1449.00,1373.00,1368.00,1373.00,1364.00,1311.00,1200.00,1176.00,1270.00,1318.00,1291.00,1392.00,1414.00,1500.00,1414.00,1483.00,1421.00,1474.00,1437.00,1465.00,1441.00,1377.00,1384.00,1351.00,1280.00,1282.00,1196.00,1172.00,1080.00,1013.00,1031.00,1115.00,1029.00,988.00,1076.00,1087.00,1158.00,1221.00,855.00,904.00,884.00,772.00,621.00,584.00,513.00,562.00,471.00,461.00,360.00,327.00,324.00,945.00
E07000130,Charnwood,Non-metropolitan District,188010.00,1549.00,1711.00,1730.00,1901.00,1854.00,2123.00,1948.00,2093.00,2073.00,1915.00,2047.00,2129.00,2158.00,2092.00,2014.00,2039.00,1967.00,1937.00,2494.00,5320.00,5398.00,4044.00,3475.00,2726.00,2268.00,1984.00,2072.00,2044.00,2132.00,2272.00,2069.00,2305.00,2430.00,2494.00,2382.00,2434.00,2430.00,2414.00,2522.00,2391.00,2312.00,2301.00,2370.00,2348.00,2186.00,2023.00,1934.00,2079.00,2049.00,2183.00,2273.00,2292.00,2564.00,2396.00,2450.00,2397.00,2410.00,2313.00,2445.00,2289.00,2333.00,2224.00,2277.00,2109.00,2149.00,2028.00,1911.00,1903.00,1782.00,1818.00,1832.00,1822.00,1775.00,1710.00,1767.00,1793.00,1903.00,1380.00,1427.00,1436.00,1278.00,980.00,915.00,903.00,827.00,736.00,695.00,587.00,511.00,454.00,1751.00
E07000131,Harborough,Non-metropolitan District,102581.00,893.00,935.00,1001.00,1034.00,1069.00,1133.00,1079.00,1113.00,1159.00,1173.00,1164.00,1160.00,1231.00,1264.00,1246.00,1296.00,1278.00,1261.00,1200.00,872.00,674.00,724.00,921.00,937.00,1005.00,1009.00,1043.00,1089.00,1122.00,1084.00,1137.00,1193.00,1250.00,1240.00,1275.00,1248.00,1276.00,1311.00,1229.00,1269.00,1243.00,1258.00,1299.00,1346.00,1335.00,1207.00,1210.00,1240.00,1260.00,1323.00,1449.00,1512.00,1577.00,1397.00,1635.00,1557.00,1598.00,1528.00,1608.00,1515.00,1481.00,1479.00,1426.00,1323.00,1309.00,1272.00,1181.00,1216.00,1122.00,1113.00,1087.00,1016.00,1105.00,1088.00,1131.00,1141.00,1296.00,934.00,923.00,943.00,870.00,669.00,554.00,602.00,547.00,533.00,478.00,390.00,336.00,288.00,1034.00
E07000132,Hinckley and Bosworth,Non-metropolitan District,114970.00,1050.00,1148.00,1024.00,1151.00,1212.00,1173.00,1261.00,1276.00,1318.00,1294.00,1334.00,1379.00,1397.00,1285.00,1276.00,1346.00,1305.00,1271.00,1166.00,856.00,785.00,861.00,1018.00,1044.00,1184.00,1113.00,1146.00,1233.00,1349.00,1365.00,1387.00,1445.00,1547.00,1511.00,1532.00,1525.00,1469.00,1498.00,1517.00,1389.00,1426.00,1509.00,1479.00,1438.00,1462.00,1285.00,1256.00,1356.00,1378.00,1435.00,1486.00,1608.00,1716.00,1673.00,1674.00,1733.00,1682.00,1767.00,1628.00,1630.00,1586.00,1639.00,1589.00,1534.00,1443.00,1422.00,1325.00,1323.00,1255.00,1296.00,1386.00,1286.00,1268.00,1360.00,1382.00,1393.00,1421.00,1061.00,1086.00,1066.00,932.00,789.00,652.00,617.00,610.00,573.00,418.00,401.00,383.00,260.00,1153.00
E07000133,Melton,Non-metropolitan District,53237.00,451.00,476.00,476.00,529.00,526.00,552.00,511.00,556.00,581.00,580.00,597.00,657.00,701.00,649.00,593.00,583.00,630.00,581.00,547.00,434.00,344.00,410.00,396.00,446.00,497.00,507.00,522.00,542.00,513.00,528.00,571.00,538.00,598.00,643.00,648.00,628.00,575.00,622.00,577.00,579.00,610.00,635.00,633.00,658.00,586.00,574.00,587.00,549.00,616.00,639.00,697.00,747.00,802.00,812.00,874.00,892.00,863.00,912.00,874.00,923.00,890.00,843.00,825.00,747.00,702.00,731.00,702.00,651.00,651.00,636.00,632.00,640.00,654.00,628.00,667.00,713.00,718.00,519.00,527.00,501.00,486.00,375.00,287.00,311.00,261.00,257.00,206.00,200.00,181.00,161.00,558.00
E07000134,North West Leicestershire,Non-metropolitan District,110316.00,1056.00,1135.00,1179.00,1121.00,1216.00,1241.00,1182.00,1275.00,1209.00,1239.00,1256.00,1252.00,1318.00,1303.00,1239.00,1268.00,1251.00,1191.00,1092.00,837.00,878.00,1198.00,1405.00,1287.00,1328.00,1258.00,1284.00,1288.00,1313.00,1426.00,1434.00,1547.00,1611.00,1534.00,1507.00,1488.00,1501.00,1418.00,1425.00,1403.00,1412.00,1369.00,1404.00,1465.00,1316.00,1222.00,1265.00,1319.00,1362.00,1418.00,1630.00,1620.00,1739.00,1556.00,1649.00,1671.00,1616.00,1641.00,1567.00,1576.00,1497.00,1452.00,1425.00,1345.00,1332.00,1289.00,1214.00,1129.00,1102.00,1122.00,1129.00,1143.00,1081.00,1133.00,1097.00,1174.00,1266.00,1018.00,926.00,900.00,782.00,624.00,503.00,510.00,472.00,433.00,391.00,325.00,265.00,208.00,819.00
E07000135,Oadby and Wigston,Non-metropolitan District,59623.00,526.00,591.00,589.00,642.00,642.00,690.00,726.00,796.00,707.00,758.00,722.00,784.00,770.00,732.00,695.00,779.00,680.00,698.00,869.00,1288.00,824.00,537.00,516.00,568.00,675.00,601.00,622.00,646.00,666.00,693.00,739.00,700.00,744.00,803.00,716.00,774.00,787.00,800.00,830.00,711.00,783.00,777.00,866.00,784.00,723.00,719.00,628.00,657.00,734.00,709.00,688.00,670.00,810.00,734.00,781.00,758.00,741.00,758.00,756.00,761.00,788.00,776.00,774.00,717.00,681.00,649.00,625.00,562.00,587.00,581.00,622.00,554.00,582.00,565.00,637.00,568.00,633.00,437.00,496.00,477.00,442.00,360.00,343.00,304.00,323.00,332.00,284.00,259.00,210.00,199.00,783.00
E10000019,Lincolnshire,County,782808.00,6289.00,6856.00,7178.00,7425.00,7632.00,7898.00,8048.00,8551.00,8509.00,8596.00,8577.00,8939.00,9097.00,8990.00,8821.00,8999.00,8456.00,8389.00,8260.00,8557.00,8058.00,8535.00,8337.00,8215.00,8182.00,8033.00,8267.00,8412.00,8640.00,8844.00,9013.00,9161.00,9387.00,9442.00,9461.00,9794.00,9257.00,9224.00,9321.00,8819.00,8916.00,8836.00,8920.00,9261.00,8871.00,8040.00,8014.00,8280.00,8589.00,9259.00,9685.00,10555.00,11162.00,11088.00,11375.00,11108.00,11664.00,11720.00,11836.00,11962.00,11824.00,11577.00,11465.00,10720.00,10318.00,10430.00,9896.00,9653.00,9239.00,9292.00,9140.00,8921.00,9052.00,9230.00,9238.00,9799.00,10443.00,8004.00,7616.00,7424.00,6577.00,5771.00,4818.00,4689.00,4401.00,3943.00,3595.00,3065.00,2694.00,2130.00,8234.00
E07000136,Boston,Non-metropolitan District,71367.00,667.00,789.00,795.00,801.00,795.00,851.00,825.00,844.00,860.00,895.00,839.00,936.00,905.00,897.00,952.00,911.00,859.00,813.00,812.00,625.00,568.00,591.00,681.00,760.00,778.00,708.00,793.00,749.00,792.00,841.00,874.00,913.00,962.00,856.00,973.00,981.00,951.00,937.00,996.00,878.00,908.00,967.00,928.00,903.00,890.00,824.00,858.00,803.00,846.00,854.00,920.00,977.00,989.00,1005.00,967.00,983.00,988.00,1041.00,1022.00,1001.00,934.00,973.00,971.00,896.00,817.00,861.00,843.00,775.00,781.00,752.00,692.00,734.00,725.00,708.00,699.00,733.00,770.00,611.00,593.00,561.00,499.00,435.00,385.00,397.00,370.00,300.00,268.00,246.00,210.00,146.00,755.00
E07000137,East Lindsey,Non-metropolitan District,145371.00,973.00,1088.00,1100.00,1163.00,1225.00,1192.00,1263.00,1322.00,1311.00,1323.00,1371.00,1458.00,1517.00,1589.00,1444.00,1561.00,1396.00,1465.00,1294.00,1074.00,1019.00,1001.00,1172.00,1279.00,1337.00,1368.00,1242.00,1263.00,1323.00,1373.00,1305.00,1377.00,1394.00,1398.00,1351.00,1470.00,1378.00,1367.00,1297.00,1295.00,1287.00,1261.00,1356.00,1342.00,1325.00,1220.00,1293.00,1296.00,1391.00,1614.00,1722.00,1950.00,2105.00,2116.00,2234.00,2119.00,2345.00,2344.00,2558.00,2577.00,2631.00,2632.00,2581.00,2453.00,2474.00,2572.00,2325.00,2439.00,2295.00,2237.00,2303.00,2141.00,2236.00,2264.00,2296.00,2318.00,2544.00,2026.00,1876.00,1792.00,1556.00,1386.00,1128.00,1075.00,1015.00,891.00,802.00,678.00,582.00,442.00,1788.00
E07000138,Lincoln,Non-metropolitan District,103314.00,952.00,1006.00,1005.00,1028.00,1044.00,1016.00,1093.00,1167.00,1120.00,1045.00,1055.00,1055.00,1095.00,1085.00,1098.00,1017.00,1014.00,1006.00,1497.00,3409.00,3612.00,3571.00,2455.00,1722.00,1378.00,1390.00,1519.00,1573.00,1632.00,1626.00,1685.00,1579.00,1606.00,1597.00,1562.00,1557.00,1466.00,1444.00,1433.00,1332.00,1260.00,1169.00,1241.00,1328.00,1157.00,1085.00,986.00,1025.00,1032.00,1044.00,1085.00,1138.00,1169.00,1150.00,1155.00,1120.00,1167.00,1190.00,1083.00,1172.00,1239.00,1091.00,1139.00,997.00,939.00,875.00,926.00,831.00,759.00,802.00,776.00,788.00,780.00,743.00,732.00,784.00,788.00,600.00,595.00,593.00,517.00,389.00,380.00,398.00,341.00,376.00,294.00,286.00,248.00,198.00,808.00
E07000139,North Kesteven,Non-metropolitan District,121203.00,933.00,958.00,1040.00,1148.00,1148.00,1200.00,1310.00,1362.00,1334.00,1364.00,1324.00,1433.00,1472.00,1403.00,1413.00,1358.00,1322.00,1327.00,1245.00,963.00,802.00,988.00,1143.00,1320.00,1325.00,1263.00,1310.00,1277.00,1295.00,1381.00,1285.00,1472.00,1476.00,1489.00,1513.00,1582.00,1481.00,1429.00,1551.00,1483.00,1450.00,1449.00,1320.00,1478.00,1496.00,1189.00,1252.00,1288.00,1374.00,1464.00,1523.00,1808.00,1809.00,1846.00,1799.00,1845.00,1898.00,1869.00,1864.00,1861.00,1858.00,1851.00,1734.00,1641.00,1555.00,1544.00,1454.00,1381.00,1332.00,1407.00,1307.00,1288.00,1375.00,1424.00,1414.00,1542.00,1640.00,1216.00,1232.00,1172.00,1053.00,960.00,810.00,774.00,741.00,668.00,569.00,470.00,389.00,365.00,1233.00
E07000140,South Holland,Non-metropolitan District,97915.00,803.00,949.00,1015.00,970.00,1042.00,1071.00,1026.00,1125.00,1046.00,1112.00,1146.00,1123.00,1099.00,1122.00,1102.00,1099.00,997.00,1083.00,908.00,717.00,668.00,702.00,885.00,942.00,980.00,994.00,1015.00,1040.00,1047.00,1076.00,1174.00,1077.00,1197.00,1274.00,1216.00,1288.00,1213.00,1207.00,1142.00,1152.00,1141.00,1118.00,1079.00,1183.00,1176.00,1070.00,1019.00,1120.00,1133.00,1263.00,1259.00,1307.00,1471.00,1401.00,1421.00,1466.00,1443.00,1450.00,1521.00,1524.00,1481.00,1483.00,1382.00,1256.00,1222.00,1293.00,1232.00,1186.00,1116.00,1130.00,1130.00,1112.00,1121.00,1094.00,1194.00,1230.00,1329.00,996.00,941.00,895.00,848.00,714.00,625.00,628.00,542.00,557.00,520.00,433.00,351.00,280.00,1185.00
E07000141,South Kesteven,Non-metropolitan District,145758.00,1199.00,1282.00,1363.00,1399.00,1457.00,1538.00,1520.00,1665.00,1742.00,1698.00,1715.00,1786.00,1853.00,1798.00,1778.00,1917.00,1782.00,1682.00,1504.00,1036.00,830.00,1043.00,1173.00,1363.00,1420.00,1379.00,1447.00,1482.00,1548.00,1565.00,1582.00,1660.00,1653.00,1743.00,1795.00,1766.00,1721.00,1744.00,1754.00,1666.00,1715.00,1761.00,1886.00,1901.00,1705.00,1635.00,1609.00,1695.00,1743.00,1829.00,1974.00,2090.00,2200.00,2169.00,2273.00,2101.00,2178.00,2238.00,2247.00,2265.00,2104.00,2022.00,2099.00,1998.00,1911.00,1887.00,1761.00,1706.00,1663.00,1693.00,1698.00,1643.00,1654.00,1735.00,1656.00,1829.00,1983.00,1502.00,1395.00,1342.00,1176.00,1122.00,839.00,846.00,817.00,690.00,654.00,576.00,506.00,430.00,1559.00
E07000142,West Lindsey,Non-metropolitan District,97880.00,762.00,784.00,860.00,916.00,921.00,1030.00,1011.00,1066.00,1096.00,1159.00,1127.00,1148.00,1156.00,1096.00,1034.00,1136.00,1086.00,1013.00,1000.00,733.00,559.00,639.00,828.00,829.00,964.00,931.00,941.00,1028.00,1003.00,982.00,1108.00,1083.00,1099.00,1085.00,1051.00,1150.00,1047.00,1096.00,1148.00,1013.00,1155.00,1111.00,1110.00,1126.00,1122.00,1017.00,997.00,1053.00,1070.00,1191.00,1202.00,1285.00,1419.00,1401.00,1526.00,1474.00,1645.00,1588.00,1541.00,1562.00,1577.00,1525.00,1559.00,1479.00,1400.00,1398.00,1355.00,1335.00,1293.00,1271.00,1234.00,1215.00,1161.00,1262.00,1247.00,1363.00,1389.00,1053.00,984.00,1069.00,928.00,765.00,651.00,571.00,575.00,461.00,488.00,376.00,408.00,269.00,906.00
E10000024,Nottinghamshire,County,844494.00,7510.00,8107.00,8407.00,8704.00,8878.00,9066.00,9635.00,9691.00,9753.00,9869.00,10008.00,10385.00,10345.00,10082.00,9954.00,9832.00,9409.00,9304.00,8838.00,7562.00,7420.00,8038.00,8379.00,8869.00,9054.00,9038.00,9370.00,9549.00,9826.00,10298.00,10325.00,11010.00,11140.00,11292.00,11083.00,11437.00,11036.00,10878.00,10981.00,10620.00,10562.00,10291.00,10700.00,10671.00,10128.00,9566.00,9353.00,9716.00,9941.00,10148.00,10958.00,11537.00,12161.00,11742.00,12498.00,12399.00,12405.00,12213.00,12590.00,12181.00,12129.00,11605.00,11249.00,10902.00,10473.00,10009.00,9586.00,9303.00,8974.00,9050.00,8698.00,8778.00,8702.00,8874.00,8945.00,9489.00,10001.00,7488.00,7393.00,7168.00,6450.00,5329.00,4696.00,4575.00,4393.00,3880.00,3479.00,3023.00,2629.00,2243.00,8239.00
E07000170,Ashfield,Non-metropolitan District,128360.00,1246.00,1362.00,1346.00,1363.00,1427.00,1366.00,1559.00,1504.00,1535.00,1568.00,1583.00,1687.00,1614.00,1549.00,1529.00,1489.00,1455.00,1441.00,1406.00,1119.00,1036.00,1125.00,1164.00,1388.00,1470.00,1388.00,1564.00,1553.00,1550.00,1634.00,1714.00,1698.00,1780.00,1856.00,1864.00,1865.00,1775.00,1691.00,1689.00,1623.00,1610.00,1529.00,1639.00,1616.00,1541.00,1457.00,1424.00,1481.00,1445.00,1551.00,1668.00,1806.00,1890.00,1899.00,1937.00,1908.00,1864.00,1783.00,1989.00,1764.00,1847.00,1735.00,1638.00,1669.00,1542.00,1351.00,1366.00,1319.00,1277.00,1260.00,1298.00,1286.00,1213.00,1251.00,1251.00,1323.00,1326.00,1078.00,1065.00,1060.00,997.00,787.00,701.00,688.00,618.00,494.00,478.00,401.00,314.00,284.00,1067.00
E07000171,Bassetlaw,Non-metropolitan District,122286.00,1154.00,1169.00,1236.00,1274.00,1298.00,1304.00,1422.00,1400.00,1356.00,1387.00,1381.00,1467.00,1448.00,1400.00,1405.00,1395.00,1303.00,1317.00,1213.00,904.00,912.00,902.00,1069.00,1184.00,1275.00,1296.00,1423.00,1393.00,1486.00,1452.00,1428.00,1588.00,1611.00,1642.00,1548.00,1542.00,1573.00,1503.00,1489.00,1495.00,1420.00,1397.00,1450.00,1462.00,1386.00,1340.00,1283.00,1461.00,1443.00,1467.00,1565.00,1716.00,1875.00,1760.00,1864.00,1921.00,1878.00,1869.00,1961.00,1916.00,1863.00,1799.00,1692.00,1604.00,1633.00,1516.00,1476.00,1370.00,1401.00,1401.00,1314.00,1273.00,1297.00,1314.00,1368.00,1484.00,1480.00,1145.00,1116.00,1076.00,964.00,795.00,712.00,669.00,657.00,598.00,495.00,429.00,383.00,345.00,1139.00
E07000172,Broxtowe,Non-metropolitan District,113172.00,879.00,1027.00,995.00,1070.00,1086.00,1170.00,1208.00,1208.00,1285.00,1246.00,1287.00,1330.00,1348.00,1314.00,1227.00,1303.00,1180.00,1141.00,1077.00,1414.00,1745.00,1876.00,1525.00,1392.00,1240.00,1440.00,1241.00,1334.00,1414.00,1441.00,1370.00,1565.00,1464.00,1510.00,1453.00,1522.00,1425.00,1499.00,1518.00,1367.00,1433.00,1318.00,1340.00,1334.00,1287.00,1152.00,1241.00,1318.00,1337.00,1282.00,1366.00,1450.00,1520.00,1469.00,1568.00,1592.00,1615.00,1567.00,1596.00,1512.00,1509.00,1428.00,1388.00,1381.00,1322.00,1302.00,1225.00,1236.00,1150.00,1169.00,1152.00,1141.00,1165.00,1247.00,1216.00,1324.00,1496.00,1019.00,1067.00,987.00,853.00,687.00,648.00,627.00,598.00,564.00,512.00,409.00,399.00,312.00,1206.00
E07000173,Gedling,Non-metropolitan District,118563.00,1051.00,1054.00,1174.00,1178.00,1242.00,1268.00,1370.00,1356.00,1354.00,1350.00,1434.00,1371.00,1460.00,1445.00,1387.00,1366.00,1376.00,1308.00,1263.00,963.00,774.00,908.00,1019.00,1195.00,1253.00,1227.00,1169.00,1278.00,1409.00,1468.00,1433.00,1548.00,1618.00,1597.00,1680.00,1673.00,1559.00,1509.00,1541.00,1526.00,1529.00,1467.00,1544.00,1610.00,1485.00,1437.00,1354.00,1345.00,1355.00,1449.00,1655.00,1593.00,1794.00,1618.00,1802.00,1755.00,1724.00,1656.00,1716.00,1777.00,1646.00,1603.00,1660.00,1533.00,1385.00,1376.00,1369.00,1328.00,1273.00,1265.00,1261.00,1306.00,1196.00,1285.00,1317.00,1363.00,1461.00,1002.00,1020.00,966.00,889.00,768.00,656.00,646.00,656.00,595.00,531.00,473.00,386.00,341.00,1188.00
E07000174,Mansfield,Non-metropolitan District,112091.00,1116.00,1169.00,1154.00,1248.00,1228.00,1267.00,1343.00,1355.00,1316.00,1404.00,1335.00,1433.00,1437.00,1350.00,1379.00,1353.00,1266.00,1268.00,1147.00,939.00,830.00,917.00,1036.00,1149.00,1209.00,1168.00,1309.00,1289.00,1336.00,1584.00,1534.00,1613.00,1571.00,1652.00,1526.00,1632.00,1621.00,1630.00,1657.00,1514.00,1475.00,1466.00,1504.00,1462.00,1349.00,1217.00,1206.00,1238.00,1295.00,1266.00,1422.00,1489.00,1494.00,1555.00,1607.00,1564.00,1653.00,1600.00,1651.00,1598.00,1637.00,1557.00,1517.00,1453.00,1393.00,1377.00,1261.00,1233.00,1196.00,1168.00,1091.00,1064.00,1128.00,1062.00,1095.00,1072.00,1070.00,894.00,895.00,864.00,774.00,609.00,567.00,539.00,498.00,418.00,407.00,388.00,307.00,253.00,909.00
E07000175,Newark and Sherwood,Non-metropolitan District,126168.00,1070.00,1202.00,1283.00,1319.00,1281.00,1342.00,1318.00,1399.00,1396.00,1351.00,1448.00,1486.00,1465.00,1459.00,1447.00,1394.00,1356.00,1410.00,1357.00,1179.00,1002.00,1007.00,1193.00,1245.00,1344.00,1296.00,1325.00,1425.00,1383.00,1433.00,1584.00,1636.00,1577.00,1580.00,1583.00,1653.00,1570.00,1490.00,1633.00,1467.00,1486.00,1450.00,1483.00,1545.00,1478.00,1400.00,1295.00,1375.00,1431.00,1536.00,1673.00,1779.00,1865.00,1731.00,1948.00,1904.00,1946.00,1927.00,1894.00,1859.00,1938.00,1843.00,1744.00,1694.00,1733.00,1644.00,1572.00,1474.00,1437.00,1457.00,1349.00,1430.00,1397.00,1436.00,1450.00,1541.00,1626.00,1218.00,1141.00,1148.00,1034.00,860.00,697.00,701.00,742.00,590.00,530.00,438.00,378.00,330.00,1203.00
E07000176,Rushcliffe,Non-metropolitan District,123854.00,994.00,1124.00,1219.00,1252.00,1316.00,1349.00,1415.00,1469.00,1511.00,1563.00,1540.00,1611.00,1573.00,1565.00,1580.00,1532.00,1473.00,1419.00,1375.00,1044.00,1121.00,1303.00,1373.00,1316.00,1263.00,1223.00,1339.00,1277.00,1248.00,1286.00,1262.00,1362.00,1519.00,1455.00,1429.00,1550.00,1513.00,1556.00,1454.00,1628.00,1609.00,1664.00,1740.00,1642.00,1602.00,1563.00,1550.00,1498.00,1635.00,1597.00,1609.00,1704.00,1723.00,1710.00,1772.00,1755.00,1725.00,1811.00,1783.00,1755.00,1689.00,1640.00,1610.00,1568.00,1465.00,1443.00,1317.00,1343.00,1240.00,1330.00,1233.00,1278.00,1306.00,1279.00,1248.00,1382.00,1542.00,1132.00,1089.00,1067.00,939.00,823.00,715.00,705.00,624.00,621.00,526.00,485.00,462.00,378.00,1527.00
E12000005,WEST MIDLANDS,Region,6085687.00,63340.00,66970.00,67172.00,69524.00,70602.00,71726.00,73616.00,75078.00,74338.00,76083.00,78003.00,79094.00,78854.00,77023.00,77220.00,78161.00,74703.00,73692.00,74564.00,74093.00,72169.00,72412.00,72482.00,73531.00,75208.00,75214.00,76623.00,75142.00,75884.00,78117.00,78822.00,81927.00,83250.00,83317.00,82623.00,83044.00,82359.00,80534.00,80928.00,77906.00,78360.00,76809.00,77446.00,78599.00,74366.00,68754.00,67398.00,69544.00,70356.00,72078.00,75805.00,79096.00,82179.00,81117.00,82516.00,81923.00,81841.00,80696.00,80557.00,78919.00,76884.00,75824.00,72759.00,68689.00,66828.00,65286.00,62451.00,59546.00,57508.00,57999.00,56885.00,54519.00,54135.00,54781.00,55316.00,56925.00,59262.00,46099.00,45402.00,45482.00,40578.00,35088.00,30155.00,29402.00,28057.00,25730.00,23171.00,20223.00,17290.00,14408.00,55298.00
E06000019,"Herefordshire, County of",Unitary Authority,189890.00,1502.00,1621.00,1619.00,1714.00,1776.00,1881.00,1847.00,1878.00,1874.00,1936.00,2070.00,2047.00,2162.00,2115.00,2002.00,2119.00,1982.00,1907.00,1982.00,1579.00,1321.00,1326.00,1540.00,1649.00,1854.00,1829.00,1760.00,1841.00,1956.00,1944.00,2004.00,2136.00,2259.00,2146.00,2176.00,2250.00,2118.00,2145.00,2111.00,2069.00,2176.00,2137.00,2166.00,2130.00,1976.00,1889.00,1932.00,1974.00,2155.00,2197.00,2351.00,2539.00,2659.00,2611.00,2831.00,2828.00,2957.00,3064.00,3091.00,2959.00,2956.00,3033.00,3048.00,2734.00,2767.00,2776.00,2668.00,2663.00,2451.00,2539.00,2524.00,2434.00,2384.00,2406.00,2584.00,2545.00,2692.00,2108.00,2004.00,1998.00,1707.00,1518.00,1321.00,1277.00,1220.00,1084.00,1063.00,817.00,755.00,646.00,2499.00
E06000051,Shropshire,Unitary Authority,329260.00,2531.00,2751.00,2912.00,2930.00,2966.00,3115.00,3304.00,3291.00,3275.00,3340.00,3456.00,3519.00,3478.00,3693.00,3630.00,3942.00,3624.00,3636.00,3578.00,2626.00,2326.00,2430.00,2739.00,3177.00,3064.00,3317.00,3325.00,3206.00,3528.00,3605.00,3553.00,3593.00,3764.00,3715.00,3663.00,3744.00,3811.00,3663.00,3752.00,3625.00,3503.00,3441.00,3608.00,3634.00,3512.00,3257.00,3183.00,3453.00,3698.00,3899.00,4208.00,4613.00,4977.00,4533.00,4974.00,5080.00,5262.00,5317.00,5320.00,5230.00,5268.00,5172.00,5193.00,4816.00,4746.00,4654.00,4371.00,4312.00,4185.00,4303.00,4159.00,3930.00,3984.00,4087.00,4312.00,4519.00,4458.00,3775.00,3435.00,3586.00,3083.00,2619.00,2306.00,2279.00,2092.00,1890.00,1711.00,1463.00,1220.00,1093.00,4340.00
E06000021,Stoke-on-Trent,Unitary Authority,263157.00,3024.00,3135.00,3217.00,3302.00,3355.00,3173.00,3306.00,3386.00,3347.00,3571.00,3521.00,3502.00,3579.00,3428.00,3402.00,3564.00,3235.00,3118.00,3281.00,3100.00,3227.00,3362.00,3248.00,3166.00,3152.00,3302.00,3606.00,3399.00,3602.00,3584.00,3631.00,3805.00,3946.00,3943.00,3931.00,3961.00,3778.00,3742.00,3727.00,3500.00,3538.00,3449.00,3509.00,3315.00,3230.00,2890.00,2733.00,2903.00,2988.00,2996.00,3190.00,3309.00,3496.00,3341.00,3398.00,3283.00,3286.00,3334.00,3283.00,3147.00,3088.00,3139.00,3060.00,2800.00,2764.00,2715.00,2697.00,2531.00,2444.00,2436.00,2256.00,2182.00,2110.00,2199.00,2276.00,2297.00,2470.00,1764.00,1719.00,1577.00,1599.00,1278.00,1167.00,1133.00,957.00,1012.00,891.00,719.00,640.00,496.00,1965.00
E06000020,Telford and Wrekin,Unitary Authority,191915.00,1939.00,2137.00,2114.00,2239.00,2243.00,2322.00,2413.00,2459.00,2401.00,2577.00,2514.00,2667.00,2598.00,2617.00,2559.00,2458.00,2463.00,2344.00,2343.00,2202.00,1957.00,1888.00,2256.00,2266.00,2216.00,2122.00,2279.00,2315.00,2364.00,2549.00,2533.00,2595.00,2727.00,2651.00,2759.00,2717.00,2680.00,2671.00,2645.00,2531.00,2578.00,2423.00,2454.00,2414.00,2370.00,2189.00,2128.00,2188.00,2350.00,2250.00,2578.00,2680.00,2798.00,2731.00,2741.00,2669.00,2679.00,2665.00,2649.00,2581.00,2448.00,2381.00,2273.00,2165.00,2149.00,1999.00,1832.00,1797.00,1857.00,1826.00,1750.00,1778.00,1689.00,1727.00,1769.00,1695.00,1802.00,1377.00,1291.00,1271.00,1185.00,1048.00,853.00,837.00,741.00,683.00,642.00,484.00,441.00,381.00,1299.00
E10000028,Staffordshire,County,898521.00,7998.00,8487.00,8787.00,9267.00,9081.00,9499.00,9594.00,9824.00,9670.00,9931.00,10252.00,10319.00,10285.00,9980.00,10261.00,10317.00,9731.00,9629.00,9606.00,8805.00,8334.00,8520.00,9088.00,9322.00,9974.00,9863.00,10245.00,9986.00,10261.00,10695.00,11104.00,11747.00,11886.00,11514.00,11746.00,11705.00,11428.00,11348.00,11248.00,10741.00,10901.00,10659.00,10912.00,11051.00,10503.00,9553.00,9380.00,10011.00,10479.00,10917.00,11766.00,12521.00,13141.00,12994.00,13378.00,13308.00,13410.00,13183.00,13510.00,13226.00,12799.00,12734.00,12243.00,11435.00,11335.00,11082.00,10524.00,10219.00,9836.00,10004.00,9858.00,9304.00,9479.00,9788.00,9836.00,10476.00,11014.00,8193.00,8311.00,8262.00,7342.00,6417.00,5386.00,5115.00,5029.00,4446.00,3947.00,3413.00,2803.00,2416.00,8594.00
E07000192,Cannock Chase,Non-metropolitan District,102838.00,1018.00,1000.00,1095.00,1174.00,1164.00,1187.00,1113.00,1150.00,1143.00,1189.00,1248.00,1201.00,1210.00,1150.00,1151.00,1152.00,1157.00,1174.00,1028.00,887.00,786.00,882.00,957.00,1062.00,1219.00,1231.00,1424.00,1390.00,1320.00,1440.00,1457.00,1553.00,1573.00,1440.00,1453.00,1531.00,1440.00,1372.00,1337.00,1327.00,1293.00,1275.00,1356.00,1222.00,1234.00,993.00,1012.00,1081.00,1128.00,1252.00,1412.00,1430.00,1470.00,1565.00,1623.00,1600.00,1514.00,1556.00,1529.00,1524.00,1514.00,1471.00,1303.00,1164.00,1299.00,1155.00,1104.00,1094.00,1019.00,1095.00,1001.00,948.00,931.00,1013.00,981.00,1032.00,1077.00,810.00,837.00,782.00,735.00,638.00,497.00,506.00,527.00,416.00,397.00,325.00,264.00,229.00,820.00
E07000193,East Staffordshire,Non-metropolitan District,127637.00,1326.00,1474.00,1474.00,1517.00,1447.00,1502.00,1483.00,1557.00,1540.00,1614.00,1609.00,1585.00,1650.00,1609.00,1648.00,1606.00,1466.00,1510.00,1427.00,1024.00,872.00,1089.00,1368.00,1348.00,1471.00,1489.00,1583.00,1497.00,1606.00,1668.00,1708.00,1813.00,1868.00,1850.00,1921.00,1806.00,1679.00,1732.00,1737.00,1587.00,1643.00,1580.00,1686.00,1665.00,1584.00,1427.00,1406.00,1468.00,1488.00,1525.00,1710.00,1748.00,1814.00,1685.00,1881.00,1784.00,1892.00,1776.00,1831.00,1724.00,1732.00,1720.00,1670.00,1547.00,1543.00,1454.00,1415.00,1287.00,1278.00,1221.00,1260.00,1144.00,1158.00,1185.00,1134.00,1224.00,1299.00,977.00,891.00,965.00,860.00,739.00,630.00,628.00,573.00,471.00,445.00,396.00,317.00,290.00,1107.00
E07000194,Lichfield,Non-metropolitan District,110173.00,954.00,1027.00,1086.00,1076.00,1131.00,1169.00,1210.00,1160.00,1145.00,1206.00,1225.00,1303.00,1275.00,1136.00,1217.00,1199.00,1179.00,1153.00,1148.00,894.00,787.00,895.00,987.00,1059.00,1140.00,1131.00,1163.00,1198.00,1246.00,1293.00,1311.00,1404.00,1413.00,1369.00,1374.00,1332.00,1308.00,1303.00,1305.00,1318.00,1268.00,1301.00,1309.00,1420.00,1302.00,1208.00,1193.00,1326.00,1382.00,1341.00,1473.00,1626.00,1654.00,1606.00,1597.00,1682.00,1639.00,1606.00,1765.00,1612.00,1524.00,1530.00,1519.00,1361.00,1335.00,1333.00,1234.00,1304.00,1201.00,1242.00,1276.00,1172.00,1197.00,1218.00,1267.00,1453.00,1538.00,1138.00,1233.00,1170.00,1042.00,953.00,755.00,691.00,689.00,586.00,536.00,413.00,352.00,305.00,1067.00
E07000195,Newcastle-under-Lyme,Non-metropolitan District,128060.00,1149.00,1133.00,1118.00,1248.00,1188.00,1249.00,1338.00,1299.00,1307.00,1373.00,1356.00,1393.00,1336.00,1287.00,1393.00,1369.00,1322.00,1318.00,1640.00,2553.00,2862.00,2474.00,2059.00,1586.00,1534.00,1414.00,1384.00,1441.00,1347.00,1468.00,1412.00,1538.00,1629.00,1589.00,1706.00,1579.00,1597.00,1615.00,1561.00,1441.00,1546.00,1479.00,1449.00,1511.00,1436.00,1328.00,1351.00,1417.00,1451.00,1530.00,1512.00,1693.00,1708.00,1814.00,1762.00,1740.00,1793.00,1751.00,1764.00,1774.00,1709.00,1786.00,1732.00,1579.00,1520.00,1570.00,1446.00,1366.00,1344.00,1360.00,1317.00,1273.00,1311.00,1309.00,1344.00,1447.00,1453.00,1053.00,1114.00,1097.00,932.00,821.00,740.00,647.00,659.00,631.00,588.00,472.00,414.00,350.00,1262.00
E07000196,South Staffordshire,Non-metropolitan District,113088.00,873.00,952.00,1028.00,1040.00,994.00,1177.00,1107.00,1196.00,1113.00,1130.00,1221.00,1229.00,1158.00,1183.00,1173.00,1197.00,1163.00,1102.00,1104.00,895.00,831.00,883.00,992.00,1163.00,1280.00,1234.00,1213.00,1112.00,1211.00,1247.00,1249.00,1321.00,1332.00,1235.00,1295.00,1330.00,1367.00,1375.00,1308.00,1324.00,1333.00,1281.00,1283.00,1376.00,1302.00,1156.00,1108.00,1257.00,1268.00,1332.00,1432.00,1563.00,1637.00,1633.00,1667.00,1671.00,1723.00,1786.00,1786.00,1774.00,1713.00,1797.00,1715.00,1610.00,1565.00,1501.00,1538.00,1417.00,1377.00,1385.00,1390.00,1219.00,1362.00,1422.00,1379.00,1497.00,1539.00,1110.00,1225.00,1251.00,1099.00,967.00,822.00,805.00,752.00,689.00,565.00,598.00,438.00,377.00,1259.00
E07000197,Stafford,Non-metropolitan District,140677.00,1175.00,1259.00,1309.00,1385.00,1471.00,1415.00,1444.00,1493.00,1550.00,1538.00,1603.00,1549.00,1579.00,1530.00,1605.00,1638.00,1547.00,1493.00,1362.00,1040.00,853.00,972.00,1258.00,1387.00,1455.00,1545.00,1585.00,1576.00,1614.00,1643.00,1802.00,1850.00,1776.00,1850.00,1790.00,1857.00,1846.00,1816.00,1841.00,1655.00,1763.00,1680.00,1773.00,1833.00,1629.00,1592.00,1495.00,1483.00,1716.00,1767.00,1869.00,1898.00,2140.00,2035.00,2086.00,2143.00,2164.00,2066.00,2193.00,2180.00,2015.00,1989.00,1867.00,1885.00,1816.00,1774.00,1650.00,1587.00,1598.00,1551.00,1568.00,1531.00,1553.00,1557.00,1644.00,1574.00,1766.00,1366.00,1346.00,1353.00,1254.00,1062.00,869.00,851.00,862.00,761.00,651.00,554.00,472.00,402.00,1488.00
E07000198,Staffordshire Moorlands,Non-metropolitan District,95785.00,714.00,715.00,807.00,843.00,823.00,867.00,911.00,944.00,951.00,981.00,1015.00,1049.00,1082.00,1043.00,1046.00,1150.00,982.00,970.00,1036.00,735.00,731.00,688.00,687.00,837.00,955.00,918.00,886.00,826.00,894.00,844.00,961.00,1013.00,1059.00,1007.00,1036.00,1087.00,1036.00,1035.00,1065.00,1000.00,997.00,1046.00,1049.00,1031.00,988.00,971.00,959.00,1075.00,1120.00,1211.00,1287.00,1397.00,1531.00,1493.00,1571.00,1571.00,1573.00,1506.00,1557.00,1650.00,1557.00,1476.00,1486.00,1363.00,1383.00,1416.00,1258.00,1281.00,1174.00,1261.00,1235.00,1235.00,1183.00,1317.00,1289.00,1414.00,1490.00,1084.00,1071.00,1034.00,916.00,816.00,714.00,629.00,631.00,584.00,510.00,438.00,378.00,299.00,1051.00
E07000199,Tamworth,Non-metropolitan District,80263.00,789.00,927.00,870.00,984.00,863.00,933.00,988.00,1025.00,921.00,900.00,975.00,1010.00,995.00,1042.00,1028.00,1006.00,915.00,909.00,861.00,777.00,612.00,637.00,780.00,880.00,920.00,901.00,1007.00,946.00,1023.00,1092.00,1204.00,1255.00,1236.00,1174.00,1171.00,1183.00,1155.00,1100.00,1094.00,1089.00,1058.00,1017.00,1007.00,993.00,1028.00,878.00,856.00,904.00,926.00,959.00,1071.00,1166.00,1187.00,1163.00,1191.00,1117.00,1112.00,1136.00,1085.00,988.00,1035.00,965.00,951.00,926.00,874.00,879.00,879.00,883.00,845.00,889.00,811.00,782.00,784.00,767.00,798.00,835.00,852.00,655.00,594.00,610.00,504.00,421.00,359.00,358.00,336.00,308.00,255.00,217.00,168.00,164.00,540.00
E10000031,Warwickshire,County,617823.00,5828.00,6382.00,6444.00,6629.00,6834.00,6900.00,6877.00,7100.00,7156.00,7148.00,7456.00,7561.00,7500.00,7169.00,7325.00,7300.00,7002.00,6774.00,6793.00,6252.00,6353.00,6866.00,6007.00,6318.00,6466.00,6799.00,6937.00,7074.00,7275.00,7609.00,7559.00,8201.00,8462.00,8713.00,8661.00,8585.00,8467.00,8141.00,8327.00,7990.00,7994.00,8057.00,7850.00,8074.00,7744.00,7187.00,6980.00,7367.00,7514.00,7660.00,8085.00,8244.00,8591.00,8470.00,8850.00,8554.00,8643.00,8883.00,8756.00,8644.00,8299.00,8143.00,8020.00,7368.00,7175.00,6806.00,6776.00,6293.00,6084.00,6116.00,6037.00,5934.00,5983.00,6116.00,6240.00,6374.00,6731.00,5453.00,5420.00,5361.00,4615.00,3892.00,3282.00,3244.00,3148.00,2871.00,2633.00,2279.00,1890.00,1587.00,6266.00
E07000218,North Warwickshire,Non-metropolitan District,66166.00,624.00,715.00,681.00,658.00,684.00,728.00,684.00,737.00,705.00,741.00,782.00,787.00,762.00,751.00,736.00,732.00,695.00,672.00,720.00,551.00,521.00,573.00,564.00,685.00,693.00,664.00,723.00,728.00,742.00,838.00,773.00,866.00,895.00,900.00,818.00,878.00,864.00,865.00,823.00,767.00,801.00,732.00,766.00,768.00,726.00,708.00,674.00,736.00,790.00,813.00,935.00,867.00,982.00,972.00,1075.00,1002.00,1051.00,1088.00,1056.00,974.00,1032.00,945.00,966.00,904.00,856.00,836.00,815.00,780.00,653.00,731.00,711.00,683.00,731.00,709.00,743.00,792.00,789.00,605.00,610.00,604.00,523.00,462.00,320.00,353.00,341.00,281.00,309.00,261.00,178.00,161.00,641.00
E07000219,Nuneaton and Bedworth,Non-metropolitan District,137794.00,1528.00,1592.00,1594.00,1616.00,1711.00,1669.00,1653.00,1700.00,1658.00,1732.00,1784.00,1733.00,1767.00,1717.00,1611.00,1691.00,1681.00,1540.00,1498.00,1201.00,1089.00,1206.00,1424.00,1391.00,1625.00,1626.00,1647.00,1744.00,1733.00,1814.00,1891.00,1933.00,2046.00,2075.00,2102.00,2011.00,1923.00,1893.00,1972.00,1845.00,1835.00,1826.00,1716.00,1836.00,1689.00,1529.00,1473.00,1629.00,1580.00,1669.00,1794.00,1790.00,1860.00,1865.00,1937.00,1897.00,1911.00,2037.00,1880.00,1858.00,1630.00,1761.00,1673.00,1576.00,1552.00,1441.00,1510.00,1386.00,1354.00,1295.00,1350.00,1262.00,1258.00,1373.00,1292.00,1298.00,1396.00,1093.00,1120.00,1077.00,924.00,736.00,697.00,657.00,608.00,559.00,471.00,403.00,340.00,310.00,1115.00
E07000220,Rugby,Non-metropolitan District,118781.00,1162.00,1312.00,1306.00,1312.00,1421.00,1443.00,1450.00,1482.00,1558.00,1525.00,1582.00,1600.00,1622.00,1490.00,1662.00,1553.00,1531.00,1548.00,1365.00,878.00,727.00,791.00,1029.00,1222.00,1276.00,1338.00,1399.00,1387.00,1436.00,1550.00,1595.00,1736.00,1701.00,1801.00,1900.00,1751.00,1789.00,1769.00,1805.00,1700.00,1768.00,1773.00,1690.00,1746.00,1629.00,1516.00,1430.00,1480.00,1496.00,1479.00,1577.00,1625.00,1685.00,1691.00,1663.00,1501.00,1568.00,1545.00,1573.00,1551.00,1561.00,1462.00,1414.00,1324.00,1145.00,1163.00,1108.00,1024.00,1008.00,1028.00,948.00,985.00,981.00,990.00,1030.00,1049.00,1120.00,898.00,954.00,948.00,742.00,663.00,618.00,543.00,565.00,513.00,446.00,403.00,320.00,275.00,1063.00
E07000221,Stratford-on-Avon,Non-metropolitan District,141929.00,1164.00,1270.00,1335.00,1426.00,1364.00,1384.00,1493.00,1551.00,1448.00,1457.00,1589.00,1566.00,1626.00,1505.00,1585.00,1638.00,1519.00,1449.00,1431.00,943.00,765.00,903.00,1061.00,1207.00,1234.00,1299.00,1320.00,1381.00,1417.00,1456.00,1442.00,1595.00,1682.00,1731.00,1624.00,1729.00,1684.00,1568.00,1654.00,1589.00,1599.00,1743.00,1635.00,1736.00,1667.00,1580.00,1594.00,1715.00,1772.00,1779.00,1820.00,2014.00,2112.00,2032.00,2241.00,2121.00,2163.00,2253.00,2308.00,2290.00,2188.00,2143.00,2154.00,1925.00,2023.00,1909.00,1868.00,1682.00,1658.00,1721.00,1659.00,1689.00,1659.00,1652.00,1752.00,1835.00,1936.00,1666.00,1530.00,1567.00,1337.00,1121.00,909.00,947.00,895.00,841.00,767.00,694.00,583.00,488.00,1873.00
E07000222,Warwick,Non-metropolitan District,153153.00,1350.00,1493.00,1528.00,1617.00,1654.00,1676.00,1597.00,1630.00,1787.00,1693.00,1719.00,1875.00,1723.00,1706.00,1731.00,1686.00,1576.00,1565.00,1779.00,2679.00,3251.00,3393.00,1929.00,1813.00,1638.00,1872.00,1848.00,1834.00,1947.00,1951.00,1858.00,2071.00,2138.00,2206.00,2217.00,2216.00,2207.00,2046.00,2073.00,2089.00,1991.00,1983.00,2043.00,1988.00,2033.00,1854.00,1809.00,1807.00,1876.00,1920.00,1959.00,1948.00,1952.00,1910.00,1934.00,2033.00,1950.00,1960.00,1939.00,1971.00,1888.00,1832.00,1813.00,1639.00,1599.00,1457.00,1475.00,1421.00,1411.00,1341.00,1369.00,1315.00,1354.00,1392.00,1423.00,1400.00,1490.00,1191.00,1206.00,1165.00,1089.00,910.00,738.00,744.00,739.00,677.00,640.00,518.00,469.00,353.00,1574.00
E11000005,West Midlands (Met County),Metropolitan County,2980936.00,35134.00,36867.00,36259.00,37460.00,37943.00,38457.00,39698.00,40376.00,39891.00,40773.00,41586.00,42244.00,42054.00,40909.00,40920.00,41294.00,39402.00,39320.00,40235.00,43930.00,43752.00,42775.00,41932.00,41564.00,42090.00,41396.00,41783.00,41021.00,40255.00,41286.00,41536.00,42313.00,42672.00,42719.00,41939.00,42434.00,42356.00,41323.00,41542.00,40135.00,40394.00,39389.00,39404.00,40174.00,37529.00,35093.00,34253.00,34664.00,33803.00,34502.00,35691.00,36864.00,37767.00,37781.00,37329.00,37197.00,36320.00,35132.00,34744.00,34094.00,33146.00,32667.00,30838.00,29433.00,28211.00,27711.00,26304.00,24701.00,23761.00,23623.00,23204.00,22179.00,21698.00,21526.00,21083.00,21658.00,22298.00,17460.00,17343.00,17559.00,16037.00,13973.00,12146.00,11912.00,11408.00,10556.00,9352.00,8606.00,7452.00,5987.00,23405.00
E08000025,Birmingham,Metropolitan District,1166049.00,14443.00,15086.00,14723.00,15091.00,15236.00,15426.00,16190.00,16222.00,16361.00,16531.00,16829.00,16875.00,17164.00,16603.00,16988.00,17010.00,16378.00,16325.00,17392.00,21219.00,22477.00,21514.00,19678.00,18560.00,18451.00,17647.00,17646.00,17252.00,17119.00,17157.00,16757.00,17209.00,16995.00,17095.00,16776.00,16762.00,16777.00,16301.00,16331.00,16013.00,16026.00,15753.00,15561.00,15733.00,14596.00,13913.00,13591.00,13479.00,12926.00,13188.00,13317.00,13482.00,13786.00,13887.00,13489.00,13490.00,13035.00,12453.00,12215.00,12167.00,11632.00,11507.00,10854.00,10594.00,10013.00,9749.00,9168.00,8529.00,8181.00,8046.00,8050.00,7599.00,7115.00,7189.00,6557.00,6830.00,7030.00,5511.00,5444.00,5411.00,4944.00,4406.00,3849.00,3798.00,3700.00,3319.00,3013.00,2835.00,2465.00,1959.00,8056.00
E08000026,Coventry,Metropolitan District,360702.00,4068.00,4371.00,4297.00,4409.00,4522.00,4438.00,4507.00,4544.00,4449.00,4559.00,4542.00,4843.00,4664.00,4648.00,4522.00,4511.00,4301.00,4299.00,4848.00,7554.00,7623.00,6820.00,6648.00,6410.00,6277.00,5957.00,6045.00,5903.00,5210.00,5476.00,5508.00,5513.00,5454.00,5537.00,5296.00,5395.00,5401.00,5250.00,5049.00,4881.00,4684.00,4736.00,4783.00,4717.00,4466.00,4232.00,3943.00,3995.00,3817.00,3874.00,4076.00,4179.00,4141.00,4148.00,4259.00,4309.00,4075.00,3860.00,3872.00,3814.00,3846.00,3630.00,3422.00,3194.00,3201.00,3049.00,2824.00,2702.00,2662.00,2627.00,2533.00,2318.00,2296.00,2353.00,2298.00,2401.00,2425.00,2009.00,1950.00,2001.00,1839.00,1453.00,1371.00,1304.00,1278.00,1146.00,1009.00,978.00,819.00,648.00,2587.00
E08000027,Dudley,Metropolitan District,326680.00,3428.00,3574.00,3594.00,3682.00,3736.00,3918.00,3902.00,3935.00,3855.00,4095.00,4210.00,4177.00,4103.00,4073.00,3915.00,3965.00,3740.00,3859.00,3724.00,3301.00,2853.00,3067.00,3377.00,3560.00,3624.00,3776.00,3980.00,3990.00,4053.00,4148.00,4251.00,4500.00,4582.00,4344.00,4401.00,4457.00,4308.00,4198.00,4126.00,4035.00,4207.00,4037.00,4057.00,4144.00,3914.00,3596.00,3614.00,3621.00,3737.00,3837.00,4109.00,4429.00,4661.00,4662.00,4587.00,4642.00,4690.00,4378.00,4614.00,4382.00,4286.00,4182.00,3903.00,3650.00,3526.00,3647.00,3529.00,3417.00,3235.00,3172.00,3277.00,3167.00,3165.00,3143.00,3219.00,3186.00,3472.00,2659.00,2717.00,2775.00,2512.00,2178.00,1767.00,1769.00,1674.00,1548.00,1372.00,1238.00,1086.00,876.00,2999.00
E08000028,Sandwell,Metropolitan District,347551.00,4409.00,4446.00,4475.00,4624.00,4629.00,4678.00,4853.00,4989.00,4807.00,4813.00,5235.00,5214.00,5080.00,4972.00,5078.00,4990.00,4755.00,4788.00,4676.00,4094.00,3749.00,3940.00,4084.00,4196.00,4396.00,4630.00,4521.00,4412.00,4497.00,4702.00,4914.00,4904.00,5062.00,5059.00,5032.00,5072.00,5008.00,5005.00,5111.00,4876.00,4991.00,4743.00,4774.00,5022.00,4722.00,4304.00,4246.00,4313.00,4326.00,4272.00,4536.00,4551.00,4522.00,4662.00,4472.00,4462.00,4414.00,4293.00,4154.00,4104.00,3842.00,3796.00,3701.00,3369.00,3283.00,3183.00,3101.00,2870.00,2805.00,2673.00,2592.00,2510.00,2441.00,2353.00,2395.00,2304.00,2329.00,1825.00,1825.00,1901.00,1727.00,1541.00,1307.00,1330.00,1191.00,1199.00,981.00,915.00,762.00,568.00,2274.00
E08000029,Solihull,Metropolitan District,218793.00,1936.00,2167.00,2212.00,2416.00,2534.00,2607.00,2684.00,2853.00,2834.00,2944.00,2977.00,3157.00,2998.00,2868.00,2846.00,2902.00,2814.00,2784.00,2582.00,1764.00,1603.00,1688.00,2016.00,2313.00,2467.00,2379.00,2438.00,2396.00,2343.00,2483.00,2458.00,2495.00,2661.00,2742.00,2702.00,2762.00,2757.00,2754.00,2813.00,2657.00,2693.00,2688.00,2805.00,2903.00,2622.00,2486.00,2507.00,2606.00,2563.00,2647.00,2730.00,3004.00,3108.00,3028.00,3282.00,3025.00,2919.00,3070.00,3086.00,2904.00,2894.00,2938.00,2726.00,2641.00,2575.00,2425.00,2302.00,2150.00,2088.00,2219.00,2166.00,2040.00,2157.00,2081.00,2328.00,2427.00,2557.00,1921.00,1931.00,1864.00,1678.00,1529.00,1219.00,1196.00,1195.00,1101.00,1001.00,865.00,788.00,658.00,2651.00
E08000030,Walsall,Metropolitan District,288736.00,3455.00,3649.00,3541.00,3794.00,3753.00,3894.00,3931.00,4089.00,3949.00,4020.00,4107.00,4175.00,4080.00,4008.00,4001.00,4067.00,3802.00,3797.00,3638.00,3081.00,2889.00,2925.00,3157.00,3324.00,3431.00,3582.00,3535.00,3618.00,3588.00,3468.00,3813.00,3895.00,3974.00,4001.00,3913.00,4082.00,4149.00,3957.00,4166.00,3896.00,3992.00,3762.00,3634.00,3873.00,3569.00,3233.00,3213.00,3352.00,3170.00,3345.00,3460.00,3693.00,3876.00,3808.00,3778.00,3711.00,3682.00,3678.00,3548.00,3473.00,3469.00,3484.00,3294.00,3144.00,2922.00,2905.00,2762.00,2612.00,2514.00,2485.00,2384.00,2327.00,2325.00,2293.00,2298.00,2482.00,2447.00,1923.00,1969.00,1982.00,1812.00,1565.00,1455.00,1347.00,1289.00,1243.00,1070.00,954.00,802.00,669.00,2465.00
E08000031,Wolverhampton,Metropolitan District,272425.00,3395.00,3574.00,3417.00,3444.00,3533.00,3496.00,3631.00,3744.00,3636.00,3811.00,3686.00,3803.00,3965.00,3737.00,3570.00,3849.00,3612.00,3468.00,3375.00,2917.00,2558.00,2821.00,2972.00,3201.00,3444.00,3425.00,3618.00,3450.00,3445.00,3852.00,3835.00,3797.00,3944.00,3941.00,3819.00,3904.00,3956.00,3858.00,3946.00,3777.00,3801.00,3670.00,3790.00,3782.00,3640.00,3329.00,3139.00,3298.00,3264.00,3339.00,3463.00,3526.00,3673.00,3586.00,3462.00,3558.00,3505.00,3400.00,3255.00,3250.00,3177.00,3130.00,2938.00,2841.00,2691.00,2753.00,2618.00,2421.00,2276.00,2401.00,2202.00,2218.00,2199.00,2114.00,1988.00,2028.00,2038.00,1612.00,1507.00,1625.00,1525.00,1301.00,1178.00,1168.00,1081.00,1000.00,906.00,821.00,730.00,609.00,2373.00
E10000034,Worcestershire,County,614185.00,5384.00,5590.00,5820.00,5983.00,6404.00,6379.00,6577.00,6764.00,6724.00,6807.00,7148.00,7235.00,7198.00,7112.00,7121.00,7167.00,7264.00,6964.00,6746.00,5599.00,4899.00,5245.00,5672.00,6069.00,6392.00,6586.00,6688.00,6300.00,6643.00,6845.00,6902.00,7537.00,7534.00,7916.00,7748.00,7648.00,7721.00,7501.00,7576.00,7315.00,7276.00,7254.00,7543.00,7807.00,7502.00,6696.00,6809.00,6984.00,7369.00,7657.00,7936.00,8326.00,8750.00,8656.00,9015.00,9004.00,9284.00,9118.00,9204.00,9038.00,8880.00,8555.00,8084.00,7938.00,7681.00,7543.00,7279.00,7030.00,6890.00,7152.00,7097.00,6778.00,6808.00,6932.00,7216.00,7361.00,7797.00,5969.00,5879.00,5868.00,5010.00,4343.00,3694.00,3605.00,3462.00,3188.00,2932.00,2442.00,2089.00,1802.00,6930.00
E07000234,Bromsgrove,Non-metropolitan District,100679.00,858.00,928.00,992.00,1130.00,1121.00,1182.00,1185.00,1163.00,1186.00,1193.00,1193.00,1260.00,1268.00,1304.00,1284.00,1255.00,1285.00,1198.00,1128.00,726.00,572.00,718.00,871.00,899.00,1053.00,970.00,977.00,946.00,1016.00,991.00,997.00,1087.00,1177.00,1154.00,1177.00,1220.00,1279.00,1297.00,1304.00,1211.00,1236.00,1228.00,1285.00,1356.00,1239.00,1128.00,1195.00,1222.00,1290.00,1306.00,1375.00,1356.00,1439.00,1337.00,1467.00,1579.00,1569.00,1516.00,1478.00,1467.00,1429.00,1404.00,1319.00,1326.00,1225.00,1221.00,1113.00,1114.00,1129.00,1130.00,1120.00,1044.00,1024.00,1083.00,1105.00,1096.00,1141.00,992.00,948.00,955.00,829.00,685.00,617.00,594.00,632.00,548.00,503.00,435.00,397.00,351.00,1347.00
E07000235,Malvern Hills,Non-metropolitan District,81822.00,572.00,632.00,596.00,633.00,699.00,699.00,738.00,768.00,817.00,850.00,880.00,922.00,918.00,920.00,989.00,1007.00,1012.00,1008.00,918.00,732.00,562.00,512.00,553.00,695.00,698.00,854.00,749.00,694.00,684.00,708.00,726.00,795.00,784.00,847.00,798.00,779.00,796.00,800.00,833.00,773.00,777.00,820.00,873.00,926.00,987.00,792.00,840.00,844.00,947.00,1009.00,1022.00,1127.00,1182.00,1158.00,1205.00,1287.00,1324.00,1350.00,1354.00,1390.00,1422.00,1269.00,1237.00,1256.00,1246.00,1233.00,1191.00,1113.00,1052.00,1061.00,1133.00,1068.00,1099.00,1076.00,1179.00,1163.00,1257.00,966.00,924.00,982.00,832.00,749.00,596.00,613.00,571.00,501.00,522.00,423.00,390.00,325.00,1209.00
E07000236,Redditch,Non-metropolitan District,87059.00,905.00,980.00,1001.00,976.00,1058.00,1002.00,1055.00,1082.00,1112.00,1074.00,1074.00,1154.00,1095.00,1054.00,1024.00,1044.00,1129.00,986.00,1012.00,803.00,634.00,701.00,819.00,904.00,936.00,989.00,1058.00,1034.00,1070.00,1155.00,1159.00,1292.00,1238.00,1379.00,1351.00,1276.00,1246.00,1161.00,1235.00,1191.00,1223.00,1246.00,1257.00,1281.00,1183.00,1072.00,1035.00,1073.00,1065.00,1030.00,1056.00,1213.00,1149.00,1161.00,1168.00,1151.00,1075.00,1159.00,1150.00,1100.00,1059.00,1044.00,1003.00,979.00,945.00,974.00,1003.00,922.00,866.00,971.00,928.00,927.00,886.00,873.00,924.00,885.00,865.00,704.00,684.00,658.00,514.00,440.00,354.00,343.00,317.00,286.00,295.00,206.00,163.00,155.00,591.00
E07000237,Worcester,Non-metropolitan District,105143.00,1051.00,963.00,1018.00,1089.00,1155.00,1124.00,1108.00,1115.00,1158.00,1147.00,1240.00,1224.00,1254.00,1202.00,1233.00,1197.00,1193.00,1189.00,1226.00,1521.00,1511.00,1541.00,1376.00,1357.00,1294.00,1322.00,1407.00,1338.00,1364.00,1486.00,1470.00,1548.00,1580.00,1689.00,1482.00,1474.00,1497.00,1429.00,1464.00,1398.00,1310.00,1358.00,1373.00,1401.00,1336.00,1249.00,1201.00,1208.00,1243.00,1314.00,1392.00,1394.00,1470.00,1453.00,1542.00,1365.00,1414.00,1369.00,1476.00,1423.00,1381.00,1337.00,1218.00,1160.00,1159.00,1064.00,1013.00,1004.00,982.00,960.00,968.00,921.00,924.00,925.00,911.00,999.00,1026.00,755.00,692.00,698.00,637.00,622.00,505.00,481.00,421.00,440.00,419.00,341.00,259.00,227.00,969.00
E07000238,Wychavon,Non-metropolitan District,136229.00,1154.00,1214.00,1274.00,1246.00,1382.00,1334.00,1434.00,1525.00,1384.00,1391.00,1596.00,1498.00,1506.00,1469.00,1475.00,1516.00,1459.00,1496.00,1392.00,980.00,895.00,939.00,1128.00,1204.00,1327.00,1356.00,1413.00,1237.00,1435.00,1404.00,1417.00,1550.00,1495.00,1613.00,1674.00,1670.00,1655.00,1627.00,1610.00,1556.00,1593.00,1484.00,1594.00,1615.00,1629.00,1449.00,1447.00,1511.00,1545.00,1717.00,1743.00,1923.00,1981.00,1983.00,2059.00,2123.00,2210.00,2140.00,2128.00,2080.00,2079.00,2060.00,1952.00,1900.00,1788.00,1852.00,1709.00,1678.00,1682.00,1733.00,1708.00,1605.00,1607.00,1667.00,1703.00,1794.00,1996.00,1398.00,1431.00,1414.00,1190.00,1020.00,917.00,930.00,870.00,804.00,696.00,582.00,502.00,393.00,1685.00
E07000239,Wyre Forest,Non-metropolitan District,103253.00,844.00,873.00,939.00,909.00,989.00,1038.00,1057.00,1111.00,1067.00,1152.00,1165.00,1177.00,1157.00,1163.00,1116.00,1148.00,1186.00,1087.00,1070.00,837.00,725.00,834.00,925.00,1010.00,1084.00,1095.00,1084.00,1051.00,1074.00,1101.00,1133.00,1265.00,1260.00,1234.00,1266.00,1229.00,1248.00,1187.00,1130.00,1186.00,1137.00,1118.00,1161.00,1228.00,1128.00,1006.00,1091.00,1126.00,1279.00,1281.00,1348.00,1313.00,1529.00,1564.00,1574.00,1499.00,1692.00,1584.00,1618.00,1578.00,1510.00,1441.00,1355.00,1317.00,1318.00,1199.00,1250.00,1199.00,1179.00,1297.00,1240.00,1213.00,1268.00,1308.00,1394.00,1424.00,1512.00,1154.00,1200.00,1161.00,1008.00,827.00,705.00,644.00,651.00,609.00,497.00,455.00,378.00,351.00,1129.00
E12000006,EAST,Region,6468665.00,64042.00,69819.00,69616.00,72603.00,73714.00,75384.00,76314.00,78677.00,77248.00,77812.00,79329.00,81311.00,81159.00,80226.00,79383.00,79794.00,76127.00,74520.00,72168.00,62317.00,57490.00,61963.00,66542.00,70676.00,74287.00,75203.00,76062.00,75727.00,77607.00,81573.00,81673.00,85290.00,87194.00,87929.00,88741.00,90140.00,88362.00,88168.00,87361.00,85113.00,84906.00,85696.00,87035.00,86864.00,84132.00,77976.00,76955.00,78421.00,79927.00,81078.00,83906.00,86229.00,88849.00,85913.00,88239.00,88061.00,88787.00,88916.00,88135.00,86902.00,84311.00,82138.00,79380.00,75206.00,73452.00,71478.00,68368.00,65830.00,62871.00,63146.00,61665.00,59747.00,59831.00,60588.00,62185.00,66294.00,73045.00,54079.00,50978.00,49350.00,44430.00,38300.00,31947.00,32525.00,31267.00,29033.00,25963.00,22765.00,20057.00,16915.00,65930.00
E06000055,Bedford,Unitary Authority,189891.00,2044.00,2143.00,2305.00,2285.00,2396.00,2469.00,2403.00,2489.00,2376.00,2411.00,2455.00,2510.00,2471.00,2567.00,2561.00,2540.00,2307.00,2338.00,2168.00,1746.00,1513.00,1674.00,1818.00,2040.00,2060.00,2262.00,2219.00,2310.00,2282.00,2532.00,2522.00,2689.00,2723.00,2729.00,2838.00,2947.00,2758.00,2864.00,2753.00,2685.00,2732.00,2734.00,2833.00,2869.00,2703.00,2482.00,2373.00,2459.00,2330.00,2499.00,2494.00,2443.00,2634.00,2525.00,2554.00,2591.00,2622.00,2519.00,2431.00,2463.00,2252.00,2299.00,2058.00,2059.00,2022.00,1957.00,1831.00,1778.00,1671.00,1669.00,1551.00,1505.00,1504.00,1562.00,1583.00,1655.00,1624.00,1313.00,1237.00,1250.00,1083.00,904.00,768.00,793.00,769.00,761.00,662.00,569.00,560.00,445.00,1705.00
E06000056,Central Bedfordshire,Unitary Authority,308302.00,3609.00,3771.00,3704.00,3905.00,3937.00,3813.00,3873.00,3913.00,3864.00,3830.00,3825.00,3933.00,3874.00,3753.00,3687.00,3696.00,3559.00,3454.00,3150.00,2275.00,2076.00,2208.00,2745.00,3110.00,3436.00,3485.00,3411.00,3571.00,3786.00,4173.00,4165.00,4519.00,4623.00,4635.00,4560.00,4946.00,4687.00,4701.00,4542.00,4390.00,4437.00,4317.00,4274.00,4271.00,4035.00,3768.00,3797.00,3763.00,3911.00,3778.00,3971.00,4148.00,4351.00,4041.00,4210.00,4124.00,4257.00,4360.00,4189.00,4103.00,4098.00,3975.00,3864.00,3633.00,3510.00,3342.00,3222.00,2979.00,2908.00,2898.00,2759.00,2648.00,2712.00,2706.00,2767.00,2887.00,3145.00,2215.00,2203.00,2199.00,1947.00,1615.00,1332.00,1318.00,1278.00,1170.00,1031.00,919.00,785.00,608.00,2330.00
E06000032,Luton,Unitary Authority,231028.00,3351.00,3514.00,3353.00,3402.00,3374.00,3197.00,3393.00,3388.00,3332.00,3361.00,3308.00,3338.00,3415.00,3292.00,3382.00,3410.00,3219.00,3178.00,3259.00,2670.00,2451.00,2811.00,3083.00,3469.00,3608.00,3854.00,3964.00,3819.00,3718.00,3674.00,3646.00,3440.00,3569.00,3437.00,3701.00,3697.00,3643.00,3541.00,3612.00,3449.00,3496.00,3360.00,3478.00,3569.00,3289.00,2951.00,2882.00,2795.00,2805.00,2684.00,2670.00,2772.00,2669.00,2701.00,2641.00,2704.00,2519.00,2371.00,2458.00,2399.00,2322.00,2278.00,2025.00,2057.00,1918.00,1762.00,1662.00,1678.00,1486.00,1359.00,1410.00,1351.00,1271.00,1181.00,1141.00,1177.00,1195.00,992.00,964.00,897.00,779.00,750.00,613.00,677.00,641.00,634.00,628.00,539.00,441.00,370.00,1295.00
E06000031,Peterborough,Unitary Authority,219509.00,2594.00,2858.00,2970.00,2914.00,2925.00,3152.00,3152.00,3238.00,3250.00,3291.00,3349.00,3363.00,3300.00,3271.00,3224.00,3185.00,3056.00,2865.00,2741.00,2198.00,1749.00,1999.00,2152.00,2379.00,2556.00,2735.00,2730.00,2868.00,2978.00,2996.00,3258.00,3342.00,3450.00,3380.00,3356.00,3627.00,3462.00,3663.00,3610.00,3467.00,3458.00,3318.00,3369.00,3233.00,3043.00,2811.00,2765.00,2751.00,2719.00,2752.00,2726.00,2740.00,2666.00,2568.00,2735.00,2627.00,2581.00,2563.00,2462.00,2461.00,2353.00,2206.00,2259.00,2003.00,1984.00,1942.00,1844.00,1742.00,1654.00,1688.00,1616.00,1578.00,1517.00,1524.00,1516.00,1492.00,1668.00,1311.00,1099.00,1099.00,997.00,852.00,792.00,811.00,727.00,606.00,565.00,556.00,474.00,403.00,1630.00
E06000033,Southend-on-Sea,Unitary Authority,182271.00,1824.00,1981.00,1955.00,2058.00,2073.00,2190.00,2168.00,2258.00,2198.00,2260.00,2124.00,2327.00,2274.00,2380.00,2264.00,2202.00,2181.00,1998.00,1893.00,1548.00,1335.00,1508.00,1751.00,1975.00,2055.00,2105.00,2250.00,2194.00,2217.00,2380.00,2394.00,2307.00,2489.00,2521.00,2424.00,2501.00,2351.00,2585.00,2553.00,2416.00,2529.00,2526.00,2490.00,2682.00,2630.00,2359.00,2277.00,2333.00,2255.00,2462.00,2515.00,2644.00,2450.00,2433.00,2496.00,2454.00,2444.00,2543.00,2436.00,2502.00,2411.00,2273.00,2216.00,2186.00,2039.00,2023.00,1822.00,1699.00,1706.00,1661.00,1694.00,1627.00,1602.00,1645.00,1702.00,1867.00,1920.00,1453.00,1412.00,1359.00,1180.00,1035.00,839.00,919.00,864.00,839.00,656.00,620.00,554.00,506.00,2015.00
E06000034,Thurrock,Unitary Authority,178201.00,2196.00,2484.00,2458.00,2558.00,2491.00,2647.00,2618.00,2653.00,2576.00,2467.00,2593.00,2582.00,2574.00,2438.00,2569.00,2645.00,2435.00,2365.00,2315.00,1773.00,1580.00,1767.00,1896.00,2023.00,2011.00,2065.00,2207.00,2208.00,2245.00,2481.00,2486.00,2609.00,2720.00,2818.00,2893.00,2855.00,2861.00,2936.00,2858.00,2810.00,2680.00,2709.00,2679.00,2589.00,2525.00,2340.00,2277.00,2371.00,2290.00,2253.00,2290.00,2278.00,2402.00,2250.00,2358.00,2190.00,2292.00,2267.00,2131.00,2085.00,1940.00,1910.00,1824.00,1617.00,1573.00,1500.00,1435.00,1375.00,1217.00,1291.00,1250.00,1182.00,1227.00,1270.00,1161.00,1257.00,1379.00,1016.00,903.00,850.00,750.00,698.00,562.00,566.00,514.00,469.00,478.00,379.00,323.00,263.00,1000.00
E10000003,Cambridgeshire,County,699573.00,6256.00,7056.00,6971.00,7306.00,7397.00,7601.00,7520.00,8229.00,7883.00,8005.00,8361.00,8491.00,8282.00,8098.00,8159.00,8143.00,7796.00,7637.00,7986.00,9002.00,9253.00,9344.00,8439.00,8586.00,9614.00,9267.00,8949.00,9075.00,9227.00,9593.00,9204.00,9669.00,10004.00,9816.00,10044.00,9824.00,9588.00,9538.00,9798.00,9124.00,9311.00,9328.00,9620.00,9248.00,9326.00,8640.00,8439.00,8686.00,8641.00,8824.00,9170.00,9360.00,9592.00,9359.00,9181.00,9216.00,9345.00,9214.00,9213.00,9032.00,8827.00,8488.00,8051.00,7719.00,7428.00,7375.00,7016.00,6708.00,6524.00,6577.00,6347.00,6350.00,6200.00,6203.00,6491.00,6705.00,7374.00,5521.00,5370.00,4987.00,4626.00,3912.00,3312.00,3354.00,3259.00,2976.00,2596.00,2203.00,1948.00,1643.00,6603.00
E07000008,Cambridge,Non-metropolitan District,149963.00,1176.00,1280.00,1264.00,1237.00,1334.00,1259.00,1343.00,1293.00,1372.00,1396.00,1442.00,1439.00,1401.00,1380.00,1398.00,1430.00,1412.00,1522.00,2208.00,4893.00,5700.00,5251.00,3904.00,3554.00,4050.00,3725.00,3317.00,3219.00,3221.00,3221.00,2763.00,2697.00,2760.00,2657.00,2441.00,2325.00,2165.00,2167.00,2131.00,1966.00,1922.00,1894.00,2016.00,1806.00,1861.00,1728.00,1568.00,1626.00,1447.00,1594.00,1559.00,1597.00,1685.00,1451.00,1493.00,1465.00,1502.00,1472.00,1419.00,1264.00,1221.00,1313.00,1104.00,1053.00,1046.00,952.00,998.00,909.00,904.00,929.00,807.00,815.00,825.00,757.00,799.00,737.00,864.00,663.00,691.00,611.00,515.00,511.00,460.00,445.00,430.00,421.00,342.00,289.00,288.00,228.00,954.00
E07000009,East Cambridgeshire,Non-metropolitan District,91466.00,829.00,921.00,921.00,1019.00,964.00,1028.00,992.00,1120.00,1036.00,1003.00,1167.00,1161.00,1209.00,1168.00,1174.00,1124.00,1077.00,1061.00,968.00,715.00,588.00,648.00,678.00,784.00,891.00,897.00,883.00,908.00,1017.00,1083.00,1087.00,1164.00,1148.00,1206.00,1203.00,1288.00,1207.00,1232.00,1264.00,1202.00,1186.00,1289.00,1301.00,1342.00,1259.00,1071.00,1165.00,1202.00,1270.00,1242.00,1316.00,1299.00,1322.00,1303.00,1309.00,1289.00,1320.00,1304.00,1276.00,1242.00,1249.00,1206.00,1148.00,1160.00,1051.00,1129.00,1000.00,940.00,945.00,984.00,928.00,967.00,870.00,943.00,948.00,957.00,1094.00,816.00,799.00,729.00,655.00,525.00,481.00,495.00,434.00,436.00,379.00,341.00,307.00,258.00,950.00
E07000010,Fenland,Non-metropolitan District,103537.00,1026.00,1101.00,1024.00,1110.00,1063.00,1137.00,1085.00,1244.00,1162.00,1183.00,1153.00,1247.00,1183.00,1120.00,1161.00,1194.00,1117.00,1112.00,981.00,864.00,782.00,835.00,954.00,957.00,1108.00,1110.00,1093.00,1192.00,1151.00,1213.00,1230.00,1369.00,1383.00,1310.00,1348.00,1322.00,1288.00,1348.00,1247.00,1202.00,1254.00,1194.00,1263.00,1150.00,1199.00,1124.00,1068.00,1181.00,1184.00,1200.00,1286.00,1421.00,1435.00,1452.00,1457.00,1497.00,1539.00,1535.00,1541.00,1545.00,1583.00,1447.00,1451.00,1357.00,1244.00,1304.00,1297.00,1262.00,1193.00,1230.00,1235.00,1189.00,1146.00,1137.00,1203.00,1287.00,1312.00,1001.00,940.00,890.00,839.00,719.00,624.00,578.00,630.00,529.00,484.00,401.00,339.00,283.00,1169.00
E07000011,Huntingdonshire,Non-metropolitan District,186066.00,1694.00,2023.00,1952.00,2048.00,2115.00,2148.00,2028.00,2260.00,2183.00,2177.00,2285.00,2304.00,2149.00,2164.00,2172.00,2161.00,2036.00,1909.00,1898.00,1288.00,1178.00,1438.00,1650.00,1845.00,2043.00,1981.00,2203.00,2093.00,2090.00,2269.00,2399.00,2502.00,2479.00,2514.00,2675.00,2703.00,2630.00,2480.00,2663.00,2479.00,2547.00,2447.00,2468.00,2524.00,2417.00,2284.00,2218.00,2327.00,2436.00,2365.00,2587.00,2565.00,2666.00,2710.00,2676.00,2603.00,2657.00,2754.00,2679.00,2654.00,2587.00,2472.00,2389.00,2326.00,2227.00,2159.00,1996.00,1961.00,1920.00,1861.00,1797.00,1788.00,1846.00,1837.00,1954.00,2044.00,2167.00,1645.00,1574.00,1492.00,1373.00,1154.00,981.00,963.00,900.00,842.00,718.00,598.00,498.00,444.00,1661.00
E07000012,South Cambridgeshire,Non-metropolitan District,168541.00,1531.00,1731.00,1810.00,1892.00,1921.00,2029.00,2072.00,2312.00,2130.00,2246.00,2314.00,2340.00,2340.00,2266.00,2254.00,2234.00,2154.00,2033.00,1931.00,1242.00,1005.00,1172.00,1253.00,1446.00,1522.00,1554.00,1453.00,1663.00,1748.00,1807.00,1725.00,1937.00,2234.00,2129.00,2377.00,2186.00,2298.00,2311.00,2493.00,2275.00,2402.00,2504.00,2572.00,2426.00,2590.00,2433.00,2420.00,2350.00,2304.00,2423.00,2422.00,2478.00,2484.00,2443.00,2246.00,2362.00,2327.00,2149.00,2298.00,2327.00,2187.00,2050.00,1959.00,1823.00,1860.00,1831.00,1725.00,1636.00,1562.00,1573.00,1580.00,1591.00,1513.00,1529.00,1587.00,1680.00,1937.00,1396.00,1366.00,1265.00,1244.00,1003.00,766.00,873.00,865.00,748.00,673.00,574.00,516.00,430.00,1869.00
E10000012,Essex,County,1536118.00,15407.00,16740.00,16432.00,17398.00,17738.00,18138.00,18147.00,18447.00,18168.00,18309.00,18639.00,18909.00,18982.00,18849.00,18507.00,18640.00,17775.00,17587.00,16901.00,14149.00,12665.00,13664.00,15172.00,16001.00,16561.00,17045.00,17331.00,17087.00,17632.00,18752.00,19048.00,19963.00,20105.00,20448.00,20920.00,21007.00,20723.00,20317.00,20159.00,19790.00,19398.00,19741.00,20258.00,20019.00,19261.00,17945.00,17975.00,18348.00,19037.00,18808.00,19806.00,20298.00,21452.00,20595.00,21424.00,21574.00,21935.00,21566.00,21359.00,20837.00,20310.00,20094.00,19405.00,18363.00,17781.00,17394.00,16546.00,16088.00,15398.00,15499.00,15200.00,14514.00,14646.00,14798.00,15715.00,17093.00,19016.00,13783.00,12824.00,12567.00,11333.00,9557.00,7890.00,8156.00,7815.00,7205.00,6333.00,5700.00,4922.00,4173.00,16112.00
E07000066,Basildon,Non-metropolitan District,190544.00,2175.00,2380.00,2436.00,2514.00,2634.00,2541.00,2590.00,2651.00,2511.00,2486.00,2572.00,2539.00,2490.00,2438.00,2416.00,2405.00,2302.00,2374.00,2208.00,1739.00,1589.00,1729.00,1744.00,2044.00,2109.00,2292.00,2306.00,2287.00,2472.00,2597.00,2654.00,2794.00,2727.00,2916.00,2917.00,3067.00,2849.00,2923.00,2825.00,2677.00,2567.00,2522.00,2558.00,2562.00,2414.00,2306.00,2272.00,2404.00,2373.00,2232.00,2443.00,2373.00,2576.00,2458.00,2579.00,2590.00,2535.00,2460.00,2442.00,2434.00,2385.00,2236.00,2198.00,2083.00,2084.00,1996.00,1787.00,1705.00,1637.00,1667.00,1503.00,1495.00,1468.00,1527.00,1611.00,1668.00,1913.00,1433.00,1218.00,1185.00,1101.00,901.00,807.00,836.00,732.00,715.00,622.00,555.00,513.00,449.00,1495.00
E07000067,Braintree,Non-metropolitan District,159957.00,1566.00,1763.00,1647.00,1799.00,1853.00,1931.00,1841.00,1891.00,1815.00,1797.00,1859.00,1913.00,1911.00,2000.00,1861.00,1919.00,1883.00,1779.00,1726.00,1203.00,1153.00,1255.00,1483.00,1545.00,1712.00,1733.00,1821.00,1921.00,1828.00,2015.00,2076.00,2191.00,2174.00,2174.00,2210.00,2233.00,2131.00,2151.00,2031.00,2068.00,1936.00,1950.00,2085.00,2021.00,1974.00,1850.00,1802.00,1943.00,2033.00,2120.00,2223.00,2271.00,2344.00,2266.00,2324.00,2385.00,2504.00,2369.00,2253.00,2185.00,2231.00,2100.00,2022.00,1834.00,1816.00,1829.00,1733.00,1718.00,1681.00,1682.00,1610.00,1521.00,1606.00,1499.00,1668.00,1837.00,2007.00,1376.00,1316.00,1306.00,1191.00,971.00,814.00,822.00,769.00,721.00,565.00,556.00,475.00,368.00,1613.00
E07000068,Brentwood,Non-metropolitan District,78152.00,833.00,974.00,827.00,903.00,882.00,868.00,945.00,943.00,981.00,947.00,957.00,993.00,924.00,887.00,945.00,981.00,885.00,906.00,863.00,561.00,467.00,565.00,646.00,801.00,902.00,872.00,875.00,842.00,913.00,973.00,1000.00,1098.00,1162.00,1079.00,1083.00,1066.00,1057.00,1035.00,1107.00,1055.00,1010.00,1039.00,1097.00,1103.00,963.00,964.00,953.00,947.00,1050.00,948.00,1038.00,984.00,1065.00,1070.00,1054.00,1101.00,1116.00,1085.00,1142.00,1089.00,1004.00,1069.00,1023.00,931.00,822.00,833.00,813.00,780.00,777.00,782.00,692.00,660.00,715.00,650.00,670.00,822.00,911.00,623.00,638.00,586.00,577.00,469.00,369.00,396.00,409.00,400.00,362.00,358.00,294.00,235.00,1061.00
E07000069,Castle Point,Non-metropolitan District,89858.00,768.00,902.00,837.00,887.00,903.00,928.00,933.00,1018.00,935.00,982.00,1000.00,1041.00,1096.00,1020.00,1058.00,1070.00,1003.00,964.00,914.00,832.00,696.00,747.00,848.00,865.00,990.00,987.00,1045.00,900.00,948.00,945.00,958.00,1051.00,989.00,1048.00,1111.00,991.00,1048.00,1045.00,1091.00,1018.00,959.00,1011.00,1039.00,1092.00,999.00,900.00,916.00,977.00,1075.00,1027.00,1052.00,1150.00,1236.00,1240.00,1308.00,1267.00,1306.00,1317.00,1339.00,1250.00,1299.00,1207.00,1211.00,1071.00,1125.00,1108.00,1103.00,1007.00,998.00,1055.00,1023.00,1037.00,1063.00,1090.00,1195.00,1308.00,1477.00,1050.00,974.00,937.00,897.00,751.00,643.00,602.00,613.00,544.00,450.00,449.00,334.00,303.00,1062.00
E07000070,Chelmsford,Non-metropolitan District,185278.00,1843.00,1984.00,1969.00,1977.00,2087.00,2248.00,2249.00,2248.00,2298.00,2277.00,2284.00,2389.00,2327.00,2321.00,2216.00,2349.00,2095.00,2230.00,2103.00,1668.00,1529.00,1602.00,1848.00,1946.00,1964.00,2061.00,2246.00,2204.00,2299.00,2427.00,2446.00,2576.00,2511.00,2574.00,2652.00,2634.00,2684.00,2476.00,2500.00,2490.00,2463.00,2664.00,2614.00,2605.00,2528.00,2343.00,2358.00,2382.00,2428.00,2476.00,2510.00,2534.00,2645.00,2446.00,2505.00,2597.00,2499.00,2447.00,2364.00,2356.00,2270.00,2352.00,2146.00,2013.00,1938.00,1974.00,1870.00,1851.00,1743.00,1656.00,1704.00,1580.00,1647.00,1651.00,1764.00,1874.00,2176.00,1594.00,1427.00,1429.00,1196.00,1090.00,872.00,900.00,873.00,833.00,786.00,637.00,598.00,491.00,1748.00
E07000071,Colchester,Non-metropolitan District,196998.00,1950.00,2134.00,2064.00,2202.00,2315.00,2389.00,2368.00,2397.00,2451.00,2516.00,2433.00,2532.00,2507.00,2528.00,2416.00,2423.00,2211.00,2226.00,2309.00,2625.00,2479.00,2612.00,2829.00,2398.00,2268.00,2445.00,2501.00,2375.00,2583.00,2754.00,2755.00,2829.00,2808.00,2716.00,2932.00,2922.00,2828.00,2825.00,2669.00,2678.00,2665.00,2718.00,2746.00,2683.00,2602.00,2442.00,2473.00,2374.00,2471.00,2434.00,2492.00,2582.00,2613.00,2473.00,2602.00,2574.00,2524.00,2554.00,2453.00,2400.00,2318.00,2203.00,2132.00,1999.00,2002.00,1893.00,1789.00,1689.00,1642.00,1681.00,1734.00,1617.00,1654.00,1696.00,1832.00,1969.00,2019.00,1526.00,1477.00,1378.00,1257.00,1044.00,866.00,916.00,843.00,752.00,658.00,615.00,500.00,437.00,1783.00
E07000072,Epping Forest,Non-metropolitan District,135975.00,1512.00,1576.00,1575.00,1670.00,1675.00,1558.00,1622.00,1573.00,1497.00,1475.00,1565.00,1553.00,1601.00,1583.00,1659.00,1595.00,1648.00,1560.00,1475.00,1159.00,1045.00,1236.00,1355.00,1520.00,1490.00,1486.00,1577.00,1438.00,1509.00,1503.00,1559.00,1610.00,1666.00,1870.00,1848.00,1809.00,1864.00,1774.00,1802.00,1905.00,1837.00,1790.00,1879.00,1939.00,1754.00,1752.00,1732.00,1743.00,1727.00,1658.00,1838.00,1862.00,2037.00,1842.00,1962.00,1936.00,1962.00,1934.00,2054.00,1905.00,1859.00,1825.00,1786.00,1664.00,1551.00,1453.00,1408.00,1374.00,1342.00,1301.00,1256.00,1226.00,1191.00,1209.00,1297.00,1378.00,1576.00,1152.00,1095.00,1018.00,981.00,827.00,667.00,656.00,711.00,638.00,581.00,479.00,414.00,370.00,1550.00
E07000073,Harlow,Non-metropolitan District,96040.00,1248.00,1308.00,1333.00,1307.00,1343.00,1323.00,1355.00,1324.00,1349.00,1373.00,1382.00,1339.00,1296.00,1370.00,1313.00,1328.00,1207.00,1129.00,1157.00,927.00,785.00,917.00,897.00,1005.00,1075.00,1068.00,1103.00,1286.00,1283.00,1441.00,1474.00,1499.00,1644.00,1648.00,1581.00,1628.00,1727.00,1540.00,1595.00,1540.00,1495.00,1490.00,1461.00,1353.00,1371.00,1210.00,1153.00,1121.00,1190.00,1012.00,1107.00,1138.00,1182.00,1148.00,1130.00,1146.00,1175.00,1189.00,1149.00,1153.00,1114.00,1113.00,1023.00,1052.00,946.00,939.00,858.00,908.00,819.00,752.00,749.00,704.00,653.00,612.00,561.00,677.00,661.00,479.00,491.00,464.00,443.00,380.00,295.00,311.00,316.00,291.00,239.00,233.00,207.00,221.00,709.00
E07000074,Maldon,Non-metropolitan District,68327.00,537.00,640.00,627.00,646.00,663.00,743.00,673.00,746.00,648.00,686.00,763.00,758.00,768.00,738.00,757.00,728.00,745.00,685.00,769.00,555.00,538.00,537.00,609.00,607.00,728.00,713.00,668.00,655.00,662.00,693.00,748.00,702.00,725.00,758.00,811.00,761.00,708.00,739.00,748.00,693.00,749.00,726.00,784.00,782.00,783.00,648.00,698.00,768.00,872.00,839.00,858.00,937.00,998.00,1008.00,1039.00,1151.00,1153.00,1159.00,1138.00,1057.00,992.00,989.00,1023.00,1007.00,944.00,951.00,913.00,914.00,810.00,869.00,800.00,783.00,821.00,829.00,877.00,961.00,1048.00,815.00,734.00,741.00,588.00,482.00,415.00,478.00,424.00,382.00,344.00,340.00,216.00,214.00,798.00
E07000075,Rochford,Non-metropolitan District,88188.00,809.00,836.00,831.00,957.00,921.00,961.00,979.00,941.00,951.00,992.00,1015.00,993.00,1106.00,1072.00,1107.00,1027.00,1050.00,1042.00,896.00,796.00,643.00,699.00,794.00,936.00,925.00,989.00,932.00,945.00,889.00,994.00,976.00,1002.00,1046.00,993.00,1080.00,1035.00,1080.00,1033.00,1047.00,1047.00,1042.00,1059.00,1122.00,1136.00,1091.00,905.00,1036.00,1061.00,1026.00,1132.00,1116.00,1178.00,1343.00,1284.00,1367.00,1273.00,1349.00,1358.00,1317.00,1205.00,1207.00,1273.00,1183.00,1114.00,1134.00,1027.00,1007.00,995.00,899.00,934.00,994.00,880.00,914.00,965.00,1023.00,1136.00,1287.00,944.00,834.00,813.00,755.00,666.00,504.00,553.00,506.00,486.00,447.00,392.00,318.00,263.00,968.00
E07000076,Tendring,Non-metropolitan District,153207.00,1291.00,1317.00,1372.00,1466.00,1410.00,1512.00,1489.00,1502.00,1539.00,1639.00,1571.00,1667.00,1661.00,1639.00,1596.00,1645.00,1517.00,1493.00,1413.00,1250.00,1207.00,1076.00,1299.00,1369.00,1508.00,1500.00,1486.00,1472.00,1426.00,1541.00,1509.00,1635.00,1600.00,1651.00,1597.00,1644.00,1573.00,1591.00,1520.00,1469.00,1464.00,1483.00,1587.00,1490.00,1460.00,1440.00,1453.00,1499.00,1571.00,1666.00,1770.00,1897.00,1988.00,1945.00,2150.00,2174.00,2396.00,2322.00,2345.00,2402.00,2260.00,2452.00,2374.00,2345.00,2239.00,2264.00,2212.00,2151.00,2095.00,2147.00,2207.00,2070.00,2014.00,2147.00,2266.00,2440.00,2841.00,2005.00,1863.00,1904.00,1670.00,1365.00,1149.00,1167.00,1144.00,1008.00,904.00,794.00,746.00,527.00,2273.00
E07000077,Uttlesford,Non-metropolitan District,93594.00,875.00,926.00,914.00,1070.00,1052.00,1136.00,1103.00,1213.00,1193.00,1139.00,1238.00,1192.00,1295.00,1253.00,1163.00,1170.00,1229.00,1199.00,1068.00,834.00,534.00,689.00,820.00,965.00,890.00,899.00,771.00,762.00,820.00,869.00,893.00,976.00,1053.00,1021.00,1098.00,1217.00,1174.00,1185.00,1224.00,1150.00,1211.00,1289.00,1286.00,1253.00,1322.00,1185.00,1129.00,1129.00,1221.00,1264.00,1359.00,1392.00,1425.00,1415.00,1404.00,1380.00,1416.00,1372.00,1363.00,1401.00,1371.00,1275.00,1284.00,1250.00,1180.00,1127.00,1053.00,996.00,955.00,973.00,928.00,941.00,900.00,923.00,951.00,1023.00,1100.00,786.00,757.00,806.00,677.00,611.00,489.00,519.00,475.00,435.00,375.00,292.00,307.00,295.00,1052.00
E10000015,Hertfordshire,County,1215387.00,12391.00,13630.00,13900.00,14446.00,14541.00,14922.00,15124.00,15593.00,15445.00,15504.00,15779.00,16397.00,16624.00,16490.00,15995.00,16254.00,15391.00,15029.00,13974.00,10266.00,8805.00,10287.00,12192.00,13279.00,13834.00,14042.00,14053.00,13938.00,14273.00,14903.00,15033.00,16089.00,16617.00,17016.00,16922.00,17613.00,17168.00,17536.00,17240.00,17239.00,17196.00,17768.00,17930.00,18124.00,17750.00,16558.00,16384.00,16525.00,16574.00,16473.00,16613.00,17041.00,17295.00,16323.00,16592.00,16642.00,16522.00,16628.00,16413.00,15897.00,15369.00,14792.00,14147.00,13310.00,12951.00,12316.00,11730.00,11200.00,10613.00,10313.00,9893.00,9611.00,9527.00,9748.00,9727.00,10233.00,11489.00,8325.00,8059.00,7811.00,7251.00,6012.00,5098.00,5374.00,5197.00,4861.00,4547.00,4009.00,3578.00,3132.00,12142.00
E07000095,Broxbourne,Non-metropolitan District,100042.00,1112.00,1229.00,1178.00,1231.00,1244.00,1288.00,1234.00,1271.00,1264.00,1232.00,1255.00,1324.00,1343.00,1286.00,1266.00,1275.00,1268.00,1263.00,1155.00,896.00,817.00,936.00,1000.00,1094.00,1170.00,1110.00,1149.00,1109.00,1171.00,1267.00,1203.00,1377.00,1367.00,1493.00,1422.00,1463.00,1554.00,1467.00,1479.00,1449.00,1391.00,1449.00,1418.00,1382.00,1424.00,1267.00,1247.00,1222.00,1272.00,1271.00,1284.00,1355.00,1419.00,1348.00,1397.00,1366.00,1403.00,1412.00,1342.00,1288.00,1264.00,1225.00,1220.00,1066.00,1076.00,980.00,954.00,938.00,786.00,819.00,810.00,792.00,785.00,766.00,758.00,903.00,1011.00,705.00,699.00,649.00,639.00,525.00,457.00,464.00,487.00,417.00,382.00,359.00,311.00,256.00,871.00
E07000096,Dacorum,Non-metropolitan District,157827.00,1689.00,1803.00,1880.00,1975.00,1953.00,2033.00,2111.00,2071.00,2051.00,2092.00,2010.00,1999.00,2115.00,2070.00,2123.00,1980.00,1974.00,1868.00,1747.00,1265.00,954.00,1069.00,1353.00,1527.00,1644.00,1725.00,1773.00,1776.00,1835.00,1982.00,2019.00,2064.00,2190.00,2274.00,2317.00,2470.00,2383.00,2389.00,2258.00,2233.00,2257.00,2309.00,2325.00,2319.00,2285.00,2109.00,2107.00,2072.00,2136.00,2021.00,2112.00,2189.00,2263.00,2079.00,2180.00,2104.00,2086.00,2110.00,2158.00,2020.00,1999.00,2059.00,1845.00,1787.00,1727.00,1700.00,1661.00,1555.00,1428.00,1350.00,1373.00,1311.00,1311.00,1253.00,1317.00,1323.00,1510.00,1079.00,1033.00,1036.00,949.00,769.00,656.00,672.00,695.00,613.00,575.00,505.00,411.00,391.00,1649.00
E07000242,East Hertfordshire,Non-metropolitan District,153391.00,1513.00,1648.00,1687.00,1721.00,1698.00,1834.00,1862.00,1808.00,1838.00,1813.00,1874.00,2011.00,2073.00,2151.00,2005.00,2116.00,1995.00,1930.00,1794.00,1137.00,805.00,1072.00,1219.00,1621.00,1639.00,1640.00,1620.00,1717.00,1683.00,1767.00,1930.00,1946.00,2092.00,2043.00,2091.00,2043.00,2045.00,2097.00,1955.00,2023.00,1985.00,2110.00,2071.00,2220.00,2208.00,1935.00,1968.00,2056.00,2076.00,2173.00,2289.00,2271.00,2266.00,2191.00,2300.00,2233.00,2265.00,2292.00,2257.00,2159.00,2048.00,2060.00,1884.00,1824.00,1727.00,1713.00,1616.00,1535.00,1479.00,1420.00,1382.00,1258.00,1317.00,1380.00,1456.00,1449.00,1632.00,1082.00,1154.00,1074.00,940.00,785.00,703.00,741.00,651.00,665.00,542.00,550.00,486.00,424.00,1533.00
E07000098,Hertsmere,Non-metropolitan District,108993.00,1093.00,1213.00,1297.00,1339.00,1283.00,1332.00,1336.00,1399.00,1392.00,1408.00,1382.00,1438.00,1452.00,1457.00,1447.00,1513.00,1396.00,1440.00,1287.00,894.00,691.00,921.00,1115.00,1218.00,1315.00,1343.00,1164.00,1113.00,1285.00,1239.00,1233.00,1252.00,1363.00,1359.00,1306.00,1384.00,1468.00,1582.00,1576.00,1599.00,1527.00,1613.00,1608.00,1584.00,1619.00,1559.00,1490.00,1535.00,1498.00,1503.00,1438.00,1483.00,1493.00,1437.00,1435.00,1546.00,1376.00,1552.00,1499.00,1447.00,1414.00,1325.00,1346.00,1186.00,1174.00,1062.00,1052.00,994.00,1049.00,984.00,889.00,905.00,888.00,933.00,959.00,939.00,1087.00,845.00,723.00,783.00,706.00,542.00,469.00,512.00,500.00,491.00,412.00,389.00,324.00,300.00,1245.00
E07000099,North Hertfordshire,Non-metropolitan District,135596.00,1309.00,1430.00,1505.00,1616.00,1552.00,1595.00,1548.00,1690.00,1578.00,1645.00,1681.00,1760.00,1714.00,1736.00,1693.00,1647.00,1569.00,1492.00,1410.00,986.00,774.00,943.00,1160.00,1252.00,1461.00,1455.00,1567.00,1603.00,1607.00,1651.00,1656.00,1819.00,1864.00,1840.00,1882.00,1953.00,1858.00,1903.00,1857.00,1833.00,1852.00,1870.00,1973.00,2037.00,1890.00,1825.00,1810.00,1790.00,1862.00,1905.00,1858.00,1931.00,1927.00,1718.00,1826.00,1830.00,1890.00,1929.00,1899.00,1847.00,1796.00,1656.00,1652.00,1577.00,1552.00,1429.00,1392.00,1333.00,1292.00,1261.00,1246.00,1209.00,1215.00,1316.00,1243.00,1288.00,1446.00,1017.00,1026.00,1021.00,953.00,804.00,665.00,701.00,663.00,644.00,604.00,523.00,529.00,420.00,1560.00
E07000240,St Albans,Non-metropolitan District,148755.00,1381.00,1548.00,1602.00,1712.00,1853.00,1866.00,1956.00,2119.00,2109.00,2113.00,2174.00,2303.00,2334.00,2326.00,2292.00,2327.00,2106.00,2092.00,1785.00,897.00,692.00,804.00,1288.00,1443.00,1489.00,1451.00,1469.00,1405.00,1456.00,1409.00,1459.00,1579.00,1667.00,1796.00,1757.00,1924.00,1782.00,1939.00,1914.00,2020.00,2037.00,2144.00,2265.00,2395.00,2369.00,2298.00,2360.00,2367.00,2340.00,2359.00,2285.00,2375.00,2365.00,2143.00,2103.00,2208.00,2213.00,2091.00,2013.00,1957.00,1810.00,1758.00,1726.00,1615.00,1461.00,1459.00,1332.00,1347.00,1183.00,1267.00,1234.00,1158.00,1164.00,1272.00,1147.00,1250.00,1399.00,1119.00,1023.00,980.00,886.00,748.00,624.00,656.00,697.00,646.00,583.00,501.00,416.00,397.00,1572.00
E07000243,Stevenage,Non-metropolitan District,90146.00,964.00,1090.00,1065.00,1106.00,1125.00,1169.00,1161.00,1186.00,1151.00,1167.00,1213.00,1263.00,1234.00,1281.00,1058.00,1180.00,1123.00,1038.00,1013.00,840.00,711.00,798.00,888.00,1023.00,961.00,1035.00,1094.00,1242.00,1180.00,1333.00,1389.00,1461.00,1456.00,1576.00,1475.00,1514.00,1500.00,1408.00,1417.00,1397.00,1320.00,1297.00,1320.00,1258.00,1132.00,1060.00,1079.00,1101.00,1055.00,1042.00,1064.00,1147.00,1197.00,1147.00,1205.00,1233.00,1220.00,1225.00,1222.00,1264.00,1194.00,1155.00,984.00,971.00,967.00,902.00,870.00,801.00,800.00,687.00,667.00,683.00,553.00,635.00,651.00,676.00,733.00,541.00,466.00,464.00,450.00,403.00,318.00,341.00,329.00,296.00,295.00,235.00,230.00,216.00,760.00
E07000102,Three Rivers,Non-metropolitan District,94693.00,816.00,950.00,980.00,976.00,1046.00,1049.00,1122.00,1227.00,1214.00,1223.00,1308.00,1308.00,1451.00,1347.00,1314.00,1343.00,1239.00,1253.00,1171.00,694.00,547.00,681.00,898.00,1087.00,1099.00,1058.00,1014.00,950.00,911.00,1033.00,921.00,1137.00,1108.00,1108.00,1129.00,1239.00,1142.00,1281.00,1189.00,1276.00,1280.00,1442.00,1498.00,1499.00,1490.00,1427.00,1299.00,1434.00,1408.00,1359.00,1391.00,1433.00,1387.00,1341.00,1357.00,1373.00,1350.00,1311.00,1329.00,1344.00,1263.00,1160.00,1160.00,1041.00,1085.00,1018.00,988.00,880.00,932.00,882.00,766.00,820.00,791.00,774.00,778.00,862.00,944.00,676.00,720.00,664.00,578.00,510.00,384.00,416.00,376.00,364.00,387.00,310.00,304.00,250.00,1019.00
E07000103,Watford,Non-metropolitan District,104195.00,1322.00,1412.00,1348.00,1384.00,1372.00,1366.00,1322.00,1361.00,1375.00,1361.00,1358.00,1435.00,1442.00,1363.00,1365.00,1352.00,1316.00,1209.00,1155.00,811.00,783.00,863.00,1069.00,1251.00,1265.00,1424.00,1501.00,1460.00,1541.00,1581.00,1576.00,1728.00,1884.00,1796.00,1797.00,1872.00,1718.00,1791.00,1821.00,1738.00,1797.00,1800.00,1748.00,1707.00,1697.00,1590.00,1484.00,1436.00,1433.00,1407.00,1389.00,1380.00,1440.00,1377.00,1310.00,1287.00,1212.00,1177.00,1126.00,1130.00,1075.00,1065.00,993.00,913.00,951.00,827.00,752.00,743.00,685.00,711.00,658.00,609.00,624.00,588.00,586.00,645.00,686.00,516.00,506.00,433.00,483.00,382.00,310.00,347.00,307.00,298.00,317.00,255.00,214.00,188.00,713.00
E07000241,Welwyn Hatfield,Non-metropolitan District,121749.00,1192.00,1307.00,1358.00,1386.00,1415.00,1390.00,1472.00,1461.00,1473.00,1450.00,1524.00,1556.00,1466.00,1473.00,1432.00,1521.00,1405.00,1444.00,1457.00,1846.00,2031.00,2200.00,2202.00,1763.00,1791.00,1801.00,1702.00,1563.00,1604.00,1641.00,1647.00,1726.00,1626.00,1731.00,1746.00,1751.00,1718.00,1679.00,1774.00,1671.00,1750.00,1734.00,1704.00,1723.00,1636.00,1488.00,1540.00,1512.00,1494.00,1433.00,1503.00,1477.00,1538.00,1542.00,1479.00,1462.00,1507.00,1529.00,1568.00,1441.00,1506.00,1329.00,1337.00,1330.00,1231.00,1226.00,1113.00,1074.00,979.00,932.00,868.00,866.00,879.00,831.00,832.00,898.00,1041.00,745.00,709.00,707.00,667.00,544.00,512.00,524.00,492.00,427.00,450.00,382.00,353.00,290.00,1220.00
E10000020,Norfolk,County,931943.00,7514.00,8124.00,8143.00,8603.00,8916.00,9037.00,9626.00,9884.00,9731.00,9737.00,10215.00,10480.00,10282.00,10205.00,10101.00,10151.00,9763.00,9453.00,9544.00,9973.00,10196.00,10440.00,10088.00,9688.00,10027.00,9879.00,10334.00,10043.00,10332.00,10998.00,10867.00,11183.00,11271.00,11407.00,11379.00,11333.00,11424.00,11189.00,11048.00,10773.00,10704.00,10746.00,10861.00,10826.00,10498.00,9885.00,9461.00,10015.00,10501.00,11135.00,11634.00,12261.00,12656.00,12569.00,13017.00,12958.00,13198.00,13521.00,13630.00,13708.00,13326.00,13212.00,12895.00,12337.00,12214.00,11944.00,11756.00,11455.00,11052.00,11109.00,11068.00,10684.00,10829.00,11012.00,11250.00,12114.00,13429.00,10048.00,9347.00,9041.00,8111.00,7071.00,6046.00,5819.00,5567.00,5256.00,4678.00,3994.00,3549.00,3030.00,11535.00
E07000143,Breckland,Non-metropolitan District,145081.00,1227.00,1312.00,1283.00,1388.00,1376.00,1415.00,1512.00,1520.00,1539.00,1507.00,1697.00,1602.00,1657.00,1591.00,1542.00,1629.00,1535.00,1519.00,1425.00,1200.00,1007.00,1150.00,1263.00,1393.00,1435.00,1540.00,1623.00,1670.00,1612.00,1690.00,1643.00,1764.00,1788.00,1770.00,1799.00,1678.00,1814.00,1679.00,1694.00,1539.00,1597.00,1703.00,1689.00,1703.00,1615.00,1522.00,1403.00,1501.00,1651.00,1780.00,1815.00,1969.00,2090.00,1985.00,2144.00,2073.00,2127.00,2241.00,2155.00,2190.00,2193.00,2221.00,2030.00,1880.00,1927.00,1906.00,1851.00,1850.00,1703.00,1808.00,1766.00,1772.00,1747.00,1717.00,1795.00,2010.00,2098.00,1669.00,1531.00,1470.00,1301.00,1108.00,1011.00,917.00,844.00,817.00,783.00,623.00,547.00,491.00,1715.00
E07000144,Broadland,Non-metropolitan District,135565.00,1017.00,1148.00,1128.00,1252.00,1348.00,1325.00,1394.00,1452.00,1388.00,1400.00,1512.00,1526.00,1530.00,1462.00,1507.00,1474.00,1472.00,1321.00,1423.00,962.00,959.00,942.00,1156.00,1249.00,1250.00,1223.00,1277.00,1290.00,1445.00,1445.00,1370.00,1542.00,1547.00,1576.00,1548.00,1567.00,1601.00,1609.00,1673.00,1564.00,1538.00,1625.00,1659.00,1642.00,1620.00,1554.00,1456.00,1502.00,1622.00,1773.00,1872.00,1944.00,1957.00,1925.00,2100.00,2067.00,2039.00,2062.00,2082.00,2029.00,1955.00,1963.00,1958.00,1804.00,1788.00,1685.00,1722.00,1719.00,1557.00,1673.00,1660.00,1513.00,1652.00,1671.00,1733.00,1860.00,2091.00,1502.00,1484.00,1391.00,1220.00,1056.00,955.00,902.00,907.00,866.00,770.00,634.00,553.00,495.00,1884.00
E07000145,Great Yarmouth,Non-metropolitan District,100065.00,903.00,915.00,967.00,994.00,1010.00,1039.00,1123.00,1070.00,1054.00,1085.00,1117.00,1140.00,1138.00,1212.00,1099.00,1175.00,1146.00,1075.00,1037.00,935.00,842.00,839.00,934.00,992.00,1133.00,1009.00,1116.00,1038.00,1107.00,1116.00,1162.00,1195.00,1168.00,1209.00,1171.00,1177.00,1230.00,1103.00,1121.00,1145.00,1125.00,1089.00,1090.00,1166.00,1077.00,1022.00,991.00,1090.00,1095.00,1158.00,1235.00,1368.00,1349.00,1406.00,1484.00,1457.00,1512.00,1472.00,1537.00,1589.00,1505.00,1466.00,1341.00,1412.00,1343.00,1377.00,1326.00,1301.00,1283.00,1242.00,1200.00,1176.00,1198.00,1209.00,1203.00,1301.00,1414.00,1135.00,987.00,951.00,882.00,715.00,634.00,578.00,568.00,532.00,448.00,350.00,328.00,247.00,1060.00
E07000146,King's Lynn and West Norfolk,Non-metropolitan District,155758.00,1275.00,1477.00,1434.00,1489.00,1558.00,1514.00,1627.00,1707.00,1699.00,1688.00,1757.00,1761.00,1705.00,1695.00,1702.00,1684.00,1581.00,1570.00,1480.00,1243.00,1126.00,1169.00,1278.00,1407.00,1549.00,1593.00,1576.00,1583.00,1607.00,1741.00,1802.00,1761.00,1794.00,1855.00,1883.00,1882.00,1857.00,1847.00,1835.00,1744.00,1657.00,1627.00,1713.00,1678.00,1615.00,1582.00,1549.00,1663.00,1706.00,1802.00,1926.00,2071.00,2220.00,2148.00,2245.00,2266.00,2186.00,2296.00,2424.00,2437.00,2378.00,2315.00,2312.00,2183.00,2172.00,2159.00,2066.00,2053.00,1943.00,1941.00,1914.00,1899.00,1848.00,1971.00,2023.00,2132.00,2359.00,1782.00,1641.00,1562.00,1460.00,1353.00,1049.00,1099.00,978.00,973.00,828.00,754.00,662.00,547.00,2056.00
E07000147,North Norfolk,Non-metropolitan District,103228.00,586.00,633.00,643.00,708.00,750.00,770.00,844.00,887.00,882.00,912.00,853.00,1049.00,1004.00,1016.00,1039.00,996.00,997.00,947.00,955.00,762.00,591.00,573.00,683.00,770.00,847.00,838.00,886.00,808.00,852.00,896.00,830.00,908.00,892.00,886.00,922.00,977.00,996.00,952.00,1003.00,926.00,982.00,948.00,937.00,961.00,934.00,894.00,933.00,993.00,1047.00,1090.00,1233.00,1288.00,1368.00,1445.00,1432.00,1463.00,1657.00,1667.00,1657.00,1779.00,1758.00,1741.00,1815.00,1780.00,1869.00,1804.00,1726.00,1687.00,1697.00,1629.00,1678.00,1658.00,1676.00,1751.00,1775.00,1853.00,2084.00,1559.00,1421.00,1378.00,1254.00,1068.00,904.00,840.00,838.00,834.00,714.00,640.00,580.00,437.00,1803.00
E07000148,Norwich,Non-metropolitan District,145591.00,1293.00,1295.00,1283.00,1351.00,1338.00,1375.00,1471.00,1524.00,1476.00,1480.00,1540.00,1542.00,1482.00,1492.00,1458.00,1522.00,1420.00,1369.00,1804.00,3771.00,4840.00,4890.00,3629.00,2589.00,2468.00,2295.00,2452.00,2280.00,2271.00,2500.00,2465.00,2376.00,2338.00,2402.00,2299.00,2250.00,2123.00,2123.00,1885.00,2032.00,1984.00,1875.00,1914.00,1859.00,1808.00,1701.00,1527.00,1512.00,1583.00,1705.00,1630.00,1548.00,1579.00,1611.00,1575.00,1549.00,1548.00,1615.00,1563.00,1500.00,1439.00,1480.00,1361.00,1318.00,1224.00,1174.00,1185.00,1149.00,1136.00,1088.00,1096.00,1051.00,1074.00,993.00,1020.00,1076.00,1214.00,851.00,839.00,808.00,701.00,612.00,570.00,564.00,483.00,448.00,416.00,352.00,347.00,302.00,1241.00
E07000149,South Norfolk,Non-metropolitan District,146655.00,1213.00,1344.00,1405.00,1421.00,1536.00,1599.00,1655.00,1724.00,1693.00,1665.00,1739.00,1860.00,1766.00,1737.00,1754.00,1671.00,1612.00,1652.00,1420.00,1100.00,831.00,877.00,1145.00,1288.00,1345.00,1381.00,1404.00,1374.00,1438.00,1610.00,1595.00,1637.00,1744.00,1709.00,1757.00,1802.00,1803.00,1876.00,1837.00,1823.00,1821.00,1879.00,1859.00,1817.00,1829.00,1610.00,1602.00,1754.00,1797.00,1827.00,1923.00,2073.00,2093.00,2049.00,2037.00,2083.00,2129.00,2168.00,2212.00,2184.00,2098.00,2026.00,2078.00,1960.00,1891.00,1839.00,1880.00,1696.00,1733.00,1728.00,1754.00,1615.00,1634.00,1700.00,1701.00,1882.00,2169.00,1550.00,1444.00,1481.00,1293.00,1159.00,923.00,919.00,949.00,786.00,719.00,641.00,532.00,511.00,1776.00
E10000029,Suffolk,County,776442.00,6856.00,7518.00,7425.00,7728.00,7926.00,8218.00,8290.00,8585.00,8425.00,8637.00,8681.00,8981.00,9081.00,8883.00,8934.00,8928.00,8645.00,8616.00,8237.00,6717.00,5867.00,6261.00,7206.00,8126.00,8525.00,8464.00,8614.00,8614.00,8917.00,9091.00,9050.00,9480.00,9623.00,9722.00,9704.00,9790.00,9697.00,9298.00,9188.00,8970.00,8965.00,9149.00,9243.00,9434.00,9072.00,8237.00,8325.00,8375.00,8864.00,9410.00,10017.00,10244.00,10682.00,10549.00,11031.00,10981.00,11072.00,11364.00,11413.00,11415.00,11103.00,10611.00,10636.00,9922.00,10032.00,9923.00,9504.00,9128.00,8642.00,9082.00,8877.00,8697.00,8796.00,8939.00,9132.00,9814.00,10806.00,8102.00,7560.00,7290.00,6373.00,5894.00,4695.00,4738.00,4636.00,4256.00,3789.00,3277.00,2923.00,2342.00,9563.00
E07000200,Babergh,Non-metropolitan District,95872.00,695.00,820.00,839.00,911.00,867.00,904.00,932.00,1039.00,951.00,1020.00,1029.00,1051.00,1111.00,1025.00,1063.00,1164.00,1103.00,1037.00,1048.00,825.00,632.00,692.00,804.00,905.00,976.00,939.00,943.00,862.00,913.00,958.00,934.00,979.00,1009.00,1027.00,1089.00,1027.00,1019.00,1000.00,995.00,951.00,1040.00,1027.00,1065.00,1162.00,1073.00,1048.00,1044.00,1058.00,1098.00,1183.00,1259.00,1322.00,1376.00,1355.00,1426.00,1377.00,1477.00,1525.00,1577.00,1485.00,1478.00,1437.00,1425.00,1294.00,1300.00,1298.00,1255.00,1266.00,1167.00,1187.00,1200.00,1150.00,1205.00,1292.00,1285.00,1445.00,1496.00,1163.00,1082.00,1088.00,910.00,858.00,681.00,658.00,651.00,596.00,550.00,425.00,408.00,316.00,1241.00
E07000244,East Suffolk,Non-metropolitan District,247100.00,1833.00,1929.00,1985.00,2109.00,2249.00,2385.00,2382.00,2434.00,2488.00,2550.00,2616.00,2746.00,2707.00,2754.00,2812.00,2810.00,2746.00,2686.00,2622.00,1903.00,1660.00,1711.00,1905.00,2171.00,2230.00,2390.00,2275.00,2271.00,2353.00,2285.00,2371.00,2397.00,2466.00,2522.00,2567.00,2659.00,2647.00,2577.00,2521.00,2461.00,2448.00,2622.00,2665.00,2754.00,2668.00,2450.00,2413.00,2591.00,2701.00,3008.00,3136.00,3333.00,3397.00,3454.00,3596.00,3764.00,3708.00,3905.00,3841.00,3952.00,3756.00,3700.00,3842.00,3572.00,3665.00,3603.00,3517.00,3429.00,3176.00,3365.00,3368.00,3380.00,3327.00,3367.00,3471.00,3738.00,4233.00,3084.00,2869.00,2785.00,2469.00,2267.00,1719.00,1798.00,1735.00,1613.00,1469.00,1287.00,1136.00,917.00,3852.00
E07000202,Ipswich,Non-metropolitan District,139378.00,1465.00,1641.00,1597.00,1646.00,1666.00,1769.00,1819.00,1893.00,1809.00,1819.00,1801.00,1794.00,1835.00,1861.00,1744.00,1767.00,1752.00,1823.00,1699.00,1577.00,1403.00,1306.00,1502.00,1571.00,1644.00,1619.00,1737.00,1825.00,1745.00,1924.00,1977.00,2183.00,2145.00,2156.00,2104.00,2112.00,2193.00,2092.00,2049.00,2013.00,1924.00,1985.00,1950.00,1992.00,1863.00,1705.00,1739.00,1627.00,1707.00,1779.00,1804.00,1790.00,1893.00,1844.00,1768.00,1787.00,1707.00,1682.00,1809.00,1687.00,1771.00,1515.00,1467.00,1366.00,1442.00,1434.00,1353.00,1276.00,1234.00,1237.00,1165.00,1112.00,1164.00,1090.00,1051.00,1099.00,1244.00,953.00,920.00,794.00,697.00,670.00,580.00,546.00,581.00,551.00,473.00,415.00,415.00,304.00,1340.00
E07000203,Mid Suffolk,Non-metropolitan District,108029.00,947.00,977.00,961.00,1037.00,968.00,1029.00,1026.00,1089.00,1077.00,1168.00,1127.00,1178.00,1218.00,1170.00,1181.00,1205.00,1128.00,1115.00,1109.00,887.00,686.00,837.00,936.00,1065.00,1154.00,1160.00,1173.00,1226.00,1243.00,1212.00,1224.00,1215.00,1181.00,1211.00,1264.00,1359.00,1204.00,1194.00,1215.00,1179.00,1233.00,1203.00,1264.00,1245.00,1225.00,1071.00,1108.00,1147.00,1246.00,1266.00,1401.00,1507.00,1501.00,1510.00,1612.00,1593.00,1665.00,1755.00,1713.00,1717.00,1680.00,1594.00,1657.00,1508.00,1547.00,1530.00,1464.00,1338.00,1356.00,1409.00,1306.00,1355.00,1338.00,1335.00,1451.00,1483.00,1575.00,1182.00,1122.00,1052.00,917.00,872.00,692.00,707.00,641.00,552.00,486.00,421.00,396.00,314.00,1232.00
E07000245,West Suffolk,Non-metropolitan District,186063.00,1916.00,2151.00,2043.00,2025.00,2176.00,2131.00,2131.00,2130.00,2100.00,2080.00,2108.00,2212.00,2210.00,2073.00,2134.00,1982.00,1916.00,1955.00,1759.00,1525.00,1486.00,1715.00,2059.00,2414.00,2521.00,2356.00,2486.00,2430.00,2663.00,2712.00,2544.00,2706.00,2822.00,2806.00,2680.00,2633.00,2634.00,2435.00,2408.00,2366.00,2320.00,2312.00,2299.00,2281.00,2243.00,1963.00,2021.00,1952.00,2112.00,2174.00,2417.00,2292.00,2515.00,2386.00,2629.00,2460.00,2515.00,2497.00,2473.00,2574.00,2418.00,2365.00,2245.00,2182.00,2078.00,2058.00,1915.00,1819.00,1709.00,1884.00,1838.00,1700.00,1762.00,1855.00,1874.00,2049.00,2258.00,1720.00,1567.00,1571.00,1380.00,1227.00,1023.00,1029.00,1028.00,944.00,811.00,729.00,568.00,491.00,1898.00
E12000007,LONDON,Region,8945309.00,104674.00,109632.00,103485.00,104398.00,103270.00,102707.00,104645.00,106250.00,104043.00,103389.00,105336.00,107895.00,107743.00,107318.00,107219.00,108382.00,105862.00,103632.00,104374.00,100011.00,101572.00,106045.00,116990.00,138046.00,153906.00,162593.00,167050.00,166470.00,165912.00,165464.00,161976.00,161806.00,158673.00,157260.00,154633.00,151827.00,146443.00,144141.00,142374.00,137319.00,136299.00,135439.00,135759.00,135023.00,129468.00,122628.00,119379.00,118053.00,118029.00,114438.00,113312.00,112579.00,113677.00,112907.00,111517.00,110383.00,106863.00,106090.00,103155.00,100344.00,96050.00,91018.00,86484.00,83489.00,77706.00,73282.00,69100.00,65546.00,61562.00,58501.00,55704.00,53271.00,52065.00,50484.00,49531.00,49960.00,51699.00,41228.00,37439.00,36200.00,33387.00,29596.00,25936.00,26823.00,25084.00,23147.00,20368.00,18205.00,15766.00,13366.00,53205.00
E09000007,Camden,London Borough,220903.00,1961.00,2090.00,2034.00,1946.00,1903.00,1916.00,1962.00,2058.00,1851.00,1964.00,1947.00,2070.00,2083.00,2093.00,2098.00,2108.00,2055.00,2153.00,2905.00,5525.00,6789.00,5553.00,4471.00,5100.00,4919.00,4888.00,4815.00,4755.00,4953.00,4702.00,4471.00,4087.00,4004.00,4028.00,3938.00,3614.00,3386.00,3215.00,3205.00,2932.00,2815.00,2762.00,2922.00,2749.00,2917.00,2626.00,2595.00,2621.00,2745.00,2621.00,2508.00,2589.00,2694.00,2650.00,2546.00,2501.00,2587.00,2522.00,2322.00,2341.00,2195.00,2072.00,1989.00,1951.00,1730.00,1708.00,1539.00,1522.00,1437.00,1334.00,1334.00,1275.00,1203.00,1222.00,1214.00,1215.00,1235.00,1103.00,978.00,953.00,828.00,722.00,616.00,639.00,551.00,556.00,424.00,404.00,350.00,256.00,1168.00
E09000001,City of London,London Borough,13462.00,50.00,67.00,33.00,33.00,32.00,27.00,50.00,35.00,25.00,30.00,36.00,41.00,32.00,28.00,25.00,31.00,31.00,36.00,93.00,261.00,286.00,242.00,301.00,399.00,456.00,538.00,513.00,447.00,519.00,488.00,451.00,418.00,431.00,416.00,391.00,319.00,253.00,261.00,205.00,187.00,264.00,237.00,160.00,132.00,160.00,165.00,158.00,125.00,161.00,136.00,122.00,171.00,141.00,157.00,152.00,128.00,132.00,112.00,119.00,117.00,123.00,86.00,95.00,100.00,98.00,108.00,84.00,101.00,88.00,64.00,72.00,90.00,69.00,60.00,62.00,68.00,76.00,44.00,50.00,52.00,41.00,27.00,32.00,37.00,27.00,36.00,14.00,20.00,13.00,14.00,45.00
E09000012,Hackney,London Borough,263282.00,3384.00,3555.00,3271.00,3066.00,2971.00,2801.00,2887.00,2924.00,2888.00,2756.00,2866.00,2928.00,2979.00,3023.00,3024.00,3005.00,3017.00,3007.00,2969.00,2997.00,2966.00,3033.00,3594.00,4450.00,5070.00,5966.00,6678.00,7028.00,7396.00,7230.00,6737.00,6880.00,6505.00,6178.00,5801.00,5277.00,4985.00,4467.00,4151.00,4143.00,3943.00,3773.00,3556.00,3655.00,3388.00,3239.00,3184.00,3153.00,2981.00,2928.00,2852.00,2851.00,2723.00,2846.00,2776.00,2807.00,2738.00,2793.00,2847.00,2552.00,2445.00,2296.00,2149.00,2123.00,1954.00,1731.00,1686.00,1709.00,1442.00,1327.00,1236.00,1056.00,1075.00,1063.00,1001.00,967.00,926.00,714.00,669.00,611.00,579.00,553.00,465.00,430.00,397.00,332.00,316.00,316.00,273.00,202.00,801.00
E09000013,Hammersmith and Fulham,London Borough,186176.00,1889.00,2028.00,1877.00,1731.00,1712.00,1644.00,1771.00,1734.00,1736.00,1706.00,1696.00,1777.00,1727.00,1873.00,1726.00,1721.00,1723.00,1717.00,1667.00,1791.00,2415.00,2898.00,3586.00,4381.00,4790.00,5216.00,5243.00,5023.00,4783.00,4609.00,4148.00,4037.00,3761.00,3587.00,3436.00,3241.00,2954.00,2863.00,2878.00,2574.00,2601.00,2360.00,2321.00,2422.00,2394.00,2256.00,2310.00,2223.00,2336.00,2375.00,2352.00,2308.00,2316.00,2405.00,2312.00,2245.00,2306.00,2190.00,2127.00,1999.00,1954.00,1823.00,1603.00,1537.00,1398.00,1467.00,1264.00,1202.00,1154.00,1180.00,1002.00,1002.00,1020.00,918.00,908.00,924.00,947.00,766.00,670.00,671.00,629.00,530.00,506.00,515.00,462.00,373.00,339.00,302.00,248.00,228.00,807.00
E09000014,Haringey,London Borough,262895.00,2997.00,3143.00,3005.00,2924.00,2893.00,2873.00,2800.00,3012.00,2896.00,2811.00,2843.00,2964.00,3040.00,3024.00,3113.00,3135.00,3047.00,3030.00,3015.00,2805.00,2626.00,2746.00,3359.00,3771.00,4225.00,4442.00,4636.00,4566.00,4751.00,5064.00,5014.00,4930.00,4921.00,4995.00,4736.00,4737.00,4626.00,4532.00,4676.00,4226.00,4181.00,4171.00,4054.00,4227.00,4009.00,3792.00,3642.00,3598.00,3772.00,3543.00,3514.00,3650.00,3799.00,3507.00,3604.00,3526.00,3372.00,3401.00,3261.00,3097.00,2969.00,2814.00,2555.00,2538.00,2213.00,2092.00,2018.00,1873.00,1793.00,1649.00,1607.00,1525.00,1423.00,1376.00,1385.00,1227.00,1263.00,991.00,1004.00,976.00,829.00,748.00,661.00,667.00,627.00,603.00,481.00,475.00,372.00,348.00,1124.00
E09000019,Islington,London Borough,220584.00,2311.00,2373.00,2179.00,1941.00,1994.00,1959.00,1960.00,1916.00,1838.00,1848.00,1851.00,1900.00,1936.00,1987.00,1923.00,2000.00,1848.00,1892.00,2198.00,3281.00,4212.00,4205.00,3933.00,4843.00,5247.00,5479.00,5879.00,6207.00,6205.00,6238.00,5885.00,5890.00,5413.00,5064.00,4490.00,4215.00,3991.00,3833.00,3445.00,3165.00,2964.00,2873.00,2937.00,2954.00,2664.00,2479.00,2468.00,2441.00,2495.00,2415.00,2370.00,2280.00,2474.00,2572.00,2448.00,2386.00,2368.00,2632.00,2376.00,2264.00,2241.00,2104.00,1896.00,1889.00,1732.00,1499.00,1394.00,1409.00,1242.00,1186.00,1132.00,1124.00,1009.00,1016.00,976.00,1063.00,960.00,728.00,730.00,653.00,607.00,482.00,479.00,481.00,402.00,376.00,328.00,324.00,270.00,210.00,808.00
E09000020,Kensington and Chelsea,London Borough,147460.00,1378.00,1436.00,1272.00,1162.00,1287.00,1174.00,1286.00,1243.00,1257.00,1272.00,1298.00,1297.00,1277.00,1226.00,1246.00,1213.00,1269.00,1338.00,1330.00,1681.00,1833.00,2058.00,2689.00,2931.00,3372.00,3171.00,3284.00,3127.00,2780.00,2752.00,2596.00,2489.00,2315.00,2343.00,2200.00,2284.00,2233.00,2161.00,2000.00,1867.00,1956.00,1924.00,1968.00,1961.00,1792.00,1826.00,1753.00,1933.00,1928.00,2037.00,1997.00,2030.00,2214.00,2051.00,2202.00,2249.00,2108.00,2227.00,2034.00,2081.00,2095.00,1944.00,1782.00,1612.00,1525.00,1456.00,1388.00,1257.00,1174.00,1204.00,1043.00,969.00,1088.00,1025.00,1025.00,1024.00,1007.00,884.00,850.00,783.00,735.00,651.00,524.00,573.00,498.00,429.00,400.00,269.00,310.00,235.00,1003.00
E09000022,Lambeth,London Borough,315706.00,3225.00,3213.00,2755.00,2738.00,2697.00,2625.00,2732.00,2740.00,2778.00,2788.00,2868.00,2834.00,2886.00,2979.00,2972.00,3139.00,3089.00,3114.00,3201.00,3301.00,3398.00,3780.00,4444.00,6561.00,8272.00,9794.00,10290.00,10006.00,9625.00,8801.00,7986.00,7618.00,7213.00,6532.00,5914.00,5587.00,5097.00,4917.00,4634.00,4433.00,4189.00,4295.00,4197.00,4301.00,3950.00,3809.00,3933.00,3899.00,3914.00,3711.00,3721.00,3803.00,3867.00,3969.00,3903.00,4056.00,3746.00,3848.00,3688.00,3541.00,3359.00,3185.00,2865.00,2678.00,2511.00,2370.00,2216.00,2060.00,1893.00,1679.00,1569.00,1425.00,1437.00,1329.00,1253.00,1204.00,1207.00,990.00,855.00,859.00,868.00,733.00,664.00,697.00,611.00,529.00,476.00,461.00,334.00,298.00,1175.00
E09000023,Lewisham,London Borough,298708.00,3602.00,3705.00,3491.00,3631.00,3530.00,3393.00,3400.00,3545.00,3419.00,3400.00,3384.00,3323.00,3476.00,3371.00,3421.00,3375.00,3321.00,3298.00,3310.00,2897.00,2844.00,3205.00,3692.00,4354.00,4668.00,4965.00,5315.00,5367.00,5477.00,5780.00,6085.00,6253.00,6299.00,5930.00,5956.00,5901.00,5602.00,5630.00,5218.00,4863.00,4749.00,4903.00,4808.00,4673.00,4412.00,4225.00,4005.00,4077.00,4013.00,3932.00,3947.00,3823.00,4023.00,3807.00,3737.00,3667.00,3774.00,3755.00,3794.00,3553.00,3575.00,3273.00,2911.00,2779.00,2516.00,2414.00,2274.00,1994.00,1775.00,1729.00,1513.00,1451.00,1490.00,1306.00,1260.00,1289.00,1270.00,1015.00,946.00,901.00,926.00,733.00,726.00,733.00,687.00,656.00,556.00,468.00,429.00,368.00,1372.00
E09000025,Newham,London Borough,362552.00,5391.00,5542.00,4727.00,4653.00,4548.00,4499.00,4428.00,4525.00,4404.00,4486.00,4456.00,4547.00,4467.00,4616.00,4534.00,4698.00,4531.00,4415.00,4673.00,4717.00,5079.00,5171.00,5856.00,6890.00,8271.00,8765.00,8737.00,8794.00,8406.00,7779.00,7865.00,7234.00,6932.00,6990.00,6922.00,6839.00,6400.00,6407.00,6408.00,5907.00,5799.00,5454.00,5506.00,5441.00,5282.00,4807.00,4524.00,4502.00,4485.00,4295.00,4154.00,4123.00,4008.00,4318.00,3825.00,3766.00,3394.00,3314.00,3166.00,3183.00,3047.00,2821.00,2745.00,2627.00,2370.00,2240.00,2062.00,2011.00,1834.00,1699.00,1645.00,1608.00,1347.00,1263.00,1083.00,1139.00,1046.00,840.00,712.00,689.00,671.00,676.00,579.00,570.00,549.00,506.00,427.00,366.00,301.00,253.00,971.00
E09000028,Southwark,London Borough,315519.00,3366.00,3323.00,2923.00,3045.00,3057.00,2934.00,3062.00,3203.00,3076.00,3089.00,3092.00,3087.00,3285.00,3123.00,3236.00,3282.00,3271.00,3060.00,3687.00,4404.00,4913.00,5098.00,5025.00,6258.00,6847.00,7443.00,7730.00,7989.00,8047.00,8244.00,8010.00,7629.00,7249.00,7040.00,6657.00,5971.00,5421.00,5238.00,4866.00,4789.00,4544.00,4519.00,4518.00,4234.00,4086.00,3883.00,3834.00,4041.00,3875.00,3732.00,3916.00,3689.00,3770.00,3736.00,3812.00,3684.00,3785.00,3561.00,3462.00,3474.00,3388.00,3030.00,2920.00,2801.00,2500.00,2320.00,2152.00,1984.00,1759.00,1666.00,1463.00,1332.00,1227.00,1334.00,1158.00,1180.00,1273.00,969.00,839.00,773.00,731.00,657.00,643.00,607.00,584.00,508.00,422.00,399.00,325.00,233.00,1118.00
E09000030,Tower Hamlets,London Borough,328626.00,3879.00,4117.00,3624.00,3568.00,3331.00,3301.00,3574.00,3515.00,3345.00,3294.00,3438.00,3623.00,3359.00,3533.00,3430.00,3472.00,3417.00,3327.00,3773.00,5118.00,5862.00,6159.00,6647.00,8110.00,9470.00,9860.00,10486.00,10358.00,10035.00,9544.00,8810.00,8950.00,8442.00,7895.00,7431.00,7105.00,6433.00,5915.00,5659.00,5443.00,5070.00,5137.00,4891.00,4661.00,4242.00,3920.00,3980.00,3738.00,3621.00,3610.00,3272.00,2989.00,2814.00,2867.00,2821.00,2763.00,2549.00,2295.00,2180.00,2275.00,2058.00,1961.00,1772.00,1754.00,1651.00,1590.00,1535.00,1355.00,1234.00,1135.00,1099.00,1049.00,947.00,907.00,822.00,737.00,711.00,657.00,549.00,520.00,483.00,428.00,439.00,426.00,361.00,313.00,327.00,264.00,218.00,185.00,792.00
E09000032,Wandsworth,London Borough,331456.00,3884.00,3777.00,3746.00,3468.00,3353.00,3176.00,3265.00,3178.00,3265.00,3132.00,3183.00,3249.00,3035.00,3061.00,2973.00,2906.00,3007.00,2684.00,2675.00,2749.00,2812.00,3081.00,4097.00,5713.00,7751.00,9207.00,10232.00,10881.00,10634.00,10064.00,9231.00,8698.00,7897.00,7161.00,6799.00,6159.00,5742.00,5429.00,5334.00,4961.00,4870.00,4928.00,4785.00,4734.00,4578.00,4234.00,4115.00,3960.00,4050.00,3788.00,3817.00,3855.00,3661.00,3749.00,3694.00,3595.00,3400.00,3510.00,3211.00,3122.00,2942.00,2858.00,2742.00,2515.00,2261.00,2084.00,2064.00,1900.00,1746.00,1755.00,1725.00,1633.00,1616.00,1536.00,1571.00,1494.00,1583.00,1260.00,1151.00,1064.00,1062.00,911.00,792.00,807.00,772.00,700.00,637.00,534.00,471.00,352.00,1613.00
E09000033,Westminster,London Borough,211508.00,1973.00,2116.00,1831.00,1673.00,1591.00,1474.00,1565.00,1560.00,1542.00,1450.00,1509.00,1603.00,1664.00,1646.00,1596.00,1716.00,1779.00,1852.00,2191.00,3172.00,3663.00,3400.00,3644.00,4390.00,5051.00,5306.00,5695.00,5362.00,5131.00,4924.00,4874.00,4550.00,4281.00,4076.00,3927.00,3710.00,3366.00,3255.00,3182.00,2870.00,2695.00,2925.00,2677.00,2882.00,2533.00,2640.00,2662.00,2528.00,2695.00,2711.00,2792.00,2715.00,2750.00,2768.00,2908.00,2959.00,2895.00,2686.00,2689.00,2418.00,2393.00,2311.00,2152.00,2006.00,1803.00,1785.00,1661.00,1608.00,1442.00,1408.00,1329.00,1327.00,1279.00,1154.00,1195.00,1169.00,1101.00,1018.00,975.00,864.00,823.00,750.00,657.00,589.00,612.00,601.00,470.00,430.00,352.00,313.00,1243.00
E09000002,Barking and Dagenham,London Borough,222308.00,3435.00,3473.00,3281.00,3511.00,3562.00,3627.00,3706.00,3672.00,3556.00,3530.00,3724.00,3643.00,3691.00,3510.00,3662.00,3632.00,3703.00,3423.00,3294.00,2576.00,2507.00,2576.00,2757.00,2833.00,3036.00,3281.00,3256.00,3229.00,3141.00,3237.00,3124.00,3093.00,3290.00,3469.00,3699.00,3691.00,3718.00,3634.00,3601.00,3658.00,3497.00,3637.00,3632.00,3507.00,3347.00,3165.00,3038.00,3047.00,2921.00,2902.00,2770.00,2772.00,2800.00,2830.00,2644.00,2702.00,2456.00,2356.00,2262.00,2071.00,2089.00,1899.00,1834.00,1750.00,1672.00,1506.00,1383.00,1308.00,1196.00,1138.00,1013.00,933.00,928.00,863.00,826.00,875.00,882.00,715.00,594.00,572.00,578.00,510.00,432.00,485.00,435.00,440.00,355.00,293.00,301.00,246.00,860.00
E09000003,Barnet,London Borough,395007.00,4662.00,4883.00,4781.00,4914.00,4943.00,5064.00,5128.00,5127.00,5143.00,5221.00,5283.00,5435.00,5475.00,5233.00,5397.00,5305.00,5158.00,5066.00,4774.00,3610.00,3194.00,3455.00,3931.00,5117.00,5435.00,5364.00,5670.00,5650.00,5503.00,5568.00,5562.00,5703.00,5932.00,5797.00,5801.00,5671.00,5861.00,5921.00,6111.00,5802.00,6103.00,6216.00,6165.00,6169.00,6126.00,5851.00,5565.00,5469.00,5456.00,5408.00,5434.00,5336.00,5277.00,5098.00,5112.00,4994.00,4690.00,4769.00,4606.00,4571.00,4340.00,4101.00,3941.00,3826.00,3652.00,3703.00,3398.00,3271.00,3075.00,2880.00,2870.00,2802.00,2836.00,2796.00,2715.00,2670.00,2863.00,2338.00,2148.00,2194.00,1821.00,1623.00,1384.00,1429.00,1372.00,1267.00,1092.00,1070.00,948.00,827.00,3690.00
E09000004,Bexley,London Borough,250853.00,2713.00,3066.00,2943.00,3106.00,3125.00,3136.00,3204.00,3341.00,3259.00,3248.00,3326.00,3461.00,3434.00,3274.00,3302.00,3495.00,3249.00,3079.00,2939.00,2431.00,2337.00,2559.00,2598.00,2957.00,2943.00,2830.00,2899.00,2840.00,3011.00,3182.00,3119.00,3390.00,3499.00,3584.00,3803.00,3594.00,3680.00,3542.00,3839.00,3604.00,3682.00,3677.00,3736.00,3771.00,3544.00,3258.00,3222.00,3193.00,3220.00,3188.00,3223.00,3212.00,3371.00,3402.00,3401.00,3308.00,3399.00,3324.00,3351.00,3304.00,3088.00,3020.00,2884.00,2816.00,2569.00,2436.00,2350.00,2214.00,2090.00,1992.00,1930.00,1949.00,1976.00,1815.00,1904.00,2038.00,2235.00,1694.00,1463.00,1500.00,1427.00,1272.00,1012.00,1110.00,1117.00,1040.00,902.00,757.00,690.00,636.00,2200.00
E09000005,Brent,London Borough,344521.00,4377.00,4466.00,3986.00,4165.00,3853.00,3890.00,3957.00,4045.00,3895.00,3812.00,3944.00,4155.00,4091.00,4155.00,4274.00,4213.00,4321.00,4206.00,4334.00,4558.00,4762.00,4991.00,5423.00,5910.00,6270.00,6539.00,6427.00,5987.00,6033.00,6055.00,5940.00,5718.00,5439.00,5670.00,5696.00,5281.00,5312.00,5253.00,5091.00,5038.00,4827.00,5075.00,5021.00,5264.00,4647.00,4665.00,4574.00,4526.00,4633.00,4420.00,4263.00,4349.00,4268.00,4379.00,4713.00,4328.00,4094.00,3926.00,4081.00,3953.00,3640.00,3646.00,3444.00,3333.00,3290.00,2998.00,2748.00,2685.00,2494.00,2294.00,2254.00,2096.00,1927.00,1995.00,1834.00,1657.00,1618.00,1427.00,1313.00,1310.00,1235.00,1148.00,986.00,1063.00,922.00,938.00,852.00,739.00,619.00,495.00,1983.00
E09000006,Bromley,London Borough,331162.00,3459.00,3737.00,3727.00,3913.00,3942.00,3956.00,4106.00,4153.00,4168.00,4112.00,4176.00,4250.00,4466.00,4331.00,4158.00,4121.00,4037.00,3958.00,3721.00,2443.00,2028.00,2379.00,2848.00,3248.00,3401.00,3515.00,3545.00,3457.00,3489.00,3647.00,3987.00,4134.00,4134.00,4713.00,4621.00,4992.00,4803.00,5019.00,5076.00,5012.00,5007.00,5139.00,5220.00,5108.00,5338.00,4908.00,4698.00,4625.00,4705.00,4658.00,4698.00,4720.00,4717.00,4531.00,4667.00,4583.00,4698.00,4563.00,4477.00,4443.00,4230.00,4000.00,3953.00,3747.00,3459.00,3365.00,3172.00,2996.00,2817.00,2752.00,2634.00,2634.00,2753.00,2708.00,2872.00,2970.00,3358.00,2492.00,2234.00,2126.00,2032.00,1840.00,1455.00,1513.00,1453.00,1357.00,1250.00,1152.00,948.00,876.00,3529.00
E09000008,Croydon,London Borough,397741.00,4985.00,4965.00,5218.00,5114.00,4981.00,5025.00,5072.00,5001.00,4875.00,4904.00,4944.00,5148.00,5169.00,5196.00,5025.00,5481.00,5174.00,5073.00,4977.00,3667.00,3168.00,3542.00,4178.00,4893.00,5358.00,5408.00,5592.00,5465.00,5823.00,5953.00,6100.00,6305.00,6464.00,6391.00,6500.00,6394.00,6356.00,6363.00,6192.00,6156.00,6107.00,6115.00,6087.00,5735.00,5773.00,5374.00,5204.00,5470.00,5176.00,4947.00,4769.00,5077.00,5165.00,5150.00,5282.00,5308.00,5361.00,5238.00,5212.00,5109.00,4896.00,4664.00,4473.00,4215.00,3903.00,3634.00,3437.00,3206.00,3079.00,2949.00,2786.00,2627.00,2627.00,2502.00,2388.00,2623.00,2744.00,2143.00,1902.00,1852.00,1807.00,1476.00,1351.00,1337.00,1289.00,1203.00,1105.00,926.00,824.00,734.00,2785.00
E09000009,Ealing,London Borough,375340.00,4478.00,4283.00,4272.00,4331.00,4394.00,4267.00,4373.00,4345.00,4288.00,4510.00,4638.00,4618.00,4710.00,4850.00,4784.00,4846.00,4725.00,4504.00,4526.00,4610.00,4434.00,4367.00,4648.00,5340.00,5842.00,6107.00,5983.00,6050.00,5942.00,6321.00,6107.00,6079.00,6186.00,5941.00,6004.00,6136.00,5968.00,5929.00,5955.00,5901.00,5805.00,5747.00,6046.00,6096.00,5946.00,5272.00,5438.00,5443.00,5400.00,5018.00,5099.00,4971.00,4896.00,5030.00,4835.00,4820.00,4507.00,4612.00,4462.00,4294.00,4027.00,4012.00,3619.00,3552.00,3481.00,3303.00,3125.00,2912.00,2777.00,2575.00,2507.00,2420.00,2308.00,2216.00,2242.00,2144.00,2104.00,1694.00,1549.00,1509.00,1367.00,1304.00,1195.00,1126.00,1042.00,975.00,889.00,782.00,648.00,530.00,2077.00
E09000010,Enfield,London Borough,327429.00,3768.00,4139.00,3860.00,4296.00,4176.00,4297.00,4425.00,4487.00,4346.00,4332.00,4465.00,4796.00,4772.00,4804.00,4871.00,5006.00,4748.00,4853.00,4612.00,3638.00,3079.00,3273.00,3857.00,4092.00,4422.00,4417.00,4379.00,4264.00,4084.00,4077.00,4077.00,4187.00,3993.00,4228.00,4491.00,4572.00,4651.00,4540.00,4667.00,4472.00,4510.00,4825.00,5114.00,4838.00,4722.00,4690.00,4419.00,4390.00,4406.00,4359.00,4534.00,4467.00,4625.00,4472.00,4323.00,4407.00,4103.00,4303.00,4316.00,4243.00,3980.00,3495.00,3597.00,3613.00,3280.00,3101.00,2821.00,2654.00,2563.00,2450.00,2296.00,2217.00,2152.00,2143.00,2098.00,2058.00,2115.00,1820.00,1593.00,1558.00,1413.00,1313.00,1193.00,1267.00,1186.00,1053.00,1014.00,839.00,768.00,674.00,2526.00
E09000011,Greenwich,London Borough,294113.00,3701.00,4017.00,3643.00,3685.00,3496.00,3589.00,3585.00,3628.00,3637.00,3624.00,3692.00,3572.00,3493.00,3631.00,3606.00,3602.00,3469.00,3375.00,3303.00,3189.00,3182.00,3375.00,3833.00,4194.00,4662.00,4836.00,5044.00,5204.00,5106.00,5350.00,5501.00,5754.00,5660.00,5561.00,5594.00,5583.00,5105.00,5215.00,4950.00,4944.00,5097.00,4572.00,4757.00,4715.00,4427.00,4185.00,3911.00,3885.00,4026.00,3674.00,3682.00,3671.00,3806.00,3777.00,3721.00,3460.00,3483.00,3337.00,3294.00,3050.00,3055.00,2847.00,2819.00,2695.00,2453.00,2221.00,1954.00,2033.00,1938.00,1754.00,1664.00,1523.00,1547.00,1449.00,1406.00,1507.00,1565.00,1230.00,1115.00,1095.00,949.00,823.00,752.00,715.00,691.00,591.00,524.00,458.00,411.00,298.00,1311.00
E09000015,Harrow,London Borough,263448.00,3200.00,3489.00,3083.00,3273.00,3171.00,3282.00,3298.00,3245.00,3239.00,3215.00,3319.00,3275.00,3374.00,3396.00,3604.00,3485.00,3374.00,3381.00,3293.00,2339.00,2063.00,2259.00,2739.00,3337.00,3776.00,4007.00,3894.00,3937.00,3814.00,3836.00,3735.00,3757.00,3716.00,3970.00,4013.00,4126.00,4041.00,4198.00,4267.00,3951.00,4068.00,4128.00,4072.00,3952.00,3986.00,3762.00,3544.00,3421.00,3453.00,3236.00,3273.00,3120.00,3105.00,3293.00,3354.00,3079.00,2993.00,3026.00,2929.00,2969.00,2880.00,2888.00,2877.00,2852.00,2727.00,2485.00,2495.00,2475.00,2434.00,2198.00,2147.00,2037.00,1937.00,1895.00,1851.00,1815.00,1852.00,1611.00,1475.00,1443.00,1282.00,1149.00,966.00,1145.00,1081.00,924.00,849.00,732.00,693.00,567.00,2152.00
E09000016,Havering,London Borough,268145.00,3050.00,3213.00,3356.00,3435.00,3567.00,3597.00,3617.00,3745.00,3455.00,3473.00,3446.00,3493.00,3365.00,3292.00,3298.00,3398.00,3348.00,3147.00,3208.00,2394.00,2145.00,2489.00,2713.00,2993.00,3268.00,3142.00,3248.00,3303.00,3437.00,3533.00,3574.00,3734.00,3909.00,3982.00,3989.00,4203.00,4148.00,4101.00,4054.00,4020.00,3947.00,3698.00,3914.00,3887.00,3534.00,3249.00,3248.00,3323.00,3331.00,3187.00,3129.00,3281.00,3412.00,3370.00,3436.00,3409.00,3391.00,3461.00,3375.00,3395.00,3226.00,3079.00,3101.00,2884.00,2892.00,2857.00,2616.00,2375.00,2313.00,2357.00,2108.00,2174.00,2201.00,2144.00,2188.00,2317.00,2562.00,1917.00,1761.00,1672.00,1563.00,1385.00,1139.00,1211.00,1117.00,1085.00,1015.00,876.00,794.00,671.00,2686.00
E09000017,Hillingdon,London Borough,319018.00,4260.00,4374.00,4092.00,4005.00,4083.00,4085.00,4157.00,4223.00,4154.00,4097.00,4054.00,4168.00,4090.00,4014.00,4126.00,4256.00,3951.00,4006.00,3886.00,3702.00,3795.00,4071.00,4240.00,4276.00,4516.00,4833.00,4534.00,4466.00,4639.00,4561.00,4672.00,4936.00,4952.00,5033.00,4986.00,5113.00,5125.00,5127.00,5222.00,5141.00,5160.00,4906.00,5056.00,5167.00,4937.00,4434.00,4254.00,4222.00,3977.00,4211.00,3939.00,3823.00,4039.00,4066.00,3653.00,3879.00,3916.00,3825.00,3565.00,3588.00,3400.00,3327.00,3166.00,3065.00,2905.00,2613.00,2552.00,2505.00,2401.00,2264.00,2097.00,2005.00,1856.00,1980.00,1927.00,1979.00,2117.00,1588.00,1437.00,1428.00,1293.00,1167.00,1034.00,1076.00,1000.00,985.00,821.00,822.00,698.00,598.00,2274.00
E09000018,Hounslow,London Borough,295706.00,3492.00,3609.00,3609.00,3797.00,3665.00,3711.00,3695.00,3884.00,3767.00,3717.00,3744.00,3980.00,3997.00,3758.00,3828.00,3860.00,3759.00,3916.00,3584.00,3031.00,2941.00,3118.00,3330.00,3850.00,4170.00,4510.00,4613.00,4442.00,4287.00,4511.00,4526.00,4583.00,4579.00,4899.00,5028.00,5213.00,5059.00,5145.00,5106.00,4937.00,4983.00,5033.00,4822.00,5018.00,4682.00,4493.00,4384.00,4189.00,4206.00,4147.00,3993.00,3952.00,3950.00,3920.00,3660.00,3684.00,3407.00,3533.00,3402.00,3149.00,3124.00,2955.00,2846.00,2753.00,2645.00,2356.00,2275.00,2187.00,2124.00,1901.00,2029.00,1896.00,1752.00,1739.00,1651.00,1640.00,1569.00,1249.00,1264.00,1135.00,981.00,992.00,831.00,866.00,778.00,714.00,625.00,574.00,467.00,381.00,1550.00
E09000021,Kingston upon Thames,London Borough,170454.00,1621.00,1889.00,1806.00,1812.00,1907.00,1984.00,1998.00,2086.00,2145.00,2051.00,2181.00,2245.00,2249.00,2161.00,2177.00,2191.00,2035.00,1977.00,2070.00,2123.00,2090.00,2124.00,2077.00,2405.00,2508.00,2378.00,2123.00,2193.00,2196.00,2154.00,2276.00,2525.00,2427.00,2517.00,2584.00,2637.00,2463.00,2502.00,2567.00,2479.00,2682.00,2573.00,2714.00,2808.00,2681.00,2667.00,2489.00,2517.00,2523.00,2441.00,2503.00,2460.00,2486.00,2237.00,2279.00,2244.00,2076.00,2104.00,1990.00,2025.00,1879.00,1782.00,1699.00,1621.00,1660.00,1500.00,1422.00,1352.00,1278.00,1321.00,1272.00,1178.00,1235.00,1201.00,1222.00,1291.00,1363.00,1049.00,918.00,912.00,819.00,678.00,593.00,650.00,599.00,513.00,476.00,424.00,365.00,340.00,1410.00
E09000024,Merton,London Borough,215219.00,2353.00,2710.00,2606.00,2652.00,2714.00,2701.00,2571.00,2777.00,2535.00,2572.00,2633.00,2689.00,2608.00,2699.00,2552.00,2647.00,2626.00,2431.00,2379.00,1650.00,1523.00,1720.00,2157.00,2555.00,3036.00,3221.00,3217.00,3290.00,3563.00,3425.00,3563.00,3668.00,3658.00,3731.00,3741.00,3738.00,3581.00,3575.00,3558.00,3575.00,3631.00,3572.00,3651.00,3430.00,3440.00,3236.00,3349.00,3066.00,3041.00,3012.00,3096.00,2904.00,2811.00,2801.00,2760.00,2853.00,2803.00,2695.00,2512.00,2434.00,2376.00,2242.00,2159.00,2067.00,1903.00,1814.00,1801.00,1663.00,1564.00,1522.00,1490.00,1366.00,1388.00,1347.00,1309.00,1288.00,1329.00,1018.00,968.00,890.00,839.00,739.00,724.00,693.00,682.00,618.00,529.00,446.00,404.00,322.00,1422.00
E09000026,Redbridge,London Borough,313392.00,4153.00,4446.00,4338.00,4364.00,4248.00,4290.00,4262.00,4401.00,4295.00,4140.00,4313.00,4358.00,4227.00,4280.00,4302.00,4307.00,4277.00,4164.00,4074.00,3522.00,3293.00,3520.00,3954.00,4403.00,4777.00,4811.00,4867.00,4683.00,4538.00,4520.00,4515.00,4574.00,4619.00,4747.00,4745.00,4774.00,4839.00,4656.00,5025.00,4955.00,5001.00,4903.00,5013.00,4982.00,4724.00,4686.00,4568.00,4367.00,4282.00,4144.00,3991.00,3792.00,3879.00,3819.00,3841.00,3783.00,3403.00,3347.00,3527.00,3434.00,3100.00,3060.00,2862.00,2984.00,2625.00,2685.00,2555.00,2446.00,2260.00,2175.00,2117.00,1972.00,1868.00,1822.00,1732.00,1755.00,1871.00,1420.00,1343.00,1250.00,1160.00,1007.00,931.00,1015.00,895.00,866.00,713.00,680.00,577.00,551.00,2033.00
E09000027,Richmond upon Thames,London Borough,195513.00,1713.00,2053.00,2057.00,2218.00,2304.00,2378.00,2489.00,2552.00,2605.00,2561.00,2681.00,2718.00,2756.00,2818.00,2626.00,2670.00,2447.00,2301.00,2180.00,1512.00,1231.00,1328.00,1632.00,1915.00,2182.00,2099.00,1890.00,1855.00,1924.00,2058.00,1996.00,2068.00,2257.00,2315.00,2479.00,2481.00,2627.00,2711.00,2716.00,2817.00,3016.00,3026.00,3148.00,3335.00,3298.00,3152.00,3221.00,3041.00,3165.00,3125.00,3225.00,3209.00,3193.00,3010.00,2951.00,2958.00,2934.00,2860.00,2719.00,2664.00,2514.00,2397.00,2248.00,2076.00,1937.00,1896.00,1876.00,1663.00,1656.00,1616.00,1574.00,1574.00,1660.00,1598.00,1678.00,1749.00,1825.00,1399.00,1240.00,1323.00,1036.00,906.00,790.00,775.00,808.00,729.00,530.00,512.00,453.00,361.00,1644.00
E09000029,Sutton,London Borough,211123.00,2129.00,2315.00,2351.00,2551.00,2567.00,2713.00,2830.00,2842.00,3009.00,2954.00,2979.00,3223.00,3229.00,3056.00,3029.00,2834.00,2795.00,2663.00,2425.00,1596.00,1469.00,1627.00,1797.00,2119.00,2248.00,2403.00,2367.00,2228.00,2340.00,2579.00,2529.00,2776.00,2778.00,2897.00,2846.00,3072.00,3098.00,3207.00,3284.00,3264.00,3625.00,3592.00,3702.00,3608.00,3615.00,3372.00,3202.00,3064.00,3192.00,3053.00,2918.00,3025.00,2983.00,2882.00,2764.00,2875.00,2797.00,2768.00,2778.00,2590.00,2559.00,2356.00,2236.00,2189.00,2059.00,1891.00,1838.00,1785.00,1694.00,1704.00,1583.00,1463.00,1462.00,1465.00,1501.00,1557.00,1788.00,1326.00,1207.00,1140.00,1052.00,873.00,756.00,833.00,786.00,715.00,616.00,606.00,507.00,423.00,1730.00
E09000031,Waltham Forest,London Borough,275980.00,3835.00,4020.00,3708.00,3677.00,3673.00,3319.00,3430.00,3508.00,3352.00,3290.00,3327.00,3425.00,3301.00,3277.00,3281.00,3232.00,3261.00,3186.00,3108.00,2721.00,2633.00,2643.00,2940.00,3458.00,3647.00,3852.00,3969.00,4017.00,4300.00,4678.00,4910.00,5159.00,5518.00,5580.00,5415.00,5597.00,5519.00,5380.00,5232.00,5233.00,4911.00,4744.00,4589.00,4607.00,4294.00,4308.00,3888.00,3956.00,3845.00,3474.00,3439.00,3562.00,3640.00,3438.00,3381.00,3377.00,3198.00,3197.00,3021.00,3041.00,2863.00,2670.00,2550.00,2541.00,2332.00,2054.00,1945.00,1831.00,1796.00,1644.00,1564.00,1539.00,1422.00,1297.00,1274.00,1327.00,1334.00,1119.00,937.00,922.00,921.00,790.00,629.00,743.00,691.00,616.00,594.00,485.00,385.00,341.00,1303.00
E12000008,SOUTH EAST,Region,9482507.00,90346.00,97364.00,99006.00,102861.00,105395.00,106985.00,109520.00,112433.00,112887.00,112753.00,116181.00,120589.00,120706.00,119001.00,117522.00,118541.00,114749.00,112123.00,110038.00,102458.00,96566.00,98818.00,100749.00,102022.00,106872.00,107156.00,107543.00,106274.00,109093.00,112901.00,115028.00,120737.00,124083.00,125934.00,126744.00,129170.00,128227.00,127511.00,127444.00,124841.00,126757.00,126973.00,129202.00,130233.00,125843.00,118748.00,116562.00,117255.00,120361.00,121742.00,125745.00,128836.00,132250.00,127342.00,130223.00,130311.00,132022.00,130518.00,130969.00,128123.00,124865.00,120220.00,115637.00,110470.00,108002.00,103881.00,99122.00,95364.00,92020.00,90855.00,88982.00,86264.00,86263.00,87420.00,90281.00,95330.00,104090.00,78483.00,73615.00,71852.00,65150.00,55923.00,47203.00,48385.00,45802.00,41971.00,37413.00,33572.00,29400.00,24940.00,100546.00
E06000036,Bracknell Forest,Unitary Authority,128351.00,1355.00,1482.00,1454.00,1483.00,1468.00,1542.00,1494.00,1557.00,1582.00,1570.00,1651.00,1703.00,1637.00,1709.00,1813.00,1780.00,1688.00,1679.00,1577.00,1016.00,855.00,951.00,1220.00,1388.00,1460.00,1595.00,1602.00,1621.00,1599.00,1795.00,1717.00,1938.00,1855.00,1896.00,2014.00,2009.00,2057.00,1967.00,1925.00,1962.00,1923.00,1997.00,1989.00,2086.00,1884.00,1761.00,1660.00,1717.00,1728.00,1805.00,1758.00,1787.00,1841.00,1762.00,1781.00,1744.00,1808.00,1692.00,1656.00,1715.00,1541.00,1515.00,1505.00,1455.00,1356.00,1335.00,1201.00,1196.00,1099.00,1060.00,1026.00,975.00,1026.00,918.00,909.00,1036.00,1038.00,809.00,767.00,728.00,602.00,511.00,454.00,481.00,450.00,447.00,351.00,335.00,300.00,246.00,919.00
E06000043,Brighton and Hove,Unitary Authority,279637.00,2051.00,2236.00,2173.00,2368.00,2275.00,2427.00,2431.00,2564.00,2679.00,2558.00,2623.00,2709.00,2764.00,2965.00,2909.00,3052.00,2920.00,2962.00,3688.00,6588.00,7284.00,6355.00,5956.00,4656.00,4628.00,4159.00,4247.00,4214.00,3990.00,4225.00,4191.00,4292.00,4396.00,4188.00,3967.00,3971.00,3950.00,3790.00,3649.00,3983.00,3751.00,3798.00,3935.00,3879.00,3838.00,3660.00,3732.00,3620.00,3572.00,3916.00,4111.00,4367.00,4194.00,3944.00,4271.00,4076.00,3936.00,3959.00,3884.00,3581.00,3270.00,3128.00,2940.00,2800.00,2656.00,2443.00,2257.00,2223.00,2199.00,2115.00,1992.00,1919.00,1960.00,1782.00,1947.00,1981.00,2021.00,1560.00,1415.00,1422.00,1263.00,1065.00,947.00,985.00,842.00,776.00,748.00,697.00,576.00,520.00,2131.00
E06000046,Isle of Wight,Unitary Authority,140906.00,983.00,1036.00,1092.00,1085.00,1175.00,1230.00,1271.00,1308.00,1397.00,1413.00,1404.00,1469.00,1403.00,1466.00,1407.00,1443.00,1457.00,1399.00,1338.00,1062.00,895.00,921.00,1089.00,1190.00,1254.00,1216.00,1390.00,1300.00,1337.00,1387.00,1343.00,1385.00,1515.00,1416.00,1507.00,1538.00,1517.00,1448.00,1457.00,1410.00,1421.00,1384.00,1441.00,1491.00,1503.00,1349.00,1386.00,1407.00,1561.00,1579.00,1727.00,1711.00,1973.00,1966.00,2024.00,2165.00,2281.00,2267.00,2338.00,2270.00,2303.00,2296.00,2215.00,2219.00,2229.00,2104.00,2074.00,2145.00,2077.00,2146.00,2030.00,2039.00,1933.00,1979.00,2118.00,2270.00,2438.00,1858.00,1742.00,1696.00,1586.00,1350.00,972.00,1054.00,971.00,890.00,736.00,718.00,605.00,504.00,2012.00
E06000035,Medway,Unitary Authority,286800.00,3263.00,3474.00,3411.00,3564.00,3704.00,3733.00,3836.00,3871.00,3873.00,3809.00,3761.00,3960.00,3951.00,3827.00,3777.00,3737.00,3591.00,3545.00,3373.00,2936.00,2802.00,2972.00,2906.00,3040.00,3396.00,3573.00,3489.00,3564.00,3785.00,3974.00,3856.00,4079.00,4317.00,4294.00,4321.00,4418.00,4189.00,4194.00,4152.00,3973.00,3895.00,4186.00,3906.00,4141.00,3876.00,3548.00,3567.00,3432.00,3543.00,3471.00,3552.00,3582.00,3726.00,3656.00,3762.00,3682.00,3733.00,3812.00,3737.00,3575.00,3669.00,3429.00,3395.00,3118.00,3008.00,2877.00,2817.00,2631.00,2495.00,2525.00,2388.00,2341.00,2255.00,2288.00,2410.00,2536.00,2697.00,1964.00,1786.00,1707.00,1556.00,1367.00,1108.00,1113.00,1067.00,1006.00,810.00,740.00,611.00,472.00,1942.00
E06000042,Milton Keynes,Unitary Authority,298270.00,3187.00,3414.00,3644.00,3725.00,3920.00,4025.00,4074.00,4241.00,4244.00,4208.00,4381.00,4432.00,4465.00,4411.00,4348.00,4266.00,3976.00,3836.00,3587.00,2670.00,2096.00,2385.00,2841.00,3220.00,3651.00,3592.00,3823.00,3764.00,3716.00,3914.00,4211.00,4497.00,4537.00,4607.00,4612.00,4803.00,4688.00,4900.00,4906.00,4684.00,4821.00,4759.00,4981.00,4788.00,4714.00,4397.00,4172.00,4197.00,4156.00,4071.00,4055.00,3891.00,4020.00,3843.00,3850.00,3668.00,3683.00,3566.00,3469.00,3474.00,3189.00,3029.00,2984.00,2908.00,2889.00,2687.00,2662.00,2477.00,2454.00,2357.00,2303.00,2226.00,2234.00,2124.00,2132.00,2054.00,2195.00,1648.00,1414.00,1444.00,1257.00,1132.00,968.00,906.00,865.00,738.00,665.00,615.00,508.00,409.00,1721.00
E06000044,Portsmouth,Unitary Authority,210297.00,2168.00,2118.00,2320.00,2375.00,2257.00,2274.00,2341.00,2464.00,2483.00,2476.00,2450.00,2448.00,2426.00,2466.00,2388.00,2354.00,2289.00,2210.00,2648.00,4026.00,4702.00,5234.00,4354.00,3494.00,2806.00,2867.00,3041.00,2850.00,3071.00,3128.00,3258.00,3316.00,3335.00,3148.00,3236.00,3325.00,3192.00,3296.00,3146.00,2890.00,2971.00,2827.00,2684.00,2694.00,2460.00,2410.00,2288.00,2339.00,2338.00,2319.00,2404.00,2563.00,2657.00,2593.00,2518.00,2611.00,2560.00,2599.00,2551.00,2455.00,2482.00,2330.00,2288.00,2113.00,2018.00,1936.00,1826.00,1775.00,1691.00,1588.00,1522.00,1492.00,1428.00,1500.00,1455.00,1563.00,1761.00,1276.00,1232.00,1066.00,1016.00,937.00,723.00,769.00,729.00,710.00,572.00,528.00,519.00,432.00,1509.00
E06000038,Reading,Unitary Authority,178196.00,2072.00,2093.00,2100.00,2133.00,2066.00,2062.00,2226.00,2289.00,2006.00,2117.00,2233.00,2047.00,2063.00,2049.00,2155.00,2149.00,2068.00,2001.00,2112.00,3081.00,3436.00,3627.00,3385.00,2821.00,2703.00,2676.00,2647.00,2845.00,2854.00,2931.00,2919.00,2970.00,3021.00,3162.00,3056.00,3129.00,3108.00,3057.00,2832.00,2888.00,2813.00,2804.00,2758.00,2770.00,2571.00,2294.00,2329.00,2270.00,2318.00,2091.00,2186.00,2112.00,2144.00,2132.00,2016.00,1968.00,2059.00,1965.00,1877.00,1836.00,1753.00,1633.00,1578.00,1507.00,1475.00,1370.00,1292.00,1202.00,1178.00,1144.00,1036.00,1025.00,978.00,941.00,1007.00,1043.00,1105.00,758.00,806.00,859.00,711.00,665.00,546.00,580.00,504.00,498.00,424.00,363.00,329.00,291.00,1093.00
E06000039,Slough,Unitary Authority,160713.00,2274.00,2230.00,2216.00,2452.00,2496.00,2391.00,2550.00,2657.00,2510.00,2654.00,2587.00,2655.00,2642.00,2669.00,2551.00,2542.00,2481.00,2292.00,2134.00,1666.00,1535.00,1585.00,1729.00,1869.00,2021.00,1976.00,2173.00,2042.00,2171.00,2258.00,2158.00,2256.00,2377.00,2443.00,2427.00,2618.00,2705.00,2829.00,2987.00,2820.00,2970.00,2960.00,2999.00,2814.00,2623.00,2576.00,2471.00,2238.00,2284.00,2092.00,2117.00,2044.00,1968.00,1852.00,1919.00,1905.00,1700.00,1672.00,1646.00,1450.00,1412.00,1445.00,1345.00,1286.00,1271.00,1197.00,1101.00,1069.00,1056.00,962.00,915.00,820.00,796.00,808.00,699.00,662.00,638.00,495.00,469.00,453.00,436.00,397.00,374.00,398.00,338.00,285.00,293.00,269.00,220.00,197.00,679.00
E06000045,Southampton,Unitary Authority,256110.00,2612.00,2780.00,2793.00,2807.00,2782.00,2747.00,2807.00,2823.00,2881.00,2852.00,2859.00,2904.00,2999.00,2797.00,2838.00,2829.00,2591.00,2672.00,3260.00,5994.00,6831.00,5944.00,5312.00,5351.00,5228.00,4695.00,4443.00,4097.00,4310.00,4112.00,4232.00,4138.00,3993.00,4143.00,3922.00,3964.00,3753.00,3754.00,3794.00,3583.00,3636.00,3480.00,3439.00,3438.00,3214.00,3088.00,2963.00,3013.00,2850.00,2839.00,2868.00,2806.00,2907.00,2766.00,2549.00,2739.00,2761.00,2699.00,2809.00,2691.00,2699.00,2539.00,2395.00,2324.00,2296.00,2263.00,2027.00,1985.00,1849.00,1874.00,1845.00,1653.00,1696.00,1713.00,1657.00,1616.00,1735.00,1414.00,1362.00,1214.00,1143.00,999.00,875.00,844.00,777.00,719.00,616.00,593.00,475.00,417.00,1715.00
E06000037,West Berkshire,Unitary Authority,163367.00,1498.00,1570.00,1609.00,1703.00,1704.00,1813.00,1862.00,1938.00,1903.00,2025.00,2036.00,2141.00,2195.00,2256.00,2281.00,2398.00,2220.00,2173.00,1798.00,1388.00,1113.00,1091.00,1296.00,1642.00,1629.00,1682.00,1642.00,1626.00,1827.00,1770.00,1836.00,1942.00,1994.00,2063.00,2072.00,2086.00,2013.00,2133.00,2134.00,2126.00,2008.00,2084.00,2158.00,2141.00,2196.00,2060.00,2115.00,2126.00,2243.00,2255.00,2343.00,2473.00,2563.00,2380.00,2585.00,2440.00,2456.00,2369.00,2361.00,2294.00,2317.00,2201.00,2122.00,1981.00,2011.00,1935.00,1799.00,1772.00,1643.00,1627.00,1632.00,1590.00,1578.00,1537.00,1610.00,1692.00,1826.00,1379.00,1363.00,1242.00,1101.00,941.00,806.00,836.00,744.00,711.00,579.00,507.00,500.00,359.00,1548.00
E06000040,Windsor and Maidenhead,Unitary Authority,155239.00,1381.00,1561.00,1623.00,1626.00,1746.00,1753.00,1770.00,1801.00,1846.00,1858.00,1921.00,2125.00,2081.00,2142.00,2329.00,2320.00,2270.00,2128.00,1972.00,1224.00,956.00,971.00,1291.00,1452.00,1590.00,1652.00,1640.00,1653.00,1575.00,1631.00,1659.00,1764.00,1900.00,1887.00,1974.00,1966.00,1990.00,2036.00,2038.00,2057.00,2246.00,2196.00,2345.00,2370.00,2298.00,2265.00,2140.00,2221.00,2292.00,2264.00,2284.00,2305.00,2409.00,2257.00,2214.00,2326.00,2256.00,2147.00,2206.00,2040.00,2082.00,2038.00,1950.00,1825.00,1733.00,1596.00,1571.00,1478.00,1431.00,1391.00,1346.00,1375.00,1317.00,1315.00,1382.00,1485.00,1572.00,1193.00,1129.00,1167.00,1000.00,892.00,732.00,755.00,783.00,685.00,632.00,510.00,527.00,407.00,1700.00
E06000041,Wokingham,Unitary Authority,183870.00,1628.00,1891.00,1922.00,2054.00,2193.00,2266.00,2354.00,2572.00,2521.00,2632.00,2787.00,2909.00,2922.00,2801.00,2648.00,2551.00,2396.00,2267.00,2259.00,1900.00,1535.00,1539.00,1583.00,1616.00,1783.00,1853.00,1847.00,1740.00,1811.00,2030.00,1959.00,2117.00,2106.00,2232.00,2218.00,2383.00,2473.00,2603.00,2660.00,2587.00,2779.00,2862.00,2862.00,3146.00,2880.00,2835.00,2840.00,2757.00,2669.00,2751.00,2646.00,2722.00,2673.00,2481.00,2554.00,2403.00,2412.00,2328.00,2430.00,2384.00,2296.00,2188.00,2055.00,1982.00,1846.00,1947.00,1751.00,1635.00,1512.00,1491.00,1452.00,1469.00,1419.00,1451.00,1496.00,1651.00,1776.00,1254.00,1246.00,1256.00,1107.00,953.00,818.00,778.00,810.00,764.00,667.00,587.00,505.00,448.00,1698.00
E06000060,Buckinghamshire,Unitary Authority,566694.00,5605.00,6117.00,6368.00,6457.00,6709.00,6947.00,7032.00,7132.00,7329.00,7237.00,7476.00,8043.00,7935.00,7755.00,7524.00,7545.00,7335.00,7070.00,6811.00,4546.00,3668.00,4155.00,4858.00,5477.00,5781.00,5856.00,5843.00,5778.00,5951.00,6133.00,6354.00,6931.00,7259.00,7146.00,7370.00,7710.00,7527.00,7586.00,7629.00,7603.00,7962.00,8094.00,8387.00,8200.00,8101.00,7744.00,7492.00,7540.00,7461.00,7533.00,7975.00,8114.00,8101.00,7693.00,7874.00,7990.00,8262.00,8000.00,7935.00,7879.00,7591.00,7195.00,6927.00,6594.00,6434.00,6100.00,5893.00,5638.00,5329.00,5147.00,5139.00,4878.00,4818.00,4937.00,5151.00,5255.00,5804.00,4353.00,4106.00,4137.00,3745.00,3281.00,2758.00,2930.00,2673.00,2543.00,2232.00,2019.00,1800.00,1444.00,5918.00
E10000011,East Sussex,County,555484.00,4339.00,4716.00,4915.00,5223.00,5360.00,5500.00,5586.00,5697.00,5825.00,5789.00,6128.00,6306.00,6405.00,6388.00,6315.00,6407.00,6446.00,6261.00,5844.00,4758.00,4282.00,3962.00,4593.00,4968.00,5276.00,5409.00,5263.00,5226.00,5228.00,5499.00,5518.00,5985.00,6058.00,6115.00,6331.00,6412.00,6462.00,6155.00,6196.00,6020.00,6295.00,6313.00,6371.00,6511.00,6340.00,5831.00,5686.00,6045.00,6440.00,6618.00,7220.00,7601.00,7974.00,7666.00,7988.00,8038.00,8656.00,8380.00,8566.00,8665.00,8519.00,8150.00,7896.00,7836.00,7689.00,7465.00,7201.00,7130.00,6770.00,7002.00,6897.00,6662.00,6794.00,7039.00,7078.00,7729.00,8716.00,6383.00,5883.00,5860.00,5225.00,4524.00,3696.00,3770.00,3667.00,3325.00,3014.00,2686.00,2300.00,2011.00,8197.00
E07000061,Eastbourne,Non-metropolitan District,103796.00,804.00,865.00,919.00,971.00,982.00,1052.00,1041.00,1031.00,1147.00,1065.00,1158.00,1209.00,1200.00,1231.00,1283.00,1203.00,1342.00,1231.00,1172.00,1104.00,1013.00,957.00,939.00,959.00,1081.00,1147.00,1163.00,1127.00,1121.00,1216.00,1157.00,1254.00,1288.00,1233.00,1289.00,1297.00,1310.00,1253.00,1225.00,1212.00,1222.00,1253.00,1291.00,1319.00,1219.00,1200.00,1096.00,1161.00,1221.00,1239.00,1304.00,1339.00,1402.00,1321.00,1363.00,1403.00,1452.00,1394.00,1436.00,1454.00,1441.00,1430.00,1343.00,1298.00,1297.00,1280.00,1214.00,1249.00,1108.00,1192.00,1130.00,1129.00,1152.00,1234.00,1188.00,1332.00,1469.00,1143.00,1004.00,959.00,878.00,810.00,686.00,631.00,626.00,660.00,600.00,524.00,415.00,397.00,1637.00
E07000062,Hastings,Non-metropolitan District,90817.00,863.00,943.00,916.00,950.00,1018.00,983.00,999.00,1015.00,1000.00,1036.00,1070.00,1025.00,1055.00,1025.00,1057.00,1109.00,1037.00,1028.00,971.00,849.00,738.00,669.00,840.00,902.00,945.00,953.00,974.00,1019.00,1001.00,1066.00,1082.00,1209.00,1150.00,1250.00,1197.00,1310.00,1272.00,1214.00,1141.00,1178.00,1187.00,1210.00,1168.00,1150.00,1135.00,1007.00,994.00,1091.00,1124.00,1108.00,1266.00,1259.00,1344.00,1289.00,1294.00,1416.00,1415.00,1435.00,1366.00,1409.00,1363.00,1276.00,1223.00,1200.00,1143.00,1072.00,1104.00,1035.00,965.00,1043.00,975.00,924.00,949.00,890.00,942.00,1013.00,1049.00,752.00,734.00,696.00,594.00,505.00,435.00,433.00,405.00,358.00,336.00,285.00,261.00,239.00,892.00
E07000063,Lewes,Non-metropolitan District,101356.00,736.00,796.00,839.00,933.00,948.00,1039.00,1042.00,1021.00,1048.00,1036.00,1149.00,1251.00,1212.00,1251.00,1167.00,1114.00,1175.00,1133.00,1064.00,885.00,775.00,710.00,915.00,915.00,904.00,873.00,871.00,779.00,821.00,842.00,960.00,1024.00,1007.00,1073.00,1146.00,1127.00,1157.00,1114.00,1155.00,1123.00,1260.00,1204.00,1201.00,1220.00,1252.00,1071.00,1098.00,1201.00,1226.00,1188.00,1353.00,1472.00,1484.00,1413.00,1496.00,1432.00,1614.00,1437.00,1585.00,1515.00,1534.00,1419.00,1393.00,1455.00,1398.00,1325.00,1249.00,1282.00,1261.00,1262.00,1228.00,1289.00,1238.00,1298.00,1313.00,1377.00,1604.00,1164.00,1075.00,1117.00,979.00,832.00,674.00,761.00,730.00,653.00,573.00,519.00,456.00,424.00,1622.00
E07000064,Rother,Non-metropolitan District,94862.00,635.00,650.00,723.00,835.00,801.00,853.00,805.00,825.00,850.00,831.00,983.00,1002.00,1036.00,991.00,957.00,1050.00,1046.00,1026.00,945.00,678.00,642.00,605.00,666.00,770.00,794.00,904.00,834.00,811.00,786.00,827.00,764.00,875.00,869.00,856.00,913.00,894.00,895.00,798.00,882.00,854.00,828.00,880.00,926.00,956.00,928.00,848.00,818.00,910.00,936.00,1005.00,1116.00,1239.00,1319.00,1235.00,1362.00,1283.00,1520.00,1483.00,1518.00,1591.00,1571.00,1542.00,1481.00,1475.00,1483.00,1427.00,1399.00,1427.00,1367.00,1388.00,1407.00,1336.00,1453.00,1556.00,1473.00,1645.00,1915.00,1383.00,1266.00,1259.00,1133.00,974.00,813.00,813.00,808.00,683.00,634.00,589.00,522.00,381.00,1797.00
E07000065,Wealden,Non-metropolitan District,164653.00,1301.00,1462.00,1518.00,1534.00,1611.00,1573.00,1699.00,1805.00,1780.00,1821.00,1768.00,1819.00,1902.00,1890.00,1851.00,1931.00,1846.00,1843.00,1692.00,1242.00,1114.00,1021.00,1233.00,1422.00,1552.00,1532.00,1421.00,1490.00,1499.00,1548.00,1555.00,1623.00,1744.00,1703.00,1786.00,1784.00,1828.00,1776.00,1793.00,1653.00,1798.00,1766.00,1785.00,1866.00,1806.00,1705.00,1680.00,1682.00,1933.00,2078.00,2181.00,2292.00,2425.00,2408.00,2473.00,2504.00,2655.00,2631.00,2661.00,2696.00,2610.00,2483.00,2456.00,2408.00,2368.00,2361.00,2235.00,2137.00,2069.00,2117.00,2157.00,1984.00,2002.00,2061.00,2162.00,2362.00,2679.00,1941.00,1804.00,1829.00,1641.00,1403.00,1088.00,1132.00,1098.00,971.00,871.00,769.00,646.00,570.00,2249.00
E10000014,Hampshire,County,1428559.00,12795.00,13921.00,14209.00,14696.00,15243.00,15146.00,15813.00,16379.00,16363.00,16351.00,17147.00,17694.00,17339.00,16988.00,16551.00,16664.00,16151.00,16160.00,15673.00,12655.00,11452.00,12092.00,12801.00,13629.00,14898.00,14874.00,15202.00,15359.00,15963.00,16285.00,16524.00,17487.00,18107.00,18299.00,18559.00,18544.00,18745.00,18344.00,18145.00,17671.00,17941.00,17739.00,18348.00,18566.00,17651.00,16803.00,16655.00,16775.00,17683.00,17898.00,18868.00,19507.00,20389.00,19590.00,20293.00,20427.00,20829.00,20624.00,21034.00,20584.00,20473.00,19604.00,19036.00,18235.00,17776.00,17132.00,16626.00,15684.00,15137.00,14917.00,14794.00,14488.00,14352.00,14662.00,15423.00,16260.00,18051.00,13652.00,12980.00,12361.00,11227.00,9602.00,8266.00,8437.00,7910.00,7303.00,6516.00,5740.00,5078.00,4304.00,17411.00
E07000084,Basingstoke and Deane,Non-metropolitan District,190198.00,1972.00,2149.00,2149.00,2206.00,2270.00,2116.00,2336.00,2375.00,2294.00,2253.00,2428.00,2501.00,2457.00,2264.00,2151.00,2138.00,2167.00,2081.00,2032.00,1414.00,1261.00,1383.00,1701.00,1978.00,2264.00,2236.00,2293.00,2451.00,2568.00,2616.00,2583.00,2706.00,2840.00,2974.00,3018.00,2885.00,2880.00,2916.00,2650.00,2686.00,2705.00,2646.00,2750.00,2760.00,2566.00,2454.00,2385.00,2410.00,2607.00,2495.00,2577.00,2674.00,2742.00,2573.00,2720.00,2732.00,2776.00,2598.00,2641.00,2609.00,2541.00,2452.00,2180.00,2213.00,2048.00,1923.00,1873.00,1699.00,1640.00,1683.00,1659.00,1653.00,1572.00,1599.00,1692.00,1762.00,1914.00,1462.00,1318.00,1268.00,1150.00,959.00,866.00,887.00,794.00,754.00,630.00,549.00,487.00,365.00,1544.00
E07000085,East Hampshire,Non-metropolitan District,128440.00,1041.00,1120.00,1232.00,1289.00,1272.00,1315.00,1383.00,1420.00,1352.00,1475.00,1500.00,1643.00,1530.00,1546.00,1528.00,1625.00,1511.00,1501.00,1496.00,1132.00,848.00,808.00,956.00,1108.00,1124.00,1185.00,1291.00,1147.00,1257.00,1290.00,1322.00,1365.00,1394.00,1396.00,1523.00,1421.00,1509.00,1535.00,1378.00,1454.00,1490.00,1518.00,1640.00,1564.00,1632.00,1479.00,1561.00,1514.00,1650.00,1694.00,1839.00,1890.00,1919.00,1854.00,1978.00,1958.00,1968.00,1963.00,1967.00,2015.00,1952.00,1873.00,1845.00,1793.00,1652.00,1673.00,1678.00,1606.00,1512.00,1413.00,1418.00,1441.00,1310.00,1371.00,1502.00,1584.00,1781.00,1324.00,1191.00,1209.00,1118.00,974.00,802.00,852.00,810.00,704.00,612.00,581.00,480.00,422.00,1642.00
E07000086,Eastleigh,Non-metropolitan District,140950.00,1363.00,1527.00,1441.00,1515.00,1663.00,1644.00,1642.00,1711.00,1710.00,1790.00,1852.00,1841.00,1831.00,1867.00,1763.00,1685.00,1631.00,1669.00,1462.00,1158.00,1010.00,1063.00,1233.00,1338.00,1459.00,1523.00,1595.00,1582.00,1706.00,1790.00,1875.00,1908.00,2036.00,2063.00,2125.00,2037.00,1972.00,1885.00,2042.00,1961.00,1897.00,1922.00,1980.00,1984.00,1854.00,1747.00,1741.00,1773.00,1765.00,1800.00,1876.00,1784.00,1918.00,1959.00,1895.00,1916.00,1843.00,1849.00,1940.00,1903.00,1823.00,1742.00,1743.00,1643.00,1626.00,1538.00,1523.00,1418.00,1410.00,1387.00,1381.00,1288.00,1277.00,1271.00,1377.00,1422.00,1428.00,1131.00,1114.00,1076.00,937.00,829.00,684.00,743.00,667.00,663.00,586.00,494.00,431.00,404.00,1580.00
E07000087,Fareham,Non-metropolitan District,114155.00,818.00,957.00,909.00,1044.00,1055.00,1135.00,1178.00,1220.00,1241.00,1268.00,1258.00,1314.00,1307.00,1247.00,1250.00,1274.00,1189.00,1187.00,1185.00,1035.00,846.00,868.00,1063.00,1126.00,1160.00,1166.00,1143.00,1042.00,1077.00,1102.00,1032.00,1178.00,1198.00,1252.00,1398.00,1354.00,1420.00,1448.00,1356.00,1378.00,1298.00,1346.00,1361.00,1402.00,1221.00,1283.00,1290.00,1351.00,1349.00,1368.00,1490.00,1594.00,1679.00,1561.00,1677.00,1692.00,1708.00,1742.00,1792.00,1693.00,1778.00,1699.00,1726.00,1578.00,1618.00,1504.00,1439.00,1463.00,1331.00,1242.00,1288.00,1257.00,1261.00,1306.00,1444.00,1455.00,1685.00,1296.00,1191.00,1146.00,1089.00,904.00,777.00,764.00,775.00,695.00,621.00,574.00,486.00,467.00,1721.00
E07000088,Gosport,Non-metropolitan District,82385.00,756.00,797.00,825.00,837.00,848.00,871.00,880.00,932.00,913.00,952.00,965.00,963.00,985.00,1032.00,964.00,1030.00,987.00,912.00,915.00,806.00,730.00,729.00,804.00,923.00,980.00,850.00,905.00,898.00,965.00,972.00,1004.00,1025.00,1017.00,1020.00,1022.00,1065.00,1016.00,1044.00,1072.00,973.00,1013.00,965.00,986.00,1039.00,946.00,896.00,849.00,891.00,904.00,984.00,1019.00,1094.00,1173.00,1082.00,1156.00,1149.00,1197.00,1175.00,1254.00,1242.00,1195.00,1194.00,1150.00,1180.00,1126.00,1076.00,1014.00,979.00,913.00,909.00,843.00,870.00,883.00,836.00,951.00,958.00,1040.00,770.00,788.00,670.00,581.00,522.00,401.00,466.00,434.00,390.00,365.00,300.00,260.00,197.00,926.00
E07000089,Hart,Non-metropolitan District,101542.00,890.00,970.00,1025.00,1040.00,1172.00,1110.00,1227.00,1238.00,1275.00,1232.00,1319.00,1407.00,1362.00,1323.00,1261.00,1276.00,1228.00,1255.00,1205.00,778.00,732.00,874.00,905.00,930.00,1067.00,1072.00,1009.00,1035.00,1040.00,1060.00,1092.00,1141.00,1265.00,1219.00,1182.00,1242.00,1291.00,1320.00,1335.00,1257.00,1343.00,1357.00,1415.00,1420.00,1408.00,1333.00,1356.00,1358.00,1402.00,1477.00,1564.00,1599.00,1596.00,1426.00,1435.00,1510.00,1452.00,1432.00,1488.00,1420.00,1433.00,1298.00,1245.00,1171.00,1149.00,1109.00,1023.00,962.00,929.00,954.00,947.00,886.00,926.00,984.00,988.00,1059.00,1202.00,911.00,872.00,855.00,769.00,658.00,589.00,603.00,550.00,501.00,452.00,379.00,319.00,300.00,1067.00
E07000090,Havant,Non-metropolitan District,125682.00,1185.00,1247.00,1182.00,1232.00,1311.00,1262.00,1379.00,1394.00,1430.00,1352.00,1429.00,1514.00,1487.00,1446.00,1443.00,1405.00,1382.00,1397.00,1307.00,1098.00,969.00,1057.00,1085.00,1089.00,1266.00,1235.00,1319.00,1311.00,1415.00,1356.00,1408.00,1510.00,1552.00,1609.00,1460.00,1555.00,1557.00,1492.00,1487.00,1535.00,1400.00,1382.00,1496.00,1397.00,1376.00,1250.00,1257.00,1225.00,1338.00,1386.00,1450.00,1610.00,1714.00,1722.00,1794.00,1788.00,1889.00,1904.00,1892.00,1890.00,1893.00,1847.00,1869.00,1761.00,1759.00,1704.00,1646.00,1555.00,1577.00,1487.00,1449.00,1376.00,1337.00,1428.00,1464.00,1596.00,1732.00,1392.00,1303.00,1151.00,1117.00,869.00,837.00,842.00,810.00,690.00,682.00,538.00,545.00,414.00,1703.00
E07000091,New Forest,Non-metropolitan District,175398.00,1185.00,1320.00,1401.00,1457.00,1486.00,1582.00,1568.00,1656.00,1681.00,1720.00,1867.00,1934.00,1921.00,1868.00,1913.00,1879.00,1854.00,1779.00,1732.00,1360.00,1172.00,1156.00,1362.00,1314.00,1490.00,1472.00,1424.00,1543.00,1420.00,1523.00,1495.00,1693.00,1731.00,1654.00,1701.00,1772.00,1877.00,1648.00,1788.00,1644.00,1858.00,1758.00,1910.00,1956.00,1900.00,1793.00,1732.00,1787.00,1946.00,2036.00,2117.00,2273.00,2465.00,2394.00,2627.00,2624.00,2702.00,2801.00,2925.00,2877.00,2890.00,2816.00,2750.00,2591.00,2686.00,2623.00,2532.00,2395.00,2332.00,2461.00,2452.00,2387.00,2412.00,2438.00,2520.00,2705.00,3121.00,2259.00,2209.00,2094.00,1878.00,1647.00,1418.00,1449.00,1280.00,1278.00,1150.00,1040.00,913.00,803.00,3346.00
E07000092,Rushmoor,Non-metropolitan District,102908.00,1185.00,1224.00,1346.00,1268.00,1303.00,1260.00,1168.00,1220.00,1353.00,1170.00,1190.00,1186.00,1150.00,1159.00,1058.00,1109.00,1122.00,1159.00,1109.00,892.00,834.00,1004.00,1153.00,1300.00,1352.00,1395.00,1441.00,1558.00,1607.00,1615.00,1710.00,1823.00,1776.00,1851.00,1748.00,1805.00,1874.00,1730.00,1651.00,1551.00,1589.00,1490.00,1468.00,1565.00,1370.00,1299.00,1264.00,1259.00,1262.00,1282.00,1340.00,1296.00,1387.00,1347.00,1385.00,1324.00,1352.00,1391.00,1304.00,1240.00,1252.00,1179.00,1150.00,1047.00,967.00,857.00,887.00,820.00,786.00,788.00,773.00,738.00,756.00,715.00,784.00,846.00,945.00,634.00,615.00,647.00,553.00,480.00,432.00,397.00,368.00,316.00,266.00,236.00,221.00,173.00,657.00
E07000093,Test Valley,Non-metropolitan District,134461.00,1318.00,1398.00,1400.00,1450.00,1477.00,1486.00,1570.00,1658.00,1592.00,1529.00,1721.00,1704.00,1660.00,1535.00,1562.00,1571.00,1397.00,1487.00,1432.00,978.00,843.00,886.00,1005.00,1189.00,1302.00,1395.00,1416.00,1461.00,1518.00,1530.00,1681.00,1728.00,1789.00,1768.00,1886.00,1788.00,1720.00,1755.00,1805.00,1669.00,1739.00,1773.00,1754.00,1797.00,1731.00,1643.00,1576.00,1624.00,1766.00,1758.00,1839.00,1866.00,1939.00,1922.00,1873.00,1933.00,2050.00,1944.00,2002.00,1912.00,1925.00,1817.00,1712.00,1679.00,1638.00,1601.00,1543.00,1431.00,1428.00,1350.00,1300.00,1275.00,1318.00,1430.00,1390.00,1485.00,1693.00,1277.00,1205.00,1186.00,1078.00,924.00,734.00,685.00,710.00,682.00,579.00,533.00,483.00,369.00,1501.00
E07000094,Winchester,Non-metropolitan District,132440.00,1082.00,1212.00,1299.00,1358.00,1386.00,1365.00,1482.00,1555.00,1522.00,1610.00,1618.00,1687.00,1649.00,1701.00,1658.00,1672.00,1683.00,1733.00,1798.00,2004.00,2207.00,2264.00,1534.00,1334.00,1434.00,1345.00,1366.00,1331.00,1390.00,1431.00,1322.00,1410.00,1509.00,1493.00,1496.00,1620.00,1629.00,1571.00,1581.00,1563.00,1609.00,1582.00,1588.00,1682.00,1647.00,1626.00,1644.00,1583.00,1694.00,1618.00,1757.00,1827.00,1857.00,1750.00,1753.00,1801.00,1892.00,1825.00,1829.00,1783.00,1791.00,1687.00,1666.00,1579.00,1507.00,1524.00,1468.00,1356.00,1279.00,1243.00,1284.00,1317.00,1300.00,1284.00,1311.00,1388.00,1510.00,1196.00,1174.00,1059.00,957.00,836.00,726.00,749.00,712.00,630.00,573.00,516.00,453.00,390.00,1724.00
E10000016,Kent,County,1610251.00,16001.00,17316.00,17326.00,18181.00,18639.00,19318.00,19448.00,19441.00,19656.00,19560.00,20210.00,21024.00,21057.00,20767.00,20484.00,20560.00,20005.00,19339.00,18355.00,15576.00,14161.00,15091.00,15573.00,15679.00,16561.00,17342.00,17491.00,17259.00,17828.00,18828.00,19445.00,20305.00,20586.00,21220.00,21377.00,21424.00,21487.00,21451.00,21316.00,20738.00,20894.00,20741.00,21342.00,21244.00,20628.00,19236.00,18941.00,19280.00,19711.00,20160.00,20914.00,21511.00,22289.00,21702.00,22482.00,22463.00,22542.00,22599.00,22753.00,21988.00,21250.00,20854.00,19826.00,18879.00,18825.00,17944.00,17300.00,16616.00,16323.00,16108.00,15655.00,15157.00,15357.00,15729.00,16221.00,17361.00,19189.00,14232.00,13087.00,12827.00,11461.00,9844.00,8422.00,8418.00,8063.00,7178.00,6410.00,5744.00,4845.00,4094.00,16187.00
E07000105,Ashford,Non-metropolitan District,138283.00,1364.00,1551.00,1522.00,1636.00,1551.00,1770.00,1753.00,1731.00,1755.00,1701.00,1822.00,1827.00,1802.00,1805.00,1816.00,1821.00,1701.00,1605.00,1531.00,1202.00,1023.00,1160.00,1176.00,1298.00,1464.00,1550.00,1633.00,1509.00,1686.00,1655.00,1771.00,1887.00,1849.00,1972.00,1891.00,1900.00,1941.00,1905.00,1805.00,1793.00,1776.00,1753.00,1720.00,1783.00,1705.00,1697.00,1663.00,1641.00,1634.00,1706.00,1733.00,1818.00,1957.00,1997.00,2004.00,2093.00,1976.00,2004.00,1958.00,1944.00,1803.00,1797.00,1756.00,1595.00,1506.00,1399.00,1400.00,1378.00,1365.00,1294.00,1321.00,1297.00,1240.00,1293.00,1351.00,1439.00,1601.00,1172.00,1161.00,1111.00,1037.00,811.00,682.00,715.00,641.00,547.00,492.00,458.00,383.00,349.00,1193.00
E07000106,Canterbury,Non-metropolitan District,159939.00,1273.00,1336.00,1401.00,1459.00,1506.00,1537.00,1519.00,1585.00,1606.00,1607.00,1636.00,1843.00,1817.00,1781.00,1861.00,1889.00,1954.00,2001.00,2258.00,3973.00,4358.00,4032.00,2947.00,1725.00,1658.00,1867.00,1748.00,1673.00,1684.00,1688.00,1697.00,1679.00,1790.00,1767.00,1847.00,1832.00,1864.00,1739.00,1827.00,1828.00,1822.00,1776.00,1824.00,1885.00,1705.00,1643.00,1641.00,1661.00,1747.00,1792.00,1902.00,1970.00,1980.00,2020.00,2073.00,1951.00,2023.00,2058.00,2197.00,2014.00,2084.00,2003.00,1927.00,1810.00,1877.00,1842.00,1813.00,1806.00,1691.00,1731.00,1633.00,1658.00,1638.00,1725.00,1787.00,1848.00,2038.00,1590.00,1413.00,1317.00,1210.00,1102.00,890.00,905.00,914.00,755.00,688.00,608.00,512.00,441.00,1907.00
E07000107,Dartford,Non-metropolitan District,120699.00,1651.00,1684.00,1648.00,1697.00,1685.00,1797.00,1819.00,1648.00,1706.00,1771.00,1743.00,1821.00,1849.00,1765.00,1611.00,1588.00,1544.00,1496.00,1406.00,930.00,800.00,927.00,1127.00,1123.00,1261.00,1282.00,1486.00,1519.00,1641.00,1641.00,1843.00,1815.00,2003.00,2091.00,2140.00,2096.00,2052.00,2140.00,2106.00,1895.00,1873.00,1944.00,2061.00,1856.00,1840.00,1717.00,1683.00,1632.00,1614.00,1568.00,1550.00,1491.00,1516.00,1435.00,1545.00,1531.00,1567.00,1496.00,1382.00,1341.00,1246.00,1222.00,1133.00,1141.00,1098.00,995.00,928.00,900.00,828.00,809.00,767.00,752.00,720.00,769.00,754.00,850.00,877.00,654.00,602.00,597.00,540.00,468.00,428.00,399.00,385.00,384.00,352.00,299.00,273.00,218.00,822.00
E07000108,Dover,Non-metropolitan District,118591.00,1035.00,1142.00,1121.00,1170.00,1174.00,1235.00,1309.00,1319.00,1284.00,1320.00,1389.00,1388.00,1484.00,1462.00,1440.00,1441.00,1373.00,1308.00,1226.00,917.00,787.00,913.00,967.00,1035.00,1126.00,1253.00,1259.00,1201.00,1249.00,1340.00,1349.00,1455.00,1464.00,1426.00,1459.00,1478.00,1451.00,1446.00,1403.00,1347.00,1375.00,1305.00,1398.00,1363.00,1306.00,1260.00,1250.00,1286.00,1253.00,1296.00,1460.00,1538.00,1679.00,1513.00,1595.00,1661.00,1770.00,1812.00,1915.00,1847.00,1799.00,1801.00,1681.00,1655.00,1733.00,1604.00,1607.00,1517.00,1534.00,1496.00,1461.00,1349.00,1391.00,1375.00,1445.00,1545.00,1662.00,1267.00,1180.00,1120.00,958.00,875.00,728.00,727.00,670.00,611.00,526.00,473.00,350.00,320.00,1304.00
E07000112,Folkestone and Hythe,Non-metropolitan District,110995.00,932.00,993.00,981.00,1040.00,1065.00,1084.00,1132.00,1152.00,1099.00,1167.00,1221.00,1215.00,1304.00,1273.00,1258.00,1318.00,1301.00,1262.00,1079.00,847.00,767.00,834.00,1002.00,1086.00,1063.00,1122.00,1190.00,1080.00,1101.00,1163.00,1202.00,1294.00,1236.00,1293.00,1353.00,1297.00,1336.00,1232.00,1236.00,1273.00,1275.00,1269.00,1371.00,1368.00,1308.00,1240.00,1164.00,1223.00,1245.00,1324.00,1375.00,1443.00,1584.00,1494.00,1655.00,1679.00,1612.00,1728.00,1679.00,1663.00,1716.00,1634.00,1644.00,1545.00,1536.00,1459.00,1463.00,1340.00,1337.00,1391.00,1401.00,1307.00,1408.00,1336.00,1449.00,1580.00,1757.00,1291.00,1105.00,1147.00,972.00,860.00,695.00,727.00,662.00,571.00,569.00,461.00,389.00,315.00,1346.00
E07000109,Gravesham,Non-metropolitan District,107737.00,1282.00,1344.00,1326.00,1460.00,1343.00,1452.00,1433.00,1468.00,1448.00,1542.00,1425.00,1594.00,1547.00,1575.00,1468.00,1398.00,1455.00,1417.00,1268.00,934.00,762.00,922.00,1066.00,1222.00,1280.00,1236.00,1301.00,1199.00,1248.00,1389.00,1356.00,1515.00,1448.00,1541.00,1483.00,1523.00,1619.00,1551.00,1521.00,1531.00,1573.00,1450.00,1492.00,1485.00,1454.00,1294.00,1228.00,1298.00,1306.00,1360.00,1291.00,1408.00,1500.00,1513.00,1485.00,1399.00,1392.00,1459.00,1366.00,1309.00,1400.00,1307.00,1260.00,1139.00,1135.00,1102.00,956.00,1032.00,977.00,931.00,902.00,823.00,885.00,779.00,859.00,945.00,1068.00,767.00,709.00,680.00,620.00,583.00,497.00,473.00,455.00,426.00,360.00,315.00,289.00,257.00,852.00
E07000110,Maidstone,Non-metropolitan District,184187.00,2006.00,2130.00,2135.00,2209.00,2370.00,2348.00,2354.00,2247.00,2346.00,2341.00,2372.00,2411.00,2353.00,2197.00,2233.00,2176.00,2093.00,2031.00,1978.00,1372.00,1266.00,1442.00,1641.00,1869.00,1958.00,2162.00,2074.00,2343.00,2250.00,2491.00,2543.00,2580.00,2475.00,2711.00,2673.00,2714.00,2584.00,2708.00,2680.00,2524.00,2541.00,2503.00,2612.00,2582.00,2455.00,2229.00,2188.00,2301.00,2347.00,2350.00,2477.00,2518.00,2635.00,2479.00,2628.00,2464.00,2471.00,2531.00,2541.00,2455.00,2238.00,2218.00,2096.00,2037.00,2017.00,1931.00,1827.00,1747.00,1745.00,1617.00,1629.00,1615.00,1564.00,1678.00,1753.00,1868.00,2111.00,1497.00,1333.00,1354.00,1184.00,1002.00,934.00,892.00,866.00,757.00,670.00,655.00,532.00,445.00,1678.00
E07000111,Sevenoaks,Non-metropolitan District,121262.00,1113.00,1304.00,1364.00,1317.00,1432.00,1460.00,1521.00,1452.00,1637.00,1454.00,1564.00,1627.00,1652.00,1658.00,1594.00,1702.00,1585.00,1554.00,1474.00,950.00,684.00,753.00,926.00,1056.00,1090.00,1117.00,1012.00,1102.00,1093.00,1145.00,1113.00,1332.00,1296.00,1374.00,1482.00,1432.00,1498.00,1507.00,1498.00,1485.00,1500.00,1627.00,1538.00,1645.00,1646.00,1584.00,1526.00,1551.00,1613.00,1641.00,1679.00,1672.00,1766.00,1630.00,1670.00,1755.00,1832.00,1817.00,1773.00,1710.00,1628.00,1707.00,1532.00,1477.00,1469.00,1356.00,1318.00,1263.00,1214.00,1256.00,1260.00,1195.00,1206.00,1251.00,1264.00,1353.00,1569.00,1220.00,1057.00,1054.00,952.00,763.00,683.00,669.00,700.00,629.00,600.00,536.00,456.00,383.00,1658.00
E07000113,Swale,Non-metropolitan District,155893.00,1636.00,1731.00,1698.00,1817.00,2031.00,1961.00,1985.00,2022.00,1925.00,1959.00,2026.00,2076.00,2004.00,2060.00,1946.00,1934.00,1871.00,1861.00,1679.00,1420.00,1227.00,1311.00,1445.00,1663.00,1794.00,1749.00,1893.00,1812.00,1862.00,2000.00,2098.00,2059.00,2109.00,2238.00,2181.00,2146.00,2085.00,2153.00,2152.00,2025.00,2059.00,2099.00,2033.00,2049.00,2062.00,1720.00,1756.00,1845.00,1795.00,1885.00,2016.00,2029.00,2050.00,2120.00,2195.00,2202.00,2140.00,2238.00,2187.00,2260.00,2083.00,2001.00,1935.00,1878.00,1761.00,1719.00,1692.00,1624.00,1515.00,1511.00,1411.00,1360.00,1464.00,1499.00,1506.00,1605.00,1772.00,1243.00,1238.00,1189.00,1012.00,849.00,740.00,762.00,702.00,613.00,498.00,455.00,389.00,299.00,1184.00
E07000114,Thanet,Non-metropolitan District,140439.00,1308.00,1425.00,1427.00,1541.00,1548.00,1568.00,1476.00,1615.00,1596.00,1547.00,1616.00,1715.00,1665.00,1676.00,1743.00,1737.00,1629.00,1556.00,1518.00,1191.00,1018.00,1097.00,1142.00,1282.00,1351.00,1387.00,1423.00,1406.00,1468.00,1532.00,1652.00,1748.00,1777.00,1722.00,1683.00,1744.00,1763.00,1849.00,1809.00,1666.00,1687.00,1662.00,1768.00,1750.00,1654.00,1542.00,1596.00,1555.00,1633.00,1698.00,1765.00,1788.00,1930.00,1820.00,1974.00,1970.00,1984.00,1906.00,2014.00,2023.00,2013.00,1927.00,1903.00,1778.00,1797.00,1802.00,1725.00,1609.00,1690.00,1749.00,1610.00,1604.00,1647.00,1649.00,1661.00,1821.00,1996.00,1456.00,1358.00,1274.00,1177.00,1032.00,856.00,856.00,790.00,710.00,643.00,560.00,467.00,370.00,1574.00
E07000115,Tonbridge and Malling,Non-metropolitan District,135206.00,1307.00,1454.00,1500.00,1560.00,1584.00,1735.00,1758.00,1734.00,1741.00,1722.00,1882.00,1831.00,1826.00,1809.00,1811.00,1833.00,1781.00,1695.00,1608.00,1077.00,920.00,1039.00,1174.00,1313.00,1331.00,1395.00,1375.00,1291.00,1404.00,1531.00,1591.00,1694.00,1795.00,1744.00,1778.00,1825.00,1750.00,1755.00,1778.00,1789.00,1786.00,1771.00,1910.00,1829.00,1827.00,1763.00,1731.00,1737.00,1831.00,1872.00,1957.00,1989.00,1955.00,1951.00,1895.00,1994.00,1985.00,1890.00,1939.00,1841.00,1716.00,1773.00,1652.00,1489.00,1495.00,1461.00,1427.00,1280.00,1307.00,1200.00,1229.00,1195.00,1123.00,1244.00,1238.00,1386.00,1495.00,1122.00,983.00,1057.00,976.00,795.00,668.00,655.00,687.00,610.00,556.00,460.00,403.00,361.00,1190.00
E07000116,Tunbridge Wells,Non-metropolitan District,117020.00,1094.00,1222.00,1203.00,1275.00,1350.00,1371.00,1389.00,1468.00,1513.00,1429.00,1514.00,1676.00,1754.00,1706.00,1703.00,1723.00,1718.00,1553.00,1330.00,763.00,549.00,661.00,960.00,1007.00,1185.00,1222.00,1097.00,1124.00,1142.00,1253.00,1230.00,1247.00,1344.00,1341.00,1407.00,1437.00,1544.00,1466.00,1501.00,1582.00,1627.00,1582.00,1615.00,1649.00,1666.00,1547.00,1515.00,1550.00,1693.00,1668.00,1709.00,1847.00,1737.00,1730.00,1763.00,1764.00,1790.00,1660.00,1802.00,1581.00,1524.00,1464.00,1307.00,1335.00,1401.00,1274.00,1144.00,1120.00,1120.00,1123.00,1031.00,1002.00,1071.00,1131.00,1154.00,1121.00,1243.00,953.00,948.00,927.00,823.00,704.00,621.00,638.00,591.00,565.00,456.00,464.00,402.00,336.00,1479.00
E10000025,Oxfordshire,County,750230.00,7336.00,7862.00,7692.00,8004.00,8144.00,8090.00,8338.00,8425.00,8477.00,8428.00,8681.00,8929.00,9287.00,8843.00,8778.00,9229.00,8924.00,9038.00,8958.00,10192.00,10554.00,11165.00,9549.00,9047.00,9517.00,9687.00,9830.00,9717.00,9889.00,10143.00,10271.00,10660.00,10795.00,10810.00,10521.00,10759.00,10740.00,10393.00,10251.00,10264.00,10217.00,9873.00,9917.00,9981.00,9772.00,9028.00,8985.00,8735.00,9118.00,9330.00,9539.00,9715.00,9832.00,9932.00,9956.00,9937.00,10049.00,10060.00,9897.00,9664.00,9520.00,9062.00,8618.00,8358.00,7851.00,7751.00,7289.00,6939.00,6683.00,6669.00,6602.00,6260.00,6404.00,6447.00,6556.00,6868.00,7165.00,5420.00,5420.00,5313.00,4829.00,4112.00,3506.00,3573.00,3420.00,3056.00,2785.00,2499.00,2211.00,1922.00,7368.00
E07000177,Cherwell,Non-metropolitan District,166321.00,1761.00,2039.00,1927.00,2010.00,1985.00,2028.00,2000.00,1997.00,2002.00,1870.00,1918.00,1936.00,2138.00,2054.00,2065.00,2088.00,2032.00,1938.00,1791.00,1297.00,1142.00,1199.00,1367.00,1611.00,1815.00,1899.00,1922.00,2148.00,2117.00,2244.00,2371.00,2497.00,2527.00,2542.00,2505.00,2598.00,2656.00,2610.00,2593.00,2546.00,2496.00,2318.00,2310.00,2371.00,2323.00,2110.00,2098.00,1966.00,2075.00,2177.00,2166.00,2236.00,2210.00,2270.00,2364.00,2292.00,2384.00,2393.00,2252.00,2265.00,2173.00,2075.00,1948.00,1951.00,1764.00,1746.00,1667.00,1572.00,1498.00,1424.00,1434.00,1423.00,1387.00,1439.00,1481.00,1537.00,1502.00,1083.00,1146.00,1112.00,1039.00,835.00,730.00,726.00,678.00,661.00,589.00,493.00,484.00,372.00,1491.00
E07000178,Oxford,Non-metropolitan District,165184.00,1432.00,1428.00,1354.00,1427.00,1468.00,1385.00,1499.00,1551.00,1511.00,1625.00,1648.00,1745.00,1853.00,1655.00,1635.00,1899.00,1934.00,2245.00,2662.00,5489.00,6670.00,7059.00,4760.00,3221.00,3279.00,3202.00,3145.00,2935.00,2938.00,2964.00,2712.00,2680.00,2637.00,2630.00,2434.00,2432.00,2441.00,2305.00,2141.00,2159.00,2109.00,2042.00,2095.00,2070.00,1950.00,1804.00,1818.00,1738.00,1725.00,1769.00,1733.00,1824.00,1666.00,1823.00,1752.00,1697.00,1667.00,1646.00,1643.00,1655.00,1549.00,1538.00,1323.00,1336.00,1204.00,1222.00,1146.00,1122.00,991.00,1012.00,990.00,942.00,933.00,973.00,942.00,908.00,950.00,737.00,687.00,688.00,653.00,630.00,464.00,501.00,487.00,427.00,384.00,321.00,271.00,288.00,1150.00
E07000179,South Oxfordshire,Non-metropolitan District,153424.00,1449.00,1532.00,1594.00,1614.00,1671.00,1754.00,1779.00,1812.00,1836.00,1787.00,1842.00,1868.00,1913.00,1903.00,1767.00,1935.00,1792.00,1829.00,1703.00,1184.00,883.00,1024.00,1246.00,1447.00,1582.00,1695.00,1649.00,1648.00,1711.00,1731.00,1851.00,1900.00,2029.00,2054.00,1995.00,2022.00,1968.00,1982.00,1995.00,2011.00,2059.00,1992.00,2022.00,2017.00,1995.00,1891.00,1901.00,1919.00,2064.00,2064.00,2174.00,2171.00,2327.00,2251.00,2286.00,2248.00,2379.00,2303.00,2288.00,2086.00,2191.00,1965.00,1931.00,1886.00,1745.00,1719.00,1618.00,1574.00,1508.00,1537.00,1530.00,1455.00,1456.00,1470.00,1485.00,1579.00,1684.00,1400.00,1306.00,1341.00,1211.00,1004.00,877.00,861.00,880.00,779.00,658.00,628.00,517.00,471.00,1734.00
E07000180,Vale of White Horse,Non-metropolitan District,145970.00,1590.00,1670.00,1616.00,1693.00,1706.00,1689.00,1806.00,1785.00,1808.00,1827.00,1836.00,1859.00,1918.00,1813.00,1862.00,1948.00,1767.00,1743.00,1588.00,1214.00,1013.00,1022.00,1136.00,1469.00,1528.00,1493.00,1696.00,1642.00,1708.00,1793.00,1790.00,1977.00,2037.00,2039.00,2133.00,2077.00,2074.00,2051.00,2013.00,2083.00,2021.00,1991.00,1976.00,1995.00,2013.00,1842.00,1795.00,1774.00,1851.00,1834.00,1919.00,1817.00,1910.00,1922.00,1975.00,2000.00,1918.00,2000.00,2023.00,1935.00,1878.00,1829.00,1780.00,1668.00,1670.00,1646.00,1526.00,1420.00,1367.00,1459.00,1380.00,1303.00,1370.00,1331.00,1425.00,1466.00,1658.00,1108.00,1179.00,1119.00,1002.00,883.00,773.00,787.00,689.00,636.00,634.00,559.00,492.00,415.00,1495.00
E07000181,West Oxfordshire,Non-metropolitan District,119331.00,1104.00,1193.00,1201.00,1260.00,1314.00,1234.00,1254.00,1280.00,1320.00,1319.00,1437.00,1521.00,1465.00,1418.00,1449.00,1359.00,1399.00,1283.00,1214.00,1008.00,846.00,861.00,1040.00,1299.00,1313.00,1398.00,1418.00,1344.00,1415.00,1411.00,1547.00,1606.00,1565.00,1545.00,1454.00,1630.00,1601.00,1445.00,1509.00,1465.00,1532.00,1530.00,1514.00,1528.00,1491.00,1381.00,1373.00,1338.00,1403.00,1486.00,1547.00,1667.00,1719.00,1666.00,1579.00,1700.00,1701.00,1718.00,1691.00,1723.00,1729.00,1655.00,1636.00,1517.00,1468.00,1418.00,1332.00,1251.00,1319.00,1237.00,1268.00,1137.00,1258.00,1234.00,1223.00,1378.00,1371.00,1092.00,1102.00,1053.00,924.00,760.00,662.00,698.00,686.00,553.00,520.00,498.00,447.00,376.00,1498.00
E10000030,Surrey,County,1228671.00,11804.00,12820.00,13306.00,13651.00,13964.00,14122.00,14434.00,15124.00,15102.00,15096.00,15453.00,16063.00,16135.00,15845.00,15892.00,16105.00,15693.00,15063.00,14924.00,13042.00,11585.00,12019.00,12762.00,13061.00,13926.00,13397.00,12842.00,12493.00,12601.00,12771.00,13445.00,14014.00,14853.00,15424.00,15680.00,16203.00,16109.00,16191.00,16783.00,16315.00,16921.00,17353.00,17621.00,18074.00,17652.00,16963.00,16616.00,16823.00,17412.00,17125.00,17474.00,17730.00,17934.00,17030.00,17028.00,17029.00,17148.00,17023.00,16789.00,16767.00,16031.00,15432.00,14812.00,13789.00,13369.00,12740.00,12146.00,11604.00,11117.00,10872.00,10922.00,10471.00,10441.00,10565.00,10895.00,11545.00,12586.00,9877.00,8993.00,8989.00,8319.00,7096.00,5911.00,6190.00,5955.00,5454.00,5074.00,4582.00,4032.00,3515.00,14723.00
E07000207,Elmbridge,Non-metropolitan District,140500.00,1392.00,1495.00,1625.00,1732.00,1706.00,1775.00,1895.00,1927.00,1922.00,2052.00,2006.00,2156.00,2160.00,2118.00,1914.00,1991.00,1962.00,1864.00,1704.00,921.00,561.00,773.00,917.00,1269.00,1331.00,1270.00,1134.00,1140.00,1145.00,1142.00,1249.00,1315.00,1461.00,1628.00,1662.00,1679.00,1762.00,1722.00,1932.00,1878.00,2146.00,2205.00,2137.00,2396.00,2361.00,2278.00,2276.00,2268.00,2267.00,2294.00,2354.00,2186.00,2168.00,2125.00,2094.00,2083.00,1945.00,1921.00,1943.00,1784.00,1806.00,1808.00,1722.00,1532.00,1456.00,1397.00,1310.00,1209.00,1219.00,1209.00,1201.00,1163.00,1160.00,1154.00,1154.00,1243.00,1286.00,1065.00,952.00,973.00,886.00,767.00,683.00,645.00,678.00,595.00,587.00,522.00,464.00,377.00,1759.00
E07000208,Epsom and Ewell,Non-metropolitan District,81989.00,773.00,865.00,933.00,912.00,955.00,1035.00,1019.00,1070.00,1136.00,1106.00,1172.00,1163.00,1155.00,1138.00,1193.00,1166.00,1074.00,1056.00,1038.00,689.00,595.00,737.00,836.00,867.00,895.00,853.00,868.00,769.00,812.00,756.00,843.00,816.00,912.00,1013.00,986.00,986.00,1027.00,1087.00,1129.00,1155.00,1277.00,1249.00,1233.00,1329.00,1345.00,1230.00,1210.00,1240.00,1233.00,1157.00,1224.00,1211.00,1199.00,1042.00,1135.00,1143.00,1172.00,1100.00,1075.00,1085.00,1065.00,923.00,952.00,897.00,832.00,801.00,778.00,734.00,702.00,673.00,711.00,682.00,706.00,700.00,722.00,751.00,847.00,644.00,573.00,562.00,538.00,460.00,410.00,410.00,353.00,313.00,314.00,248.00,237.00,202.00,770.00
E07000209,Guildford,Non-metropolitan District,149176.00,1306.00,1397.00,1429.00,1428.00,1474.00,1464.00,1606.00,1616.00,1600.00,1665.00,1698.00,1742.00,1839.00,1747.00,1686.00,1703.00,1648.00,1684.00,2023.00,3115.00,3345.00,3064.00,2878.00,2333.00,2516.00,2212.00,2043.00,1872.00,1839.00,1772.00,1799.00,1897.00,1968.00,2025.00,2124.00,1939.00,1842.00,1884.00,1827.00,1814.00,1837.00,1827.00,1951.00,2045.00,1943.00,1892.00,1777.00,1822.00,1931.00,1921.00,1991.00,1992.00,2017.00,1791.00,1932.00,1974.00,1911.00,1902.00,1947.00,1929.00,1766.00,1779.00,1729.00,1537.00,1494.00,1437.00,1363.00,1333.00,1283.00,1261.00,1229.00,1164.00,1153.00,1200.00,1244.00,1258.00,1396.00,1075.00,939.00,968.00,858.00,770.00,614.00,667.00,647.00,561.00,521.00,470.00,434.00,320.00,1511.00
E07000210,Mole Valley,Non-metropolitan District,88266.00,736.00,793.00,811.00,820.00,842.00,903.00,866.00,904.00,966.00,978.00,985.00,1082.00,1131.00,1104.00,1155.00,1130.00,1088.00,1035.00,1015.00,596.00,486.00,548.00,646.00,876.00,960.00,803.00,823.00,744.00,736.00,810.00,806.00,807.00,824.00,904.00,921.00,890.00,961.00,947.00,944.00,1064.00,976.00,995.00,1149.00,1117.00,1131.00,1221.00,1119.00,1158.00,1261.00,1247.00,1257.00,1367.00,1424.00,1263.00,1319.00,1364.00,1442.00,1409.00,1413.00,1437.00,1347.00,1311.00,1281.00,1198.00,1168.00,1054.00,1083.00,1076.00,990.00,957.00,1021.00,972.00,920.00,996.00,957.00,1042.00,1160.00,917.00,895.00,807.00,790.00,666.00,508.00,574.00,572.00,557.00,505.00,411.00,396.00,334.00,1292.00
E07000211,Reigate and Banstead,Non-metropolitan District,155985.00,1544.00,1853.00,1889.00,1853.00,1965.00,1921.00,1968.00,2048.00,2038.00,1962.00,2044.00,2049.00,2125.00,2116.00,1994.00,2035.00,1994.00,1860.00,1641.00,1193.00,953.00,1028.00,1224.00,1382.00,1712.00,1722.00,1686.00,1669.00,1732.00,1875.00,1822.00,2066.00,2217.00,2304.00,2334.00,2393.00,2234.00,2391.00,2338.00,2188.00,2263.00,2441.00,2318.00,2329.00,2334.00,2274.00,2082.00,2159.00,2137.00,2140.00,2099.00,2154.00,2204.00,2141.00,2071.00,2102.00,2061.00,2208.00,2036.00,2084.00,1901.00,1908.00,1736.00,1719.00,1689.00,1563.00,1502.00,1385.00,1353.00,1281.00,1278.00,1289.00,1286.00,1309.00,1316.00,1422.00,1516.00,1118.00,1066.00,1015.00,955.00,871.00,673.00,688.00,690.00,615.00,594.00,526.00,481.00,410.00,1831.00
E07000212,Runnymede,Non-metropolitan District,90442.00,908.00,930.00,942.00,974.00,998.00,972.00,980.00,979.00,1043.00,979.00,909.00,1046.00,977.00,973.00,993.00,1076.00,999.00,988.00,1308.00,2440.00,2274.00,2237.00,1707.00,1223.00,1015.00,970.00,897.00,943.00,1002.00,983.00,1056.00,1089.00,1185.00,1129.00,1195.00,1134.00,1237.00,1215.00,1297.00,1163.00,1204.00,1209.00,1196.00,1222.00,1098.00,1119.00,1084.00,1162.00,1193.00,1193.00,1156.00,1216.00,1166.00,1214.00,1213.00,1153.00,1178.00,1111.00,1174.00,1252.00,1103.00,1044.00,1001.00,1000.00,929.00,872.00,822.00,796.00,707.00,762.00,704.00,684.00,685.00,645.00,706.00,775.00,847.00,667.00,606.00,577.00,537.00,489.00,391.00,415.00,382.00,353.00,323.00,322.00,270.00,240.00,910.00
E07000213,Spelthorne,Non-metropolitan District,103954.00,1121.00,1220.00,1188.00,1277.00,1197.00,1252.00,1284.00,1328.00,1341.00,1295.00,1342.00,1240.00,1300.00,1221.00,1263.00,1213.00,1232.00,1159.00,1086.00,844.00,726.00,780.00,991.00,1053.00,1148.00,1197.00,1223.00,1177.00,1206.00,1272.00,1279.00,1335.00,1412.00,1484.00,1456.00,1721.00,1654.00,1466.00,1586.00,1518.00,1512.00,1639.00,1653.00,1504.00,1565.00,1461.00,1406.00,1341.00,1344.00,1308.00,1361.00,1461.00,1500.00,1445.00,1432.00,1353.00,1443.00,1471.00,1398.00,1376.00,1404.00,1320.00,1250.00,1123.00,1128.00,1020.00,968.00,933.00,905.00,863.00,874.00,817.00,854.00,798.00,865.00,864.00,994.00,800.00,703.00,690.00,678.00,555.00,528.00,544.00,480.00,442.00,437.00,389.00,300.00,274.00,1094.00
E07000214,Surrey Heath,Non-metropolitan District,92168.00,883.00,940.00,892.00,941.00,1011.00,960.00,981.00,1133.00,1091.00,1046.00,1082.00,1258.00,1242.00,1165.00,1196.00,1143.00,1169.00,1125.00,1073.00,664.00,527.00,591.00,776.00,865.00,951.00,1031.00,1009.00,973.00,980.00,1033.00,1062.00,1128.00,1157.00,1116.00,1112.00,1209.00,1168.00,1202.00,1171.00,1213.00,1229.00,1326.00,1294.00,1285.00,1274.00,1230.00,1190.00,1267.00,1342.00,1260.00,1341.00,1340.00,1420.00,1410.00,1354.00,1283.00,1378.00,1357.00,1337.00,1381.00,1269.00,1256.00,1231.00,1037.00,1034.00,1024.00,935.00,933.00,901.00,856.00,851.00,793.00,793.00,791.00,840.00,889.00,1063.00,778.00,730.00,760.00,705.00,560.00,472.00,493.00,499.00,428.00,411.00,396.00,330.00,332.00,1211.00
E07000215,Tandridge,Non-metropolitan District,89409.00,889.00,960.00,1056.00,1035.00,1070.00,1055.00,1065.00,1133.00,1029.00,1083.00,1127.00,1107.00,1124.00,1151.00,1158.00,1285.00,1210.00,1144.00,1095.00,690.00,506.00,585.00,761.00,873.00,954.00,814.00,866.00,864.00,822.00,856.00,886.00,873.00,988.00,1049.00,1039.00,1147.00,1094.00,1141.00,1255.00,1152.00,1177.00,1116.00,1219.00,1238.00,1162.00,1143.00,1100.00,1084.00,1220.00,1171.00,1221.00,1266.00,1337.00,1273.00,1271.00,1345.00,1360.00,1309.00,1217.00,1401.00,1260.00,1261.00,1182.00,1063.00,1057.00,1014.00,966.00,947.00,908.00,876.00,925.00,819.00,829.00,844.00,869.00,1009.00,1081.00,825.00,711.00,767.00,672.00,575.00,463.00,515.00,438.00,447.00,374.00,338.00,285.00,315.00,1153.00
E07000216,Waverley,Non-metropolitan District,132146.00,1134.00,1236.00,1327.00,1418.00,1443.00,1494.00,1516.00,1631.00,1570.00,1613.00,1754.00,1822.00,1720.00,1748.00,1972.00,1989.00,1998.00,1878.00,1805.00,1200.00,905.00,913.00,1095.00,1263.00,1267.00,1228.00,1096.00,1031.00,1049.00,1034.00,1216.00,1286.00,1270.00,1360.00,1364.00,1513.00,1551.00,1606.00,1667.00,1638.00,1697.00,1715.00,1781.00,1855.00,1761.00,1629.00,1826.00,1784.00,1916.00,1966.00,1949.00,2078.00,2029.00,1922.00,1850.00,1892.00,1882.00,1857.00,1876.00,1764.00,1839.00,1636.00,1627.00,1596.00,1550.00,1489.00,1449.00,1374.00,1264.00,1325.00,1265.00,1263.00,1217.00,1301.00,1387.00,1424.00,1514.00,1278.00,1159.00,1233.00,1106.00,876.00,754.00,780.00,775.00,711.00,645.00,610.00,561.00,444.00,2045.00
E07000217,Woking,Non-metropolitan District,104636.00,1118.00,1131.00,1214.00,1261.00,1303.00,1291.00,1254.00,1355.00,1366.00,1317.00,1334.00,1398.00,1362.00,1364.00,1368.00,1374.00,1319.00,1270.00,1136.00,690.00,707.00,763.00,931.00,1057.00,1177.00,1297.00,1197.00,1311.00,1278.00,1238.00,1427.00,1402.00,1459.00,1412.00,1487.00,1592.00,1579.00,1530.00,1637.00,1532.00,1603.00,1631.00,1690.00,1754.00,1678.00,1486.00,1546.00,1538.00,1568.00,1468.00,1521.00,1459.00,1470.00,1404.00,1357.00,1337.00,1376.00,1378.00,1373.00,1274.00,1271.00,1186.00,1101.00,1087.00,1032.00,1069.00,970.00,884.00,885.00,809.00,863.00,825.00,838.00,827.00,835.00,868.00,882.00,710.00,659.00,637.00,594.00,507.00,415.00,459.00,441.00,432.00,363.00,350.00,274.00,267.00,1147.00
E10000032,West Sussex,County,900862.00,7994.00,8727.00,8833.00,9274.00,9550.00,9599.00,9853.00,10150.00,10210.00,10120.00,10393.00,11028.00,11000.00,10857.00,10534.00,10610.00,10248.00,10028.00,9727.00,8138.00,6824.00,6759.00,7651.00,8422.00,8764.00,9055.00,9088.00,9126.00,9587.00,10087.00,10132.00,10661.00,11079.00,11441.00,11580.00,11908.00,11522.00,11384.00,11444.00,11267.00,11293.00,11523.00,11719.00,11899.00,11642.00,10900.00,10524.00,10720.00,10982.00,11625.00,11704.00,12295.00,12656.00,12097.00,12559.00,12700.00,12891.00,12757.00,13031.00,12811.00,12468.00,12152.00,11750.00,11261.00,11270.00,11059.00,10289.00,10165.00,9977.00,9860.00,9486.00,9424.00,9477.00,9685.00,10135.00,10723.00,11777.00,8958.00,8415.00,8111.00,7566.00,6255.00,5321.00,5568.00,5234.00,4883.00,4289.00,3840.00,3459.00,2948.00,12075.00
E07000223,Adur,Non-metropolitan District,64687.00,532.00,596.00,615.00,645.00,689.00,652.00,708.00,754.00,765.00,750.00,791.00,887.00,801.00,791.00,786.00,835.00,762.00,725.00,706.00,511.00,429.00,432.00,460.00,586.00,550.00,597.00,609.00,561.00,637.00,610.00,631.00,718.00,706.00,719.00,782.00,870.00,789.00,798.00,777.00,739.00,804.00,866.00,882.00,816.00,880.00,794.00,821.00,831.00,850.00,901.00,878.00,984.00,1011.00,893.00,921.00,886.00,911.00,909.00,984.00,885.00,861.00,862.00,864.00,845.00,734.00,775.00,762.00,684.00,725.00,687.00,727.00,699.00,722.00,707.00,782.00,824.00,893.00,661.00,651.00,614.00,601.00,477.00,426.00,415.00,426.00,369.00,338.00,284.00,260.00,192.00,812.00
E07000224,Arun,Non-metropolitan District,168008.00,1309.00,1409.00,1367.00,1501.00,1538.00,1540.00,1586.00,1695.00,1685.00,1571.00,1736.00,1843.00,1728.00,1666.00,1755.00,1678.00,1610.00,1591.00,1594.00,1491.00,1300.00,1358.00,1429.00,1491.00,1549.00,1543.00,1590.00,1654.00,1683.00,1790.00,1764.00,1848.00,1953.00,1990.00,1969.00,1964.00,1973.00,1902.00,1909.00,1879.00,1826.00,1821.00,1851.00,1898.00,1828.00,1730.00,1616.00,1651.00,1773.00,1906.00,1991.00,2121.00,2282.00,2245.00,2396.00,2417.00,2441.00,2386.00,2575.00,2480.00,2418.00,2506.00,2369.00,2289.00,2341.00,2257.00,2275.00,2198.00,2216.00,2154.00,2101.00,2246.00,2175.00,2281.00,2431.00,2600.00,2808.00,2142.00,1999.00,1890.00,1846.00,1498.00,1282.00,1340.00,1237.00,1166.00,1047.00,899.00,792.00,660.00,2880.00
E07000225,Chichester,Non-metropolitan District,128003.00,984.00,1061.00,1097.00,1142.00,1191.00,1141.00,1212.00,1186.00,1347.00,1268.00,1331.00,1402.00,1441.00,1333.00,1331.00,1344.00,1308.00,1300.00,1364.00,1679.00,1603.00,1357.00,1315.00,1172.00,1281.00,1266.00,1193.00,1173.00,1257.00,1287.00,1298.00,1338.00,1370.00,1370.00,1416.00,1554.00,1272.00,1307.00,1449.00,1341.00,1358.00,1399.00,1447.00,1408.00,1364.00,1349.00,1323.00,1373.00,1363.00,1507.00,1551.00,1628.00,1659.00,1573.00,1722.00,1763.00,1853.00,1878.00,1872.00,1978.00,2037.00,1936.00,1781.00,1872.00,1833.00,1849.00,1717.00,1675.00,1656.00,1690.00,1643.00,1450.00,1547.00,1598.00,1689.00,1724.00,1969.00,1485.00,1435.00,1393.00,1262.00,1171.00,947.00,999.00,907.00,824.00,723.00,636.00,602.00,552.00,1952.00
E07000226,Crawley,Non-metropolitan District,120545.00,1472.00,1534.00,1606.00,1651.00,1589.00,1620.00,1601.00,1662.00,1630.00,1716.00,1583.00,1725.00,1671.00,1689.00,1555.00,1601.00,1472.00,1467.00,1425.00,1112.00,981.00,1026.00,1261.00,1384.00,1342.00,1491.00,1627.00,1579.00,1595.00,1862.00,1801.00,2015.00,1946.00,1997.00,2061.00,2012.00,2021.00,2002.00,1893.00,1990.00,1896.00,1912.00,1981.00,1913.00,1866.00,1684.00,1643.00,1588.00,1578.00,1527.00,1518.00,1525.00,1586.00,1531.00,1487.00,1535.00,1444.00,1456.00,1469.00,1417.00,1304.00,1292.00,1291.00,1197.00,1233.00,1194.00,1003.00,1033.00,945.00,924.00,821.00,796.00,790.00,778.00,754.00,781.00,860.00,586.00,554.00,505.00,437.00,376.00,358.00,359.00,335.00,313.00,275.00,247.00,240.00,229.00,912.00
E07000227,Horsham,Non-metropolitan District,149464.00,1250.00,1443.00,1449.00,1497.00,1598.00,1620.00,1712.00,1687.00,1627.00,1658.00,1730.00,1834.00,1906.00,1994.00,1872.00,1860.00,1869.00,1807.00,1707.00,1161.00,843.00,775.00,1043.00,1303.00,1436.00,1381.00,1379.00,1453.00,1485.00,1483.00,1608.00,1581.00,1745.00,1770.00,1822.00,1923.00,1845.00,1856.00,1821.00,1790.00,1816.00,1847.00,1948.00,1978.00,1987.00,1795.00,1685.00,1744.00,1853.00,1937.00,1927.00,2152.00,2123.00,2041.00,2215.00,2173.00,2294.00,2344.00,2288.00,2241.00,2212.00,2147.00,2104.00,1940.00,1949.00,1914.00,1742.00,1717.00,1685.00,1677.00,1622.00,1615.00,1614.00,1663.00,1700.00,1771.00,1937.00,1509.00,1399.00,1379.00,1277.00,1010.00,915.00,922.00,836.00,813.00,680.00,674.00,586.00,466.00,1978.00
E07000228,Mid Sussex,Non-metropolitan District,157915.00,1558.00,1765.00,1684.00,1759.00,1816.00,1888.00,1880.00,1976.00,1958.00,1967.00,1980.00,2073.00,2150.00,2106.00,2001.00,2012.00,1983.00,1930.00,1756.00,1219.00,915.00,956.00,1157.00,1403.00,1454.00,1586.00,1516.00,1495.00,1661.00,1769.00,1665.00,1812.00,1888.00,2053.00,2081.00,2089.00,2128.00,2091.00,2126.00,2112.00,2150.00,2208.00,2186.00,2325.00,2283.00,2136.00,2022.00,2084.00,2176.00,2345.00,2263.00,2229.00,2348.00,2302.00,2193.00,2238.00,2250.00,2132.00,2184.00,2164.00,2061.00,1932.00,1845.00,1781.00,1810.00,1785.00,1591.00,1657.00,1603.00,1574.00,1418.00,1518.00,1480.00,1474.00,1511.00,1703.00,1836.00,1410.00,1361.00,1380.00,1238.00,982.00,750.00,841.00,840.00,751.00,634.00,617.00,521.00,436.00,1939.00
E07000229,Worthing,Non-metropolitan District,112240.00,889.00,919.00,1015.00,1079.00,1129.00,1138.00,1154.00,1190.00,1198.00,1190.00,1242.00,1264.00,1303.00,1278.00,1234.00,1280.00,1244.00,1208.00,1175.00,965.00,753.00,855.00,986.00,1083.00,1152.00,1191.00,1174.00,1211.00,1269.00,1286.00,1365.00,1349.00,1471.00,1542.00,1449.00,1496.00,1494.00,1428.00,1469.00,1416.00,1443.00,1470.00,1424.00,1561.00,1434.00,1412.00,1414.00,1449.00,1389.00,1502.00,1576.00,1656.00,1647.00,1512.00,1625.00,1688.00,1698.00,1652.00,1659.00,1646.00,1575.00,1477.00,1496.00,1337.00,1370.00,1285.00,1199.00,1201.00,1147.00,1154.00,1154.00,1100.00,1149.00,1184.00,1268.00,1320.00,1474.00,1165.00,1016.00,950.00,905.00,741.00,643.00,692.00,653.00,647.00,592.00,483.00,458.00,413.00,1602.00
E12000009,SOUTH WEST,Region,5811259.00,48741.00,52633.00,53766.00,55528.00,57574.00,58880.00,59826.00,62858.00,62412.00,63178.00,65136.00,67576.00,67276.00,66751.00,65713.00,66681.00,64610.00,62737.00,64145.00,71304.00,73758.00,67847.00,65442.00,65453.00,65662.00,65182.00,66689.00,64917.00,66490.00,69419.00,69073.00,71612.00,73103.00,73864.00,73928.00,74759.00,72993.00,71965.00,71880.00,70530.00,70023.00,70597.00,71104.00,71433.00,68729.00,63241.00,63028.00,64422.00,66660.00,69151.00,72486.00,75825.00,78773.00,77625.00,79848.00,79932.00,82458.00,82935.00,83364.00,83385.00,80920.00,80053.00,77375.00,74368.00,72756.00,71034.00,68946.00,65435.00,63920.00,64832.00,63682.00,61818.00,61949.00,63268.00,64540.00,68137.00,73088.00,55489.00,53166.00,51398.00,46387.00,39852.00,33757.00,33369.00,31626.00,28903.00,26061.00,22822.00,20224.00,16992.00,68182.00
E06000022,Bath and North East Somerset,Unitary Authority,199818.00,1607.00,1744.00,1816.00,1831.00,1851.00,1947.00,1970.00,2067.00,2043.00,1999.00,2157.00,2210.00,2249.00,2142.00,2207.00,2220.00,2250.00,2143.00,2819.00,6354.00,6749.00,4986.00,4300.00,3359.00,2519.00,2311.00,2266.00,2193.00,2106.00,2385.00,2349.00,2416.00,2464.00,2472.00,2476.00,2360.00,2359.00,2282.00,2295.00,2303.00,2154.00,2224.00,2332.00,2299.00,2343.00,2115.00,2089.00,2070.00,2164.00,2279.00,2480.00,2586.00,2589.00,2477.00,2518.00,2453.00,2609.00,2489.00,2584.00,2590.00,2359.00,2458.00,2315.00,2159.00,2068.00,2062.00,2017.00,1929.00,1817.00,1780.00,1783.00,1801.00,1781.00,1793.00,1916.00,1938.00,2057.00,1614.00,1559.00,1490.00,1302.00,1114.00,1012.00,1008.00,972.00,917.00,812.00,732.00,618.00,493.00,2122.00
E06000058,"Bournemouth, Christchurch and Poole",Unitary Authority,404050.00,3257.00,3504.00,3784.00,3797.00,3843.00,3915.00,4112.00,4314.00,4316.00,4235.00,4370.00,4648.00,4528.00,4386.00,4434.00,4460.00,4257.00,4125.00,4508.00,6188.00,6689.00,5910.00,5059.00,4805.00,4501.00,4449.00,4638.00,4489.00,4577.00,4801.00,4885.00,5029.00,5205.00,5298.00,5202.00,5468.00,5221.00,5243.00,5361.00,5299.00,5323.00,5499.00,5630.00,5574.00,5273.00,4881.00,4741.00,4771.00,4868.00,4849.00,4983.00,5179.00,5352.00,5267.00,5290.00,5292.00,5376.00,5403.00,5339.00,5265.00,5157.00,5210.00,4917.00,4723.00,4663.00,4517.00,4456.00,4141.00,4069.00,4228.00,4015.00,3903.00,4109.00,4130.00,4155.00,4473.00,4990.00,3726.00,3529.00,3413.00,3066.00,2646.00,2187.00,2308.00,2209.00,2110.00,1886.00,1669.00,1511.00,1319.00,5350.00
E06000023,"Bristol, City of",Unitary Authority,482998.00,4936.00,5040.00,4934.00,4876.00,4964.00,4884.00,5119.00,5194.00,5172.00,5235.00,5379.00,5317.00,5258.00,5300.00,4958.00,5193.00,4931.00,4737.00,5486.00,9456.00,12688.00,11399.00,10906.00,10346.00,9753.00,9608.00,9743.00,9128.00,9272.00,9221.00,8961.00,8936.00,8803.00,8597.00,8435.00,8252.00,7989.00,7931.00,7582.00,7010.00,6840.00,6562.00,6484.00,6583.00,6022.00,5562.00,5300.00,5394.00,5262.00,5086.00,5045.00,5049.00,5277.00,5035.00,5016.00,4984.00,4991.00,5024.00,4994.00,4757.00,4624.00,4414.00,4256.00,3931.00,3899.00,3800.00,3566.00,3368.00,3231.00,3294.00,3109.00,2912.00,2936.00,3019.00,2882.00,3036.00,3125.00,2303.00,2206.00,2158.00,2085.00,1737.00,1485.00,1534.00,1463.00,1337.00,1211.00,1014.00,948.00,759.00,3160.00
E06000052,Cornwall,Unitary Authority,578324.00,4532.00,4894.00,5052.00,5178.00,5386.00,5597.00,5603.00,6030.00,6036.00,6108.00,6419.00,6666.00,6688.00,6417.00,6374.00,6361.00,6301.00,6044.00,6024.00,6069.00,5805.00,5634.00,5522.00,5289.00,5352.00,5410.00,5493.00,5352.00,5524.00,5759.00,5984.00,6333.00,6416.00,6584.00,6565.00,6881.00,6548.00,6232.00,6480.00,6438.00,6401.00,6529.00,6815.00,6823.00,6438.00,6079.00,6194.00,6253.00,6578.00,6939.00,7531.00,7963.00,8289.00,8077.00,8284.00,8422.00,8782.00,8965.00,8874.00,9152.00,8774.00,8688.00,8474.00,8324.00,8268.00,8059.00,7978.00,7720.00,7235.00,7510.00,7351.00,7163.00,7176.00,7284.00,7538.00,7935.00,8602.00,6498.00,6053.00,5888.00,5223.00,4357.00,3748.00,3605.00,3376.00,2998.00,2722.00,2383.00,2118.00,1658.00,6850.00
E06000059,Dorset,Unitary Authority,384809.00,2481.00,2901.00,2994.00,3065.00,3267.00,3351.00,3430.00,3600.00,3543.00,3696.00,3902.00,4117.00,4089.00,4193.00,4413.00,4561.00,4283.00,4136.00,4099.00,2935.00,2489.00,2462.00,2855.00,3122.00,3201.00,3350.00,3385.00,3179.00,3246.00,3495.00,3419.00,3536.00,3846.00,3805.00,4059.00,4053.00,4029.00,3895.00,3999.00,3765.00,3784.00,3848.00,4071.00,4006.00,4013.00,3681.00,3684.00,3758.00,4093.00,4288.00,4678.00,4866.00,5251.00,5270.00,5483.00,5706.00,5826.00,5994.00,6126.00,6381.00,6288.00,6383.00,6183.00,5975.00,5975.00,6066.00,5868.00,5483.00,5532.00,5549.00,5337.00,5276.00,5345.00,5757.00,5579.00,6222.00,6708.00,5042.00,4791.00,4645.00,4251.00,3658.00,2985.00,2950.00,2819.00,2737.00,2400.00,2041.00,1860.00,1536.00,6515.00
E06000053,Isles of Scilly,Unitary Authority,2229.00,14.00,17.00,13.00,21.00,24.00,19.00,14.00,20.00,29.00,21.00,19.00,23.00,23.00,16.00,28.00,24.00,25.00,14.00,5.00,26.00,30.00,42.00,23.00,40.00,24.00,13.00,12.00,25.00,32.00,34.00,17.00,24.00,13.00,14.00,21.00,32.00,28.00,33.00,26.00,18.00,25.00,37.00,23.00,30.00,30.00,40.00,32.00,25.00,9.00,19.00,14.00,29.00,20.00,41.00,51.00,42.00,28.00,25.00,29.00,31.00,31.00,29.00,34.00,34.00,20.00,26.00,29.00,14.00,18.00,21.00,31.00,25.00,32.00,25.00,27.00,31.00,36.00,31.00,32.00,33.00,14.00,17.00,19.00,23.00,22.00,8.00,10.00,16.00,11.00,6.00,48.00
E06000024,North Somerset,Unitary Authority,221146.00,1847.00,2044.00,2171.00,2190.00,2369.00,2285.00,2367.00,2537.00,2514.00,2484.00,2561.00,2724.00,2766.00,2745.00,2596.00,2628.00,2521.00,2525.00,2301.00,1760.00,1428.00,1581.00,1830.00,2221.00,2293.00,2186.00,2119.00,2069.00,2155.00,2279.00,2440.00,2421.00,2619.00,2556.00,2648.00,2690.00,2723.00,2714.00,2728.00,2732.00,2837.00,2884.00,2915.00,2907.00,2825.00,2619.00,2647.00,2620.00,2808.00,2825.00,2888.00,3009.00,3176.00,3067.00,3160.00,3052.00,3133.00,3229.00,3214.00,3151.00,3074.00,3034.00,2842.00,2786.00,2680.00,2722.00,2529.00,2563.00,2450.00,2445.00,2486.00,2415.00,2534.00,2426.00,2753.00,2799.00,3044.00,2346.00,2316.00,2213.00,1886.00,1690.00,1475.00,1382.00,1363.00,1171.00,1086.00,930.00,881.00,725.00,2767.00
E06000026,Plymouth,Unitary Authority,268736.00,2390.00,2575.00,2568.00,2639.00,2756.00,2749.00,2729.00,3031.00,2988.00,2955.00,3139.00,3196.00,3193.00,3097.00,3039.00,3068.00,2925.00,2810.00,3170.00,4834.00,5471.00,4810.00,3880.00,3596.00,3558.00,3371.00,3659.00,3668.00,3648.00,3781.00,3625.00,3724.00,3834.00,3851.00,3703.00,3712.00,3684.00,3563.00,3681.00,3543.00,3383.00,3496.00,3403.00,3376.00,3284.00,2895.00,2887.00,3006.00,2967.00,3080.00,3215.00,3192.00,3415.00,3455.00,3526.00,3373.00,3571.00,3475.00,3500.00,3528.00,3342.00,3259.00,3216.00,3055.00,3023.00,2803.00,2958.00,2657.00,2555.00,2535.00,2437.00,2461.00,2345.00,2334.00,2476.00,2595.00,2771.00,2182.00,2041.00,1898.00,1731.00,1393.00,1239.00,1288.00,1224.00,1057.00,958.00,876.00,721.00,644.00,2422.00
E06000066,Somerset,Unitary Authority,581145.00,4854.00,5206.00,5343.00,5725.00,5680.00,5892.00,5947.00,6209.00,6167.00,6324.00,6356.00,6700.00,6781.00,6853.00,6847.00,7020.00,6947.00,6753.00,6384.00,4869.00,4229.00,4167.00,4624.00,5281.00,5564.00,5970.00,5955.00,5665.00,6023.00,6576.00,6294.00,6705.00,6528.00,6975.00,7114.00,7024.00,6718.00,6717.00,6738.00,6528.00,6644.00,6492.00,6646.00,6506.00,6459.00,5980.00,6005.00,6099.00,6624.00,7015.00,7200.00,7843.00,8213.00,8071.00,8490.00,8546.00,8667.00,8891.00,8883.00,8924.00,8711.00,8559.00,8430.00,7994.00,7894.00,7720.00,7552.00,7140.00,7067.00,7325.00,7227.00,7171.00,7210.00,7080.00,7332.00,7688.00,8097.00,6160.00,5964.00,5526.00,5307.00,4533.00,3748.00,3757.00,3416.00,3188.00,2866.00,2487.00,2163.00,1858.00,7525.00
E06000025,South Gloucestershire,Unitary Authority,299439.00,2979.00,3125.00,3204.00,3185.00,3448.00,3510.00,3478.00,3515.00,3592.00,3486.00,3607.00,3664.00,3500.00,3565.00,3489.00,3484.00,3256.00,3220.00,3355.00,3684.00,3724.00,3594.00,3653.00,3756.00,3795.00,3695.00,3887.00,3913.00,4114.00,4224.00,4277.00,4354.00,4402.00,4335.00,4404.00,4427.00,4270.00,4284.00,4265.00,4174.00,3985.00,3955.00,3911.00,3908.00,3732.00,3437.00,3522.00,3436.00,3459.00,3549.00,3646.00,3686.00,4027.00,3942.00,4034.00,3880.00,4071.00,4020.00,3919.00,4033.00,3834.00,3639.00,3439.00,3280.00,3105.00,3063.00,2833.00,2735.00,2648.00,2729.00,2645.00,2481.00,2531.00,2629.00,2579.00,2790.00,3045.00,2281.00,2346.00,2365.00,2057.00,1805.00,1506.00,1505.00,1441.00,1328.00,1169.00,1069.00,878.00,764.00,2875.00
E06000030,Swindon,Unitary Authority,238417.00,2438.00,2629.00,2727.00,2731.00,2845.00,2979.00,3019.00,3038.00,3077.00,3095.00,3211.00,3281.00,3126.00,3118.00,3006.00,3048.00,2879.00,2737.00,2677.00,2077.00,1945.00,2070.00,2153.00,2412.00,2708.00,2829.00,2930.00,2894.00,3193.00,3249.00,3192.00,3484.00,3580.00,3581.00,3487.00,3668.00,3684.00,3581.00,3641.00,3560.00,3464.00,3485.00,3501.00,3549.00,3256.00,3114.00,3056.00,3048.00,3120.00,3243.00,3415.00,3378.00,3337.00,3233.00,3283.00,3252.00,3341.00,3304.00,3253.00,3129.00,3129.00,2976.00,2847.00,2750.00,2557.00,2422.00,2276.00,2109.00,2103.00,2154.00,2010.00,1840.00,1860.00,1860.00,1774.00,1924.00,2056.00,1523.00,1440.00,1351.00,1216.00,1098.00,916.00,949.00,871.00,795.00,730.00,625.00,579.00,504.00,1833.00
E06000027,Torbay,Unitary Authority,139485.00,982.00,1073.00,1109.00,1153.00,1349.00,1313.00,1309.00,1432.00,1406.00,1537.00,1528.00,1538.00,1570.00,1563.00,1524.00,1534.00,1533.00,1434.00,1496.00,1164.00,997.00,955.00,1073.00,1231.00,1473.00,1399.00,1361.00,1289.00,1356.00,1379.00,1529.00,1579.00,1616.00,1513.00,1514.00,1582.00,1553.00,1527.00,1510.00,1471.00,1479.00,1488.00,1590.00,1609.00,1465.00,1359.00,1472.00,1533.00,1532.00,1643.00,1763.00,1768.00,2030.00,2006.00,2063.00,2091.00,2221.00,2166.00,2284.00,2193.00,2187.00,2132.00,2071.00,2031.00,1942.00,1968.00,1905.00,1851.00,1816.00,1822.00,1845.00,1680.00,1703.00,1733.00,1961.00,1893.00,2215.00,1632.00,1537.00,1540.00,1318.00,1178.00,952.00,986.00,949.00,837.00,776.00,676.00,568.00,510.00,2062.00
E06000054,Wiltshire,Unitary Authority,517979.00,4496.00,4804.00,4872.00,5182.00,5397.00,5519.00,5619.00,5997.00,5907.00,5947.00,6114.00,6287.00,6398.00,6364.00,6162.00,6248.00,6085.00,5953.00,5734.00,4765.00,3789.00,3871.00,4539.00,5096.00,5557.00,5545.00,5751.00,5601.00,5616.00,6004.00,5927.00,6174.00,6332.00,6359.00,6386.00,6510.00,6616.00,6319.00,6375.00,6371.00,6175.00,6325.00,6289.00,6250.00,6078.00,5639.00,5673.00,6031.00,6263.00,6482.00,7016.00,7464.00,7325.00,7352.00,7452.00,7476.00,7763.00,7801.00,7793.00,7737.00,7465.00,7362.00,7328.00,6848.00,6709.00,6408.00,6116.00,5882.00,5752.00,5755.00,5708.00,5539.00,5391.00,5534.00,5726.00,6141.00,6351.00,4859.00,4792.00,4580.00,4045.00,3615.00,3003.00,3017.00,2836.00,2560.00,2243.00,2070.00,1807.00,1489.00,6076.00
E10000008,Devon,County,833408.00,6038.00,6694.00,6940.00,7360.00,7543.00,7815.00,8028.00,8424.00,8294.00,8603.00,8831.00,9276.00,9123.00,9098.00,8782.00,8928.00,8868.00,8668.00,8923.00,10586.00,11721.00,10033.00,8648.00,8302.00,8284.00,8037.00,8335.00,8290.00,8133.00,8594.00,8518.00,8957.00,9026.00,9458.00,9341.00,9518.00,9223.00,9406.00,8979.00,9146.00,9122.00,9341.00,9297.00,9502.00,9288.00,8430.00,8403.00,8787.00,9154.00,9700.00,10246.00,10935.00,11309.00,11317.00,11795.00,11877.00,12283.00,12433.00,12754.00,12742.00,12534.00,12561.00,12063.00,11736.00,11665.00,11364.00,11233.00,10600.00,10511.00,10480.00,10653.00,10187.00,10269.00,10563.00,10696.00,11276.00,12191.00,9315.00,8932.00,8528.00,7673.00,6573.00,5677.00,5363.00,5041.00,4694.00,4335.00,3817.00,3308.00,2821.00,11263.00
E07000040,East Devon,Non-metropolitan District,156167.00,1080.00,1285.00,1384.00,1371.00,1453.00,1437.00,1484.00,1623.00,1580.00,1625.00,1655.00,1760.00,1740.00,1631.00,1619.00,1597.00,1578.00,1586.00,1525.00,1316.00,1009.00,1032.00,1166.00,1400.00,1517.00,1468.00,1458.00,1440.00,1438.00,1451.00,1511.00,1588.00,1664.00,1689.00,1659.00,1666.00,1592.00,1662.00,1549.00,1582.00,1639.00,1674.00,1683.00,1726.00,1622.00,1544.00,1581.00,1623.00,1662.00,1835.00,1913.00,2094.00,2021.00,2106.00,2203.00,2233.00,2316.00,2272.00,2304.00,2341.00,2253.00,2337.00,2163.00,2216.00,2227.00,2234.00,2181.00,2131.00,2086.00,2094.00,2164.00,2102.00,2101.00,2216.00,2305.00,2389.00,2626.00,2116.00,1964.00,1882.00,1728.00,1457.00,1319.00,1218.00,1166.00,1110.00,1032.00,915.00,761.00,649.00,2763.00
E07000041,Exeter,Non-metropolitan District,137050.00,1079.00,1134.00,1137.00,1166.00,1232.00,1208.00,1261.00,1310.00,1239.00,1296.00,1226.00,1332.00,1278.00,1270.00,1307.00,1261.00,1202.00,1273.00,1820.00,4847.00,7308.00,5595.00,3672.00,2412.00,2081.00,1878.00,2010.00,1954.00,1800.00,1846.00,1885.00,1935.00,1785.00,1817.00,1928.00,1803.00,1843.00,1794.00,1725.00,1757.00,1684.00,1746.00,1590.00,1613.00,1627.00,1398.00,1337.00,1410.00,1502.00,1475.00,1458.00,1490.00,1457.00,1494.00,1534.00,1542.00,1538.00,1542.00,1518.00,1428.00,1462.00,1373.00,1338.00,1220.00,1269.00,1204.00,1102.00,1094.00,1078.00,1080.00,1064.00,1035.00,1046.00,1057.00,1069.00,1112.00,1220.00,866.00,848.00,832.00,767.00,650.00,642.00,605.00,559.00,518.00,489.00,383.00,357.00,327.00,1295.00
E07000042,Mid Devon,Non-metropolitan District,84148.00,642.00,705.00,730.00,836.00,828.00,866.00,882.00,889.00,912.00,948.00,995.00,1010.00,1038.00,1055.00,1044.00,1048.00,1135.00,1043.00,1001.00,665.00,569.00,542.00,632.00,790.00,719.00,793.00,790.00,836.00,831.00,863.00,806.00,908.00,907.00,993.00,905.00,962.00,955.00,1002.00,983.00,1070.00,980.00,995.00,1044.00,924.00,913.00,947.00,914.00,919.00,1000.00,1042.00,1095.00,1181.00,1259.00,1246.00,1271.00,1308.00,1248.00,1242.00,1364.00,1308.00,1311.00,1215.00,1226.00,1179.00,1168.00,1126.00,1083.00,1074.00,1053.00,1014.00,1040.00,972.00,1007.00,1052.00,992.00,1038.00,1153.00,837.00,812.00,818.00,757.00,637.00,533.00,481.00,446.00,439.00,418.00,366.00,283.00,260.00,1030.00
E07000043,North Devon,Non-metropolitan District,100543.00,780.00,824.00,851.00,937.00,911.00,1020.00,1059.00,1074.00,1026.00,1082.00,1143.00,1154.00,1231.00,1176.00,1103.00,1172.00,1132.00,1073.00,1078.00,925.00,713.00,693.00,753.00,884.00,974.00,919.00,976.00,991.00,995.00,1068.00,1058.00,1061.00,1105.00,1176.00,1069.00,1153.00,1091.00,1127.00,1071.00,1040.00,1033.00,1121.00,1165.00,1203.00,1168.00,1069.00,1035.00,1074.00,1099.00,1242.00,1319.00,1332.00,1444.00,1433.00,1453.00,1422.00,1532.00,1566.00,1577.00,1624.00,1560.00,1564.00,1595.00,1497.00,1428.00,1428.00,1410.00,1306.00,1261.00,1278.00,1265.00,1213.00,1259.00,1212.00,1306.00,1350.00,1501.00,1111.00,1123.00,1013.00,965.00,808.00,643.00,661.00,606.00,547.00,522.00,489.00,417.00,315.00,1311.00
E07000044,South Hams,Non-metropolitan District,90842.00,602.00,663.00,709.00,763.00,789.00,898.00,862.00,901.00,924.00,944.00,964.00,1035.00,1043.00,1006.00,957.00,965.00,1021.00,929.00,902.00,733.00,504.00,560.00,612.00,748.00,730.00,718.00,752.00,716.00,720.00,816.00,807.00,894.00,897.00,936.00,971.00,998.00,959.00,941.00,934.00,966.00,936.00,1009.00,973.00,1003.00,1065.00,927.00,936.00,979.00,994.00,1050.00,1088.00,1259.00,1239.00,1228.00,1323.00,1403.00,1452.00,1482.00,1534.00,1529.00,1528.00,1604.00,1447.00,1496.00,1456.00,1415.00,1436.00,1312.00,1341.00,1209.00,1351.00,1277.00,1238.00,1271.00,1256.00,1437.00,1429.00,1173.00,1083.00,999.00,876.00,752.00,623.00,609.00,599.00,534.00,477.00,449.00,403.00,316.00,1248.00
E07000045,Teignbridge,Non-metropolitan District,137074.00,985.00,1143.00,1152.00,1220.00,1288.00,1323.00,1347.00,1380.00,1420.00,1377.00,1511.00,1550.00,1453.00,1554.00,1431.00,1465.00,1385.00,1375.00,1309.00,1069.00,807.00,812.00,991.00,1139.00,1254.00,1229.00,1246.00,1261.00,1306.00,1376.00,1341.00,1376.00,1466.00,1542.00,1539.00,1675.00,1531.00,1608.00,1490.00,1546.00,1557.00,1512.00,1486.00,1594.00,1547.00,1409.00,1387.00,1413.00,1549.00,1591.00,1723.00,1846.00,1958.00,1963.00,2049.00,2032.00,2092.00,2159.00,2224.00,2236.00,2233.00,2236.00,2149.00,2043.00,1997.00,1967.00,2001.00,1831.00,1835.00,1954.00,1942.00,1784.00,1757.00,1830.00,1854.00,2000.00,2112.00,1649.00,1569.00,1480.00,1332.00,1175.00,950.00,921.00,865.00,769.00,702.00,633.00,546.00,478.00,1881.00
E07000046,Torridge,Non-metropolitan District,68830.00,511.00,501.00,539.00,581.00,581.00,583.00,637.00,688.00,654.00,739.00,731.00,831.00,760.00,776.00,732.00,697.00,715.00,703.00,651.00,517.00,421.00,404.00,449.00,528.00,536.00,585.00,657.00,620.00,591.00,653.00,605.00,660.00,649.00,748.00,689.00,708.00,692.00,662.00,657.00,616.00,685.00,694.00,685.00,771.00,698.00,613.00,680.00,770.00,723.00,732.00,848.00,882.00,1106.00,1064.00,1020.00,1030.00,1111.00,1159.00,1179.00,1178.00,1181.00,1178.00,1098.00,1113.00,1180.00,1103.00,1122.00,994.00,1004.00,997.00,1017.00,986.00,1030.00,1068.00,1060.00,1045.00,1160.00,838.00,812.00,809.00,656.00,615.00,510.00,448.00,407.00,408.00,341.00,305.00,279.00,249.00,932.00
E07000047,West Devon,Non-metropolitan District,58754.00,359.00,439.00,438.00,486.00,461.00,480.00,496.00,559.00,539.00,592.00,606.00,604.00,580.00,630.00,589.00,723.00,700.00,686.00,637.00,514.00,390.00,395.00,373.00,401.00,473.00,447.00,446.00,472.00,452.00,521.00,505.00,535.00,553.00,557.00,581.00,553.00,560.00,610.00,570.00,569.00,608.00,590.00,671.00,668.00,648.00,523.00,533.00,599.00,625.00,733.00,802.00,851.00,825.00,783.00,942.00,907.00,994.00,1011.00,1054.00,1098.00,1006.00,1054.00,1047.00,972.00,940.00,887.00,898.00,858.00,853.00,854.00,810.00,818.00,831.00,857.00,854.00,905.00,990.00,725.00,721.00,695.00,592.00,479.00,457.00,420.00,393.00,369.00,354.00,277.00,262.00,227.00,803.00
E10000013,Gloucestershire,County,659276.00,5890.00,6383.00,6239.00,6595.00,6852.00,7105.00,7082.00,7450.00,7328.00,7453.00,7543.00,7929.00,7984.00,7894.00,7854.00,7904.00,7549.00,7438.00,7164.00,6537.00,6004.00,6333.00,6377.00,6597.00,7080.00,7009.00,7155.00,7162.00,7495.00,7638.00,7656.00,7940.00,8419.00,8466.00,8573.00,8582.00,8348.00,8238.00,8220.00,8172.00,8407.00,8432.00,8197.00,8511.00,8223.00,7410.00,7323.00,7591.00,7759.00,8154.00,8366.00,8878.00,9163.00,9015.00,9403.00,9486.00,9796.00,9716.00,9818.00,9772.00,9411.00,9349.00,8960.00,8742.00,8288.00,8034.00,7630.00,7243.00,7116.00,7205.00,7045.00,6964.00,6727.00,7101.00,7146.00,7396.00,7800.00,5977.00,5628.00,5770.00,5213.00,4438.00,3805.00,3694.00,3624.00,3166.00,2857.00,2417.00,2253.00,1906.00,7314.00
E07000078,Cheltenham,Non-metropolitan District,120255.00,1051.00,1150.00,1152.00,1158.00,1213.00,1243.00,1328.00,1265.00,1320.00,1340.00,1303.00,1348.00,1440.00,1438.00,1624.00,1551.00,1529.00,1324.00,1351.00,1360.00,1474.00,1598.00,1403.00,1396.00,1495.00,1563.00,1687.00,1605.00,1587.00,1545.00,1581.00,1656.00,1653.00,1646.00,1728.00,1616.00,1572.00,1730.00,1616.00,1635.00,1643.00,1656.00,1552.00,1670.00,1631.00,1491.00,1407.00,1431.00,1442.00,1460.00,1519.00,1499.00,1490.00,1518.00,1576.00,1630.00,1552.00,1579.00,1681.00,1716.00,1523.00,1492.00,1461.00,1403.00,1293.00,1222.00,1232.00,1127.00,1077.00,1098.00,1060.00,1137.00,971.00,1124.00,1113.00,1175.00,1245.00,985.00,907.00,929.00,801.00,756.00,690.00,592.00,654.00,534.00,530.00,470.00,447.00,345.00,1445.00
E07000079,Cotswold,Non-metropolitan District,91490.00,713.00,824.00,769.00,816.00,825.00,864.00,894.00,930.00,919.00,964.00,953.00,1057.00,1054.00,1035.00,989.00,992.00,1048.00,977.00,876.00,842.00,664.00,713.00,704.00,740.00,761.00,722.00,757.00,743.00,808.00,746.00,795.00,784.00,954.00,942.00,933.00,945.00,1005.00,915.00,990.00,995.00,1077.00,1087.00,1076.00,1104.00,1097.00,1029.00,1003.00,1047.00,1072.00,1106.00,1175.00,1318.00,1373.00,1331.00,1392.00,1395.00,1499.00,1512.00,1562.00,1535.00,1478.00,1483.00,1397.00,1410.00,1304.00,1291.00,1223.00,1110.00,1210.00,1230.00,1185.00,1172.00,1129.00,1211.00,1257.00,1278.00,1350.00,1021.00,976.00,1039.00,934.00,762.00,629.00,649.00,651.00,543.00,469.00,431.00,333.00,334.00,1254.00
E07000080,Forest of Dean,Non-metropolitan District,89104.00,731.00,778.00,773.00,829.00,888.00,845.00,875.00,937.00,836.00,912.00,939.00,969.00,1009.00,985.00,939.00,940.00,927.00,1080.00,1090.00,1197.00,944.00,661.00,700.00,719.00,848.00,853.00,898.00,860.00,905.00,963.00,911.00,950.00,1031.00,1014.00,1026.00,1063.00,1023.00,982.00,964.00,967.00,962.00,987.00,974.00,932.00,974.00,834.00,805.00,946.00,968.00,1061.00,1068.00,1257.00,1308.00,1313.00,1327.00,1396.00,1471.00,1476.00,1470.00,1394.00,1425.00,1442.00,1369.00,1324.00,1291.00,1197.00,1192.00,1164.00,1131.00,1156.00,1188.00,1085.00,1098.00,1140.00,1180.00,1220.00,1199.00,927.00,876.00,917.00,840.00,668.00,543.00,565.00,516.00,448.00,427.00,311.00,314.00,283.00,984.00
E07000081,Gloucester,Non-metropolitan District,134991.00,1420.00,1514.00,1416.00,1490.00,1527.00,1667.00,1528.00,1700.00,1708.00,1645.00,1743.00,1806.00,1732.00,1738.00,1664.00,1769.00,1533.00,1592.00,1568.00,1433.00,1554.00,1820.00,1805.00,1709.00,1820.00,1685.00,1707.00,1758.00,1771.00,1894.00,1873.00,1882.00,1962.00,2042.00,2046.00,2075.00,1958.00,1917.00,1886.00,1853.00,1886.00,1829.00,1768.00,1883.00,1698.00,1571.00,1551.00,1547.00,1592.00,1647.00,1657.00,1698.00,1717.00,1770.00,1877.00,1794.00,1844.00,1824.00,1755.00,1772.00,1758.00,1633.00,1637.00,1587.00,1504.00,1427.00,1316.00,1239.00,1169.00,1158.00,1100.00,1063.00,1069.00,1062.00,1076.00,1099.00,1155.00,930.00,903.00,849.00,820.00,717.00,586.00,561.00,581.00,501.00,428.00,397.00,370.00,288.00,1118.00
E07000082,Stroud,Non-metropolitan District,124540.00,1007.00,1105.00,1086.00,1213.00,1266.00,1291.00,1306.00,1377.00,1313.00,1360.00,1404.00,1554.00,1499.00,1515.00,1479.00,1538.00,1435.00,1425.00,1296.00,1015.00,790.00,922.00,992.00,1146.00,1114.00,1169.00,1110.00,1145.00,1265.00,1301.00,1246.00,1439.00,1486.00,1449.00,1453.00,1463.00,1457.00,1435.00,1504.00,1448.00,1507.00,1584.00,1549.00,1601.00,1566.00,1428.00,1446.00,1473.00,1580.00,1655.00,1741.00,1802.00,1941.00,1822.00,1883.00,1916.00,1999.00,1879.00,1906.00,1883.00,1887.00,1902.00,1820.00,1786.00,1728.00,1671.00,1550.00,1477.00,1489.00,1497.00,1406.00,1451.00,1436.00,1502.00,1460.00,1539.00,1595.00,1188.00,1082.00,1122.00,1022.00,860.00,742.00,732.00,679.00,618.00,553.00,477.00,482.00,386.00,1422.00
E07000083,Tewkesbury,Non-metropolitan District,98896.00,968.00,1012.00,1043.00,1089.00,1133.00,1195.00,1151.00,1241.00,1232.00,1232.00,1201.00,1195.00,1250.00,1183.00,1159.00,1114.00,1077.00,1040.00,983.00,690.00,578.00,619.00,773.00,887.00,1042.00,1017.00,996.00,1051.00,1159.00,1189.00,1250.00,1229.00,1333.00,1373.00,1387.00,1420.00,1333.00,1259.00,1260.00,1274.00,1332.00,1289.00,1278.00,1321.00,1257.00,1057.00,1111.00,1147.00,1105.00,1225.00,1206.00,1304.00,1334.00,1261.00,1348.00,1355.00,1431.00,1446.00,1444.00,1472.00,1340.00,1397.00,1276.00,1232.00,1168.00,1226.00,1117.00,1126.00,1040.00,1066.00,1106.00,1056.00,1024.00,1062.00,1060.00,1085.00,1256.00,926.00,884.00,914.00,796.00,675.00,615.00,595.00,543.00,522.00,450.00,331.00,307.00,270.00,1091.00
W92000004,WALES,Country,3164404.00,27701.00,29896.00,29461.00,31111.00,32027.00,33352.00,33887.00,35591.00,35197.00,35502.00,36443.00,37561.00,38119.00,37476.00,37297.00,37894.00,36088.00,35365.00,36462.00,38974.00,38571.00,39236.00,38262.00,37086.00,37769.00,37299.00,39135.00,37433.00,37849.00,38798.00,38914.00,40717.00,41186.00,40444.00,40428.00,41229.00,40332.00,39797.00,39498.00,37796.00,37932.00,37556.00,37987.00,38398.00,36350.00,33501.00,33198.00,34049.00,35443.00,36335.00,38535.00,41102.00,43613.00,42048.00,44068.00,43477.00,44468.00,44542.00,45688.00,45548.00,44436.00,43755.00,42136.00,40737.00,40083.00,39022.00,37598.00,35969.00,34577.00,35163.00,34839.00,33223.00,33246.00,33675.00,33901.00,35373.00,36681.00,27417.00,26437.00,25480.00,23065.00,20559.00,17762.00,16747.00,15445.00,14260.00,12660.00,11121.00,9507.00,8042.00,30467.00
W06000001,Isle of Anglesey,Unitary Authority,69291.00,521.00,577.00,595.00,601.00,597.00,710.00,735.00,789.00,758.00,770.00,844.00,840.00,844.00,783.00,833.00,806.00,729.00,739.00,686.00,588.00,514.00,549.00,571.00,565.00,653.00,637.00,680.00,665.00,687.00,670.00,671.00,709.00,736.00,755.00,779.00,773.00,745.00,691.00,758.00,714.00,704.00,693.00,674.00,797.00,755.00,681.00,620.00,698.00,695.00,772.00,919.00,903.00,1018.00,964.00,1020.00,1026.00,1072.00,1019.00,1092.00,1135.00,1149.00,1033.00,1051.00,1102.00,1042.00,980.00,955.00,982.00,972.00,957.00,885.00,914.00,915.00,945.00,981.00,991.00,1040.00,725.00,746.00,747.00,672.00,553.00,484.00,477.00,459.00,429.00,350.00,289.00,268.00,212.00,862.00
W06000002,Gwynedd,Unitary Authority,119173.00,970.00,1066.00,1003.00,1049.00,1084.00,1187.00,1097.00,1279.00,1150.00,1255.00,1278.00,1364.00,1303.00,1353.00,1314.00,1297.00,1334.00,1300.00,1318.00,1715.00,1881.00,1936.00,1838.00,1660.00,1567.00,1353.00,1377.00,1243.00,1353.00,1371.00,1357.00,1378.00,1406.00,1394.00,1417.00,1403.00,1365.00,1281.00,1261.00,1168.00,1215.00,1239.00,1267.00,1276.00,1212.00,1155.00,1115.00,1209.00,1273.00,1437.00,1492.00,1591.00,1657.00,1655.00,1665.00,1636.00,1714.00,1748.00,1778.00,1755.00,1747.00,1758.00,1756.00,1646.00,1527.00,1607.00,1525.00,1486.00,1385.00,1381.00,1438.00,1338.00,1273.00,1313.00,1380.00,1416.00,1436.00,1151.00,1047.00,1124.00,982.00,817.00,673.00,683.00,659.00,568.00,571.00,485.00,420.00,345.00,1422.00
W06000003,Conwy,Unitary Authority,114410.00,901.00,967.00,923.00,993.00,990.00,1079.00,1122.00,1148.00,1149.00,1176.00,1223.00,1267.00,1315.00,1272.00,1274.00,1244.00,1236.00,1194.00,1150.00,860.00,697.00,759.00,903.00,1055.00,1083.00,1139.00,1146.00,988.00,1175.00,1122.00,1097.00,1240.00,1283.00,1169.00,1265.00,1194.00,1228.00,1122.00,1199.00,1175.00,1126.00,1219.00,1271.00,1263.00,1175.00,1085.00,1112.00,1143.00,1178.00,1288.00,1432.00,1601.00,1685.00,1550.00,1693.00,1659.00,1725.00,1832.00,1887.00,1861.00,1888.00,1796.00,1810.00,1797.00,1827.00,1694.00,1647.00,1566.00,1494.00,1660.00,1576.00,1496.00,1553.00,1535.00,1579.00,1761.00,1769.00,1324.00,1266.00,1143.00,1084.00,1016.00,829.00,796.00,785.00,659.00,623.00,542.00,509.00,435.00,1644.00
W06000004,Denbighshire,Unitary Authority,97156.00,788.00,914.00,932.00,988.00,1018.00,995.00,1036.00,1071.00,1103.00,1101.00,1105.00,1105.00,1186.00,1224.00,1215.00,1193.00,1140.00,1165.00,1123.00,801.00,761.00,753.00,850.00,870.00,936.00,961.00,1018.00,1057.00,967.00,1084.00,1065.00,1066.00,1124.00,1088.00,1055.00,1083.00,1112.00,1075.00,1055.00,1029.00,1006.00,1012.00,1034.00,1055.00,1011.00,928.00,1015.00,1042.00,1115.00,1108.00,1149.00,1358.00,1339.00,1374.00,1438.00,1376.00,1525.00,1425.00,1507.00,1576.00,1533.00,1553.00,1432.00,1371.00,1340.00,1344.00,1285.00,1192.00,1214.00,1229.00,1206.00,1141.00,1202.00,1203.00,1276.00,1332.00,1298.00,987.00,925.00,971.00,851.00,717.00,677.00,613.00,522.00,511.00,499.00,384.00,362.00,277.00,1104.00
W06000005,Flintshire,Unitary Authority,155812.00,1383.00,1463.00,1520.00,1526.00,1510.00,1613.00,1681.00,1684.00,1710.00,1742.00,1826.00,1850.00,1843.00,1950.00,1839.00,2007.00,1911.00,1759.00,1749.00,1367.00,1138.00,1290.00,1377.00,1466.00,1629.00,1657.00,1695.00,1718.00,1773.00,1750.00,1869.00,2012.00,1979.00,1901.00,1956.00,1993.00,1946.00,1947.00,1933.00,1872.00,1884.00,1959.00,1897.00,1961.00,1813.00,1737.00,1733.00,1745.00,1937.00,1893.00,2129.00,2249.00,2407.00,2388.00,2523.00,2387.00,2348.00,2317.00,2419.00,2449.00,2278.00,2256.00,2126.00,2067.00,2030.00,1871.00,1841.00,1759.00,1636.00,1685.00,1703.00,1588.00,1791.00,1736.00,1767.00,1883.00,2036.00,1390.00,1361.00,1303.00,1131.00,975.00,898.00,853.00,777.00,761.00,620.00,490.00,442.00,353.00,1396.00
W06000006,Wrexham,Unitary Authority,136149.00,1240.00,1310.00,1305.00,1412.00,1399.00,1475.00,1522.00,1501.00,1575.00,1629.00,1688.00,1700.00,1734.00,1697.00,1685.00,1672.00,1611.00,1611.00,1575.00,1281.00,1087.00,1253.00,1350.00,1468.00,1556.00,1574.00,1622.00,1538.00,1589.00,1609.00,1718.00,1681.00,1804.00,1791.00,1721.00,1807.00,1793.00,1828.00,1840.00,1750.00,1744.00,1699.00,1774.00,1761.00,1687.00,1473.00,1493.00,1577.00,1602.00,1657.00,1823.00,1923.00,2073.00,2019.00,2045.00,1946.00,2019.00,1913.00,1925.00,1968.00,1950.00,1775.00,1771.00,1681.00,1570.00,1655.00,1610.00,1550.00,1445.00,1484.00,1467.00,1355.00,1402.00,1374.00,1422.00,1433.00,1513.00,1147.00,1063.00,1050.00,964.00,891.00,740.00,662.00,586.00,525.00,536.00,471.00,358.00,317.00,1260.00
W06000023,Powys,Unitary Authority,134439.00,952.00,1094.00,1083.00,1138.00,1206.00,1261.00,1264.00,1310.00,1343.00,1361.00,1400.00,1372.00,1445.00,1389.00,1414.00,1537.00,1431.00,1424.00,1422.00,1012.00,868.00,862.00,1025.00,1083.00,1277.00,1210.00,1301.00,1276.00,1302.00,1393.00,1289.00,1327.00,1417.00,1346.00,1366.00,1476.00,1301.00,1302.00,1387.00,1322.00,1333.00,1379.00,1377.00,1354.00,1386.00,1305.00,1316.00,1383.00,1468.00,1541.00,1548.00,1916.00,1980.00,1933.00,2059.00,1957.00,2201.00,2200.00,2281.00,2168.00,2282.00,2171.00,2213.00,2186.00,2186.00,2039.00,2045.00,2007.00,1928.00,2006.00,1944.00,1847.00,1847.00,1887.00,1946.00,2010.00,1971.00,1571.00,1466.00,1546.00,1360.00,1164.00,979.00,982.00,878.00,808.00,735.00,616.00,530.00,455.00,1761.00
W06000008,Ceredigion,Unitary Authority,73050.00,465.00,527.00,524.00,569.00,568.00,605.00,578.00,679.00,675.00,667.00,693.00,722.00,752.00,723.00,637.00,684.00,683.00,681.00,912.00,1992.00,1907.00,1765.00,1383.00,1050.00,903.00,810.00,711.00,713.00,644.00,744.00,671.00,717.00,750.00,720.00,698.00,720.00,678.00,659.00,693.00,606.00,658.00,695.00,660.00,668.00,658.00,600.00,664.00,693.00,704.00,730.00,776.00,864.00,987.00,941.00,1024.00,982.00,1049.00,1079.00,1138.00,1123.00,1176.00,1112.00,1086.00,1094.00,1063.00,1043.00,981.00,1035.00,993.00,986.00,937.00,933.00,940.00,950.00,968.00,973.00,978.00,760.00,761.00,740.00,667.00,565.00,483.00,515.00,391.00,394.00,337.00,286.00,273.00,220.00,839.00
W06000009,Pembrokeshire,Unitary Authority,125006.00,986.00,1082.00,1052.00,1133.00,1144.00,1248.00,1268.00,1317.00,1371.00,1377.00,1350.00,1500.00,1476.00,1452.00,1413.00,1477.00,1422.00,1417.00,1346.00,1104.00,921.00,897.00,1089.00,1164.00,1185.00,1249.00,1303.00,1211.00,1116.00,1232.00,1332.00,1437.00,1429.00,1382.00,1348.00,1478.00,1338.00,1327.00,1319.00,1300.00,1272.00,1308.00,1342.00,1311.00,1312.00,1211.00,1206.00,1189.00,1282.00,1427.00,1565.00,1595.00,1681.00,1715.00,1819.00,1774.00,1943.00,1916.00,1996.00,1932.00,2111.00,2055.00,1958.00,1834.00,1916.00,1825.00,1754.00,1779.00,1707.00,1658.00,1731.00,1633.00,1681.00,1711.00,1598.00,1689.00,1800.00,1365.00,1298.00,1317.00,1117.00,990.00,926.00,831.00,744.00,704.00,569.00,555.00,472.00,376.00,1514.00
W06000010,Carmarthenshire,Unitary Authority,190083.00,1602.00,1683.00,1675.00,1761.00,1891.00,1948.00,1996.00,2097.00,2054.00,2056.00,2180.00,2256.00,2329.00,2233.00,2198.00,2315.00,2248.00,2162.00,2125.00,1679.00,1565.00,1469.00,1661.00,1736.00,1807.00,1876.00,1976.00,2006.00,1968.00,2046.00,2042.00,2131.00,2205.00,2100.00,2197.00,2322.00,2224.00,2198.00,2118.00,2189.00,2138.00,2130.00,2258.00,2236.00,2133.00,2000.00,1847.00,2049.00,2148.00,2221.00,2324.00,2499.00,2628.00,2630.00,2684.00,2784.00,2833.00,2928.00,2981.00,3021.00,2865.00,2932.00,2860.00,2751.00,2708.00,2685.00,2584.00,2492.00,2537.00,2465.00,2438.00,2365.00,2250.00,2271.00,2331.00,2420.00,2407.00,1987.00,1812.00,1771.00,1636.00,1499.00,1239.00,1125.00,1045.00,946.00,905.00,719.00,650.00,555.00,2037.00
W06000011,Swansea,Unitary Authority,246742.00,2096.00,2188.00,2209.00,2388.00,2441.00,2599.00,2530.00,2720.00,2718.00,2603.00,2733.00,2910.00,2803.00,2843.00,2793.00,2997.00,2708.00,2668.00,2816.00,3619.00,4559.00,5188.00,4732.00,3901.00,3465.00,2999.00,3117.00,3036.00,2908.00,2969.00,3035.00,3138.00,3209.00,3313.00,3070.00,3292.00,3151.00,3204.00,3229.00,2889.00,3084.00,2961.00,3040.00,3132.00,2875.00,2675.00,2506.00,2674.00,2768.00,2787.00,2808.00,2968.00,3146.00,3072.00,3269.00,3122.00,3085.00,3149.00,3400.00,3334.00,3048.00,3060.00,2966.00,2927.00,2862.00,2851.00,2781.00,2645.00,2489.00,2522.00,2482.00,2314.00,2268.00,2377.00,2464.00,2622.00,2786.00,1925.00,1940.00,1859.00,1735.00,1543.00,1312.00,1270.00,1173.00,1114.00,968.00,893.00,807.00,649.00,2449.00
W06000012,Neath Port Talbot,Unitary Authority,142898.00,1234.00,1292.00,1280.00,1340.00,1445.00,1505.00,1557.00,1624.00,1611.00,1616.00,1567.00,1746.00,1765.00,1694.00,1682.00,1699.00,1660.00,1675.00,1868.00,2805.00,1620.00,1441.00,1191.00,1266.00,1410.00,1524.00,1713.00,1619.00,1652.00,1671.00,1759.00,1902.00,1837.00,1812.00,1765.00,1825.00,1841.00,1880.00,1802.00,1786.00,1772.00,1764.00,1714.00,1736.00,1703.00,1601.00,1538.00,1609.00,1663.00,1565.00,1743.00,1773.00,1930.00,1818.00,1959.00,2033.00,2008.00,2049.00,2061.00,2207.00,2054.00,1974.00,1954.00,1948.00,1893.00,1884.00,1772.00,1649.00,1575.00,1619.00,1613.00,1617.00,1494.00,1542.00,1504.00,1627.00,1629.00,1233.00,1123.00,1153.00,1028.00,877.00,793.00,724.00,674.00,622.00,563.00,499.00,397.00,338.00,1299.00
W06000013,Bridgend,Unitary Authority,146743.00,1301.00,1397.00,1400.00,1400.00,1523.00,1546.00,1603.00,1641.00,1600.00,1702.00,1698.00,1747.00,1874.00,1763.00,1708.00,1729.00,1690.00,1619.00,1657.00,1333.00,1172.00,1171.00,1365.00,1463.00,1605.00,1683.00,1833.00,1710.00,1650.00,1844.00,1795.00,1993.00,1938.00,1953.00,2098.00,2073.00,2020.00,1909.00,1887.00,1776.00,1805.00,1741.00,1882.00,1882.00,1709.00,1625.00,1599.00,1667.00,1732.00,1815.00,1885.00,2031.00,2216.00,2035.00,2090.00,2134.00,2171.00,2182.00,2189.00,2180.00,2113.00,2137.00,1987.00,1908.00,1864.00,1795.00,1683.00,1649.00,1540.00,1520.00,1603.00,1553.00,1569.00,1497.00,1584.00,1564.00,1703.00,1270.00,1230.00,1225.00,1062.00,917.00,894.00,773.00,734.00,680.00,599.00,516.00,445.00,363.00,1327.00
W06000014,Vale of Glamorgan,Unitary Authority,134733.00,1138.00,1275.00,1299.00,1366.00,1444.00,1515.00,1633.00,1600.00,1598.00,1592.00,1648.00,1784.00,1733.00,1715.00,1721.00,1758.00,1674.00,1490.00,1542.00,1127.00,983.00,956.00,1229.00,1420.00,1308.00,1327.00,1467.00,1432.00,1457.00,1557.00,1476.00,1555.00,1548.00,1606.00,1718.00,1724.00,1820.00,1837.00,1615.00,1645.00,1705.00,1747.00,1844.00,1806.00,1759.00,1556.00,1511.00,1544.00,1609.00,1648.00,1688.00,1808.00,1858.00,1808.00,1845.00,1898.00,1902.00,1807.00,1898.00,1994.00,1892.00,1875.00,1815.00,1751.00,1730.00,1636.00,1692.00,1631.00,1578.00,1536.00,1577.00,1418.00,1486.00,1406.00,1456.00,1581.00,1605.00,1194.00,1196.00,1151.00,1012.00,912.00,768.00,753.00,721.00,641.00,538.00,484.00,394.00,366.00,1371.00
W06000015,Cardiff,Unitary Authority,383536.00,3555.00,3908.00,3760.00,3909.00,3967.00,4028.00,4143.00,4458.00,4296.00,4370.00,4387.00,4635.00,4576.00,4439.00,4376.00,4423.00,4251.00,4266.00,5129.00,9273.00,11095.00,10838.00,9017.00,7550.00,7143.00,7032.00,6761.00,6574.00,6382.00,6045.00,5841.00,5992.00,5891.00,5668.00,5450.00,5522.00,5502.00,5467.00,5191.00,5101.00,5180.00,4835.00,4812.00,4844.00,4525.00,4161.00,4284.00,4118.00,4079.00,4053.00,3914.00,4040.00,4228.00,4169.00,4174.00,4077.00,4125.00,4042.00,4084.00,3970.00,3934.00,3953.00,3667.00,3638.00,3562.00,3466.00,3275.00,3033.00,2865.00,2949.00,2816.00,2672.00,2677.00,2714.00,2586.00,2648.00,2844.00,2013.00,1977.00,1890.00,1656.00,1497.00,1351.00,1311.00,1222.00,1181.00,1013.00,925.00,765.00,698.00,2813.00
W06000016,Rhondda Cynon Taf,Unitary Authority,241178.00,2218.00,2336.00,2323.00,2486.00,2565.00,2641.00,2612.00,2786.00,2760.00,2862.00,2947.00,2901.00,3026.00,2910.00,3068.00,2927.00,2781.00,2752.00,2839.00,2528.00,2638.00,2580.00,2672.00,2696.00,3088.00,2873.00,3212.00,2934.00,3098.00,3186.00,3200.00,3300.00,3349.00,3463.00,3447.00,3293.00,3302.00,3171.00,3291.00,3123.00,3134.00,3108.00,3013.00,3051.00,2869.00,2593.00,2529.00,2596.00,2764.00,2708.00,3083.00,3314.00,3530.00,3219.00,3265.00,3380.00,3362.00,3412.00,3406.00,3360.00,3197.00,3257.00,3056.00,2846.00,2905.00,2857.00,2671.00,2554.00,2498.00,2417.00,2454.00,2450.00,2340.00,2443.00,2488.00,2629.00,2628.00,2031.00,1910.00,1659.00,1606.00,1438.00,1237.00,1087.00,1047.00,1011.00,825.00,754.00,611.00,544.00,1848.00
W06000024,Merthyr Tydfil,Unitary Authority,58593.00,573.00,607.00,616.00,649.00,679.00,685.00,738.00,743.00,756.00,687.00,719.00,767.00,731.00,680.00,732.00,744.00,702.00,648.00,606.00,543.00,585.00,512.00,564.00,638.00,694.00,657.00,745.00,699.00,698.00,750.00,717.00,810.00,818.00,849.00,808.00,806.00,864.00,896.00,872.00,798.00,739.00,744.00,791.00,763.00,686.00,590.00,582.00,625.00,665.00,650.00,694.00,762.00,810.00,759.00,873.00,783.00,834.00,835.00,862.00,907.00,775.00,847.00,777.00,756.00,746.00,772.00,634.00,628.00,603.00,615.00,572.00,589.00,617.00,563.00,613.00,595.00,559.00,406.00,462.00,430.00,347.00,323.00,265.00,268.00,227.00,235.00,199.00,158.00,147.00,114.00,412.00
W06000018,Caerphilly,Unitary Authority,176437.00,1599.00,1713.00,1609.00,1807.00,1848.00,1990.00,2002.00,2068.00,2123.00,2081.00,2156.00,2131.00,2184.00,2224.00,2199.00,2218.00,2074.00,2034.00,1954.00,1772.00,1478.00,1564.00,1751.00,1810.00,1884.00,1943.00,2283.00,2050.00,2165.00,2216.00,2272.00,2317.00,2384.00,2360.00,2399.00,2465.00,2251.00,2404.00,2406.00,2258.00,2222.00,2161.00,2233.00,2286.00,2121.00,2027.00,1990.00,1952.00,1986.00,2180.00,2295.00,2443.00,2505.00,2336.00,2643.00,2568.00,2470.00,2520.00,2602.00,2575.00,2465.00,2381.00,2353.00,2199.00,2133.00,2091.00,2116.00,1990.00,1850.00,1980.00,1981.00,1729.00,1849.00,1915.00,1763.00,1921.00,2020.00,1459.00,1466.00,1291.00,1184.00,1131.00,927.00,872.00,814.00,717.00,634.00,551.00,458.00,392.00,1244.00
W06000019,Blaenau Gwent,Unitary Authority,67356.00,678.00,742.00,655.00,730.00,748.00,742.00,688.00,729.00,715.00,748.00,790.00,736.00,789.00,799.00,793.00,795.00,704.00,743.00,702.00,589.00,545.00,572.00,679.00,730.00,759.00,807.00,830.00,799.00,813.00,931.00,963.00,1000.00,953.00,919.00,948.00,934.00,934.00,898.00,858.00,776.00,824.00,784.00,775.00,817.00,757.00,662.00,637.00,718.00,758.00,806.00,825.00,954.00,985.00,982.00,1052.00,1048.00,1047.00,1066.00,1055.00,1000.00,1016.00,1012.00,871.00,900.00,870.00,777.00,832.00,745.00,707.00,733.00,729.00,696.00,716.00,691.00,732.00,691.00,772.00,577.00,509.00,489.00,505.00,458.00,351.00,336.00,307.00,264.00,222.00,241.00,171.00,138.00,483.00
W06000020,Torfaen,Unitary Authority,93419.00,928.00,975.00,934.00,1027.00,1037.00,1048.00,1061.00,1135.00,1017.00,1097.00,1120.00,1146.00,1227.00,1148.00,1165.00,1122.00,1085.00,1156.00,1093.00,842.00,748.00,782.00,782.00,939.00,969.00,1115.00,1200.00,1097.00,1221.00,1235.00,1219.00,1327.00,1292.00,1331.00,1320.00,1257.00,1280.00,1229.00,1267.00,1154.00,1139.00,1108.00,1112.00,1155.00,1101.00,963.00,1009.00,941.00,1039.00,1032.00,1161.00,1155.00,1274.00,1268.00,1305.00,1225.00,1306.00,1334.00,1415.00,1318.00,1354.00,1342.00,1304.00,1140.00,1155.00,1183.00,1042.00,993.00,989.00,1076.00,1025.00,985.00,962.00,967.00,946.00,987.00,1066.00,754.00,796.00,700.00,646.00,611.00,545.00,461.00,451.00,412.00,341.00,349.00,285.00,252.00,813.00
W06000021,Monmouthshire,Unitary Authority,94572.00,738.00,796.00,830.00,828.00,828.00,878.00,917.00,921.00,968.00,935.00,999.00,1030.00,1041.00,1028.00,1085.00,1113.00,1112.00,992.00,944.00,655.00,492.00,688.00,754.00,838.00,856.00,821.00,996.00,873.00,935.00,1011.00,953.00,1032.00,1071.00,1002.00,1048.00,1008.00,1092.00,1010.00,1021.00,1026.00,1105.00,1027.00,1054.00,1079.00,1059.00,1007.00,1026.00,1009.00,1131.00,1120.00,1254.00,1385.00,1487.00,1332.00,1427.00,1588.00,1541.00,1594.00,1569.00,1599.00,1566.00,1494.00,1436.00,1356.00,1283.00,1300.00,1300.00,1194.00,1214.00,1189.00,1226.00,1255.00,1186.00,1276.00,1193.00,1201.00,1325.00,1072.00,978.00,946.00,892.00,807.00,657.00,666.00,571.00,524.00,477.00,442.00,379.00,322.00,1287.00
W06000022,Newport,Unitary Authority,163628.00,1835.00,1984.00,1934.00,2011.00,2095.00,2054.00,2104.00,2291.00,2147.00,2075.00,2092.00,2052.00,2143.00,2157.00,2153.00,2137.00,1902.00,1870.00,1906.00,1489.00,1317.00,1411.00,1479.00,1718.00,1992.00,2052.00,2149.00,2195.00,2296.00,2362.00,2573.00,2653.00,2763.00,2522.00,2555.00,2781.00,2545.00,2462.00,2496.00,2339.00,2143.00,2243.00,2163.00,2165.00,2044.00,1866.00,1866.00,1868.00,1847.00,1897.00,2028.00,1970.00,2189.00,2081.00,2196.00,2094.00,2188.00,2175.00,2143.00,2116.00,2043.00,1982.00,1887.00,1839.00,1871.00,1667.00,1573.00,1410.00,1358.00,1496.00,1436.00,1335.00,1228.00,1359.00,1324.00,1399.00,1496.00,1076.00,1105.00,975.00,928.00,858.00,734.00,689.00,658.00,554.00,536.00,472.00,364.00,321.00,1282.00
W06000019,LA_1,Unitary Authority,67356.00,678.00,742.00,655.00,730.00,748.00,742.00,688.00,729.00,715.00,748.00,790.00,736.00,789.00,799.00,793.00,795.00,704.00,743.00,702.00,589.00,545.00,572.00,679.00,730.00,759.00,807.00,830.00,799.00,813.00,931.00,963.00,1000.00,953.00,919.00,948.00,934.00,934.00,898.00,858.00,776.00,824.00,784.00,775.00,817.00,757.00,662.00,637.00,718.00,758.00,806.00,825.00,954.00,985.00,982.00,1052.00,1048.00,1047.00,1066.00,1055.00,1000.00,1016.00,1012.00,871.00,900.00,870.00,777.00,832.00,745.00,707.00,733.00,729.00,696.00,716.00,691.00,732.00,691.00,772.00,577.00,509.00,489.00,505.00,458.00,351.00,336.00,307.00,264.00,222.00,241.00,171.00,138.00,483.00
W06000020,LA_2,Unitary Authority,93419.00,928.00,975.00,934.00,1027.00,1037.00,1048.00,1061.00,1135.00,1017.00,1097.00,1120.00,1146.00,1227.00,1148.00,1165.00,1122.00,1085.00,1156.00,1093.00,842.00,748.00,782.00,782.00,939.00,969.00,1115.00,1200.00,1097.00,1221.00,1235.00,1219.00,1327.00,1292.00,1331.00,1320.00,1257.00,1280.00,1229.00,1267.00,1154.00,1139.00,1108.00,1112.00,1155.00,1101.00,963.00,1009.00,941.00,1039.00,1032.00,1161.00,1155.00,1274.00,1268.00,1305.00,1225.00,1306.00,1334.00,1415.00,1318.00,1354.00,1342.00,1304.00,1140.00,1155.00,1183.00,1042.00,993.00,989.00,1076.00,1025.00,985.00,962.00,967.00,946.00,987.00,1066.00,754.00,796.00,700.00,646.00,611.00,545.00,461.00,451.00,412.00,341.00,349.00,285.00,252.00,813.00
W06000021,LA_3,Unitary Authority,94572.00,738.00,796.00,830.00,828.00,828.00,878.00,917.00,921.00,968.00,935.00,999.00,1030.00,1041.00,1028.00,1085.00,1113.00,1112.00,992.00,944.00,655.00,492.00,688.00,754.00,838.00,856.00,821.00,996.00,873.00,935.00,1011.00,953.00,1032.00,1071.00,1002.00,1048.00,1008.00,1092.00,1010.00,1021.00,1026.00,1105.00,1027.00,1054.00,1079.00,1059.00,1007.00,1026.00,1009.00,1131.00,1120.00,1254.00,1385.00,1487.00,1332.00,1427.00,1588.00,1541.00,1594.00,1569.00,1599.00,1566.00,1494.00,1436.00,1356.00,1283.00,1300.00,1300.00,1194.00,1214.00,1189.00,1226.00,1255.00,1186.00,1276.00,1193.00,1201.00,1325.00,1072.00,978.00,946.00,892.00,807.00,657.00,666.00,571.00,524.00,477.00,442.00,379.00,322.00,1287.00
W06000022,LA_4,Unitary Authority,163628.00,1835.00,1984.00,1934.00,2011.00,2095.00,2054.00,2104.00,2291.00,2147.00,2075.00,2092.00,2052.00,2143.00,2157.00,2153.00,2137.00,1902.00,1870.00,1906.00,1489.00,1317.00,1411.00,1479.00,1718.00,1992.00,2052.00,2149.00,2195.00,2296.00,2362.00,2573.00,2653.00,2763.00,2522.00,2555.00,2781.00,2545.00,2462.00,2496.00,2339.00,2143.00,2243.00,2163.00,2165.00,2044.00,1866.00,1866.00,1868.00,1847.00,1897.00,2028.00,1970.00,2189.00,2081.00,2196.00,2094.00,2188.00,2175.00,2143.00,2116.00,2043.00,1982.00,1887.00,1839.00,1871.00,1667.00,1573.00,1410.00,1358.00,1496.00,1436.00,1335.00,1228.00,1359.00,1324.00,1399.00,1496.00,1076.00,1105.00,975.00,928.00,858.00,734.00,689.00,658.00,554.00,536.00,472.00,364.00,321.00,1282.00
