"MYE2: Males by single year of age and sex for local authorities in England and Wales, mid-2023",,,,,,,,,,,,,,,,,,,,,,,,,,,,,,,,,,,,,,,,,,,,,,,,,,,,,,,,,,,,,,,,,,,,,,,,,,,,,,,,,,,,,,,,,,,,,,
This worksheet contains one table. Freeze panes are turned on. ,,,,,,,,,,,,,,,,,,,,,,,,,,,,,,,,,,,,,,,,,,,,,,,,,,,,,,,,,,,,,,,,,,,,,,,,,,,,,,,,,,,,,,,,,,,,,,
"To turn off freeze panes select the 'View' ribbon then 'Freeze Panes' then 'Unfreeze Panes' or use [Alt W, F]",,,,,,,,,,,,,,,,,,,,,,,,,,,,,,,,,,,,,,,,,,,,,,,,,,,,,,,,,,,,,,,,,,,,,,,,,,,,,,,,,,,,,,,,,,,,,,
Please choose from the links presented in the cells below to e-mail us your opinion on this table: ,,,,,,,,,,,,,,,,,,,,,,,,,,,,,,,,,,,,,,,,,,,,,,,,,,,,,,,,,,,,,,,,,,,,,,,,,,,,,,,,,,,,,,,,,,,,,,
"This met my needs, please produce it next year",,,,,,,,,,,,,,,,,,,,,,,,,,,,,,,,,,,,,,,,,,,,,,,,,,,,,,,,,,,,,,,,,,,,,,,,,,,,,,,,,,,,,,,,,,,,,,
I need something slightly different (please specify),,,,,,,,,,,,,,,,,,,,,,,,,,,,,,,,,,,,,,,,,,,,,,,,,,,,,,,,,,,,,,,,,,,,,,,,,,,,,,,,,,,,,,,,,,,,,,
This is not what I need at all (please specify),,,,,,,,,,,,,,,,,,,,,,,,,,,,,,,,,,,,,,,,,,,,,,,,,,,,,,,,,,,,,,,,,,,,,,,,,,,,,,,,,,,,,,,,,,,,,,
Code,Name,Geography,All ages,0,1,2,3,4,5,6,7,8,9,10,11,12,13,14,15,16,17,18,19,20,21,22,23,24,25,26,27,28,29,30,31,32,33,34,35,36,37,38,39,40,41,42,43,44,45,46,47,48,49,50,51,52,53,54,55,56,57,58,59,60,61,62,63,64,65,66,67,68,69,70,71,72,73,74,75,76,77,78,79,80,81,82,83,84,85,86,87,88,89,90+
K04000001,ENGLAND AND WALES,Country,29835992.00,308256.00,328403.00,326744.00,337911.00,344596.00,348742.00,356646.00,367110.00,363672.00,365577.00,375231.00,384524.00,385712.00,380005.00,377442.00,381017.00,368491.00,363568.00,365574.00,369718.00,368028.00,365925.00,365718.00,375371.00,388324.00,389661.00,396469.00,389367.00,392092.00,399857.00,399177.00,410472.00,415092.00,412689.00,409268.00,412465.00,402496.00,401544.00,399998.00,387293.00,387245.00,386672.00,389355.00,392378.00,376780.00,351252.00,345606.00,352748.00,360210.00,364193.00,378328.00,392490.00,405017.00,394613.00,403444.00,401604.00,404751.00,400740.00,401516.00,395372.00,385524.00,376008.00,362163.00,346261.00,335539.00,324865.00,308826.00,295558.00,280989.00,278862.00,272361.00,260228.00,259422.00,259212.00,262672.00,272916.00,291313.00,216617.00,204713.00,197979.00,175624.00,150137.00,127094.00,125305.00,117087.00,105973.00,92484.00,79518.00,67622.00,55050.00,183511.00
E92000001,ENGLAND,Country,28283074.00,293933.00,312995.00,311501.00,322067.00,328129.00,331735.00,339328.00,348942.00,345591.00,347329.00,356650.00,365469.00,366063.00,360895.00,358117.00,361691.00,349931.00,345236.00,346661.00,349313.00,347749.00,345536.00,345643.00,355934.00,368759.00,370911.00,376733.00,370426.00,373327.00,380776.00,380078.00,390686.00,395074.00,392740.00,389629.00,392507.00,383002.00,382093.00,380825.00,368755.00,368886.00,368552.00,371001.00,373542.00,358913.00,335009.00,329186.00,336077.00,342724.00,346555.00,359694.00,372431.00,383893.00,374199.00,382036.00,380548.00,383158.00,379113.00,379303.00,373318.00,363989.00,354500.00,341604.00,326378.00,315915.00,305908.00,290478.00,278154.00,264200.00,261871.00,255543.00,244170.00,243498.00,242922.00,246267.00,255937.00,273876.00,203760.00,192397.00,186010.00,165062.00,140882.00,119224.00,117844.00,110353.00,99978.00,87281.00,74936.00,63762.00,52022.00,173456.00
E12000001,NORTH EAST,Region,1329511.00,12727.00,13490.00,13585.00,13752.00,14477.00,14812.00,15132.00,15733.00,15546.00,15985.00,16426.00,16495.00,16786.00,16329.00,16020.00,16327.00,15698.00,15646.00,15760.00,17630.00,18850.00,18001.00,17034.00,16364.00,16285.00,16337.00,16655.00,16330.00,16509.00,16477.00,16932.00,17464.00,17453.00,17116.00,16851.00,17370.00,17086.00,17366.00,16888.00,16357.00,16245.00,16015.00,16097.00,16371.00,15977.00,14236.00,13595.00,14385.00,14989.00,14824.00,15961.00,17157.00,18142.00,17198.00,17676.00,17976.00,18456.00,18654.00,19143.00,18733.00,18666.00,18663.00,17721.00,17157.00,17127.00,16839.00,16142.00,15508.00,14735.00,14569.00,14199.00,13402.00,13208.00,13072.00,13260.00,13549.00,14526.00,10423.00,9750.00,9181.00,7642.00,6883.00,6010.00,5788.00,5450.00,4860.00,4321.00,3536.00,3064.00,2515.00,7834.00
E06000047,County Durham,Unitary Authority,259564.00,2277.00,2459.00,2572.00,2572.00,2674.00,2643.00,2695.00,2875.00,2840.00,3035.00,3133.00,3154.00,3185.00,3111.00,2995.00,3067.00,3124.00,2931.00,3073.00,4088.00,4831.00,4271.00,3521.00,2994.00,2909.00,2764.00,2871.00,2868.00,2730.00,2736.00,2893.00,3029.00,3085.00,2959.00,2912.00,3071.00,3049.00,3106.00,3001.00,3005.00,3074.00,2991.00,3040.00,2994.00,3044.00,2740.00,2559.00,2816.00,2894.00,2927.00,3295.00,3418.00,3701.00,3463.00,3700.00,3757.00,3941.00,3928.00,4043.00,3876.00,3909.00,3919.00,3592.00,3419.00,3462.00,3371.00,3305.00,3118.00,3108.00,2964.00,2952.00,2786.00,2815.00,2704.00,2771.00,2736.00,3077.00,2231.00,2076.00,2038.00,1634.00,1463.00,1292.00,1242.00,1118.00,993.00,884.00,710.00,577.00,498.00,1491.00
E06000005,Darlington,Unitary Authority,54068.00,510.00,586.00,529.00,552.00,605.00,619.00,581.00,645.00,667.00,673.00,705.00,666.00,688.00,704.00,730.00,688.00,639.00,652.00,666.00,492.00,483.00,480.00,527.00,581.00,592.00,639.00,644.00,616.00,632.00,669.00,678.00,685.00,749.00,678.00,638.00,733.00,692.00,723.00,668.00,677.00,651.00,662.00,675.00,704.00,737.00,664.00,634.00,624.00,681.00,649.00,681.00,731.00,757.00,800.00,766.00,768.00,770.00,778.00,823.00,724.00,802.00,778.00,751.00,679.00,707.00,657.00,622.00,627.00,602.00,585.00,578.00,539.00,514.00,506.00,584.00,564.00,566.00,423.00,442.00,367.00,333.00,293.00,252.00,264.00,233.00,200.00,187.00,151.00,135.00,115.00,352.00
E06000001,Hartlepool,Unitary Authority,46433.00,492.00,508.00,511.00,545.00,547.00,572.00,586.00,610.00,544.00,607.00,614.00,615.00,643.00,636.00,654.00,657.00,596.00,596.00,561.00,532.00,452.00,445.00,532.00,551.00,558.00,537.00,600.00,519.00,595.00,543.00,558.00,585.00,607.00,547.00,575.00,565.00,560.00,556.00,589.00,525.00,512.00,537.00,536.00,569.00,522.00,442.00,459.00,520.00,503.00,500.00,590.00,615.00,630.00,614.00,612.00,641.00,680.00,665.00,752.00,665.00,701.00,662.00,700.00,674.00,650.00,578.00,626.00,548.00,512.00,494.00,483.00,496.00,472.00,478.00,439.00,453.00,519.00,353.00,300.00,273.00,206.00,198.00,198.00,183.00,178.00,160.00,153.00,105.00,112.00,81.00,259.00
E06000002,Middlesbrough,Unitary Authority,76395.00,930.00,906.00,885.00,915.00,998.00,993.00,1065.00,997.00,1063.00,1032.00,1091.00,1040.00,1066.00,1028.00,942.00,970.00,958.00,938.00,935.00,983.00,949.00,980.00,1103.00,1128.00,1239.00,1478.00,1440.00,1400.00,1307.00,1267.00,1293.00,1363.00,1197.00,1273.00,1213.00,1191.00,1166.00,1139.00,983.00,1000.00,979.00,924.00,922.00,882.00,825.00,749.00,705.00,750.00,794.00,737.00,815.00,772.00,808.00,791.00,759.00,850.00,856.00,911.00,946.00,867.00,889.00,970.00,842.00,849.00,793.00,819.00,779.00,726.00,705.00,646.00,690.00,598.00,582.00,570.00,549.00,572.00,639.00,412.00,412.00,368.00,319.00,324.00,257.00,227.00,223.00,201.00,168.00,170.00,124.00,109.00,377.00
E06000057,Northumberland,Unitary Authority,159613.00,1359.00,1378.00,1476.00,1414.00,1509.00,1636.00,1581.00,1744.00,1738.00,1817.00,1845.00,1865.00,1948.00,1824.00,1774.00,1883.00,1755.00,1787.00,1737.00,1422.00,1348.00,1330.00,1483.00,1467.00,1562.00,1616.00,1591.00,1595.00,1616.00,1602.00,1633.00,1733.00,1751.00,1702.00,1720.00,1838.00,1817.00,1745.00,1783.00,1733.00,1795.00,1699.00,1738.00,1836.00,1847.00,1622.00,1654.00,1711.00,1831.00,1918.00,1976.00,2144.00,2274.00,2133.00,2240.00,2376.00,2410.00,2417.00,2592.00,2639.00,2481.00,2597.00,2427.00,2489.00,2464.00,2398.00,2311.00,2334.00,2199.00,2283.00,2204.00,2060.00,2053.00,1985.00,2111.00,2207.00,2354.00,1624.00,1581.00,1530.00,1239.00,1087.00,938.00,866.00,819.00,715.00,646.00,541.00,490.00,387.00,1184.00
E06000003,Redcar and Cleveland,Unitary Authority,67012.00,613.00,686.00,642.00,672.00,683.00,700.00,782.00,754.00,793.00,819.00,893.00,918.00,869.00,827.00,785.00,866.00,847.00,851.00,786.00,726.00,614.00,619.00,603.00,714.00,805.00,735.00,672.00,750.00,711.00,774.00,733.00,779.00,787.00,730.00,764.00,784.00,762.00,695.00,800.00,724.00,713.00,725.00,746.00,721.00,684.00,649.00,632.00,713.00,735.00,745.00,795.00,899.00,957.00,904.00,970.00,928.00,1048.00,1090.00,995.00,1059.00,1044.00,1017.00,1011.00,951.00,941.00,967.00,853.00,908.00,801.00,822.00,757.00,761.00,756.00,737.00,784.00,796.00,843.00,651.00,621.00,579.00,466.00,442.00,398.00,367.00,375.00,305.00,269.00,218.00,184.00,149.00,464.00
E06000004,Stockton-on-Tees,Unitary Authority,99829.00,959.00,1071.00,992.00,1120.00,1149.00,1176.00,1226.00,1310.00,1249.00,1300.00,1415.00,1354.00,1476.00,1376.00,1349.00,1387.00,1266.00,1312.00,1245.00,1012.00,851.00,907.00,961.00,1120.00,1107.00,1154.00,1236.00,1086.00,1241.00,1282.00,1371.00,1345.00,1364.00,1314.00,1412.00,1396.00,1351.00,1499.00,1403.00,1373.00,1267.00,1285.00,1355.00,1322.00,1285.00,1146.00,1078.00,1100.00,1169.00,1172.00,1204.00,1367.00,1383.00,1317.00,1379.00,1414.00,1378.00,1401.00,1352.00,1273.00,1343.00,1322.00,1284.00,1216.00,1244.00,1145.00,1241.00,1146.00,1011.00,1035.00,1028.00,976.00,903.00,934.00,962.00,931.00,962.00,704.00,695.00,609.00,497.00,517.00,452.00,374.00,376.00,370.00,287.00,228.00,207.00,127.00,539.00
E11000007,Tyne and Wear (Met County),Metropolitan County,566597.00,5587.00,5896.00,5978.00,5962.00,6312.00,6473.00,6616.00,6798.00,6652.00,6702.00,6730.00,6883.00,6911.00,6823.00,6791.00,6809.00,6513.00,6579.00,6757.00,8375.00,9322.00,8969.00,8304.00,7809.00,7513.00,7414.00,7601.00,7496.00,7677.00,7604.00,7773.00,7945.00,7913.00,7913.00,7617.00,7792.00,7689.00,7903.00,7661.00,7320.00,7254.00,7192.00,7085.00,7343.00,7033.00,6224.00,5874.00,6151.00,6382.00,6176.00,6605.00,7211.00,7632.00,7176.00,7250.00,7242.00,7373.00,7464.00,7640.00,7630.00,7497.00,7398.00,7114.00,6880.00,6866.00,6904.00,6405.00,6101.00,5797.00,5740.00,5507.00,5186.00,5113.00,5158.00,5060.00,5290.00,5566.00,4025.00,3623.00,3417.00,2948.00,2559.00,2223.00,2265.00,2128.00,1916.00,1727.00,1413.00,1235.00,1049.00,3168.00
E08000037,Gateshead,Metropolitan District,98377.00,954.00,964.00,1007.00,1012.00,1044.00,1085.00,1164.00,1150.00,1222.00,1169.00,1108.00,1217.00,1223.00,1240.00,1186.00,1114.00,1155.00,1164.00,1253.00,1188.00,1178.00,1003.00,1064.00,1048.00,1153.00,1195.00,1284.00,1382.00,1334.00,1328.00,1388.00,1402.00,1377.00,1338.00,1277.00,1370.00,1367.00,1389.00,1328.00,1324.00,1294.00,1214.00,1232.00,1267.00,1210.00,1127.00,1067.00,1086.00,1108.00,1119.00,1060.00,1360.00,1362.00,1343.00,1328.00,1343.00,1388.00,1394.00,1366.00,1351.00,1345.00,1416.00,1276.00,1198.00,1243.00,1241.00,1186.00,1052.00,1085.00,1000.00,997.00,886.00,920.00,969.00,930.00,987.00,1075.00,722.00,693.00,620.00,531.00,473.00,461.00,450.00,441.00,384.00,351.00,251.00,242.00,202.00,583.00
E08000021,Newcastle upon Tyne,Metropolitan District,155073.00,1567.00,1659.00,1680.00,1606.00,1679.00,1743.00,1784.00,1819.00,1749.00,1719.00,1806.00,1800.00,1799.00,1752.00,1747.00,1713.00,1641.00,1696.00,1889.00,4077.00,5120.00,4991.00,4097.00,3351.00,2875.00,2673.00,2642.00,2516.00,2544.00,2376.00,2314.00,2284.00,2163.00,2349.00,2108.00,2164.00,2133.00,2102.00,2079.00,1952.00,1912.00,1985.00,1814.00,1910.00,1825.00,1614.00,1567.00,1634.00,1639.00,1525.00,1615.00,1674.00,1803.00,1615.00,1680.00,1534.00,1669.00,1659.00,1787.00,1727.00,1642.00,1651.00,1546.00,1550.00,1451.00,1534.00,1336.00,1329.00,1209.00,1226.00,1150.00,1081.00,1021.00,1067.00,1027.00,1060.00,1165.00,823.00,750.00,716.00,617.00,523.00,433.00,466.00,441.00,355.00,359.00,325.00,259.00,240.00,775.00
E08000022,North Tyneside,Metropolitan District,103089.00,972.00,1085.00,1014.00,1135.00,1253.00,1175.00,1198.00,1264.00,1230.00,1289.00,1285.00,1231.00,1287.00,1310.00,1304.00,1316.00,1239.00,1263.00,1188.00,883.00,868.00,829.00,889.00,1002.00,1112.00,1114.00,1150.00,1090.00,1257.00,1284.00,1281.00,1348.00,1434.00,1403.00,1390.00,1394.00,1380.00,1463.00,1419.00,1405.00,1440.00,1406.00,1429.00,1546.00,1452.00,1213.00,1175.00,1233.00,1288.00,1212.00,1333.00,1466.00,1463.00,1395.00,1337.00,1406.00,1407.00,1458.00,1471.00,1479.00,1511.00,1413.00,1355.00,1333.00,1264.00,1290.00,1177.00,1160.00,1142.00,1157.00,1138.00,1083.00,1026.00,1005.00,1021.00,1103.00,1122.00,835.00,757.00,724.00,582.00,514.00,413.00,448.00,419.00,379.00,314.00,276.00,276.00,196.00,614.00
E08000023,South Tyneside,Metropolitan District,72861.00,718.00,741.00,809.00,812.00,814.00,870.00,901.00,929.00,877.00,928.00,889.00,890.00,914.00,891.00,936.00,894.00,864.00,852.00,818.00,768.00,717.00,693.00,752.00,807.00,759.00,779.00,836.00,854.00,849.00,828.00,948.00,953.00,974.00,910.00,963.00,963.00,980.00,1026.00,966.00,918.00,887.00,888.00,919.00,931.00,889.00,738.00,721.00,762.00,783.00,788.00,893.00,909.00,1005.00,969.00,1008.00,1059.00,1058.00,1071.00,1068.00,1128.00,1071.00,1057.00,1035.00,1021.00,1054.00,958.00,914.00,937.00,878.00,833.00,788.00,730.00,749.00,747.00,737.00,748.00,763.00,586.00,502.00,464.00,398.00,384.00,328.00,317.00,298.00,287.00,250.00,218.00,166.00,124.00,455.00
E08000024,Sunderland,Metropolitan District,137197.00,1376.00,1447.00,1468.00,1397.00,1522.00,1600.00,1569.00,1636.00,1574.00,1597.00,1642.00,1745.00,1688.00,1630.00,1618.00,1772.00,1614.00,1604.00,1609.00,1459.00,1439.00,1453.00,1502.00,1601.00,1614.00,1653.00,1689.00,1654.00,1693.00,1788.00,1842.00,1958.00,1965.00,1913.00,1879.00,1901.00,1829.00,1923.00,1869.00,1721.00,1721.00,1699.00,1691.00,1689.00,1657.00,1532.00,1344.00,1436.00,1564.00,1532.00,1704.00,1802.00,1999.00,1854.00,1897.00,1900.00,1851.00,1882.00,1948.00,1945.00,1928.00,1861.00,1902.00,1778.00,1854.00,1881.00,1792.00,1623.00,1483.00,1524.00,1434.00,1406.00,1397.00,1370.00,1345.00,1392.00,1441.00,1059.00,921.00,893.00,820.00,665.00,588.00,584.00,529.00,511.00,453.00,343.00,292.00,287.00,741.00
E12000002,NORTH WEST,Region,3738066.00,38840.00,41405.00,41191.00,42828.00,43799.00,44192.00,45711.00,46803.00,46389.00,46457.00,48011.00,48437.00,48694.00,48207.00,47882.00,48182.00,46456.00,46535.00,46847.00,47962.00,48692.00,48076.00,46659.00,47328.00,48144.00,48077.00,49061.00,47389.00,48245.00,49040.00,49332.00,50682.00,51978.00,51007.00,50553.00,51291.00,49394.00,50159.00,50284.00,48098.00,47690.00,47405.00,47083.00,47191.00,45077.00,41838.00,40908.00,42344.00,43762.00,43892.00,46057.00,48693.00,50827.00,49463.00,51095.00,50145.00,50907.00,50263.00,51034.00,50816.00,49371.00,48376.00,46648.00,44590.00,43047.00,41946.00,39582.00,37902.00,35844.00,35721.00,35326.00,33428.00,33301.00,33195.00,33839.00,34711.00,36919.00,26690.00,24854.00,24297.00,21629.00,18396.00,16112.00,15345.00,14368.00,12948.00,11123.00,9508.00,7946.00,6191.00,20106.00
E06000008,Blackburn with Darwen,Unitary Authority,78195.00,932.00,1017.00,997.00,1031.00,1105.00,1004.00,1145.00,1173.00,1140.00,1137.00,1242.00,1235.00,1281.00,1262.00,1242.00,1191.00,1126.00,1193.00,1175.00,989.00,1042.00,1029.00,954.00,1044.00,1062.00,1014.00,979.00,974.00,1050.00,1030.00,989.00,1054.00,1094.00,981.00,1028.00,1074.00,1035.00,1013.00,1117.00,1039.00,1022.00,1087.00,1055.00,1070.00,1016.00,1021.00,967.00,949.00,932.00,979.00,1003.00,1048.00,1003.00,1015.00,1059.00,1017.00,958.00,928.00,960.00,908.00,890.00,889.00,829.00,792.00,791.00,701.00,717.00,699.00,642.00,600.00,647.00,572.00,557.00,572.00,513.00,587.00,596.00,377.00,374.00,361.00,313.00,279.00,252.00,217.00,217.00,202.00,145.00,145.00,129.00,81.00,293.00
E06000009,Blackpool,Unitary Authority,70830.00,799.00,742.00,732.00,735.00,872.00,804.00,816.00,787.00,832.00,838.00,854.00,833.00,768.00,862.00,840.00,900.00,859.00,850.00,873.00,773.00,676.00,666.00,782.00,789.00,814.00,816.00,852.00,753.00,793.00,826.00,853.00,906.00,978.00,971.00,950.00,903.00,955.00,904.00,873.00,844.00,874.00,801.00,782.00,858.00,787.00,719.00,764.00,782.00,751.00,788.00,886.00,985.00,1023.00,1065.00,1104.00,1049.00,1162.00,1140.00,1069.00,1158.00,1076.00,1107.00,1060.00,1021.00,951.00,929.00,865.00,883.00,755.00,713.00,707.00,658.00,656.00,652.00,704.00,741.00,775.00,573.00,510.00,504.00,460.00,360.00,331.00,301.00,325.00,275.00,231.00,207.00,149.00,116.00,415.00
E06000049,Cheshire East,Unitary Authority,202277.00,1993.00,2126.00,2153.00,2231.00,2099.00,2373.00,2353.00,2437.00,2330.00,2366.00,2468.00,2532.00,2464.00,2494.00,2466.00,2548.00,2318.00,2370.00,2319.00,1552.00,1326.00,1442.00,1604.00,1969.00,2092.00,2079.00,2136.00,2136.00,2267.00,2276.00,2375.00,2426.00,2729.00,2529.00,2604.00,2549.00,2594.00,2682.00,2665.00,2477.00,2511.00,2484.00,2563.00,2563.00,2462.00,2428.00,2328.00,2438.00,2506.00,2532.00,2702.00,2885.00,3020.00,2833.00,3059.00,3076.00,3034.00,3057.00,3011.00,2990.00,3009.00,2920.00,2811.00,2713.00,2570.00,2466.00,2281.00,2264.00,2246.00,2146.00,2177.00,2059.00,2052.00,2092.00,2142.00,2254.00,2540.00,1790.00,1786.00,1718.00,1515.00,1235.00,1082.00,1036.00,969.00,886.00,761.00,648.00,630.00,420.00,1628.00
E06000050,Cheshire West and Chester,Unitary Authority,178462.00,1552.00,1742.00,1741.00,1794.00,1935.00,2000.00,2019.00,2049.00,2058.00,2096.00,2191.00,2248.00,2154.00,2125.00,2213.00,2237.00,2147.00,2071.00,1908.00,1597.00,1600.00,1785.00,1863.00,1966.00,2003.00,2064.00,2187.00,2048.00,2211.00,2299.00,2227.00,2409.00,2417.00,2456.00,2371.00,2297.00,2181.00,2229.00,2479.00,2213.00,2264.00,2253.00,2225.00,2200.00,2213.00,1919.00,1854.00,2050.00,2117.00,2147.00,2429.00,2466.00,2572.00,2582.00,2526.00,2649.00,2479.00,2530.00,2572.00,2739.00,2649.00,2518.00,2384.00,2285.00,2182.00,2178.00,1997.00,2038.00,1885.00,1974.00,1962.00,1754.00,1779.00,1782.00,1824.00,1934.00,1989.00,1534.00,1488.00,1412.00,1254.00,1051.00,952.00,853.00,900.00,751.00,616.00,547.00,442.00,332.00,1248.00
E06000063,Cumberland,Unitary Authority,136267.00,1162.00,1238.00,1306.00,1321.00,1370.00,1425.00,1460.00,1521.00,1487.00,1459.00,1570.00,1582.00,1609.00,1602.00,1641.00,1601.00,1512.00,1550.00,1399.00,1264.00,1135.00,1118.00,1219.00,1353.00,1427.00,1450.00,1507.00,1429.00,1544.00,1601.00,1597.00,1719.00,1641.00,1600.00,1665.00,1590.00,1564.00,1693.00,1599.00,1526.00,1566.00,1633.00,1579.00,1556.00,1441.00,1422.00,1380.00,1407.00,1546.00,1584.00,1816.00,1879.00,2002.00,1883.00,2104.00,1976.00,2171.00,2154.00,2276.00,2177.00,2183.00,2143.00,2095.00,2148.00,2036.00,1979.00,1844.00,1734.00,1653.00,1678.00,1617.00,1565.00,1630.00,1566.00,1700.00,1583.00,1748.00,1247.00,1110.00,1155.00,1024.00,869.00,773.00,728.00,624.00,602.00,547.00,454.00,354.00,292.00,978.00
E06000006,Halton,Unitary Authority,63578.00,614.00,705.00,717.00,730.00,717.00,740.00,782.00,810.00,796.00,801.00,809.00,881.00,827.00,825.00,778.00,841.00,854.00,877.00,793.00,705.00,595.00,615.00,649.00,792.00,817.00,732.00,734.00,725.00,759.00,816.00,790.00,852.00,858.00,827.00,820.00,846.00,797.00,839.00,861.00,844.00,856.00,855.00,794.00,788.00,843.00,698.00,768.00,841.00,796.00,764.00,796.00,853.00,891.00,931.00,876.00,835.00,881.00,866.00,892.00,896.00,876.00,900.00,810.00,738.00,838.00,738.00,706.00,707.00,656.00,679.00,657.00,652.00,659.00,642.00,636.00,617.00,647.00,450.00,377.00,404.00,338.00,296.00,262.00,216.00,208.00,177.00,158.00,140.00,154.00,82.00,268.00
E06000007,Warrington,Unitary Authority,105115.00,960.00,1063.00,1076.00,1151.00,1125.00,1219.00,1206.00,1305.00,1313.00,1376.00,1395.00,1443.00,1322.00,1429.00,1372.00,1370.00,1328.00,1283.00,1173.00,874.00,737.00,853.00,979.00,1114.00,1149.00,1147.00,1248.00,1191.00,1169.00,1263.00,1294.00,1357.00,1426.00,1353.00,1399.00,1407.00,1414.00,1452.00,1476.00,1427.00,1369.00,1428.00,1416.00,1515.00,1395.00,1303.00,1219.00,1287.00,1392.00,1396.00,1487.00,1525.00,1603.00,1554.00,1535.00,1556.00,1607.00,1639.00,1564.00,1551.00,1557.00,1430.00,1397.00,1278.00,1227.00,1156.00,1187.00,1104.00,1046.00,976.00,1031.00,949.00,939.00,1007.00,968.00,921.00,1017.00,792.00,779.00,723.00,683.00,532.00,459.00,500.00,433.00,419.00,337.00,276.00,235.00,209.00,569.00
E06000064,Westmorland and Furness,Unitary Authority,112427.00,826.00,937.00,892.00,957.00,1029.00,998.00,1074.00,1141.00,1088.00,1162.00,1191.00,1106.00,1192.00,1204.00,1337.00,1292.00,1270.00,1270.00,1295.00,1146.00,928.00,984.00,997.00,1104.00,1233.00,1242.00,1130.00,1155.00,1165.00,1256.00,1206.00,1266.00,1320.00,1280.00,1315.00,1289.00,1277.00,1165.00,1243.00,1225.00,1262.00,1230.00,1231.00,1209.00,1218.00,1076.00,1161.00,1180.00,1291.00,1346.00,1371.00,1503.00,1628.00,1596.00,1736.00,1718.00,1755.00,1762.00,1885.00,1947.00,1844.00,1832.00,1810.00,1775.00,1692.00,1665.00,1539.00,1449.00,1486.00,1478.00,1405.00,1403.00,1354.00,1397.00,1445.00,1547.00,1671.00,1240.00,1110.00,1051.00,975.00,814.00,732.00,721.00,675.00,572.00,482.00,451.00,331.00,256.00,933.00
E11000001,Greater Manchester (Met County),Metropolitan County,1456651.00,16781.00,17774.00,17640.00,18255.00,18457.00,18433.00,19125.00,19669.00,19443.00,19476.00,20085.00,20064.00,20435.00,20219.00,19822.00,19993.00,19165.00,19167.00,19396.00,20599.00,20847.00,20180.00,19524.00,20453.00,20841.00,21228.00,21467.00,20726.00,20927.00,20973.00,20862.00,21403.00,21435.00,21311.00,21119.00,21401.00,20256.00,20995.00,20900.00,19765.00,19569.00,19401.00,19230.00,19219.00,18154.00,16953.00,16817.00,16868.00,17431.00,16912.00,17488.00,18385.00,18984.00,18252.00,18822.00,18258.00,18487.00,18122.00,18178.00,17612.00,17026.00,16349.00,15732.00,14925.00,14428.00,14170.00,13204.00,12529.00,11870.00,11666.00,11581.00,11032.00,10763.00,10815.00,11033.00,11352.00,11869.00,8376.00,7972.00,7692.00,6957.00,5981.00,5089.00,4887.00,4658.00,4115.00,3552.00,2911.00,2420.00,1930.00,6014.00
E08000001,Bolton,Metropolitan District,149582.00,1858.00,1937.00,1908.00,2025.00,1939.00,1936.00,2068.00,2139.00,2133.00,2174.00,2262.00,2221.00,2232.00,2251.00,2300.00,2204.00,2108.00,2241.00,2018.00,1804.00,1549.00,1742.00,1788.00,1764.00,1804.00,1940.00,1899.00,1850.00,1744.00,1861.00,1808.00,1904.00,1852.00,1968.00,2048.00,2003.00,1887.00,2044.00,2056.00,1993.00,1944.00,1887.00,1921.00,2011.00,1830.00,1765.00,1762.00,1725.00,1769.00,1813.00,1938.00,2001.00,1999.00,1956.00,2013.00,1880.00,1986.00,1999.00,1979.00,1820.00,1752.00,1746.00,1717.00,1615.00,1513.00,1555.00,1404.00,1322.00,1318.00,1304.00,1318.00,1276.00,1167.00,1241.00,1235.00,1271.00,1347.00,985.00,902.00,883.00,811.00,698.00,587.00,516.00,531.00,503.00,379.00,272.00,255.00,196.00,703.00
E08000002,Bury,Metropolitan District,96350.00,1083.00,1064.00,1138.00,1197.00,1241.00,1161.00,1205.00,1299.00,1271.00,1287.00,1307.00,1386.00,1385.00,1334.00,1371.00,1378.00,1251.00,1326.00,1292.00,1052.00,943.00,975.00,971.00,1039.00,1122.00,1103.00,1087.00,1099.00,1152.00,1235.00,1287.00,1305.00,1302.00,1375.00,1319.00,1338.00,1336.00,1304.00,1317.00,1295.00,1216.00,1355.00,1280.00,1236.00,1234.00,1112.00,1064.00,1134.00,1198.00,1180.00,1245.00,1282.00,1326.00,1206.00,1310.00,1248.00,1318.00,1343.00,1324.00,1365.00,1271.00,1265.00,1118.00,1154.00,1109.00,1049.00,965.00,923.00,860.00,853.00,872.00,823.00,854.00,852.00,872.00,861.00,983.00,708.00,612.00,620.00,525.00,458.00,372.00,426.00,389.00,300.00,271.00,212.00,187.00,176.00,502.00
E08000003,Manchester,Metropolitan District,288897.00,3423.00,3692.00,3284.00,3549.00,3509.00,3434.00,3630.00,3752.00,3722.00,3752.00,3860.00,3826.00,3823.00,3862.00,3849.00,3812.00,3688.00,3640.00,4432.00,7593.00,8864.00,7845.00,6627.00,6315.00,5922.00,6123.00,6120.00,5911.00,5629.00,5391.00,5165.00,5034.00,5034.00,4790.00,4541.00,4691.00,4261.00,4354.00,4200.00,3908.00,3783.00,3845.00,3728.00,3625.00,3381.00,3301.00,3106.00,3210.00,3114.00,3033.00,3067.00,2956.00,3077.00,2936.00,3080.00,2923.00,2939.00,2745.00,2754.00,2570.00,2487.00,2384.00,2225.00,2182.00,2120.00,2031.00,1866.00,1780.00,1724.00,1534.00,1516.00,1370.00,1329.00,1315.00,1302.00,1235.00,1125.00,831.00,810.00,747.00,643.00,638.00,560.00,482.00,456.00,401.00,355.00,307.00,246.00,221.00,645.00
E08000004,Oldham,Metropolitan District,120674.00,1613.00,1710.00,1732.00,1700.00,1636.00,1728.00,1828.00,1855.00,1820.00,1748.00,1927.00,1733.00,1836.00,1914.00,1841.00,1854.00,1839.00,1868.00,1847.00,1561.00,1372.00,1467.00,1398.00,1539.00,1561.00,1484.00,1589.00,1454.00,1516.00,1483.00,1520.00,1520.00,1488.00,1593.00,1568.00,1610.00,1544.00,1600.00,1661.00,1561.00,1468.00,1556.00,1601.00,1560.00,1448.00,1357.00,1420.00,1460.00,1487.00,1386.00,1398.00,1557.00,1588.00,1589.00,1659.00,1573.00,1525.00,1530.00,1508.00,1457.00,1362.00,1345.00,1383.00,1218.00,1202.00,1113.00,1105.00,994.00,974.00,1051.00,1003.00,970.00,859.00,865.00,936.00,974.00,1016.00,660.00,648.00,720.00,574.00,488.00,418.00,429.00,397.00,380.00,330.00,237.00,183.00,149.00,446.00
E08000005,Rochdale,Metropolitan District,112831.00,1429.00,1460.00,1449.00,1539.00,1620.00,1576.00,1624.00,1679.00,1625.00,1591.00,1633.00,1720.00,1740.00,1689.00,1618.00,1676.00,1680.00,1598.00,1525.00,1340.00,1212.00,1188.00,1379.00,1372.00,1452.00,1302.00,1311.00,1287.00,1441.00,1453.00,1493.00,1447.00,1546.00,1598.00,1521.00,1601.00,1529.00,1518.00,1573.00,1445.00,1444.00,1481.00,1463.00,1466.00,1401.00,1374.00,1327.00,1246.00,1374.00,1319.00,1429.00,1455.00,1523.00,1460.00,1440.00,1507.00,1540.00,1477.00,1394.00,1416.00,1394.00,1373.00,1224.00,1210.00,1175.00,1204.00,1077.00,1060.00,961.00,1034.00,1028.00,967.00,903.00,906.00,881.00,899.00,1001.00,641.00,652.00,608.00,525.00,460.00,361.00,375.00,350.00,302.00,273.00,201.00,165.00,147.00,459.00
E08000006,Salford,Metropolitan District,142972.00,1776.00,1874.00,1840.00,1848.00,1843.00,1757.00,1830.00,1778.00,1698.00,1723.00,1767.00,1760.00,1809.00,1754.00,1642.00,1693.00,1605.00,1534.00,1713.00,2008.00,2132.00,2093.00,2269.00,2701.00,2837.00,3001.00,2922.00,2914.00,2927.00,2923.00,2901.00,2884.00,2816.00,2668.00,2695.00,2499.00,2332.00,2359.00,2311.00,2164.00,2126.00,1879.00,1767.00,1817.00,1684.00,1492.00,1492.00,1541.00,1527.00,1351.00,1384.00,1531.00,1537.00,1440.00,1597.00,1522.00,1500.00,1487.00,1508.00,1496.00,1555.00,1391.00,1324.00,1240.00,1194.00,1179.00,1125.00,996.00,958.00,897.00,900.00,827.00,811.00,874.00,839.00,869.00,971.00,713.00,621.00,574.00,541.00,481.00,394.00,359.00,396.00,316.00,292.00,257.00,197.00,154.00,449.00
E08000007,Stockport,Metropolitan District,146165.00,1495.00,1601.00,1680.00,1748.00,1728.00,1881.00,1856.00,1901.00,1886.00,1923.00,1913.00,1811.00,1973.00,1871.00,1894.00,1883.00,1888.00,1858.00,1780.00,1301.00,1091.00,1154.00,1232.00,1467.00,1512.00,1641.00,1783.00,1556.00,1729.00,1792.00,1695.00,1857.00,1989.00,1996.00,1972.00,2197.00,2030.00,2100.00,2121.00,1942.00,2066.00,2009.00,2023.00,2078.00,2027.00,1812.00,1750.00,1772.00,1891.00,1803.00,1916.00,1981.00,2106.00,1955.00,2023.00,1915.00,2022.00,1943.00,2081.00,1942.00,2018.00,1797.00,1762.00,1706.00,1655.00,1615.00,1596.00,1581.00,1453.00,1394.00,1398.00,1319.00,1349.00,1286.00,1366.00,1482.00,1541.00,1078.00,1046.00,970.00,937.00,788.00,689.00,677.00,584.00,586.00,524.00,445.00,391.00,304.00,986.00
E08000008,Tameside,Metropolitan District,115231.00,1254.00,1300.00,1402.00,1420.00,1456.00,1460.00,1464.00,1476.00,1532.00,1462.00,1618.00,1598.00,1586.00,1637.00,1503.00,1588.00,1524.00,1456.00,1400.00,1168.00,1110.00,1156.00,1112.00,1172.00,1415.00,1366.00,1395.00,1469.00,1422.00,1398.00,1488.00,1746.00,1621.00,1573.00,1666.00,1597.00,1538.00,1673.00,1601.00,1599.00,1616.00,1453.00,1454.00,1464.00,1447.00,1321.00,1441.00,1372.00,1352.00,1402.00,1429.00,1545.00,1643.00,1669.00,1640.00,1607.00,1651.00,1664.00,1622.00,1633.00,1534.00,1484.00,1505.00,1382.00,1287.00,1322.00,1216.00,1114.00,1005.00,970.00,1050.00,1063.00,946.00,975.00,1008.00,1094.00,1136.00,757.00,741.00,685.00,659.00,501.00,407.00,444.00,364.00,363.00,309.00,269.00,209.00,126.00,460.00
E08000009,Trafford,Metropolitan District,115917.00,1158.00,1222.00,1334.00,1368.00,1517.00,1548.00,1582.00,1689.00,1691.00,1781.00,1762.00,1880.00,1899.00,1728.00,1743.00,1679.00,1619.00,1549.00,1393.00,1016.00,933.00,995.00,986.00,1209.00,1308.00,1296.00,1365.00,1174.00,1292.00,1280.00,1316.00,1378.00,1353.00,1353.00,1426.00,1526.00,1445.00,1690.00,1691.00,1682.00,1690.00,1687.00,1833.00,1781.00,1697.00,1625.00,1562.00,1496.00,1647.00,1546.00,1572.00,1655.00,1667.00,1638.00,1596.00,1586.00,1502.00,1512.00,1586.00,1518.00,1490.00,1378.00,1289.00,1311.00,1249.00,1194.00,1145.00,1112.00,1021.00,1001.00,918.00,945.00,944.00,909.00,935.00,1004.00,972.00,686.00,691.00,683.00,623.00,501.00,462.00,429.00,490.00,429.00,358.00,323.00,271.00,217.00,685.00
E08000010,Wigan,Metropolitan District,168032.00,1692.00,1914.00,1873.00,1861.00,1968.00,1952.00,2038.00,2101.00,2065.00,2035.00,2036.00,2129.00,2152.00,2179.00,2061.00,2226.00,1963.00,2097.00,1996.00,1756.00,1641.00,1565.00,1762.00,1875.00,1908.00,1972.00,1996.00,2012.00,2075.00,2157.00,2189.00,2328.00,2434.00,2397.00,2363.00,2339.00,2354.00,2353.00,2369.00,2176.00,2216.00,2249.00,2160.00,2181.00,2005.00,1794.00,1893.00,1912.00,2072.00,2079.00,2110.00,2422.00,2518.00,2403.00,2464.00,2497.00,2504.00,2422.00,2422.00,2395.00,2163.00,2186.00,2185.00,1907.00,1924.00,1908.00,1705.00,1647.00,1596.00,1628.00,1578.00,1472.00,1601.00,1592.00,1659.00,1663.00,1777.00,1317.00,1249.00,1202.00,1119.00,968.00,839.00,750.00,701.00,535.00,461.00,388.00,316.00,240.00,679.00
E10000017,Lancashire,County,624764.00,5968.00,6345.00,6467.00,6808.00,6853.00,6918.00,7255.00,7361.00,7435.00,7347.00,7744.00,7761.00,8046.00,7775.00,7837.00,7859.00,7645.00,7618.00,7937.00,8527.00,8412.00,8164.00,7732.00,7287.00,7299.00,7069.00,7388.00,6872.00,7135.00,7256.00,7385.00,7446.00,7886.00,7807.00,7744.00,8104.00,7864.00,7792.00,7771.00,7754.00,7536.00,7355.00,7573.00,7674.00,7102.00,6786.00,6526.00,6999.00,7188.00,7519.00,7688.00,8305.00,8682.00,8678.00,8985.00,8838.00,8805.00,8903.00,9042.00,9035.00,8655.00,8738.00,8278.00,7881.00,7751.00,7504.00,7355.00,6951.00,6494.00,6611.00,6621.00,6117.00,6251.00,6239.00,6489.00,6742.00,7054.00,5312.00,4756.00,4689.00,4222.00,3527.00,3120.00,2885.00,2641.00,2433.00,2153.00,1803.00,1534.00,1215.00,3851.00
E07000117,Burnley,Non-metropolitan District,47723.00,549.00,528.00,554.00,620.00,597.00,588.00,672.00,692.00,597.00,650.00,641.00,640.00,684.00,664.00,667.00,665.00,693.00,637.00,624.00,533.00,548.00,539.00,576.00,556.00,539.00,564.00,581.00,542.00,556.00,624.00,706.00,638.00,709.00,691.00,614.00,668.00,623.00,697.00,634.00,654.00,587.00,582.00,573.00,594.00,552.00,559.00,546.00,580.00,542.00,530.00,532.00,638.00,624.00,645.00,673.00,654.00,629.00,607.00,603.00,643.00,630.00,612.00,582.00,555.00,563.00,571.00,499.00,516.00,435.00,442.00,481.00,416.00,375.00,398.00,427.00,451.00,459.00,358.00,294.00,289.00,264.00,206.00,208.00,174.00,148.00,157.00,108.00,104.00,79.00,61.00,214.00
E07000118,Chorley,Non-metropolitan District,59554.00,533.00,574.00,574.00,601.00,639.00,633.00,741.00,694.00,710.00,721.00,786.00,789.00,771.00,684.00,726.00,690.00,698.00,726.00,631.00,540.00,469.00,501.00,514.00,555.00,667.00,678.00,626.00,627.00,681.00,647.00,700.00,733.00,746.00,769.00,762.00,866.00,800.00,794.00,848.00,800.00,763.00,780.00,865.00,827.00,766.00,730.00,710.00,753.00,832.00,797.00,800.00,879.00,937.00,924.00,904.00,870.00,859.00,834.00,899.00,877.00,809.00,802.00,830.00,744.00,680.00,757.00,651.00,628.00,570.00,643.00,603.00,583.00,602.00,598.00,620.00,668.00,754.00,521.00,482.00,466.00,447.00,340.00,274.00,281.00,246.00,229.00,211.00,125.00,126.00,97.00,317.00
E07000119,Fylde,Non-metropolitan District,40822.00,270.00,303.00,345.00,349.00,375.00,383.00,360.00,383.00,393.00,383.00,435.00,463.00,442.00,408.00,423.00,440.00,434.00,393.00,461.00,258.00,232.00,292.00,257.00,348.00,360.00,322.00,378.00,321.00,378.00,414.00,354.00,402.00,442.00,444.00,423.00,490.00,428.00,462.00,449.00,469.00,526.00,486.00,451.00,451.00,456.00,434.00,390.00,408.00,456.00,492.00,492.00,546.00,587.00,597.00,634.00,623.00,666.00,662.00,648.00,692.00,688.00,743.00,660.00,708.00,688.00,574.00,684.00,602.00,610.00,655.00,602.00,513.00,568.00,522.00,542.00,615.00,611.00,497.00,473.00,466.00,389.00,346.00,261.00,256.00,257.00,207.00,200.00,171.00,138.00,120.00,393.00
E07000120,Hyndburn,Non-metropolitan District,41730.00,468.00,521.00,505.00,499.00,537.00,525.00,546.00,488.00,551.00,540.00,567.00,540.00,598.00,573.00,554.00,513.00,533.00,560.00,628.00,497.00,476.00,431.00,463.00,598.00,509.00,500.00,582.00,531.00,548.00,550.00,595.00,577.00,577.00,598.00,582.00,584.00,605.00,606.00,546.00,523.00,522.00,486.00,491.00,470.00,462.00,424.00,448.00,485.00,468.00,482.00,498.00,548.00,568.00,609.00,606.00,594.00,611.00,544.00,536.00,550.00,500.00,545.00,484.00,446.00,457.00,423.00,392.00,445.00,387.00,346.00,362.00,366.00,392.00,381.00,391.00,398.00,433.00,300.00,266.00,272.00,233.00,221.00,167.00,155.00,137.00,139.00,122.00,109.00,79.00,70.00,186.00
E07000121,Lancaster,Non-metropolitan District,71566.00,695.00,666.00,628.00,691.00,741.00,695.00,731.00,745.00,707.00,747.00,810.00,772.00,835.00,791.00,782.00,811.00,764.00,765.00,1075.00,2216.00,2372.00,1939.00,1445.00,998.00,761.00,746.00,799.00,806.00,788.00,777.00,766.00,802.00,822.00,797.00,817.00,873.00,799.00,826.00,895.00,945.00,812.00,782.00,797.00,835.00,775.00,740.00,712.00,653.00,760.00,750.00,793.00,851.00,898.00,940.00,956.00,913.00,985.00,929.00,1010.00,991.00,894.00,910.00,903.00,874.00,898.00,806.00,786.00,731.00,727.00,722.00,697.00,669.00,701.00,674.00,758.00,696.00,840.00,607.00,510.00,499.00,495.00,389.00,335.00,319.00,300.00,295.00,238.00,205.00,163.00,132.00,471.00
E07000122,Pendle,Non-metropolitan District,48210.00,568.00,568.00,593.00,664.00,599.00,604.00,672.00,675.00,684.00,649.00,751.00,665.00,724.00,722.00,700.00,707.00,690.00,668.00,676.00,546.00,453.00,529.00,565.00,575.00,659.00,625.00,624.00,549.00,521.00,561.00,552.00,581.00,592.00,591.00,634.00,628.00,641.00,652.00,649.00,592.00,638.00,677.00,586.00,641.00,561.00,582.00,495.00,591.00,554.00,575.00,615.00,615.00,596.00,592.00,621.00,622.00,621.00,610.00,596.00,615.00,601.00,583.00,569.00,517.00,549.00,547.00,501.00,465.00,427.00,471.00,496.00,455.00,443.00,444.00,447.00,467.00,494.00,332.00,303.00,292.00,294.00,216.00,214.00,167.00,179.00,130.00,159.00,124.00,98.00,75.00,250.00
E07000123,Preston,Non-metropolitan District,78054.00,927.00,928.00,990.00,1018.00,980.00,970.00,1019.00,1038.00,1008.00,1006.00,984.00,985.00,1027.00,987.00,1020.00,1005.00,972.00,995.00,1125.00,1356.00,1470.00,1499.00,1301.00,1236.00,1325.00,1320.00,1308.00,1118.00,1183.00,1161.00,1109.00,1149.00,1123.00,1132.00,1073.00,1090.00,1037.00,1101.00,1054.00,1073.00,932.00,990.00,1019.00,1072.00,944.00,891.00,870.00,893.00,868.00,966.00,954.00,970.00,935.00,1015.00,933.00,939.00,918.00,926.00,946.00,945.00,885.00,987.00,848.00,810.00,737.00,691.00,693.00,679.00,579.00,583.00,602.00,530.00,566.00,497.00,542.00,527.00,526.00,412.00,347.00,383.00,315.00,291.00,269.00,252.00,215.00,239.00,176.00,166.00,141.00,103.00,335.00
E07000124,Ribble Valley,Non-metropolitan District,31548.00,231.00,296.00,304.00,311.00,304.00,351.00,307.00,308.00,309.00,323.00,373.00,387.00,379.00,376.00,466.00,415.00,421.00,426.00,358.00,265.00,192.00,191.00,256.00,284.00,314.00,291.00,305.00,277.00,324.00,289.00,326.00,289.00,354.00,344.00,372.00,398.00,360.00,317.00,357.00,317.00,355.00,329.00,342.00,346.00,354.00,296.00,326.00,350.00,369.00,414.00,399.00,455.00,492.00,491.00,544.00,544.00,523.00,503.00,532.00,469.00,549.00,519.00,515.00,454.00,463.00,457.00,482.00,408.00,368.00,386.00,390.00,346.00,319.00,377.00,382.00,397.00,395.00,371.00,335.00,271.00,237.00,205.00,198.00,187.00,163.00,149.00,128.00,130.00,104.00,96.00,267.00
E07000125,Rossendale,Non-metropolitan District,35096.00,327.00,376.00,366.00,394.00,409.00,441.00,418.00,433.00,480.00,420.00,466.00,490.00,490.00,509.00,456.00,495.00,460.00,469.00,413.00,337.00,300.00,335.00,308.00,376.00,380.00,392.00,334.00,403.00,450.00,398.00,419.00,391.00,481.00,454.00,461.00,462.00,454.00,414.00,443.00,442.00,458.00,404.00,422.00,459.00,415.00,403.00,376.00,451.00,427.00,470.00,491.00,468.00,533.00,535.00,559.00,564.00,491.00,539.00,507.00,526.00,494.00,488.00,446.00,441.00,447.00,395.00,411.00,368.00,361.00,360.00,378.00,329.00,341.00,337.00,344.00,405.00,381.00,283.00,245.00,216.00,192.00,176.00,155.00,136.00,128.00,116.00,90.00,84.00,71.00,58.00,176.00
E07000126,South Ribble,Non-metropolitan District,55569.00,478.00,549.00,567.00,544.00,556.00,602.00,589.00,664.00,684.00,691.00,654.00,724.00,677.00,700.00,700.00,676.00,686.00,630.00,592.00,546.00,450.00,449.00,589.00,581.00,597.00,564.00,665.00,629.00,581.00,621.00,686.00,680.00,744.00,723.00,690.00,745.00,764.00,674.00,688.00,735.00,720.00,635.00,698.00,710.00,656.00,596.00,630.00,666.00,678.00,693.00,727.00,819.00,890.00,756.00,800.00,805.00,829.00,910.00,851.00,883.00,837.00,772.00,743.00,680.00,713.00,654.00,650.00,681.00,583.00,571.00,586.00,591.00,552.00,593.00,599.00,646.00,660.00,484.00,443.00,469.00,400.00,311.00,301.00,272.00,262.00,220.00,211.00,163.00,157.00,101.00,348.00
E07000127,West Lancashire,Non-metropolitan District,57854.00,501.00,571.00,540.00,565.00,604.00,600.00,637.00,619.00,634.00,601.00,669.00,653.00,735.00,671.00,697.00,753.00,650.00,683.00,687.00,879.00,987.00,1011.00,864.00,628.00,657.00,546.00,611.00,538.00,609.00,646.00,599.00,604.00,720.00,671.00,704.00,704.00,717.00,659.00,615.00,606.00,646.00,608.00,659.00,658.00,578.00,621.00,560.00,617.00,633.00,712.00,721.00,788.00,844.00,819.00,870.00,882.00,844.00,935.00,948.00,924.00,859.00,852.00,790.00,783.00,735.00,773.00,702.00,674.00,631.00,633.00,647.00,604.00,629.00,626.00,665.00,658.00,625.00,515.00,459.00,477.00,445.00,356.00,342.00,274.00,256.00,232.00,246.00,184.00,163.00,130.00,377.00
E07000128,Wyre,Non-metropolitan District,57038.00,421.00,465.00,501.00,552.00,512.00,526.00,563.00,622.00,678.00,616.00,608.00,653.00,684.00,690.00,646.00,689.00,644.00,666.00,667.00,554.00,463.00,448.00,594.00,552.00,531.00,521.00,575.00,531.00,516.00,568.00,573.00,600.00,576.00,593.00,612.00,596.00,636.00,590.00,593.00,598.00,577.00,596.00,670.00,611.00,583.00,510.00,463.00,552.00,601.00,638.00,666.00,728.00,778.00,755.00,885.00,828.00,829.00,904.00,966.00,920.00,909.00,925.00,908.00,869.00,821.00,856.00,904.00,754.00,816.00,799.00,777.00,715.00,763.00,792.00,772.00,814.00,876.00,632.00,599.00,589.00,511.00,470.00,396.00,412.00,350.00,320.00,264.00,238.00,215.00,172.00,517.00
E11000002,Merseyside (Met County),Metropolitan County,709500.00,7253.00,7716.00,7470.00,7815.00,8237.00,8278.00,8476.00,8550.00,8467.00,8399.00,8462.00,8752.00,8596.00,8410.00,8334.00,8350.00,8232.00,8286.00,8579.00,9936.00,11394.00,11240.00,10356.00,9457.00,9407.00,9236.00,9433.00,9380.00,9225.00,9444.00,9754.00,9844.00,10194.00,9892.00,9538.00,9831.00,9457.00,9395.00,9300.00,8984.00,8861.00,8878.00,8635.00,8539.00,8446.00,7513.00,7124.00,7543.00,7812.00,7925.00,8391.00,8859.00,9419.00,9074.00,9289.00,9173.00,9568.00,9162.00,9585.00,9803.00,9606.00,9550.00,9442.00,9034.00,8581.00,8460.00,7887.00,7544.00,7111.00,7200.00,6921.00,6667.00,6661.00,6431.00,6385.00,6433.00,7013.00,4999.00,4592.00,4588.00,3888.00,3452.00,3060.00,3001.00,2718.00,2516.00,2141.00,1926.00,1568.00,1258.00,3909.00
E08000011,Knowsley,Metropolitan District,76188.00,951.00,1071.00,976.00,1036.00,1051.00,1082.00,1053.00,1028.00,1042.00,973.00,1008.00,1022.00,985.00,960.00,969.00,951.00,962.00,956.00,962.00,811.00,798.00,693.00,837.00,847.00,883.00,937.00,917.00,1000.00,1036.00,1092.00,1032.00,1191.00,1169.00,1206.00,1156.00,1136.00,1068.00,1043.00,1082.00,1071.00,1004.00,942.00,904.00,875.00,831.00,738.00,728.00,787.00,781.00,855.00,834.00,922.00,996.00,987.00,951.00,967.00,1044.00,1065.00,1069.00,1115.00,1113.00,1045.00,1072.00,1033.00,944.00,987.00,934.00,835.00,798.00,754.00,767.00,637.00,641.00,615.00,662.00,580.00,594.00,435.00,378.00,361.00,295.00,292.00,268.00,253.00,263.00,226.00,196.00,177.00,140.00,124.00,331.00
E08000012,Liverpool,Metropolitan District,247279.00,2564.00,2710.00,2566.00,2677.00,2850.00,2885.00,2864.00,2923.00,2862.00,2754.00,2767.00,2774.00,2795.00,2597.00,2666.00,2636.00,2679.00,2732.00,3252.00,5470.00,7410.00,7112.00,5649.00,4581.00,4240.00,3931.00,4178.00,4046.00,3881.00,3897.00,3928.00,3825.00,3947.00,3777.00,3560.00,3777.00,3525.00,3375.00,3464.00,3212.00,3074.00,3068.00,3022.00,2925.00,2919.00,2568.00,2318.00,2509.00,2643.00,2499.00,2610.00,2773.00,2869.00,2742.00,2862.00,2740.00,2799.00,2618.00,2818.00,2873.00,2861.00,2868.00,2822.00,2685.00,2519.00,2511.00,2281.00,2282.00,2071.00,2061.00,1996.00,1949.00,1912.00,1702.00,1698.00,1671.00,1831.00,1310.00,1160.00,1161.00,951.00,900.00,800.00,781.00,678.00,640.00,513.00,486.00,334.00,300.00,958.00
E08000014,Sefton,Metropolitan District,137317.00,1270.00,1362.00,1375.00,1459.00,1445.00,1440.00,1556.00,1574.00,1632.00,1645.00,1630.00,1625.00,1671.00,1700.00,1599.00,1647.00,1536.00,1557.00,1512.00,1236.00,1081.00,1193.00,1405.00,1414.00,1490.00,1512.00,1460.00,1489.00,1489.00,1487.00,1575.00,1706.00,1704.00,1691.00,1760.00,1706.00,1776.00,1825.00,1835.00,1627.00,1730.00,1743.00,1676.00,1662.00,1674.00,1503.00,1392.00,1440.00,1477.00,1584.00,1733.00,1794.00,1943.00,1925.00,1941.00,1945.00,2106.00,1927.00,2071.00,2156.00,2143.00,2048.00,2067.00,2028.00,1863.00,1823.00,1719.00,1713.00,1593.00,1647.00,1497.00,1530.00,1444.00,1412.00,1433.00,1501.00,1722.00,1189.00,1124.00,1139.00,926.00,852.00,809.00,737.00,694.00,647.00,579.00,497.00,452.00,344.00,1027.00
E08000013,St. Helens,Metropolitan District,91397.00,967.00,986.00,957.00,1014.00,1081.00,1014.00,1104.00,1053.00,1036.00,1079.00,1094.00,1135.00,1120.00,1116.00,1090.00,1142.00,1048.00,1078.00,1032.00,945.00,782.00,842.00,906.00,1033.00,1085.00,1140.00,1089.00,1071.00,1106.00,1134.00,1230.00,1246.00,1343.00,1202.00,1197.00,1211.00,1176.00,1290.00,1080.00,1210.00,1158.00,1175.00,1129.00,1124.00,1165.00,965.00,994.00,1068.00,1099.00,1185.00,1242.00,1225.00,1357.00,1318.00,1335.00,1308.00,1295.00,1311.00,1342.00,1341.00,1285.00,1234.00,1205.00,1141.00,1139.00,1102.00,1032.00,937.00,932.00,897.00,909.00,868.00,930.00,916.00,909.00,959.00,1053.00,768.00,709.00,665.00,635.00,512.00,413.00,412.00,392.00,360.00,328.00,280.00,229.00,159.00,487.00
E08000015,Wirral,Metropolitan District,157319.00,1501.00,1587.00,1596.00,1629.00,1810.00,1857.00,1899.00,1972.00,1895.00,1948.00,1963.00,2196.00,2025.00,2037.00,2010.00,1974.00,2007.00,1963.00,1821.00,1474.00,1323.00,1400.00,1559.00,1582.00,1709.00,1716.00,1789.00,1774.00,1713.00,1834.00,1989.00,1876.00,2031.00,2016.00,1865.00,2001.00,1912.00,1862.00,1839.00,1864.00,1895.00,1950.00,1904.00,1953.00,1857.00,1739.00,1692.00,1739.00,1812.00,1802.00,1972.00,2145.00,2254.00,2102.00,2200.00,2213.00,2324.00,2241.00,2285.00,2318.00,2204.00,2355.00,2276.00,2147.00,2116.00,2037.00,1921.00,1777.00,1717.00,1841.00,1752.00,1683.00,1734.00,1786.00,1683.00,1722.00,1813.00,1297.00,1221.00,1262.00,1081.00,896.00,770.00,818.00,691.00,643.00,525.00,486.00,413.00,331.00,1106.00
E12000003,YORKSHIRE AND THE HUMBER,Region,2752393.00,28323.00,29829.00,30024.00,31295.00,31778.00,31898.00,33310.00,34104.00,33696.00,33748.00,34670.00,35272.00,35514.00,35268.00,35019.00,34814.00,33916.00,34004.00,34687.00,37576.00,37224.00,36611.00,34903.00,35165.00,35451.00,35416.00,35555.00,34676.00,35000.00,35951.00,36336.00,37347.00,37677.00,37274.00,36453.00,36969.00,36081.00,36381.00,35780.00,34927.00,34613.00,34398.00,34526.00,34765.00,33105.00,30443.00,30050.00,31165.00,31435.00,32274.00,34438.00,35987.00,37696.00,36826.00,37270.00,37534.00,37621.00,37039.00,37316.00,36891.00,36151.00,35455.00,34092.00,32580.00,31841.00,31107.00,29648.00,28406.00,26755.00,27137.00,26271.00,24855.00,25122.00,24751.00,25246.00,25912.00,27817.00,19982.00,19157.00,18279.00,16299.00,13574.00,11708.00,11520.00,10755.00,9916.00,8554.00,7339.00,6169.00,4953.00,15728.00
E06000011,East Riding of Yorkshire,Unitary Authority,171447.00,1347.00,1392.00,1500.00,1661.00,1687.00,1728.00,1856.00,1836.00,1868.00,1825.00,1878.00,2074.00,2001.00,1940.00,1852.00,1977.00,1942.00,1889.00,1850.00,1455.00,1281.00,1283.00,1416.00,1553.00,1661.00,1641.00,1641.00,1574.00,1630.00,1806.00,1862.00,1850.00,1868.00,1897.00,1834.00,2031.00,1939.00,1893.00,1834.00,1938.00,1865.00,1890.00,1890.00,1913.00,1867.00,1716.00,1759.00,1875.00,1975.00,2042.00,2214.00,2430.00,2501.00,2460.00,2528.00,2611.00,2715.00,2677.00,2665.00,2792.00,2790.00,2760.00,2625.00,2619.00,2545.00,2496.00,2411.00,2340.00,2301.00,2269.00,2178.00,2176.00,2210.00,2233.00,2245.00,2300.00,2687.00,1925.00,1727.00,1630.00,1446.00,1194.00,1068.00,1037.00,991.00,939.00,775.00,672.00,536.00,491.00,1456.00
E06000010,"Kingston upon Hull, City of",Unitary Authority,136575.00,1587.00,1719.00,1593.00,1627.00,1678.00,1631.00,1763.00,1810.00,1709.00,1780.00,1879.00,1877.00,1834.00,1721.00,1725.00,1723.00,1780.00,1706.00,1828.00,1937.00,1826.00,1957.00,1790.00,1736.00,1692.00,1881.00,2000.00,2032.00,2128.00,2189.00,2223.00,2291.00,2229.00,2140.00,2152.00,2128.00,2025.00,2175.00,2022.00,1834.00,1719.00,1932.00,1789.00,1690.00,1651.00,1533.00,1534.00,1673.00,1584.00,1519.00,1662.00,1729.00,1797.00,1679.00,1704.00,1624.00,1781.00,1700.00,1717.00,1675.00,1615.00,1654.00,1503.00,1450.00,1456.00,1427.00,1368.00,1216.00,1178.00,1190.00,1142.00,1083.00,1070.00,990.00,966.00,1040.00,1110.00,736.00,674.00,564.00,610.00,468.00,396.00,396.00,419.00,344.00,297.00,234.00,228.00,164.00,538.00
E06000012,North East Lincolnshire,Unitary Authority,77692.00,736.00,777.00,809.00,931.00,849.00,889.00,990.00,956.00,994.00,986.00,982.00,1030.00,1083.00,1033.00,1002.00,995.00,982.00,1042.00,946.00,769.00,659.00,684.00,732.00,818.00,920.00,851.00,881.00,922.00,884.00,909.00,892.00,975.00,1043.00,1009.00,1041.00,1051.00,1016.00,992.00,989.00,901.00,852.00,928.00,891.00,878.00,888.00,774.00,793.00,850.00,897.00,889.00,953.00,1029.00,1080.00,1050.00,1081.00,1093.00,1147.00,1083.00,1139.00,1151.00,1168.00,1179.00,1106.00,1041.00,967.00,961.00,953.00,919.00,858.00,861.00,815.00,753.00,805.00,749.00,779.00,812.00,917.00,619.00,582.00,561.00,494.00,468.00,403.00,365.00,328.00,314.00,298.00,241.00,239.00,188.00,553.00
E06000013,North Lincolnshire,Unitary Authority,83873.00,773.00,845.00,861.00,862.00,833.00,953.00,977.00,926.00,956.00,1001.00,1001.00,1070.00,998.00,1105.00,1102.00,1076.00,1051.00,1054.00,1018.00,760.00,652.00,719.00,794.00,886.00,822.00,860.00,857.00,889.00,959.00,894.00,1000.00,1050.00,1058.00,1043.00,1010.00,999.00,1025.00,1065.00,1080.00,1058.00,1009.00,947.00,987.00,988.00,919.00,864.00,928.00,911.00,956.00,985.00,1022.00,1138.00,1199.00,1208.00,1301.00,1252.00,1286.00,1280.00,1336.00,1304.00,1341.00,1271.00,1218.00,1168.00,1133.00,1138.00,1038.00,1002.00,950.00,906.00,950.00,911.00,891.00,935.00,927.00,945.00,1046.00,738.00,709.00,670.00,599.00,509.00,413.00,420.00,387.00,348.00,309.00,285.00,230.00,170.00,554.00
E06000065,North Yorkshire,Unitary Authority,307758.00,2644.00,2766.00,2878.00,2804.00,3053.00,3040.00,3153.00,3422.00,3324.00,3327.00,3315.00,3362.00,3573.00,3578.00,3488.00,3670.00,3617.00,3993.00,3764.00,3035.00,2714.00,2852.00,2833.00,2957.00,3135.00,3186.00,3137.00,3052.00,3025.00,3276.00,3299.00,3296.00,3429.00,3549.00,3446.00,3394.00,3343.00,3426.00,3374.00,3289.00,3421.00,3308.00,3485.00,3544.00,3369.00,3094.00,3034.00,3238.00,3316.00,3613.00,3880.00,4140.00,4411.00,4322.00,4550.00,4642.00,4816.00,4805.00,5036.00,5007.00,4976.00,4812.00,4835.00,4662.00,4582.00,4305.00,4202.00,4067.00,3896.00,4044.00,3873.00,3646.00,3653.00,3727.00,3853.00,4043.00,4363.00,3149.00,3071.00,2989.00,2582.00,2138.00,1721.00,1824.00,1663.00,1585.00,1250.00,1181.00,937.00,779.00,2501.00
E06000014,York,Unitary Authority,98804.00,738.00,833.00,891.00,868.00,919.00,917.00,938.00,975.00,1008.00,1025.00,1072.00,1073.00,1110.00,1048.00,1114.00,1058.00,1012.00,998.00,1340.00,2587.00,2858.00,2479.00,1897.00,1695.00,1553.00,1369.00,1322.00,1219.00,1265.00,1340.00,1255.00,1256.00,1307.00,1268.00,1304.00,1255.00,1218.00,1183.00,1184.00,1259.00,1217.00,1310.00,1227.00,1165.00,1238.00,1156.00,1114.00,1005.00,1088.00,1120.00,1162.00,1264.00,1300.00,1273.00,1321.00,1242.00,1267.00,1213.00,1301.00,1288.00,1195.00,1198.00,1137.00,1034.00,1085.00,1102.00,1018.00,947.00,912.00,905.00,874.00,871.00,913.00,909.00,845.00,918.00,996.00,769.00,709.00,658.00,552.00,519.00,448.00,445.00,438.00,381.00,362.00,288.00,238.00,195.00,662.00
E11000003,South Yorkshire (Met County),Metropolitan County,696333.00,7443.00,7745.00,7632.00,8110.00,7972.00,8049.00,8363.00,8456.00,8351.00,8166.00,8531.00,8747.00,8775.00,8567.00,8664.00,8630.00,8200.00,8043.00,8427.00,10227.00,10239.00,10077.00,9485.00,9691.00,9400.00,9582.00,9692.00,9332.00,9284.00,9458.00,9745.00,10188.00,10174.00,9947.00,9617.00,9794.00,9387.00,9370.00,9194.00,8878.00,8959.00,8609.00,8734.00,8643.00,8153.00,7503.00,7252.00,7734.00,7767.00,7924.00,8562.00,8809.00,9337.00,9345.00,9509.00,9652.00,9468.00,9353.00,9236.00,9053.00,9081.00,8882.00,8491.00,8075.00,7768.00,7715.00,7179.00,6977.00,6554.00,6588.00,6423.00,5976.00,6093.00,5911.00,6122.00,6224.00,6500.00,4776.00,4823.00,4617.00,3996.00,3384.00,2980.00,2849.00,2569.00,2298.00,2106.00,1775.00,1511.00,1136.00,3720.00
E08000016,Barnsley,Metropolitan District,122193.00,1300.00,1353.00,1318.00,1521.00,1392.00,1443.00,1507.00,1433.00,1460.00,1416.00,1495.00,1500.00,1627.00,1540.00,1467.00,1500.00,1457.00,1420.00,1362.00,1209.00,1066.00,1068.00,1152.00,1194.00,1371.00,1438.00,1529.00,1450.00,1493.00,1568.00,1713.00,1779.00,1777.00,1717.00,1629.00,1733.00,1628.00,1624.00,1616.00,1594.00,1574.00,1554.00,1512.00,1537.00,1392.00,1227.00,1226.00,1342.00,1416.00,1454.00,1625.00,1632.00,1874.00,1750.00,1847.00,1932.00,1897.00,1790.00,1808.00,1763.00,1693.00,1697.00,1600.00,1525.00,1550.00,1465.00,1414.00,1404.00,1263.00,1283.00,1297.00,1185.00,1197.00,1168.00,1188.00,1221.00,1278.00,935.00,919.00,850.00,780.00,626.00,562.00,500.00,441.00,436.00,349.00,285.00,267.00,195.00,609.00
E08000017,Doncaster,Metropolitan District,156332.00,1725.00,1823.00,1838.00,1954.00,1838.00,1811.00,1861.00,1949.00,1921.00,1888.00,1944.00,2005.00,1979.00,1993.00,2031.00,1957.00,1806.00,1742.00,1833.00,1480.00,1291.00,1426.00,1678.00,1750.00,1818.00,1888.00,1965.00,1933.00,1880.00,2038.00,2104.00,2341.00,2309.00,2278.00,2241.00,2319.00,2170.00,2142.00,2156.00,2003.00,2101.00,2037.00,2177.00,1964.00,1813.00,1792.00,1705.00,1820.00,1732.00,1874.00,1962.00,1992.00,2144.00,2197.00,2108.00,2203.00,2142.00,2192.00,2147.00,2235.00,2223.00,2112.00,2081.00,1984.00,1867.00,1827.00,1775.00,1744.00,1598.00,1542.00,1556.00,1457.00,1501.00,1347.00,1517.00,1462.00,1547.00,1118.00,1081.00,1055.00,903.00,800.00,691.00,639.00,549.00,521.00,471.00,420.00,354.00,270.00,875.00
E08000018,Rotherham,Metropolitan District,133416.00,1488.00,1498.00,1585.00,1545.00,1592.00,1635.00,1691.00,1684.00,1619.00,1615.00,1721.00,1739.00,1785.00,1694.00,1757.00,1792.00,1721.00,1630.00,1502.00,1461.00,1271.00,1364.00,1367.00,1507.00,1506.00,1538.00,1684.00,1534.00,1634.00,1729.00,1760.00,1857.00,1866.00,1861.00,1793.00,1788.00,1828.00,1702.00,1777.00,1672.00,1758.00,1633.00,1652.00,1642.00,1462.00,1437.00,1380.00,1490.00,1483.00,1516.00,1717.00,1865.00,1951.00,1886.00,1919.00,1916.00,1963.00,1888.00,1846.00,1826.00,1833.00,1822.00,1703.00,1612.00,1537.00,1568.00,1377.00,1374.00,1336.00,1355.00,1277.00,1248.00,1295.00,1251.00,1258.00,1306.00,1319.00,994.00,1131.00,989.00,792.00,692.00,631.00,590.00,551.00,490.00,434.00,365.00,287.00,237.00,740.00
E08000019,Sheffield,Metropolitan District,284392.00,2930.00,3071.00,2891.00,3090.00,3150.00,3160.00,3304.00,3390.00,3351.00,3247.00,3371.00,3503.00,3384.00,3340.00,3409.00,3381.00,3216.00,3251.00,3730.00,6077.00,6611.00,6219.00,5288.00,5240.00,4705.00,4718.00,4514.00,4415.00,4277.00,4123.00,4168.00,4211.00,4222.00,4091.00,3954.00,3954.00,3761.00,3902.00,3645.00,3609.00,3526.00,3385.00,3393.00,3500.00,3486.00,3047.00,2941.00,3082.00,3136.00,3080.00,3258.00,3320.00,3368.00,3512.00,3635.00,3601.00,3466.00,3483.00,3435.00,3229.00,3332.00,3251.00,3107.00,2954.00,2814.00,2855.00,2613.00,2455.00,2357.00,2408.00,2293.00,2086.00,2100.00,2145.00,2159.00,2235.00,2356.00,1729.00,1692.00,1723.00,1521.00,1266.00,1096.00,1120.00,1028.00,851.00,852.00,705.00,603.00,434.00,1496.00
E11000006,West Yorkshire (Met County),Metropolitan County,1179911.00,13055.00,13752.00,13860.00,14432.00,14787.00,14691.00,15270.00,15723.00,15486.00,15638.00,16012.00,16039.00,16140.00,16276.00,16072.00,15685.00,15332.00,15279.00,15514.00,16806.00,16995.00,16560.00,15956.00,15829.00,16268.00,16046.00,16025.00,15656.00,15825.00,16079.00,16060.00,16441.00,16569.00,16421.00,16049.00,16317.00,16128.00,16277.00,16103.00,15770.00,15571.00,15474.00,15523.00,15944.00,15020.00,13803.00,13636.00,13879.00,13852.00,14182.00,14983.00,15448.00,16071.00,15489.00,15276.00,15418.00,15141.00,14928.00,14886.00,14621.00,13985.00,13699.00,13177.00,12531.00,12305.00,11963.00,11479.00,10938.00,10106.00,10374.00,10016.00,9439.00,9487.00,9297.00,9509.00,9630.00,10198.00,7270.00,6862.00,6590.00,6020.00,4894.00,4279.00,4184.00,3960.00,3707.00,3157.00,2663.00,2250.00,1830.00,5744.00
E08000032,Bradford,Metropolitan District,275574.00,3507.00,3619.00,3498.00,3672.00,3863.00,3729.00,3936.00,4077.00,4029.00,4094.00,4041.00,4257.00,4161.00,4406.00,4385.00,4278.00,4115.00,4063.00,4173.00,3708.00,3535.00,3435.00,3395.00,3522.00,3678.00,3640.00,3642.00,3498.00,3575.00,3630.00,3637.00,3670.00,3726.00,3834.00,3811.00,3805.00,3734.00,3809.00,3761.00,3830.00,3758.00,3758.00,3718.00,3896.00,3586.00,3358.00,3356.00,3189.00,3319.00,3319.00,3343.00,3535.00,3542.00,3335.00,3360.00,3333.00,3328.00,3133.00,3190.00,3146.00,3032.00,3075.00,2896.00,2918.00,2749.00,2625.00,2615.00,2494.00,2305.00,2336.00,2293.00,2096.00,2007.00,1951.00,1958.00,1956.00,2123.00,1395.00,1238.00,1263.00,1196.00,968.00,888.00,856.00,824.00,776.00,731.00,517.00,476.00,385.00,1352.00
E08000033,Calderdale,Metropolitan District,102206.00,998.00,1086.00,1166.00,1215.00,1156.00,1223.00,1242.00,1283.00,1351.00,1325.00,1402.00,1355.00,1403.00,1378.00,1361.00,1402.00,1347.00,1312.00,1337.00,1110.00,901.00,901.00,1061.00,1092.00,1210.00,1210.00,1171.00,1158.00,1182.00,1244.00,1259.00,1257.00,1206.00,1283.00,1208.00,1321.00,1257.00,1247.00,1337.00,1255.00,1277.00,1240.00,1306.00,1373.00,1326.00,1213.00,1177.00,1250.00,1180.00,1270.00,1488.00,1525.00,1556.00,1453.00,1547.00,1519.00,1459.00,1548.00,1527.00,1484.00,1414.00,1374.00,1305.00,1193.00,1230.00,1198.00,1172.00,1128.00,993.00,1055.00,999.00,943.00,977.00,955.00,975.00,1048.00,1063.00,751.00,726.00,716.00,604.00,506.00,449.00,416.00,373.00,359.00,283.00,239.00,189.00,149.00,494.00
E08000034,Kirklees,Metropolitan District,217136.00,2309.00,2529.00,2513.00,2608.00,2668.00,2687.00,2845.00,2848.00,2817.00,2897.00,3021.00,2930.00,3117.00,3044.00,2997.00,2969.00,2832.00,2957.00,2817.00,2637.00,2546.00,2790.00,2824.00,2624.00,2633.00,2619.00,2592.00,2670.00,2639.00,2673.00,2770.00,2817.00,2780.00,2799.00,2746.00,2899.00,2897.00,2887.00,2935.00,2865.00,2782.00,2763.00,2853.00,2882.00,2841.00,2515.00,2518.00,2538.00,2572.00,2725.00,2794.00,3012.00,3087.00,3072.00,3036.00,3107.00,2941.00,2917.00,2843.00,2793.00,2717.00,2608.00,2588.00,2484.00,2304.00,2377.00,2267.00,2110.00,1977.00,1989.00,1936.00,1918.00,1910.00,1925.00,1851.00,1918.00,2046.00,1476.00,1424.00,1286.00,1177.00,980.00,846.00,818.00,835.00,746.00,571.00,541.00,443.00,343.00,1087.00
E08000035,Leeds,Metropolitan District,406933.00,4390.00,4474.00,4601.00,4791.00,4940.00,4941.00,5066.00,5270.00,5170.00,5054.00,5286.00,5264.00,5166.00,5179.00,5144.00,4841.00,4932.00,4818.00,5141.00,7563.00,8578.00,7926.00,6995.00,6646.00,6768.00,6569.00,6282.00,6122.00,6146.00,6175.00,5860.00,6000.00,6227.00,5958.00,5723.00,5694.00,5637.00,5775.00,5518.00,5473.00,5410.00,5443.00,5412.00,5502.00,5161.00,4720.00,4632.00,4812.00,4649.00,4721.00,5040.00,4964.00,5241.00,4968.00,4820.00,4776.00,4837.00,4751.00,4837.00,4755.00,4410.00,4296.00,4133.00,3811.00,3921.00,3679.00,3514.00,3351.00,3080.00,3232.00,3105.00,2888.00,2979.00,2846.00,3035.00,3069.00,3159.00,2309.00,2251.00,2095.00,1946.00,1608.00,1343.00,1405.00,1259.00,1208.00,1058.00,941.00,776.00,671.00,2001.00
E08000036,Wakefield,Metropolitan District,178062.00,1851.00,2044.00,2082.00,2146.00,2160.00,2111.00,2181.00,2245.00,2119.00,2268.00,2262.00,2233.00,2293.00,2269.00,2185.00,2195.00,2106.00,2129.00,2046.00,1788.00,1435.00,1508.00,1681.00,1945.00,1979.00,2008.00,2338.00,2208.00,2283.00,2357.00,2534.00,2697.00,2630.00,2547.00,2561.00,2598.00,2603.00,2559.00,2552.00,2347.00,2344.00,2270.00,2234.00,2291.00,2106.00,1997.00,1953.00,2090.00,2132.00,2147.00,2318.00,2412.00,2645.00,2661.00,2513.00,2683.00,2576.00,2579.00,2489.00,2443.00,2412.00,2346.00,2255.00,2125.00,2101.00,2084.00,1911.00,1855.00,1751.00,1762.00,1683.00,1594.00,1614.00,1620.00,1690.00,1639.00,1807.00,1339.00,1223.00,1230.00,1097.00,832.00,753.00,689.00,669.00,618.00,514.00,425.00,366.00,282.00,810.00
E12000004,EAST MIDLANDS,Region,2461121.00,23834.00,25461.00,25849.00,27124.00,27499.00,28204.00,28822.00,29598.00,29771.00,29523.00,30081.00,31366.00,31405.00,30699.00,30683.00,31352.00,29794.00,29495.00,29855.00,34070.00,34603.00,33759.00,31791.00,29958.00,29626.00,28987.00,29667.00,29765.00,30241.00,30976.00,31320.00,32300.00,33044.00,32725.00,32121.00,32871.00,31586.00,31537.00,31874.00,30699.00,30657.00,30640.00,31132.00,31344.00,29658.00,27398.00,27576.00,28240.00,28961.00,29588.00,31016.00,33162.00,34627.00,32996.00,34386.00,34516.00,34801.00,34214.00,34371.00,33471.00,33303.00,32162.00,31445.00,29703.00,28650.00,27823.00,26527.00,25469.00,24117.00,24308.00,23713.00,23116.00,23239.00,23136.00,23142.00,24102.00,25866.00,19215.00,18440.00,17805.00,15739.00,13164.00,11112.00,10646.00,10115.00,8993.00,7621.00,6523.00,5602.00,4558.00,15078.00
E06000015,Derby,Unitary Authority,132821.00,1446.00,1582.00,1646.00,1572.00,1638.00,1658.00,1671.00,1719.00,1798.00,1746.00,1812.00,1785.00,1764.00,1853.00,1771.00,1843.00,1751.00,1711.00,1740.00,2075.00,1844.00,2059.00,1957.00,1955.00,1923.00,1937.00,1856.00,1969.00,1926.00,1825.00,1843.00,1968.00,1966.00,1905.00,1846.00,1926.00,1776.00,1794.00,1841.00,1739.00,1799.00,1794.00,1878.00,1642.00,1525.00,1487.00,1599.00,1538.00,1579.00,1672.00,1616.00,1762.00,1766.00,1613.00,1743.00,1738.00,1633.00,1569.00,1637.00,1557.00,1519.00,1514.00,1393.00,1454.00,1295.00,1201.00,1099.00,1127.00,1033.00,1133.00,1045.00,1067.00,981.00,1013.00,962.00,990.00,1094.00,803.00,792.00,736.00,586.00,547.00,477.00,476.00,475.00,468.00,346.00,331.00,259.00,246.00,776.00
E06000016,Leicester,Unitary Authority,190484.00,2276.00,2344.00,2306.00,2469.00,2399.00,2374.00,2495.00,2521.00,2667.00,2585.00,2636.00,2710.00,2662.00,2579.00,2751.00,2736.00,2632.00,2778.00,2941.00,3672.00,4248.00,4526.00,3863.00,3473.00,3568.00,3243.00,3357.00,3248.00,3110.00,2984.00,3024.00,2902.00,2822.00,2747.00,2686.00,2632.00,2746.00,2579.00,2626.00,2660.00,2632.00,2679.00,2592.00,2600.00,2492.00,2265.00,2321.00,2369.00,2201.00,2082.00,2225.00,2232.00,2228.00,2166.00,2073.00,2061.00,1970.00,1928.00,1959.00,1817.00,1860.00,1786.00,1804.00,1790.00,1672.00,1618.00,1473.00,1415.00,1312.00,1335.00,1209.00,1186.00,1135.00,1009.00,1041.00,1010.00,961.00,677.00,665.00,631.00,635.00,453.00,406.00,432.00,390.00,370.00,303.00,268.00,231.00,197.00,741.00
E06000061,North Northamptonshire,Unitary Authority,182075.00,1877.00,2066.00,2067.00,2185.00,2227.00,2186.00,2304.00,2309.00,2357.00,2409.00,2368.00,2516.00,2497.00,2477.00,2559.00,2547.00,2377.00,2374.00,2148.00,1805.00,1515.00,1576.00,1857.00,2003.00,1990.00,1944.00,2169.00,2075.00,2229.00,2311.00,2297.00,2574.00,2508.00,2532.00,2630.00,2650.00,2508.00,2505.00,2524.00,2397.00,2460.00,2438.00,2463.00,2589.00,2371.00,2172.00,2198.00,2239.00,2298.00,2268.00,2345.00,2528.00,2656.00,2614.00,2678.00,2688.00,2693.00,2595.00,2643.00,2438.00,2401.00,2263.00,2257.00,2033.00,1949.00,1988.00,1852.00,1696.00,1672.00,1763.00,1649.00,1563.00,1571.00,1552.00,1624.00,1688.00,1804.00,1313.00,1313.00,1184.00,1040.00,915.00,739.00,679.00,673.00,577.00,450.00,472.00,360.00,280.00,932.00
E06000018,Nottingham,Unitary Authority,162163.00,1761.00,1794.00,1833.00,1905.00,1846.00,1895.00,1943.00,2005.00,2022.00,1914.00,1953.00,2013.00,2084.00,1911.00,1940.00,2039.00,1854.00,1977.00,2617.00,6443.00,7946.00,6845.00,4594.00,2887.00,2238.00,2234.00,2400.00,2291.00,2138.00,2327.00,2453.00,2335.00,2430.00,2364.00,2201.00,2206.00,2011.00,2231.00,2264.00,1988.00,2003.00,1864.00,1836.00,1939.00,1822.00,1684.00,1708.00,1711.00,1682.00,1734.00,1711.00,1732.00,1776.00,1650.00,1678.00,1703.00,1662.00,1758.00,1644.00,1559.00,1647.00,1527.00,1470.00,1391.00,1345.00,1223.00,1182.00,1135.00,1025.00,1007.00,902.00,914.00,923.00,919.00,846.00,844.00,909.00,725.00,616.00,624.00,529.00,416.00,378.00,394.00,363.00,346.00,296.00,244.00,223.00,190.00,622.00
E06000017,Rutland,Unitary Authority,20636.00,128.00,135.00,133.00,161.00,146.00,190.00,187.00,214.00,194.00,199.00,217.00,242.00,268.00,237.00,383.00,393.00,354.00,364.00,295.00,182.00,203.00,200.00,183.00,232.00,198.00,216.00,249.00,217.00,212.00,243.00,232.00,219.00,224.00,207.00,223.00,238.00,211.00,215.00,206.00,193.00,224.00,255.00,245.00,252.00,245.00,254.00,253.00,241.00,211.00,230.00,255.00,292.00,329.00,280.00,253.00,280.00,288.00,294.00,288.00,314.00,293.00,287.00,265.00,263.00,302.00,250.00,274.00,240.00,216.00,231.00,258.00,228.00,240.00,248.00,252.00,256.00,295.00,219.00,203.00,164.00,200.00,179.00,138.00,112.00,137.00,129.00,94.00,81.00,74.00,60.00,222.00
E06000062,West Northamptonshire,Unitary Authority,214346.00,2306.00,2431.00,2422.00,2616.00,2586.00,2657.00,2644.00,2774.00,2752.00,2708.00,2798.00,2910.00,2948.00,2830.00,2762.00,2802.00,2703.00,2573.00,2549.00,2136.00,2069.00,2201.00,2487.00,2501.00,2567.00,2540.00,2488.00,2602.00,2678.00,2846.00,2876.00,3035.00,3136.00,3164.00,3109.00,3220.00,3081.00,3041.00,3021.00,2985.00,2987.00,2984.00,3120.00,3061.00,2904.00,2691.00,2659.00,2628.00,2762.00,2887.00,2884.00,2952.00,3054.00,2892.00,3041.00,3045.00,2971.00,2924.00,2951.00,2880.00,2780.00,2660.00,2411.00,2343.00,2287.00,2119.00,2093.00,1976.00,1826.00,1877.00,1728.00,1788.00,1701.00,1742.00,1755.00,1971.00,2043.00,1487.00,1366.00,1380.00,1117.00,1054.00,823.00,760.00,772.00,665.00,577.00,501.00,421.00,331.00,1161.00
E10000007,Derbyshire,County,397739.00,3605.00,3849.00,3877.00,4000.00,4170.00,4121.00,4298.00,4378.00,4409.00,4337.00,4565.00,4747.00,4871.00,4679.00,4673.00,4861.00,4621.00,4466.00,4271.00,3424.00,3170.00,3236.00,3620.00,3928.00,4385.00,4382.00,4438.00,4433.00,4655.00,4860.00,4917.00,5138.00,5300.00,4938.00,4803.00,5048.00,4888.00,4747.00,4737.00,4773.00,4696.00,4762.00,4767.00,4886.00,4568.00,4230.00,4273.00,4542.00,4915.00,5003.00,5278.00,5848.00,6184.00,5769.00,6105.00,6261.00,6516.00,6342.00,6279.00,6120.00,6192.00,5951.00,5733.00,5354.00,5306.00,5247.00,4892.00,4783.00,4439.00,4430.00,4448.00,4283.00,4342.00,4380.00,4328.00,4478.00,4866.00,3602.00,3597.00,3418.00,2957.00,2485.00,2046.00,1993.00,1843.00,1636.00,1286.00,1131.00,971.00,795.00,2565.00
E07000032,Amber Valley,Non-metropolitan District,62806.00,546.00,593.00,604.00,605.00,649.00,636.00,703.00,685.00,636.00,689.00,738.00,719.00,733.00,743.00,714.00,719.00,717.00,696.00,692.00,547.00,486.00,518.00,568.00,663.00,667.00,652.00,659.00,685.00,722.00,681.00,733.00,796.00,852.00,791.00,749.00,812.00,725.00,740.00,712.00,743.00,773.00,706.00,727.00,741.00,747.00,660.00,708.00,740.00,807.00,826.00,871.00,996.00,947.00,971.00,947.00,1013.00,1049.00,939.00,1021.00,979.00,1003.00,942.00,894.00,848.00,828.00,824.00,762.00,826.00,717.00,685.00,677.00,711.00,737.00,715.00,746.00,768.00,824.00,573.00,542.00,573.00,496.00,421.00,320.00,316.00,305.00,246.00,207.00,158.00,148.00,100.00,408.00
E07000033,Bolsover,Non-metropolitan District,40683.00,399.00,420.00,418.00,471.00,481.00,461.00,458.00,484.00,442.00,403.00,492.00,464.00,488.00,464.00,455.00,477.00,466.00,425.00,432.00,321.00,316.00,298.00,397.00,416.00,478.00,463.00,536.00,493.00,545.00,608.00,587.00,647.00,601.00,561.00,547.00,526.00,534.00,516.00,539.00,505.00,531.00,473.00,415.00,504.00,461.00,411.00,434.00,500.00,486.00,446.00,531.00,554.00,659.00,580.00,666.00,664.00,632.00,627.00,637.00,628.00,613.00,566.00,566.00,520.00,545.00,521.00,494.00,460.00,453.00,421.00,408.00,396.00,419.00,440.00,406.00,393.00,430.00,359.00,368.00,336.00,281.00,240.00,183.00,141.00,133.00,147.00,122.00,93.00,90.00,78.00,188.00
E07000034,Chesterfield,Non-metropolitan District,51531.00,494.00,484.00,495.00,510.00,520.00,521.00,527.00,546.00,552.00,557.00,609.00,613.00,655.00,584.00,613.00,627.00,575.00,564.00,578.00,467.00,461.00,464.00,472.00,504.00,674.00,603.00,624.00,653.00,621.00,711.00,671.00,708.00,707.00,555.00,590.00,664.00,670.00,623.00,633.00,624.00,611.00,694.00,634.00,658.00,646.00,577.00,553.00,563.00,642.00,606.00,666.00,780.00,708.00,777.00,828.00,736.00,794.00,811.00,808.00,763.00,777.00,757.00,695.00,687.00,670.00,664.00,634.00,637.00,571.00,573.00,566.00,567.00,545.00,547.00,522.00,525.00,594.00,439.00,418.00,409.00,365.00,328.00,279.00,273.00,244.00,203.00,152.00,134.00,130.00,109.00,339.00
E07000035,Derbyshire Dales,Non-metropolitan District,34766.00,218.00,241.00,252.00,282.00,291.00,262.00,312.00,300.00,371.00,328.00,333.00,357.00,386.00,378.00,386.00,410.00,378.00,395.00,357.00,260.00,254.00,276.00,309.00,249.00,282.00,327.00,267.00,305.00,267.00,257.00,329.00,283.00,301.00,347.00,320.00,310.00,329.00,298.00,341.00,335.00,307.00,358.00,349.00,381.00,341.00,332.00,356.00,404.00,417.00,440.00,492.00,495.00,573.00,537.00,589.00,615.00,619.00,652.00,630.00,623.00,646.00,588.00,613.00,572.00,575.00,586.00,504.00,548.00,479.00,485.00,500.00,485.00,476.00,519.00,469.00,516.00,596.00,428.00,380.00,395.00,342.00,291.00,238.00,241.00,198.00,198.00,187.00,145.00,106.00,101.00,366.00
E07000036,Erewash,Non-metropolitan District,56001.00,496.00,531.00,559.00,554.00,556.00,590.00,612.00,673.00,676.00,689.00,673.00,704.00,717.00,659.00,687.00,686.00,623.00,677.00,613.00,540.00,460.00,529.00,561.00,628.00,657.00,686.00,704.00,699.00,744.00,752.00,722.00,736.00,762.00,718.00,733.00,755.00,753.00,708.00,720.00,690.00,714.00,664.00,690.00,704.00,681.00,594.00,576.00,618.00,712.00,761.00,731.00,783.00,887.00,764.00,845.00,832.00,861.00,866.00,781.00,832.00,856.00,793.00,768.00,697.00,692.00,654.00,626.00,549.00,577.00,545.00,591.00,540.00,570.00,552.00,580.00,607.00,632.00,459.00,478.00,449.00,360.00,334.00,242.00,309.00,244.00,234.00,177.00,181.00,134.00,118.00,325.00
E07000037,High Peak,Non-metropolitan District,45065.00,376.00,392.00,412.00,441.00,441.00,476.00,449.00,477.00,496.00,468.00,473.00,534.00,554.00,531.00,541.00,594.00,548.00,504.00,493.00,401.00,336.00,332.00,370.00,412.00,493.00,525.00,496.00,428.00,455.00,532.00,475.00,526.00,597.00,535.00,478.00,602.00,539.00,574.00,524.00,552.00,496.00,523.00,544.00,556.00,508.00,488.00,483.00,493.00,542.00,555.00,607.00,663.00,701.00,703.00,681.00,741.00,817.00,744.00,723.00,799.00,723.00,767.00,728.00,637.00,673.00,655.00,595.00,559.00,500.00,550.00,514.00,510.00,507.00,526.00,496.00,544.00,563.00,411.00,398.00,374.00,292.00,262.00,224.00,204.00,214.00,182.00,143.00,126.00,114.00,81.00,244.00
E07000038,North East Derbyshire,Non-metropolitan District,51050.00,472.00,521.00,512.00,511.00,571.00,523.00,590.00,544.00,526.00,555.00,571.00,608.00,601.00,622.00,557.00,580.00,536.00,508.00,484.00,401.00,416.00,374.00,420.00,488.00,493.00,502.00,528.00,543.00,592.00,607.00,605.00,600.00,674.00,638.00,581.00,631.00,628.00,569.00,571.00,582.00,536.00,614.00,628.00,644.00,561.00,522.00,518.00,554.00,575.00,650.00,659.00,704.00,792.00,638.00,786.00,747.00,815.00,811.00,827.00,737.00,821.00,784.00,760.00,750.00,692.00,726.00,676.00,611.00,623.00,623.00,626.00,539.00,574.00,593.00,618.00,631.00,650.00,545.00,568.00,528.00,463.00,350.00,309.00,296.00,303.00,248.00,186.00,173.00,154.00,115.00,362.00
E07000039,South Derbyshire,Non-metropolitan District,55837.00,604.00,667.00,625.00,626.00,661.00,652.00,647.00,669.00,710.00,648.00,676.00,748.00,737.00,698.00,720.00,768.00,778.00,697.00,622.00,487.00,441.00,445.00,523.00,568.00,641.00,624.00,624.00,627.00,709.00,712.00,795.00,842.00,806.00,793.00,805.00,748.00,710.00,719.00,697.00,742.00,728.00,730.00,780.00,698.00,623.00,646.00,645.00,670.00,734.00,719.00,721.00,873.00,917.00,799.00,763.00,913.00,929.00,892.00,852.00,759.00,753.00,754.00,709.00,643.00,631.00,617.00,601.00,593.00,519.00,548.00,566.00,535.00,514.00,488.00,491.00,494.00,577.00,388.00,445.00,354.00,358.00,259.00,251.00,213.00,202.00,178.00,112.00,121.00,95.00,93.00,333.00
E10000018,Leicestershire,County,362770.00,3424.00,3644.00,3555.00,3814.00,3983.00,4270.00,4199.00,4314.00,4310.00,4182.00,4317.00,4472.00,4461.00,4344.00,4334.00,4468.00,4369.00,4248.00,4630.00,6017.00,5478.00,4630.00,4549.00,4215.00,4154.00,3836.00,3803.00,3930.00,4176.00,4185.00,4163.00,4353.00,4664.00,4740.00,4687.00,4610.00,4523.00,4652.00,4737.00,4461.00,4345.00,4479.00,4639.00,4628.00,4366.00,4018.00,4058.00,4191.00,4210.00,4361.00,4686.00,4901.00,5252.00,4936.00,5180.00,5172.00,5175.00,5063.00,5145.00,4983.00,4852.00,4792.00,4846.00,4514.00,4334.00,4185.00,4059.00,3925.00,3691.00,3651.00,3770.00,3578.00,3648.00,3597.00,3662.00,3741.00,4082.00,2974.00,2942.00,2812.00,2580.00,2045.00,1787.00,1686.00,1587.00,1456.00,1250.00,999.00,891.00,741.00,2404.00
E07000129,Blaby,Non-metropolitan District,51725.00,539.00,597.00,553.00,549.00,629.00,632.00,685.00,678.00,666.00,667.00,688.00,678.00,675.00,644.00,640.00,683.00,623.00,621.00,599.00,507.00,370.00,414.00,486.00,507.00,593.00,567.00,592.00,570.00,630.00,638.00,623.00,652.00,750.00,690.00,682.00,745.00,708.00,689.00,718.00,715.00,662.00,655.00,688.00,697.00,636.00,598.00,585.00,623.00,623.00,626.00,666.00,716.00,755.00,723.00,751.00,666.00,730.00,709.00,718.00,699.00,645.00,706.00,653.00,617.00,624.00,602.00,590.00,547.00,482.00,492.00,541.00,475.00,485.00,513.00,501.00,547.00,561.00,430.00,438.00,399.00,352.00,279.00,254.00,224.00,230.00,197.00,212.00,145.00,130.00,123.00,313.00
E07000130,Charnwood,Non-metropolitan District,94518.00,827.00,884.00,889.00,937.00,960.00,1116.00,1042.00,1070.00,1073.00,977.00,1036.00,1099.00,1086.00,1044.00,1029.00,1076.00,1022.00,1046.00,1410.00,3181.00,3167.00,2339.00,1974.00,1609.00,1287.00,1022.00,989.00,989.00,1091.00,1113.00,1022.00,1093.00,1179.00,1215.00,1202.00,1142.00,1139.00,1173.00,1302.00,1159.00,1092.00,1136.00,1168.00,1118.00,1082.00,968.00,1012.00,1041.00,1004.00,1060.00,1107.00,1142.00,1275.00,1206.00,1202.00,1175.00,1173.00,1152.00,1211.00,1137.00,1142.00,1088.00,1168.00,992.00,1062.00,960.00,984.00,984.00,869.00,871.00,877.00,848.00,871.00,824.00,821.00,826.00,940.00,654.00,633.00,620.00,598.00,438.00,418.00,390.00,367.00,319.00,280.00,246.00,197.00,170.00,590.00
E07000131,Harborough,Non-metropolitan District,50458.00,425.00,469.00,521.00,544.00,557.00,576.00,555.00,565.00,617.00,606.00,602.00,576.00,629.00,664.00,690.00,688.00,670.00,683.00,650.00,441.00,406.00,385.00,466.00,470.00,512.00,511.00,498.00,529.00,558.00,515.00,522.00,573.00,588.00,605.00,643.00,604.00,616.00,616.00,610.00,607.00,584.00,581.00,662.00,654.00,669.00,610.00,578.00,634.00,600.00,600.00,714.00,763.00,757.00,675.00,767.00,785.00,796.00,741.00,808.00,729.00,720.00,728.00,742.00,704.00,614.00,648.00,566.00,615.00,532.00,519.00,518.00,498.00,546.00,497.00,529.00,546.00,621.00,461.00,441.00,430.00,420.00,338.00,264.00,266.00,259.00,220.00,196.00,146.00,134.00,114.00,357.00
E07000132,Hinckley and Bosworth,Non-metropolitan District,56668.00,564.00,581.00,487.00,582.00,637.00,633.00,656.00,663.00,660.00,637.00,685.00,720.00,697.00,669.00,691.00,678.00,705.00,642.00,623.00,488.00,461.00,465.00,540.00,523.00,564.00,536.00,553.00,608.00,681.00,669.00,669.00,669.00,750.00,760.00,745.00,756.00,712.00,729.00,740.00,672.00,695.00,733.00,732.00,683.00,698.00,612.00,641.00,679.00,682.00,720.00,720.00,759.00,842.00,798.00,834.00,880.00,888.00,874.00,815.00,821.00,788.00,789.00,800.00,777.00,716.00,671.00,645.00,642.00,626.00,636.00,663.00,615.00,623.00,637.00,674.00,657.00,698.00,496.00,515.00,484.00,428.00,351.00,307.00,283.00,256.00,264.00,179.00,156.00,162.00,105.00,419.00
E07000133,Melton,Non-metropolitan District,26007.00,237.00,221.00,227.00,282.00,265.00,289.00,259.00,285.00,297.00,294.00,313.00,343.00,334.00,322.00,308.00,314.00,310.00,271.00,286.00,236.00,151.00,190.00,213.00,238.00,244.00,263.00,257.00,273.00,238.00,253.00,283.00,255.00,277.00,328.00,325.00,322.00,290.00,318.00,276.00,273.00,289.00,322.00,309.00,328.00,291.00,271.00,276.00,230.00,283.00,311.00,321.00,373.00,391.00,378.00,437.00,470.00,399.00,426.00,430.00,456.00,433.00,422.00,391.00,380.00,337.00,358.00,326.00,318.00,322.00,314.00,319.00,320.00,301.00,300.00,330.00,336.00,376.00,239.00,258.00,242.00,222.00,170.00,135.00,161.00,134.00,121.00,97.00,73.00,76.00,68.00,177.00
E07000134,North West Leicestershire,Non-metropolitan District,54178.00,566.00,592.00,604.00,601.00,593.00,651.00,600.00,666.00,623.00,604.00,640.00,641.00,638.00,662.00,643.00,631.00,679.00,633.00,592.00,437.00,474.00,541.00,586.00,581.00,622.00,632.00,616.00,659.00,648.00,666.00,690.00,724.00,762.00,746.00,752.00,681.00,694.00,706.00,700.00,691.00,633.00,667.00,669.00,744.00,647.00,588.00,651.00,668.00,659.00,711.00,816.00,801.00,837.00,787.00,813.00,823.00,802.00,807.00,802.00,804.00,739.00,709.00,705.00,691.00,657.00,620.00,628.00,554.00,567.00,528.00,548.00,580.00,540.00,557.00,508.00,558.00,609.00,502.00,432.00,426.00,361.00,299.00,248.00,227.00,219.00,200.00,167.00,131.00,106.00,73.00,293.00
E07000135,Oadby and Wigston,Non-metropolitan District,29216.00,266.00,300.00,274.00,319.00,342.00,373.00,402.00,387.00,374.00,397.00,353.00,415.00,402.00,339.00,333.00,398.00,360.00,352.00,470.00,727.00,449.00,296.00,284.00,287.00,332.00,305.00,298.00,302.00,330.00,331.00,354.00,387.00,358.00,396.00,338.00,360.00,364.00,421.00,391.00,344.00,390.00,385.00,411.00,404.00,343.00,371.00,315.00,316.00,359.00,333.00,342.00,347.00,395.00,369.00,376.00,373.00,387.00,354.00,361.00,337.00,385.00,350.00,387.00,353.00,324.00,326.00,320.00,265.00,293.00,291.00,304.00,242.00,282.00,269.00,299.00,271.00,277.00,192.00,225.00,211.00,199.00,170.00,161.00,135.00,122.00,135.00,119.00,102.00,86.00,88.00,255.00
E10000019,Lincolnshire,County,384094.00,3191.00,3479.00,3753.00,3918.00,3960.00,4104.00,4198.00,4414.00,4286.00,4338.00,4298.00,4569.00,4594.00,4624.00,4454.00,4662.00,4235.00,4214.00,4168.00,4335.00,4264.00,4377.00,4368.00,4268.00,4146.00,4113.00,4289.00,4265.00,4343.00,4368.00,4521.00,4458.00,4590.00,4636.00,4637.00,4725.00,4567.00,4378.00,4607.00,4262.00,4294.00,4317.00,4399.00,4495.00,4346.00,3866.00,3873.00,4036.00,4142.00,4442.00,4634.00,5198.00,5346.00,5278.00,5512.00,5412.00,5732.00,5699.00,5743.00,5887.00,5727.00,5729.00,5614.00,5297.00,5037.00,5034.00,4823.00,4706.00,4569.00,4530.00,4478.00,4302.00,4371.00,4417.00,4385.00,4712.00,5060.00,3928.00,3620.00,3511.00,3118.00,2700.00,2193.00,2140.00,2014.00,1673.00,1580.00,1314.00,1115.00,873.00,2897.00
E07000136,Boston,Non-metropolitan District,35389.00,349.00,404.00,420.00,435.00,434.00,434.00,407.00,421.00,447.00,445.00,427.00,482.00,470.00,466.00,484.00,490.00,437.00,378.00,401.00,373.00,335.00,305.00,331.00,375.00,420.00,384.00,398.00,383.00,406.00,442.00,439.00,461.00,498.00,426.00,498.00,458.00,452.00,452.00,487.00,430.00,458.00,513.00,509.00,443.00,444.00,400.00,429.00,362.00,374.00,426.00,431.00,490.00,453.00,458.00,476.00,468.00,495.00,497.00,513.00,520.00,429.00,481.00,471.00,446.00,414.00,414.00,407.00,388.00,389.00,388.00,344.00,365.00,360.00,326.00,337.00,361.00,354.00,302.00,299.00,255.00,235.00,223.00,189.00,160.00,173.00,103.00,124.00,98.00,76.00,53.00,282.00
E07000137,East Lindsey,Non-metropolitan District,71121.00,491.00,552.00,563.00,637.00,655.00,609.00,633.00,699.00,649.00,681.00,687.00,716.00,775.00,818.00,703.00,782.00,689.00,729.00,622.00,604.00,572.00,566.00,642.00,690.00,676.00,693.00,629.00,652.00,699.00,700.00,681.00,705.00,676.00,710.00,600.00,690.00,689.00,613.00,601.00,623.00,644.00,615.00,670.00,642.00,621.00,547.00,614.00,628.00,669.00,755.00,796.00,960.00,956.00,992.00,1055.00,1035.00,1114.00,1113.00,1234.00,1233.00,1277.00,1299.00,1237.00,1232.00,1234.00,1260.00,1115.00,1171.00,1161.00,1102.00,1171.00,1029.00,1100.00,1072.00,1070.00,1137.00,1289.00,1032.00,912.00,881.00,748.00,680.00,506.00,504.00,440.00,396.00,366.00,321.00,230.00,197.00,658.00
E07000138,Lincoln,Non-metropolitan District,51491.00,485.00,529.00,525.00,551.00,522.00,536.00,565.00,635.00,579.00,514.00,530.00,565.00,562.00,559.00,578.00,558.00,553.00,517.00,733.00,1464.00,1678.00,1701.00,1244.00,990.00,741.00,768.00,819.00,831.00,842.00,816.00,881.00,803.00,796.00,777.00,841.00,762.00,774.00,763.00,754.00,680.00,635.00,567.00,613.00,644.00,563.00,542.00,492.00,534.00,527.00,531.00,542.00,572.00,598.00,586.00,576.00,570.00,605.00,564.00,540.00,598.00,583.00,533.00,567.00,505.00,477.00,400.00,482.00,430.00,368.00,370.00,384.00,385.00,372.00,352.00,355.00,392.00,377.00,285.00,255.00,254.00,225.00,166.00,165.00,170.00,144.00,132.00,106.00,119.00,85.00,80.00,253.00
E07000139,North Kesteven,Non-metropolitan District,59535.00,467.00,486.00,516.00,578.00,581.00,617.00,707.00,703.00,639.00,701.00,620.00,743.00,727.00,712.00,716.00,674.00,643.00,666.00,647.00,530.00,488.00,547.00,635.00,676.00,690.00,688.00,737.00,676.00,694.00,647.00,661.00,718.00,738.00,735.00,747.00,779.00,683.00,675.00,776.00,733.00,690.00,676.00,657.00,740.00,760.00,546.00,615.00,602.00,677.00,697.00,727.00,859.00,857.00,852.00,865.00,877.00,917.00,917.00,906.00,928.00,917.00,955.00,837.00,819.00,731.00,751.00,742.00,681.00,669.00,694.00,614.00,626.00,656.00,654.00,655.00,707.00,799.00,608.00,578.00,549.00,487.00,452.00,365.00,353.00,358.00,318.00,246.00,192.00,181.00,153.00,427.00
E07000140,South Holland,Non-metropolitan District,48066.00,424.00,480.00,553.00,502.00,543.00,572.00,560.00,573.00,530.00,539.00,598.00,554.00,541.00,565.00,547.00,607.00,510.00,528.00,452.00,421.00,399.00,346.00,442.00,471.00,469.00,486.00,514.00,500.00,506.00,532.00,588.00,468.00,587.00,617.00,628.00,628.00,615.00,599.00,562.00,568.00,551.00,537.00,509.00,593.00,583.00,532.00,498.00,532.00,552.00,579.00,618.00,654.00,744.00,674.00,691.00,701.00,713.00,730.00,742.00,758.00,721.00,714.00,703.00,611.00,605.00,639.00,591.00,572.00,555.00,555.00,549.00,508.00,544.00,548.00,595.00,593.00,657.00,479.00,433.00,437.00,388.00,337.00,250.00,296.00,247.00,241.00,229.00,175.00,142.00,116.00,421.00
E07000141,South Kesteven,Non-metropolitan District,70492.00,582.00,639.00,702.00,731.00,730.00,787.00,798.00,860.00,889.00,881.00,866.00,910.00,921.00,937.00,885.00,958.00,869.00,861.00,792.00,534.00,476.00,568.00,623.00,646.00,652.00,641.00,722.00,745.00,718.00,736.00,768.00,795.00,724.00,840.00,845.00,880.00,840.00,767.00,834.00,757.00,807.00,882.00,895.00,915.00,823.00,802.00,737.00,859.00,833.00,875.00,932.00,1021.00,1041.00,1028.00,1121.00,1044.00,1083.00,1089.00,1083.00,1113.00,1045.00,1002.00,1047.00,940.00,902.00,902.00,827.00,825.00,802.00,811.00,808.00,785.00,768.00,850.00,763.00,855.00,923.00,724.00,648.00,606.00,577.00,481.00,391.00,391.00,374.00,284.00,295.00,251.00,220.00,170.00,533.00
E07000142,West Lindsey,Non-metropolitan District,48000.00,393.00,389.00,474.00,484.00,495.00,549.00,528.00,523.00,553.00,577.00,570.00,599.00,598.00,567.00,541.00,593.00,534.00,535.00,521.00,409.00,316.00,344.00,451.00,420.00,498.00,453.00,470.00,478.00,478.00,495.00,503.00,508.00,571.00,531.00,478.00,528.00,514.00,509.00,593.00,471.00,509.00,527.00,546.00,518.00,552.00,497.00,488.00,519.00,510.00,579.00,588.00,642.00,697.00,688.00,728.00,717.00,805.00,789.00,725.00,737.00,755.00,745.00,752.00,744.00,674.00,668.00,659.00,639.00,625.00,610.00,608.00,604.00,571.00,615.00,610.00,667.00,661.00,498.00,495.00,529.00,458.00,361.00,327.00,266.00,278.00,199.00,214.00,158.00,181.00,104.00,323.00
E10000024,Nottinghamshire,County,413993.00,3820.00,4137.00,4257.00,4484.00,4544.00,4749.00,4883.00,4950.00,4976.00,5105.00,5117.00,5402.00,5256.00,5165.00,5056.00,5001.00,4898.00,4790.00,4496.00,3981.00,3866.00,4109.00,4313.00,4496.00,4457.00,4542.00,4618.00,4735.00,4774.00,5027.00,4994.00,5318.00,5404.00,5492.00,5299.00,5616.00,5275.00,5395.00,5311.00,5241.00,5217.00,5068.00,5193.00,5252.00,5019.00,4731.00,4634.00,4745.00,4961.00,4909.00,5382.00,5717.00,6036.00,5798.00,6123.00,6156.00,6161.00,6042.00,6082.00,5916.00,6032.00,5653.00,5652.00,5264.00,5123.00,4958.00,4780.00,4466.00,4334.00,4351.00,4226.00,4207.00,4327.00,4259.00,4287.00,4412.00,4752.00,3487.00,3326.00,3345.00,2977.00,2370.00,2125.00,1974.00,1861.00,1673.00,1439.00,1182.00,1057.00,845.00,2758.00
E07000170,Ashfield,Non-metropolitan District,62730.00,622.00,678.00,679.00,703.00,735.00,755.00,788.00,802.00,796.00,818.00,812.00,917.00,830.00,790.00,763.00,741.00,734.00,763.00,721.00,610.00,574.00,538.00,579.00,688.00,754.00,703.00,768.00,707.00,719.00,737.00,799.00,779.00,843.00,898.00,888.00,912.00,829.00,839.00,780.00,818.00,800.00,754.00,765.00,793.00,775.00,696.00,713.00,759.00,692.00,744.00,833.00,867.00,936.00,893.00,936.00,946.00,917.00,908.00,952.00,876.00,897.00,849.00,818.00,818.00,735.00,685.00,694.00,618.00,623.00,597.00,641.00,604.00,610.00,636.00,611.00,607.00,619.00,497.00,466.00,493.00,470.00,369.00,314.00,302.00,264.00,204.00,192.00,150.00,129.00,108.00,346.00
E07000171,Bassetlaw,Non-metropolitan District,60542.00,573.00,630.00,623.00,681.00,643.00,667.00,738.00,729.00,677.00,742.00,718.00,713.00,746.00,697.00,712.00,715.00,678.00,686.00,645.00,520.00,494.00,472.00,552.00,628.00,643.00,627.00,689.00,665.00,720.00,708.00,702.00,781.00,780.00,841.00,778.00,778.00,769.00,786.00,734.00,740.00,719.00,699.00,708.00,757.00,701.00,674.00,613.00,746.00,750.00,722.00,733.00,793.00,944.00,900.00,904.00,959.00,921.00,903.00,938.00,948.00,948.00,871.00,879.00,793.00,796.00,754.00,746.00,684.00,711.00,677.00,636.00,604.00,653.00,607.00,656.00,691.00,711.00,530.00,545.00,532.00,455.00,360.00,324.00,300.00,274.00,264.00,214.00,178.00,163.00,129.00,405.00
E07000172,Broxtowe,Non-metropolitan District,55219.00,429.00,528.00,467.00,563.00,572.00,612.00,587.00,604.00,669.00,642.00,660.00,668.00,691.00,710.00,604.00,669.00,655.00,608.00,533.00,681.00,853.00,948.00,777.00,714.00,577.00,711.00,599.00,663.00,661.00,710.00,698.00,775.00,729.00,716.00,683.00,731.00,684.00,735.00,761.00,658.00,670.00,645.00,658.00,648.00,609.00,568.00,595.00,639.00,703.00,614.00,663.00,710.00,746.00,762.00,767.00,775.00,849.00,753.00,760.00,719.00,755.00,639.00,692.00,677.00,660.00,621.00,593.00,623.00,571.00,563.00,560.00,527.00,570.00,566.00,593.00,625.00,716.00,485.00,485.00,454.00,409.00,303.00,297.00,264.00,261.00,257.00,208.00,154.00,162.00,124.00,417.00
E07000173,Gedling,Non-metropolitan District,57478.00,538.00,517.00,574.00,577.00,608.00,646.00,699.00,739.00,676.00,671.00,673.00,694.00,791.00,753.00,707.00,704.00,736.00,662.00,649.00,521.00,490.00,519.00,479.00,590.00,605.00,613.00,555.00,646.00,648.00,726.00,650.00,730.00,762.00,744.00,787.00,808.00,726.00,755.00,718.00,716.00,737.00,723.00,745.00,791.00,742.00,684.00,681.00,641.00,620.00,717.00,806.00,773.00,893.00,782.00,891.00,873.00,832.00,830.00,827.00,830.00,790.00,804.00,809.00,704.00,683.00,661.00,665.00,619.00,598.00,613.00,637.00,630.00,601.00,624.00,616.00,646.00,691.00,457.00,454.00,434.00,385.00,341.00,301.00,287.00,277.00,260.00,214.00,158.00,157.00,134.00,408.00
E07000174,Mansfield,Non-metropolitan District,55188.00,595.00,585.00,596.00,647.00,635.00,675.00,642.00,661.00,689.00,751.00,656.00,774.00,663.00,664.00,713.00,724.00,683.00,642.00,583.00,522.00,442.00,483.00,522.00,565.00,593.00,599.00,590.00,652.00,697.00,752.00,754.00,779.00,752.00,832.00,719.00,782.00,781.00,811.00,845.00,771.00,737.00,705.00,736.00,733.00,662.00,634.00,592.00,600.00,619.00,617.00,721.00,795.00,753.00,780.00,787.00,777.00,820.00,803.00,830.00,759.00,809.00,763.00,781.00,694.00,681.00,703.00,638.00,585.00,569.00,565.00,545.00,517.00,559.00,525.00,524.00,504.00,506.00,428.00,398.00,394.00,345.00,249.00,243.00,211.00,212.00,167.00,174.00,158.00,111.00,76.00,273.00
E07000175,Newark and Sherwood,Non-metropolitan District,62028.00,564.00,611.00,676.00,682.00,662.00,698.00,715.00,671.00,700.00,658.00,787.00,772.00,723.00,741.00,742.00,707.00,677.00,683.00,670.00,594.00,524.00,502.00,635.00,623.00,668.00,642.00,695.00,757.00,701.00,751.00,764.00,793.00,799.00,768.00,768.00,837.00,759.00,713.00,790.00,737.00,744.00,731.00,739.00,759.00,739.00,698.00,667.00,662.00,712.00,736.00,816.00,894.00,917.00,846.00,960.00,965.00,964.00,935.00,894.00,905.00,996.00,904.00,872.00,780.00,839.00,824.00,774.00,711.00,671.00,721.00,637.00,698.00,694.00,685.00,693.00,707.00,773.00,572.00,500.00,547.00,489.00,386.00,315.00,317.00,312.00,255.00,232.00,189.00,143.00,129.00,421.00
E07000176,Rushcliffe,Non-metropolitan District,60808.00,499.00,588.00,642.00,631.00,689.00,696.00,714.00,744.00,769.00,823.00,811.00,864.00,812.00,810.00,815.00,741.00,735.00,746.00,695.00,533.00,489.00,647.00,769.00,688.00,617.00,647.00,722.00,645.00,628.00,643.00,627.00,681.00,739.00,693.00,676.00,768.00,727.00,756.00,683.00,801.00,810.00,811.00,842.00,771.00,791.00,777.00,773.00,698.00,865.00,759.00,810.00,885.00,847.00,835.00,878.00,861.00,858.00,910.00,881.00,879.00,837.00,823.00,801.00,798.00,729.00,710.00,670.00,626.00,591.00,615.00,570.00,627.00,640.00,616.00,594.00,632.00,736.00,518.00,478.00,491.00,424.00,362.00,331.00,293.00,261.00,266.00,205.00,195.00,192.00,145.00,488.00
E12000005,WEST MIDLANDS,Region,3001197.00,32548.00,34194.00,34274.00,35374.00,36176.00,36420.00,37557.00,38514.00,38052.00,38962.00,40135.00,40437.00,40250.00,39758.00,39522.00,40241.00,38189.00,37888.00,38716.00,38961.00,37742.00,37372.00,37424.00,38410.00,39137.00,38543.00,38823.00,37749.00,37830.00,38510.00,38738.00,40064.00,40657.00,40600.00,39769.00,39903.00,39568.00,39051.00,39523.00,37707.00,37847.00,37129.00,37928.00,38239.00,36382.00,34061.00,33200.00,34465.00,35138.00,36033.00,37898.00,39347.00,40614.00,40153.00,40993.00,40733.00,40696.00,39786.00,39309.00,38757.00,38040.00,37445.00,35853.00,33946.00,33085.00,32347.00,30419.00,29039.00,28110.00,28096.00,27656.00,26196.00,25964.00,26086.00,26369.00,26941.00,27883.00,21500.00,21034.00,20997.00,18390.00,15863.00,13293.00,13021.00,12276.00,10947.00,9654.00,8130.00,6886.00,5542.00,18193.00
E06000019,"Herefordshire, County of",Unitary Authority,93186.00,797.00,824.00,830.00,881.00,904.00,963.00,942.00,997.00,1016.00,1024.00,1039.00,1036.00,1112.00,1090.00,1051.00,1114.00,1049.00,1009.00,1050.00,835.00,729.00,749.00,823.00,870.00,998.00,949.00,878.00,976.00,1000.00,964.00,996.00,1028.00,1103.00,1047.00,1007.00,1102.00,1061.00,1011.00,1041.00,1000.00,1057.00,1038.00,1085.00,1031.00,933.00,898.00,947.00,960.00,1064.00,1095.00,1173.00,1191.00,1254.00,1256.00,1339.00,1326.00,1430.00,1452.00,1492.00,1404.00,1453.00,1489.00,1477.00,1392.00,1341.00,1347.00,1261.00,1304.00,1162.00,1211.00,1234.00,1168.00,1165.00,1205.00,1239.00,1281.00,1272.00,997.00,915.00,974.00,796.00,721.00,618.00,568.00,562.00,448.00,464.00,349.00,316.00,236.00,901.00
E06000051,Shropshire,Unitary Authority,162262.00,1357.00,1420.00,1472.00,1557.00,1518.00,1557.00,1717.00,1694.00,1664.00,1734.00,1800.00,1719.00,1753.00,1938.00,1899.00,1925.00,1872.00,1862.00,1878.00,1442.00,1380.00,1334.00,1492.00,1723.00,1611.00,1749.00,1765.00,1677.00,1789.00,1860.00,1758.00,1766.00,1848.00,1833.00,1858.00,1929.00,1887.00,1845.00,1815.00,1807.00,1790.00,1688.00,1756.00,1761.00,1638.00,1614.00,1567.00,1704.00,1743.00,1870.00,2076.00,2345.00,2460.00,2179.00,2384.00,2457.00,2543.00,2525.00,2587.00,2517.00,2583.00,2630.00,2581.00,2393.00,2333.00,2206.00,2098.00,2166.00,2024.00,2154.00,1992.00,1932.00,1923.00,1911.00,2094.00,2165.00,2103.00,1782.00,1592.00,1697.00,1452.00,1168.00,1023.00,1019.00,929.00,782.00,719.00,626.00,524.00,463.00,1490.00
E06000021,Stoke-on-Trent,Unitary Authority,131530.00,1554.00,1564.00,1621.00,1614.00,1733.00,1619.00,1714.00,1764.00,1692.00,1780.00,1798.00,1758.00,1777.00,1759.00,1689.00,1813.00,1615.00,1610.00,1798.00,1693.00,1843.00,1814.00,1775.00,1696.00,1637.00,1639.00,1900.00,1695.00,1774.00,1769.00,1772.00,1941.00,1920.00,1918.00,1900.00,1911.00,1834.00,1869.00,1866.00,1762.00,1759.00,1703.00,1731.00,1650.00,1635.00,1457.00,1431.00,1525.00,1564.00,1522.00,1594.00,1685.00,1715.00,1690.00,1756.00,1666.00,1688.00,1686.00,1577.00,1575.00,1569.00,1621.00,1485.00,1390.00,1390.00,1357.00,1331.00,1273.00,1194.00,1224.00,1135.00,1069.00,988.00,1101.00,1047.00,1117.00,1175.00,864.00,819.00,765.00,718.00,573.00,516.00,515.00,417.00,420.00,331.00,270.00,244.00,165.00,638.00
E06000020,Telford and Wrekin,Unitary Authority,94158.00,995.00,1078.00,1074.00,1144.00,1111.00,1205.00,1240.00,1266.00,1215.00,1302.00,1307.00,1369.00,1299.00,1306.00,1349.00,1271.00,1256.00,1158.00,1211.00,1128.00,1000.00,975.00,1179.00,1136.00,1089.00,1125.00,1078.00,1165.00,1123.00,1205.00,1192.00,1263.00,1321.00,1328.00,1273.00,1240.00,1292.00,1323.00,1347.00,1212.00,1267.00,1208.00,1183.00,1154.00,1159.00,1085.00,1044.00,1104.00,1203.00,1111.00,1262.00,1318.00,1399.00,1288.00,1349.00,1320.00,1343.00,1322.00,1248.00,1277.00,1218.00,1174.00,1140.00,1011.00,1051.00,962.00,905.00,882.00,891.00,881.00,858.00,879.00,789.00,825.00,852.00,802.00,794.00,615.00,630.00,602.00,552.00,448.00,400.00,368.00,308.00,288.00,283.00,192.00,184.00,151.00,429.00
E10000028,Staffordshire,County,443952.00,4067.00,4434.00,4468.00,4709.00,4629.00,4766.00,5016.00,5074.00,4964.00,5069.00,5338.00,5281.00,5230.00,5231.00,5237.00,5268.00,4888.00,4932.00,4981.00,4697.00,4512.00,4462.00,4603.00,4814.00,5150.00,5141.00,5195.00,5099.00,5185.00,5300.00,5443.00,5696.00,5915.00,5752.00,5869.00,5813.00,5533.00,5614.00,5571.00,5364.00,5377.00,5223.00,5369.00,5618.00,5185.00,4694.00,4586.00,4903.00,5182.00,5403.00,5981.00,6193.00,6538.00,6501.00,6660.00,6675.00,6665.00,6461.00,6637.00,6525.00,6329.00,6295.00,6056.00,5625.00,5636.00,5468.00,5128.00,4957.00,4812.00,4879.00,4772.00,4471.00,4581.00,4670.00,4861.00,4978.00,5158.00,3825.00,3807.00,3909.00,3309.00,3003.00,2347.00,2270.00,2193.00,1936.00,1729.00,1389.00,1153.00,961.00,2759.00
E07000192,Cannock Chase,Non-metropolitan District,50782.00,537.00,535.00,535.00,598.00,600.00,612.00,595.00,605.00,578.00,612.00,621.00,620.00,625.00,595.00,582.00,585.00,561.00,590.00,519.00,503.00,415.00,475.00,445.00,546.00,590.00,579.00,698.00,676.00,663.00,705.00,716.00,733.00,779.00,734.00,729.00,777.00,730.00,673.00,662.00,664.00,621.00,606.00,657.00,621.00,627.00,494.00,498.00,526.00,575.00,615.00,696.00,729.00,720.00,771.00,825.00,814.00,805.00,782.00,761.00,760.00,758.00,705.00,642.00,586.00,688.00,576.00,546.00,521.00,480.00,554.00,469.00,443.00,443.00,462.00,473.00,470.00,496.00,367.00,422.00,377.00,339.00,254.00,208.00,230.00,226.00,165.00,154.00,148.00,122.00,82.00,276.00
E07000193,East Staffordshire,Non-metropolitan District,63629.00,659.00,750.00,750.00,778.00,759.00,785.00,787.00,809.00,810.00,803.00,851.00,785.00,853.00,840.00,876.00,802.00,714.00,782.00,714.00,566.00,498.00,568.00,670.00,657.00,744.00,783.00,779.00,775.00,862.00,836.00,878.00,915.00,970.00,903.00,973.00,915.00,819.00,897.00,869.00,812.00,807.00,802.00,871.00,857.00,802.00,688.00,694.00,724.00,743.00,764.00,904.00,872.00,933.00,860.00,927.00,895.00,922.00,855.00,906.00,813.00,860.00,888.00,832.00,756.00,772.00,711.00,708.00,651.00,658.00,584.00,614.00,570.00,597.00,545.00,574.00,599.00,574.00,438.00,394.00,472.00,373.00,342.00,266.00,273.00,242.00,213.00,190.00,145.00,130.00,105.00,318.00
E07000194,Lichfield,Non-metropolitan District,54333.00,491.00,552.00,561.00,555.00,552.00,564.00,609.00,593.00,582.00,600.00,644.00,676.00,600.00,589.00,640.00,646.00,615.00,578.00,618.00,573.00,527.00,509.00,531.00,551.00,603.00,609.00,611.00,610.00,641.00,612.00,626.00,684.00,705.00,712.00,645.00,659.00,598.00,650.00,612.00,614.00,590.00,641.00,640.00,712.00,620.00,554.00,595.00,648.00,667.00,663.00,751.00,825.00,837.00,797.00,790.00,842.00,806.00,783.00,863.00,820.00,741.00,766.00,769.00,659.00,641.00,637.00,603.00,644.00,555.00,596.00,616.00,558.00,569.00,594.00,635.00,682.00,722.00,503.00,549.00,551.00,487.00,451.00,328.00,300.00,293.00,277.00,224.00,172.00,137.00,127.00,356.00
E07000195,Newcastle-under-Lyme,Non-metropolitan District,62560.00,568.00,580.00,572.00,637.00,586.00,641.00,715.00,645.00,708.00,706.00,702.00,717.00,672.00,704.00,741.00,705.00,671.00,672.00,834.00,1133.00,1335.00,1173.00,991.00,864.00,779.00,737.00,684.00,716.00,685.00,709.00,682.00,718.00,768.00,743.00,848.00,784.00,783.00,788.00,755.00,739.00,762.00,703.00,722.00,736.00,695.00,656.00,671.00,668.00,717.00,744.00,777.00,826.00,877.00,894.00,863.00,859.00,865.00,850.00,883.00,881.00,841.00,876.00,841.00,770.00,734.00,810.00,740.00,623.00,651.00,661.00,641.00,602.00,621.00,608.00,680.00,694.00,697.00,500.00,512.00,518.00,445.00,381.00,326.00,271.00,292.00,252.00,253.00,193.00,158.00,127.00,403.00
E07000196,South Staffordshire,Non-metropolitan District,56683.00,456.00,510.00,511.00,537.00,496.00,571.00,611.00,617.00,542.00,588.00,613.00,623.00,574.00,608.00,551.00,619.00,575.00,550.00,595.00,544.00,513.00,521.00,571.00,654.00,744.00,722.00,654.00,574.00,634.00,682.00,652.00,658.00,663.00,652.00,720.00,653.00,701.00,707.00,687.00,651.00,699.00,663.00,631.00,726.00,673.00,583.00,554.00,678.00,616.00,652.00,753.00,749.00,800.00,812.00,833.00,803.00,883.00,864.00,889.00,890.00,810.00,859.00,871.00,821.00,798.00,716.00,739.00,662.00,682.00,697.00,654.00,586.00,662.00,704.00,686.00,714.00,719.00,528.00,542.00,558.00,482.00,479.00,362.00,387.00,331.00,331.00,260.00,234.00,186.00,134.00,434.00
E07000197,Stafford,Non-metropolitan District,69515.00,594.00,646.00,645.00,713.00,774.00,680.00,722.00,788.00,788.00,782.00,839.00,833.00,833.00,789.00,775.00,797.00,813.00,773.00,683.00,543.00,481.00,546.00,627.00,698.00,705.00,771.00,860.00,867.00,777.00,797.00,856.00,920.00,890.00,895.00,892.00,931.00,860.00,885.00,920.00,835.00,900.00,814.00,875.00,949.00,793.00,814.00,726.00,694.00,904.00,880.00,940.00,967.00,1033.00,1039.00,1047.00,1057.00,1024.00,1046.00,1102.00,1032.00,1006.00,1012.00,915.00,932.00,887.00,920.00,795.00,791.00,793.00,754.00,767.00,750.00,749.00,783.00,786.00,730.00,844.00,666.00,594.00,620.00,549.00,512.00,371.00,377.00,380.00,339.00,289.00,230.00,202.00,179.00,534.00
E07000198,Staffordshire Moorlands,Non-metropolitan District,47072.00,378.00,394.00,414.00,398.00,415.00,441.00,447.00,484.00,518.00,532.00,532.00,517.00,568.00,545.00,545.00,587.00,494.00,492.00,542.00,409.00,407.00,354.00,370.00,418.00,513.00,492.00,427.00,410.00,437.00,403.00,460.00,462.00,515.00,523.00,508.00,495.00,476.00,519.00,525.00,501.00,465.00,510.00,504.00,518.00,455.00,472.00,434.00,522.00,527.00,627.00,665.00,662.00,744.00,742.00,766.00,774.00,804.00,711.00,723.00,846.00,819.00,728.00,731.00,668.00,723.00,697.00,580.00,645.00,578.00,612.00,614.00,585.00,584.00,619.00,642.00,682.00,720.00,520.00,515.00,520.00,419.00,386.00,323.00,286.00,284.00,239.00,237.00,181.00,155.00,142.00,300.00
E07000199,Tamworth,Non-metropolitan District,39378.00,384.00,467.00,480.00,493.00,447.00,472.00,530.00,533.00,438.00,446.00,536.00,510.00,505.00,561.00,527.00,527.00,445.00,495.00,476.00,426.00,336.00,316.00,398.00,426.00,472.00,448.00,482.00,471.00,486.00,556.00,573.00,606.00,625.00,590.00,554.00,599.00,566.00,495.00,541.00,548.00,533.00,484.00,469.00,499.00,520.00,433.00,414.00,443.00,433.00,458.00,495.00,563.00,594.00,586.00,609.00,631.00,556.00,570.00,510.00,483.00,494.00,461.00,455.00,433.00,393.00,401.00,417.00,420.00,415.00,421.00,397.00,377.00,356.00,355.00,385.00,407.00,386.00,303.00,279.00,293.00,215.00,198.00,163.00,146.00,145.00,120.00,122.00,86.00,63.00,65.00,138.00
E10000031,Warwickshire,County,304167.00,3016.00,3271.00,3273.00,3420.00,3525.00,3480.00,3543.00,3653.00,3597.00,3628.00,3822.00,3809.00,3791.00,3654.00,3752.00,3739.00,3510.00,3483.00,3435.00,3400.00,3445.00,3676.00,3102.00,3365.00,3307.00,3458.00,3513.00,3606.00,3625.00,3745.00,3701.00,4015.00,4129.00,4275.00,4216.00,4098.00,4139.00,4029.00,4139.00,3830.00,3856.00,3935.00,3884.00,3914.00,3790.00,3522.00,3404.00,3607.00,3798.00,3780.00,3971.00,4112.00,4225.00,4206.00,4373.00,4159.00,4288.00,4367.00,4319.00,4313.00,4116.00,4045.00,3910.00,3701.00,3552.00,3367.00,3268.00,3139.00,2977.00,2974.00,2960.00,2781.00,2900.00,2946.00,2869.00,3001.00,3176.00,2570.00,2532.00,2436.00,2133.00,1781.00,1474.00,1433.00,1399.00,1254.00,1095.00,915.00,719.00,595.00,2112.00
E07000218,North Warwickshire,Non-metropolitan District,32311.00,312.00,368.00,309.00,332.00,332.00,338.00,354.00,387.00,341.00,381.00,378.00,409.00,363.00,352.00,384.00,376.00,334.00,342.00,342.00,313.00,301.00,286.00,261.00,363.00,337.00,342.00,373.00,350.00,383.00,410.00,357.00,412.00,434.00,406.00,385.00,449.00,418.00,456.00,400.00,368.00,405.00,341.00,352.00,359.00,363.00,327.00,319.00,341.00,406.00,409.00,444.00,428.00,488.00,490.00,549.00,471.00,514.00,536.00,509.00,490.00,514.00,475.00,467.00,426.00,416.00,450.00,400.00,406.00,328.00,360.00,344.00,326.00,373.00,349.00,345.00,393.00,379.00,288.00,277.00,282.00,250.00,223.00,144.00,164.00,151.00,135.00,116.00,106.00,80.00,55.00,210.00
E07000219,Nuneaton and Bedworth,Non-metropolitan District,67559.00,787.00,812.00,818.00,816.00,880.00,827.00,883.00,894.00,834.00,897.00,937.00,865.00,926.00,883.00,822.00,860.00,848.00,794.00,735.00,627.00,553.00,604.00,697.00,725.00,851.00,781.00,760.00,870.00,859.00,846.00,885.00,907.00,994.00,987.00,993.00,968.00,890.00,925.00,1001.00,915.00,912.00,882.00,815.00,895.00,800.00,771.00,710.00,814.00,812.00,845.00,923.00,909.00,944.00,941.00,927.00,904.00,949.00,1020.00,929.00,969.00,768.00,899.00,828.00,813.00,766.00,690.00,700.00,687.00,678.00,621.00,669.00,595.00,592.00,660.00,608.00,583.00,664.00,507.00,541.00,476.00,430.00,342.00,307.00,284.00,262.00,230.00,193.00,146.00,117.00,121.00,355.00
E07000220,Rugby,Non-metropolitan District,59105.00,596.00,690.00,664.00,668.00,761.00,719.00,732.00,724.00,772.00,775.00,801.00,810.00,828.00,768.00,855.00,783.00,752.00,827.00,707.00,504.00,448.00,448.00,576.00,631.00,629.00,668.00,719.00,700.00,704.00,780.00,808.00,866.00,866.00,902.00,948.00,816.00,899.00,857.00,880.00,800.00,812.00,914.00,854.00,858.00,793.00,749.00,714.00,721.00,764.00,738.00,772.00,821.00,854.00,863.00,828.00,761.00,797.00,784.00,772.00,771.00,815.00,743.00,713.00,661.00,583.00,600.00,566.00,515.00,486.00,505.00,465.00,464.00,488.00,473.00,481.00,483.00,539.00,421.00,408.00,442.00,322.00,316.00,298.00,250.00,252.00,222.00,182.00,172.00,128.00,102.00,389.00
E07000221,Stratford-on-Avon,Non-metropolitan District,68820.00,627.00,646.00,704.00,740.00,696.00,710.00,745.00,805.00,756.00,732.00,804.00,754.00,826.00,771.00,805.00,862.00,763.00,718.00,726.00,453.00,425.00,497.00,580.00,626.00,659.00,657.00,675.00,668.00,645.00,694.00,685.00,782.00,795.00,850.00,789.00,818.00,840.00,752.00,828.00,745.00,751.00,812.00,794.00,839.00,860.00,761.00,783.00,834.00,831.00,827.00,884.00,963.00,999.00,973.00,1077.00,1005.00,1051.00,1053.00,1139.00,1133.00,1078.00,1037.00,1043.00,967.00,1006.00,923.00,870.00,829.00,808.00,845.00,823.00,821.00,797.00,779.00,812.00,891.00,877.00,775.00,743.00,698.00,639.00,483.00,412.00,421.00,422.00,365.00,326.00,272.00,238.00,177.00,621.00
E07000222,Warwick,Non-metropolitan District,76372.00,694.00,755.00,778.00,864.00,856.00,886.00,829.00,843.00,894.00,843.00,902.00,971.00,848.00,880.00,886.00,858.00,813.00,802.00,925.00,1503.00,1718.00,1841.00,988.00,1020.00,831.00,1010.00,986.00,1018.00,1034.00,1015.00,966.00,1048.00,1040.00,1130.00,1101.00,1047.00,1092.00,1039.00,1030.00,1002.00,976.00,986.00,1069.00,963.00,974.00,914.00,878.00,897.00,985.00,961.00,948.00,991.00,940.00,939.00,992.00,1018.00,977.00,974.00,970.00,950.00,941.00,891.00,859.00,834.00,781.00,704.00,732.00,702.00,677.00,643.00,659.00,575.00,650.00,685.00,623.00,651.00,717.00,579.00,563.00,538.00,492.00,417.00,313.00,314.00,312.00,302.00,278.00,219.00,156.00,140.00,537.00
E11000005,West Midlands (Met County),Metropolitan County,1471766.00,18052.00,18710.00,18543.00,18982.00,19533.00,19560.00,20058.00,20603.00,20400.00,20954.00,21353.00,21759.00,21608.00,21073.00,20825.00,21390.00,20301.00,20326.00,20874.00,22776.00,22282.00,21778.00,21688.00,21837.00,22164.00,21184.00,21201.00,20487.00,20120.00,20299.00,20430.00,20730.00,20771.00,20585.00,19883.00,20133.00,20057.00,19739.00,20017.00,19107.00,19189.00,18767.00,19235.00,19318.00,18409.00,17460.00,16852.00,17259.00,16981.00,17491.00,17994.00,18425.00,18754.00,18792.00,18751.00,18769.00,18087.00,17469.00,16977.00,16718.00,16419.00,15972.00,15234.00,14520.00,13978.00,13918.00,12974.00,11977.00,11714.00,11393.00,11346.00,10591.00,10414.00,10107.00,9922.00,10071.00,10441.00,8045.00,7979.00,7896.00,7089.00,6167.00,5243.00,5204.00,4896.00,4466.00,3795.00,3381.00,2851.00,2255.00,7639.00
E08000025,Birmingham,Metropolitan District,575193.00,7386.00,7651.00,7272.00,7573.00,7841.00,7782.00,8159.00,8252.00,8432.00,8416.00,8583.00,8759.00,8769.00,8576.00,8533.00,8786.00,8568.00,8303.00,8863.00,10480.00,10912.00,10479.00,9864.00,9840.00,9851.00,8968.00,8926.00,8526.00,8542.00,8711.00,8419.00,8655.00,8316.00,8256.00,7985.00,7890.00,7895.00,7795.00,7958.00,7604.00,7625.00,7441.00,7563.00,7436.00,7030.00,6883.00,6779.00,6727.00,6525.00,6695.00,6773.00,6699.00,6969.00,6944.00,6803.00,6809.00,6436.00,6124.00,6016.00,5994.00,5734.00,5550.00,5323.00,5233.00,4959.00,4978.00,4541.00,4103.00,4055.00,3887.00,3951.00,3648.00,3434.00,3381.00,3097.00,3075.00,3155.00,2486.00,2518.00,2467.00,2168.00,1923.00,1643.00,1641.00,1637.00,1373.00,1194.00,1098.00,952.00,731.00,2611.00
E08000026,Coventry,Metropolitan District,181477.00,2081.00,2211.00,2247.00,2261.00,2291.00,2239.00,2245.00,2357.00,2240.00,2348.00,2303.00,2500.00,2425.00,2378.00,2311.00,2289.00,2216.00,2291.00,2528.00,4018.00,4087.00,3563.00,3652.00,3490.00,3508.00,3267.00,3187.00,3118.00,2716.00,2743.00,2758.00,2697.00,2698.00,2730.00,2561.00,2643.00,2683.00,2579.00,2528.00,2407.00,2279.00,2322.00,2422.00,2334.00,2229.00,2125.00,1932.00,1931.00,1943.00,1956.00,2044.00,2134.00,2081.00,2113.00,2165.00,2171.00,2019.00,1940.00,1960.00,1910.00,1967.00,1819.00,1686.00,1648.00,1669.00,1530.00,1342.00,1336.00,1312.00,1297.00,1234.00,1120.00,1108.00,1119.00,1096.00,1068.00,1115.00,951.00,904.00,929.00,772.00,640.00,537.00,553.00,572.00,526.00,410.00,408.00,302.00,246.00,857.00
E08000027,Dudley,Metropolitan District,160581.00,1735.00,1753.00,1901.00,1860.00,1944.00,2004.00,2055.00,1991.00,1953.00,2026.00,2182.00,2116.00,2110.00,2094.00,2024.00,2057.00,1870.00,1973.00,1922.00,1765.00,1483.00,1688.00,1782.00,1753.00,1790.00,1859.00,1915.00,1919.00,1988.00,1984.00,2047.00,2246.00,2287.00,2072.00,2110.00,2173.00,2105.00,2008.00,1951.00,1968.00,2061.00,1991.00,2039.00,2021.00,1910.00,1806.00,1730.00,1828.00,1863.00,1936.00,2039.00,2183.00,2244.00,2340.00,2337.00,2372.00,2324.00,2200.00,2182.00,2191.00,2162.00,2072.00,1974.00,1794.00,1691.00,1821.00,1774.00,1624.00,1616.00,1515.00,1616.00,1512.00,1527.00,1450.00,1490.00,1536.00,1690.00,1243.00,1260.00,1233.00,1157.00,974.00,764.00,819.00,708.00,658.00,583.00,491.00,419.00,340.00,1008.00
E08000028,Sandwell,Metropolitan District,172053.00,2232.00,2289.00,2348.00,2404.00,2352.00,2389.00,2476.00,2578.00,2482.00,2492.00,2717.00,2734.00,2582.00,2596.00,2637.00,2618.00,2418.00,2505.00,2474.00,2335.00,1978.00,2073.00,2166.00,2230.00,2216.00,2413.00,2333.00,2233.00,2203.00,2289.00,2361.00,2340.00,2419.00,2431.00,2382.00,2427.00,2312.00,2389.00,2376.00,2243.00,2276.00,2228.00,2194.00,2376.00,2399.00,2208.00,2188.00,2129.00,2204.00,2176.00,2327.00,2347.00,2224.00,2285.00,2227.00,2308.00,2276.00,2085.00,1961.00,2008.00,1904.00,1865.00,1868.00,1650.00,1650.00,1610.00,1540.00,1403.00,1367.00,1319.00,1233.00,1182.00,1106.00,1104.00,1154.00,1097.00,1121.00,868.00,792.00,864.00,761.00,660.00,574.00,554.00,462.00,511.00,410.00,355.00,289.00,214.00,668.00
E08000029,Solihull,Metropolitan District,106411.00,1011.00,1090.00,1122.00,1218.00,1328.00,1377.00,1378.00,1427.00,1448.00,1552.00,1541.00,1623.00,1575.00,1423.00,1462.00,1516.00,1502.00,1498.00,1321.00,943.00,903.00,958.00,1010.00,1216.00,1271.00,1229.00,1271.00,1157.00,1169.00,1184.00,1184.00,1219.00,1245.00,1243.00,1277.00,1250.00,1279.00,1262.00,1361.00,1232.00,1256.00,1280.00,1400.00,1405.00,1279.00,1220.00,1181.00,1228.00,1228.00,1276.00,1348.00,1490.00,1500.00,1462.00,1620.00,1477.00,1398.00,1539.00,1550.00,1386.00,1393.00,1398.00,1325.00,1244.00,1259.00,1208.00,1136.00,1060.00,1036.00,1025.00,1005.00,945.00,1035.00,967.00,1031.00,1150.00,1215.00,843.00,898.00,803.00,744.00,677.00,521.00,531.00,503.00,476.00,407.00,355.00,288.00,248.00,887.00
E08000030,Walsall,Metropolitan District,141564.00,1839.00,1868.00,1822.00,1802.00,1888.00,2001.00,1938.00,2075.00,2043.00,2090.00,2134.00,2140.00,2095.00,2040.00,2080.00,2119.00,1945.00,1969.00,1881.00,1678.00,1530.00,1490.00,1620.00,1669.00,1747.00,1749.00,1733.00,1821.00,1800.00,1613.00,1832.00,1781.00,1881.00,1924.00,1740.00,1892.00,1949.00,1872.00,2022.00,1866.00,1926.00,1763.00,1765.00,1903.00,1783.00,1576.00,1505.00,1738.00,1534.00,1667.00,1728.00,1838.00,1927.00,1939.00,1847.00,1808.00,1835.00,1815.00,1749.00,1653.00,1719.00,1741.00,1611.00,1551.00,1443.00,1404.00,1367.00,1284.00,1235.00,1165.00,1223.00,1158.00,1123.00,1098.00,1080.00,1176.00,1161.00,889.00,927.00,918.00,815.00,699.00,677.00,600.00,544.00,494.00,431.00,352.00,330.00,256.00,816.00
E08000031,Wolverhampton,Metropolitan District,134487.00,1768.00,1848.00,1831.00,1864.00,1889.00,1768.00,1807.00,1923.00,1802.00,2030.00,1893.00,1887.00,2052.00,1966.00,1778.00,2005.00,1782.00,1787.00,1885.00,1557.00,1389.00,1527.00,1594.00,1639.00,1781.00,1699.00,1836.00,1713.00,1702.00,1775.00,1829.00,1792.00,1925.00,1929.00,1828.00,1858.00,1834.00,1834.00,1821.00,1787.00,1766.00,1742.00,1852.00,1843.00,1779.00,1642.00,1537.00,1678.00,1684.00,1785.00,1735.00,1734.00,1809.00,1709.00,1752.00,1824.00,1799.00,1766.00,1559.00,1576.00,1540.00,1527.00,1447.00,1400.00,1307.00,1367.00,1274.00,1167.00,1093.00,1185.00,1084.00,1026.00,1081.00,988.00,974.00,969.00,984.00,765.00,680.00,682.00,672.00,594.00,527.00,506.00,470.00,428.00,360.00,322.00,271.00,220.00,792.00
E10000034,Worcestershire,County,300176.00,2710.00,2893.00,2993.00,3067.00,3223.00,3270.00,3327.00,3463.00,3504.00,3471.00,3678.00,3706.00,3680.00,3707.00,3720.00,3721.00,3698.00,3508.00,3489.00,2990.00,2551.00,2584.00,2762.00,2969.00,3181.00,3298.00,3293.00,3044.00,3214.00,3368.00,3446.00,3625.00,3650.00,3862.00,3763.00,3677.00,3765.00,3621.00,3727.00,3625.00,3552.00,3567.00,3685.00,3793.00,3633.00,3331.00,3369.00,3403.00,3603.00,3761.00,3847.00,4078.00,4269.00,4241.00,4381.00,4361.00,4652.00,4504.00,4472.00,4428.00,4353.00,4219.00,3970.00,3914.00,3804.00,3722.00,3454.00,3341.00,3336.00,3380.00,3359.00,3305.00,3204.00,3321.00,3485.00,3526.00,3764.00,2802.00,2760.00,2718.00,2341.00,2002.00,1672.00,1644.00,1572.00,1353.00,1238.00,1008.00,895.00,716.00,2225.00
E07000234,Bromsgrove,Non-metropolitan District,49132.00,439.00,464.00,507.00,546.00,561.00,600.00,602.00,588.00,616.00,578.00,636.00,658.00,659.00,711.00,681.00,657.00,691.00,603.00,599.00,413.00,331.00,374.00,468.00,499.00,507.00,482.00,494.00,488.00,508.00,512.00,486.00,518.00,558.00,612.00,575.00,563.00,649.00,641.00,638.00,597.00,597.00,610.00,625.00,636.00,597.00,542.00,573.00,631.00,628.00,628.00,667.00,635.00,694.00,597.00,706.00,747.00,793.00,729.00,741.00,699.00,700.00,693.00,631.00,625.00,614.00,607.00,535.00,531.00,536.00,550.00,527.00,506.00,493.00,503.00,531.00,539.00,545.00,452.00,423.00,400.00,362.00,313.00,247.00,280.00,300.00,221.00,200.00,166.00,151.00,125.00,442.00
E07000235,Malvern Hills,Non-metropolitan District,39613.00,280.00,346.00,321.00,337.00,332.00,344.00,346.00,395.00,401.00,440.00,457.00,442.00,477.00,479.00,472.00,521.00,504.00,493.00,456.00,397.00,301.00,275.00,272.00,363.00,352.00,467.00,395.00,356.00,348.00,335.00,350.00,378.00,392.00,381.00,378.00,391.00,373.00,358.00,421.00,363.00,335.00,411.00,465.00,445.00,468.00,373.00,384.00,407.00,447.00,479.00,466.00,554.00,587.00,571.00,591.00,581.00,664.00,659.00,656.00,664.00,680.00,629.00,619.00,622.00,602.00,618.00,552.00,529.00,515.00,508.00,538.00,518.00,529.00,500.00,579.00,564.00,604.00,447.00,433.00,459.00,382.00,351.00,274.00,295.00,259.00,228.00,213.00,178.00,180.00,137.00,375.00
E07000236,Redditch,Non-metropolitan District,42871.00,486.00,487.00,511.00,498.00,536.00,520.00,542.00,564.00,574.00,562.00,533.00,600.00,571.00,559.00,544.00,562.00,566.00,477.00,532.00,431.00,331.00,387.00,426.00,459.00,453.00,459.00,490.00,487.00,482.00,584.00,597.00,622.00,582.00,714.00,614.00,619.00,591.00,551.00,577.00,594.00,627.00,585.00,614.00,624.00,578.00,567.00,575.00,555.00,548.00,496.00,495.00,591.00,592.00,567.00,583.00,576.00,530.00,600.00,536.00,548.00,522.00,499.00,504.00,490.00,443.00,457.00,465.00,431.00,416.00,445.00,428.00,451.00,417.00,461.00,438.00,433.00,402.00,341.00,329.00,313.00,256.00,210.00,169.00,161.00,134.00,105.00,133.00,79.00,61.00,58.00,159.00
E07000237,Worcester,Non-metropolitan District,51196.00,490.00,514.00,524.00,551.00,567.00,580.00,554.00,585.00,652.00,579.00,615.00,646.00,634.00,606.00,647.00,592.00,587.00,591.00,640.00,745.00,641.00,621.00,607.00,607.00,627.00,660.00,641.00,593.00,651.00,719.00,748.00,752.00,784.00,836.00,740.00,722.00,744.00,659.00,727.00,705.00,626.00,694.00,656.00,709.00,647.00,654.00,589.00,548.00,618.00,636.00,685.00,740.00,719.00,757.00,781.00,688.00,710.00,674.00,733.00,735.00,693.00,667.00,597.00,607.00,586.00,530.00,491.00,465.00,498.00,461.00,447.00,462.00,412.00,438.00,442.00,452.00,513.00,338.00,336.00,310.00,287.00,256.00,229.00,216.00,184.00,176.00,172.00,137.00,116.00,90.00,306.00
E07000238,Wychavon,Non-metropolitan District,66603.00,585.00,625.00,640.00,673.00,694.00,681.00,734.00,751.00,714.00,703.00,830.00,758.00,729.00,751.00,777.00,811.00,740.00,758.00,682.00,531.00,510.00,492.00,529.00,563.00,698.00,696.00,713.00,594.00,699.00,697.00,685.00,753.00,733.00,746.00,816.00,817.00,847.00,839.00,814.00,756.00,797.00,707.00,768.00,777.00,785.00,700.00,713.00,732.00,722.00,882.00,856.00,922.00,944.00,966.00,973.00,1048.00,1103.00,1048.00,1006.00,1017.00,1005.00,1006.00,963.00,922.00,906.00,902.00,808.00,830.00,805.00,824.00,832.00,770.00,762.00,808.00,849.00,860.00,957.00,663.00,669.00,714.00,568.00,487.00,419.00,402.00,387.00,344.00,320.00,250.00,223.00,159.00,559.00
E07000239,Wyre Forest,Non-metropolitan District,50761.00,430.00,457.00,490.00,462.00,533.00,545.00,549.00,580.00,547.00,609.00,607.00,602.00,610.00,601.00,599.00,578.00,610.00,586.00,580.00,473.00,437.00,435.00,460.00,478.00,544.00,534.00,560.00,526.00,526.00,521.00,580.00,602.00,601.00,573.00,640.00,565.00,561.00,573.00,550.00,610.00,570.00,560.00,557.00,602.00,558.00,495.00,535.00,530.00,640.00,640.00,678.00,636.00,733.00,783.00,747.00,721.00,852.00,794.00,800.00,765.00,753.00,725.00,656.00,648.00,653.00,608.00,603.00,555.00,566.00,592.00,587.00,598.00,591.00,611.00,646.00,678.00,743.00,561.00,570.00,522.00,486.00,385.00,334.00,290.00,308.00,279.00,200.00,198.00,164.00,147.00,384.00
E12000006,EAST,Region,3173297.00,32716.00,35558.00,35767.00,37250.00,37831.00,38579.00,39204.00,40175.00,39515.00,39923.00,40477.00,41641.00,41762.00,40865.00,40532.00,41044.00,39159.00,38454.00,37340.00,32804.00,30736.00,32583.00,34243.00,36721.00,38073.00,38335.00,38455.00,37869.00,38372.00,39858.00,39770.00,41266.00,42013.00,42074.00,42667.00,43186.00,42335.00,42611.00,41973.00,41037.00,41058.00,41603.00,42277.00,42307.00,41420.00,38387.00,38099.00,38826.00,39285.00,40052.00,41280.00,42422.00,43700.00,42416.00,43610.00,43067.00,43691.00,43545.00,43204.00,42443.00,41444.00,40374.00,39227.00,37036.00,36152.00,35047.00,33531.00,31983.00,30174.00,30079.00,29393.00,28290.00,28383.00,28635.00,29320.00,31258.00,33917.00,25352.00,23797.00,22803.00,20262.00,17326.00,14086.00,14303.00,13482.00,12680.00,11017.00,9287.00,8175.00,6639.00,22380.00
E06000055,Bedford,Unitary Authority,93342.00,1033.00,1103.00,1202.00,1120.00,1215.00,1230.00,1201.00,1298.00,1236.00,1228.00,1266.00,1270.00,1271.00,1313.00,1302.00,1365.00,1193.00,1249.00,1154.00,938.00,797.00,897.00,913.00,1059.00,1031.00,1141.00,1090.00,1171.00,1094.00,1217.00,1162.00,1302.00,1291.00,1340.00,1389.00,1375.00,1295.00,1337.00,1316.00,1302.00,1364.00,1328.00,1401.00,1349.00,1372.00,1225.00,1189.00,1256.00,1139.00,1302.00,1182.00,1242.00,1298.00,1275.00,1283.00,1258.00,1360.00,1247.00,1236.00,1159.00,1091.00,1116.00,1041.00,992.00,995.00,941.00,931.00,869.00,785.00,801.00,759.00,706.00,685.00,745.00,709.00,808.00,779.00,618.00,546.00,579.00,479.00,389.00,338.00,339.00,335.00,345.00,269.00,230.00,211.00,173.00,567.00
E06000056,Central Bedfordshire,Unitary Authority,151664.00,1878.00,1894.00,1944.00,2019.00,2042.00,1957.00,1949.00,2041.00,1955.00,1951.00,1950.00,2006.00,1954.00,1900.00,1882.00,1898.00,1861.00,1748.00,1557.00,1251.00,1209.00,1214.00,1412.00,1638.00,1797.00,1827.00,1801.00,1724.00,1835.00,1946.00,1950.00,2189.00,2222.00,2129.00,2184.00,2422.00,2235.00,2258.00,2285.00,2139.00,2149.00,2094.00,2057.00,2128.00,1947.00,1796.00,1903.00,1915.00,1852.00,1837.00,1924.00,2059.00,2169.00,1995.00,2052.00,2013.00,2131.00,2132.00,2043.00,2058.00,2060.00,1953.00,1895.00,1799.00,1715.00,1671.00,1653.00,1440.00,1387.00,1385.00,1301.00,1217.00,1273.00,1275.00,1285.00,1365.00,1498.00,1063.00,1005.00,1056.00,878.00,741.00,625.00,589.00,542.00,531.00,458.00,384.00,291.00,230.00,792.00
E06000032,Luton,Unitary Authority,117679.00,1770.00,1803.00,1656.00,1702.00,1723.00,1620.00,1789.00,1663.00,1795.00,1828.00,1720.00,1723.00,1733.00,1686.00,1719.00,1790.00,1670.00,1659.00,1732.00,1426.00,1313.00,1573.00,1682.00,1884.00,1953.00,2105.00,2179.00,2047.00,1945.00,1848.00,1929.00,1761.00,1775.00,1699.00,1850.00,1779.00,1734.00,1765.00,1719.00,1708.00,1716.00,1592.00,1712.00,1747.00,1710.00,1551.00,1519.00,1479.00,1458.00,1402.00,1397.00,1447.00,1400.00,1421.00,1354.00,1407.00,1336.00,1180.00,1296.00,1213.00,1209.00,1117.00,1108.00,1056.00,967.00,893.00,843.00,856.00,720.00,633.00,677.00,648.00,629.00,554.00,559.00,541.00,569.00,430.00,440.00,388.00,367.00,312.00,289.00,266.00,275.00,268.00,273.00,199.00,189.00,140.00,472.00
E06000031,Peterborough,Unitary Authority,108390.00,1322.00,1407.00,1569.00,1528.00,1500.00,1561.00,1596.00,1651.00,1687.00,1759.00,1717.00,1755.00,1707.00,1755.00,1674.00,1632.00,1599.00,1452.00,1461.00,1167.00,1049.00,1122.00,1123.00,1204.00,1321.00,1383.00,1320.00,1408.00,1489.00,1466.00,1578.00,1617.00,1646.00,1591.00,1584.00,1736.00,1638.00,1763.00,1732.00,1677.00,1689.00,1640.00,1640.00,1578.00,1513.00,1364.00,1353.00,1365.00,1399.00,1338.00,1369.00,1342.00,1295.00,1282.00,1339.00,1321.00,1305.00,1216.00,1162.00,1204.00,1136.00,1049.00,1110.00,1027.00,954.00,918.00,896.00,861.00,773.00,781.00,744.00,710.00,732.00,740.00,730.00,722.00,741.00,612.00,516.00,517.00,460.00,360.00,362.00,360.00,302.00,249.00,235.00,207.00,184.00,167.00,575.00
E06000033,Southend-on-Sea,Unitary Authority,89063.00,953.00,1012.00,979.00,1025.00,1060.00,1110.00,1085.00,1175.00,1102.00,1148.00,1080.00,1208.00,1152.00,1191.00,1142.00,1158.00,1128.00,1022.00,987.00,866.00,742.00,770.00,896.00,1008.00,1007.00,1105.00,1086.00,1098.00,1142.00,1149.00,1180.00,1110.00,1194.00,1192.00,1184.00,1170.00,1106.00,1206.00,1169.00,1155.00,1251.00,1244.00,1223.00,1348.00,1281.00,1196.00,1122.00,1163.00,1088.00,1225.00,1230.00,1356.00,1238.00,1204.00,1260.00,1190.00,1199.00,1215.00,1221.00,1258.00,1184.00,1143.00,1118.00,1066.00,989.00,1036.00,857.00,837.00,813.00,769.00,794.00,812.00,723.00,744.00,785.00,864.00,879.00,684.00,624.00,579.00,505.00,459.00,393.00,387.00,353.00,344.00,277.00,265.00,207.00,210.00,599.00
E06000034,Thurrock,Unitary Authority,87265.00,1142.00,1301.00,1288.00,1322.00,1272.00,1315.00,1340.00,1364.00,1316.00,1240.00,1285.00,1375.00,1352.00,1242.00,1322.00,1358.00,1244.00,1240.00,1210.00,978.00,880.00,945.00,922.00,1009.00,981.00,1029.00,1089.00,1098.00,1025.00,1112.00,1143.00,1141.00,1220.00,1333.00,1349.00,1316.00,1347.00,1398.00,1324.00,1346.00,1294.00,1330.00,1281.00,1265.00,1182.00,1153.00,1124.00,1160.00,1092.00,1126.00,1156.00,1105.00,1212.00,1150.00,1165.00,1089.00,1158.00,1133.00,1068.00,1031.00,1002.00,933.00,853.00,833.00,785.00,770.00,672.00,698.00,592.00,635.00,607.00,540.00,556.00,633.00,585.00,562.00,630.00,463.00,408.00,407.00,326.00,283.00,210.00,253.00,213.00,185.00,185.00,132.00,127.00,90.00,310.00
E10000003,Cambridgeshire,County,345212.00,3211.00,3602.00,3569.00,3761.00,3784.00,3956.00,3794.00,4190.00,3934.00,4115.00,4208.00,4374.00,4318.00,4152.00,4058.00,4206.00,3984.00,3954.00,4046.00,4477.00,4585.00,4736.00,4406.00,4487.00,5012.00,4789.00,4660.00,4585.00,4680.00,4770.00,4657.00,4667.00,4959.00,4770.00,4875.00,4723.00,4726.00,4752.00,4731.00,4448.00,4489.00,4520.00,4761.00,4464.00,4747.00,4333.00,4127.00,4333.00,4280.00,4334.00,4559.00,4583.00,4700.00,4586.00,4560.00,4572.00,4388.00,4611.00,4536.00,4473.00,4394.00,4222.00,3962.00,3804.00,3686.00,3783.00,3469.00,3273.00,3186.00,3061.00,2992.00,2980.00,2981.00,2942.00,3086.00,3200.00,3405.00,2713.00,2547.00,2340.00,2127.00,1854.00,1506.00,1458.00,1365.00,1307.00,1138.00,924.00,860.00,693.00,2287.00
E07000008,Cambridge,Non-metropolitan District,74777.00,589.00,651.00,664.00,658.00,679.00,654.00,690.00,639.00,663.00,758.00,733.00,737.00,710.00,670.00,675.00,755.00,709.00,750.00,1022.00,2259.00,2669.00,2503.00,2086.00,1951.00,2142.00,1924.00,1746.00,1681.00,1732.00,1618.00,1547.00,1347.00,1453.00,1374.00,1136.00,1060.00,1078.00,1121.00,1006.00,988.00,952.00,891.00,1006.00,931.00,1007.00,911.00,741.00,830.00,754.00,763.00,750.00,814.00,798.00,708.00,768.00,767.00,614.00,682.00,706.00,626.00,634.00,715.00,559.00,515.00,540.00,511.00,508.00,447.00,467.00,442.00,371.00,383.00,386.00,348.00,403.00,356.00,377.00,332.00,308.00,264.00,224.00,251.00,215.00,198.00,181.00,181.00,149.00,116.00,132.00,92.00,326.00
E07000009,East Cambridgeshire,Non-metropolitan District,44953.00,429.00,464.00,467.00,513.00,498.00,548.00,499.00,571.00,531.00,481.00,597.00,597.00,648.00,572.00,601.00,569.00,531.00,549.00,524.00,360.00,353.00,382.00,317.00,406.00,492.00,433.00,468.00,447.00,508.00,545.00,526.00,559.00,567.00,566.00,589.00,623.00,629.00,602.00,577.00,605.00,564.00,597.00,606.00,610.00,621.00,532.00,573.00,612.00,617.00,621.00,665.00,635.00,637.00,647.00,653.00,609.00,633.00,671.00,625.00,613.00,621.00,578.00,553.00,542.00,513.00,588.00,496.00,475.00,481.00,458.00,431.00,447.00,419.00,453.00,452.00,455.00,511.00,416.00,368.00,332.00,290.00,246.00,237.00,230.00,182.00,191.00,172.00,149.00,134.00,111.00,338.00
E07000010,Fenland,Non-metropolitan District,50687.00,516.00,584.00,517.00,554.00,534.00,598.00,564.00,647.00,603.00,601.00,557.00,653.00,596.00,566.00,576.00,608.00,584.00,604.00,518.00,468.00,425.00,474.00,517.00,448.00,526.00,571.00,562.00,567.00,560.00,598.00,608.00,677.00,672.00,601.00,637.00,666.00,618.00,692.00,575.00,567.00,607.00,552.00,659.00,535.00,623.00,574.00,520.00,609.00,588.00,595.00,615.00,676.00,697.00,712.00,733.00,735.00,711.00,783.00,773.00,751.00,758.00,695.00,703.00,665.00,596.00,666.00,646.00,613.00,550.00,574.00,614.00,573.00,570.00,529.00,578.00,613.00,633.00,493.00,452.00,424.00,391.00,347.00,264.00,241.00,268.00,226.00,211.00,158.00,122.00,105.00,352.00
E07000011,Huntingdonshire,Non-metropolitan District,92135.00,865.00,1050.00,1014.00,1051.00,1089.00,1112.00,1000.00,1171.00,1071.00,1140.00,1175.00,1191.00,1128.00,1167.00,1062.00,1089.00,1057.00,1041.00,1001.00,702.00,588.00,724.00,837.00,956.00,1060.00,1019.00,1139.00,1061.00,988.00,1090.00,1184.00,1176.00,1208.00,1202.00,1345.00,1329.00,1312.00,1235.00,1339.00,1204.00,1243.00,1249.00,1224.00,1217.00,1216.00,1144.00,1136.00,1151.00,1201.00,1170.00,1300.00,1239.00,1321.00,1353.00,1336.00,1297.00,1322.00,1409.00,1326.00,1312.00,1300.00,1213.00,1185.00,1177.00,1128.00,1063.00,961.00,972.00,939.00,880.00,831.00,827.00,860.00,873.00,915.00,1001.00,1009.00,822.00,750.00,712.00,669.00,526.00,458.00,403.00,382.00,363.00,318.00,259.00,224.00,205.00,572.00
E07000012,South Cambridgeshire,Non-metropolitan District,82660.00,812.00,853.00,907.00,985.00,984.00,1044.00,1041.00,1162.00,1066.00,1135.00,1146.00,1196.00,1236.00,1177.00,1144.00,1185.00,1103.00,1010.00,981.00,688.00,550.00,653.00,649.00,726.00,792.00,842.00,745.00,829.00,892.00,919.00,792.00,908.00,1059.00,1027.00,1168.00,1045.00,1089.00,1102.00,1234.00,1084.00,1123.00,1231.00,1266.00,1171.00,1280.00,1172.00,1157.00,1131.00,1120.00,1185.00,1229.00,1219.00,1247.00,1166.00,1070.00,1164.00,1108.00,1066.00,1106.00,1171.00,1081.00,1021.00,962.00,905.00,909.00,955.00,858.00,766.00,749.00,707.00,745.00,750.00,746.00,739.00,738.00,775.00,875.00,650.00,669.00,608.00,553.00,484.00,332.00,386.00,352.00,346.00,288.00,242.00,248.00,180.00,699.00
E10000012,Essex,County,747975.00,7851.00,8570.00,8374.00,8933.00,9091.00,9290.00,9363.00,9490.00,9318.00,9362.00,9577.00,9724.00,9745.00,9532.00,9501.00,9553.00,9069.00,9143.00,8673.00,7579.00,6783.00,7195.00,7713.00,8233.00,8460.00,8447.00,8633.00,8413.00,8559.00,9000.00,9238.00,9561.00,9479.00,9635.00,9923.00,9925.00,9871.00,9858.00,9662.00,9425.00,9261.00,9580.00,9795.00,9665.00,9277.00,8771.00,8814.00,8900.00,9335.00,9287.00,9650.00,9987.00,10516.00,10067.00,10496.00,10428.00,10782.00,10533.00,10456.00,10052.00,9760.00,9916.00,9613.00,9033.00,8843.00,8354.00,8035.00,7809.00,7398.00,7227.00,7243.00,6827.00,6877.00,6831.00,7395.00,7967.00,8839.00,6358.00,5922.00,5756.00,5185.00,4244.00,3394.00,3487.00,3329.00,3150.00,2663.00,2224.00,1964.00,1635.00,5294.00
E07000066,Basildon,Non-metropolitan District,92583.00,1070.00,1198.00,1240.00,1246.00,1324.00,1314.00,1341.00,1364.00,1281.00,1255.00,1314.00,1300.00,1278.00,1222.00,1266.00,1223.00,1208.00,1244.00,1143.00,955.00,888.00,915.00,874.00,1059.00,1024.00,1094.00,1095.00,1070.00,1222.00,1211.00,1295.00,1347.00,1246.00,1336.00,1381.00,1443.00,1376.00,1453.00,1344.00,1276.00,1202.00,1205.00,1282.00,1190.00,1185.00,1146.00,1117.00,1131.00,1199.00,1118.00,1197.00,1194.00,1229.00,1219.00,1243.00,1293.00,1242.00,1218.00,1216.00,1190.00,1158.00,1071.00,1059.00,1023.00,1049.00,953.00,862.00,832.00,783.00,756.00,673.00,676.00,683.00,717.00,714.00,743.00,863.00,668.00,551.00,549.00,472.00,404.00,341.00,317.00,291.00,313.00,235.00,195.00,215.00,167.00,499.00
E07000067,Braintree,Non-metropolitan District,78275.00,806.00,914.00,831.00,955.00,930.00,963.00,975.00,964.00,948.00,936.00,965.00,994.00,991.00,1046.00,978.00,964.00,967.00,905.00,837.00,615.00,623.00,702.00,803.00,821.00,922.00,891.00,906.00,934.00,868.00,974.00,1020.00,1072.00,1033.00,1020.00,1067.00,1075.00,1018.00,1061.00,945.00,968.00,903.00,998.00,993.00,983.00,981.00,885.00,893.00,965.00,964.00,1088.00,1087.00,1122.00,1157.00,1144.00,1135.00,1147.00,1188.00,1155.00,1113.00,1047.00,1032.00,1043.00,1033.00,900.00,883.00,858.00,835.00,847.00,822.00,813.00,782.00,713.00,782.00,675.00,790.00,861.00,893.00,659.00,593.00,573.00,597.00,446.00,361.00,361.00,334.00,329.00,238.00,222.00,192.00,135.00,518.00
E07000068,Brentwood,Non-metropolitan District,37870.00,394.00,492.00,440.00,472.00,465.00,470.00,508.00,454.00,518.00,486.00,495.00,539.00,468.00,454.00,501.00,495.00,444.00,469.00,439.00,266.00,268.00,281.00,328.00,401.00,442.00,385.00,412.00,404.00,465.00,433.00,519.00,500.00,579.00,551.00,519.00,534.00,509.00,476.00,507.00,536.00,448.00,451.00,532.00,560.00,452.00,472.00,442.00,454.00,539.00,460.00,507.00,478.00,538.00,535.00,541.00,532.00,530.00,545.00,539.00,524.00,465.00,542.00,520.00,466.00,392.00,411.00,391.00,351.00,400.00,373.00,318.00,329.00,324.00,312.00,327.00,384.00,416.00,263.00,295.00,259.00,259.00,202.00,146.00,153.00,171.00,164.00,144.00,139.00,106.00,79.00,372.00
E07000069,Castle Point,Non-metropolitan District,43505.00,400.00,479.00,408.00,465.00,484.00,489.00,476.00,543.00,488.00,471.00,540.00,540.00,545.00,473.00,537.00,548.00,522.00,506.00,425.00,465.00,374.00,390.00,443.00,449.00,514.00,486.00,533.00,469.00,485.00,465.00,480.00,487.00,465.00,498.00,523.00,479.00,491.00,505.00,562.00,451.00,460.00,491.00,489.00,527.00,499.00,433.00,463.00,457.00,518.00,513.00,519.00,559.00,614.00,581.00,641.00,610.00,666.00,660.00,635.00,613.00,636.00,599.00,626.00,516.00,568.00,521.00,551.00,467.00,474.00,486.00,470.00,455.00,449.00,499.00,571.00,607.00,676.00,482.00,445.00,430.00,415.00,310.00,274.00,259.00,234.00,233.00,166.00,193.00,117.00,121.00,354.00
E07000070,Chelmsford,Non-metropolitan District,90552.00,919.00,991.00,1002.00,1016.00,1077.00,1105.00,1115.00,1222.00,1214.00,1200.00,1144.00,1248.00,1165.00,1172.00,1172.00,1202.00,1034.00,1147.00,1095.00,877.00,736.00,814.00,888.00,900.00,1002.00,1005.00,1125.00,1062.00,1119.00,1156.00,1160.00,1230.00,1208.00,1195.00,1253.00,1233.00,1323.00,1199.00,1255.00,1213.00,1214.00,1284.00,1244.00,1262.00,1232.00,1164.00,1139.00,1207.00,1230.00,1248.00,1241.00,1265.00,1303.00,1209.00,1279.00,1268.00,1236.00,1201.00,1192.00,1170.00,1122.00,1156.00,1011.00,1017.00,1007.00,937.00,929.00,913.00,808.00,805.00,840.00,753.00,758.00,769.00,815.00,871.00,1002.00,742.00,673.00,667.00,570.00,470.00,371.00,377.00,379.00,351.00,351.00,232.00,257.00,206.00,612.00
E07000071,Colchester,Non-metropolitan District,96882.00,1004.00,1102.00,1053.00,1139.00,1196.00,1224.00,1203.00,1215.00,1253.00,1303.00,1266.00,1287.00,1296.00,1290.00,1217.00,1244.00,1101.00,1156.00,1194.00,1410.00,1328.00,1330.00,1398.00,1310.00,1170.00,1264.00,1312.00,1237.00,1231.00,1358.00,1345.00,1435.00,1327.00,1328.00,1388.00,1400.00,1359.00,1365.00,1250.00,1308.00,1329.00,1300.00,1342.00,1291.00,1280.00,1204.00,1284.00,1124.00,1251.00,1221.00,1225.00,1313.00,1320.00,1231.00,1241.00,1264.00,1260.00,1204.00,1196.00,1152.00,1096.00,1104.00,1097.00,968.00,980.00,891.00,857.00,834.00,760.00,764.00,800.00,794.00,777.00,779.00,841.00,918.00,922.00,724.00,678.00,616.00,577.00,478.00,346.00,400.00,371.00,360.00,293.00,245.00,215.00,180.00,589.00
E07000072,Epping Forest,Non-metropolitan District,65907.00,810.00,821.00,808.00,873.00,906.00,789.00,846.00,765.00,735.00,713.00,819.00,779.00,853.00,809.00,832.00,843.00,851.00,806.00,767.00,615.00,563.00,642.00,713.00,787.00,796.00,739.00,818.00,742.00,737.00,697.00,727.00,762.00,795.00,836.00,894.00,818.00,847.00,843.00,814.00,927.00,857.00,852.00,943.00,948.00,826.00,876.00,809.00,840.00,818.00,809.00,887.00,913.00,979.00,905.00,935.00,893.00,961.00,933.00,959.00,923.00,882.00,888.00,897.00,846.00,770.00,711.00,699.00,678.00,642.00,585.00,571.00,551.00,562.00,576.00,616.00,658.00,723.00,523.00,505.00,485.00,448.00,352.00,296.00,276.00,292.00,279.00,240.00,202.00,165.00,147.00,439.00
E07000073,Harlow,Non-metropolitan District,46534.00,646.00,678.00,652.00,638.00,690.00,687.00,714.00,682.00,703.00,693.00,700.00,661.00,648.00,701.00,689.00,676.00,629.00,625.00,613.00,507.00,414.00,470.00,443.00,524.00,554.00,500.00,473.00,590.00,574.00,669.00,709.00,679.00,712.00,760.00,752.00,728.00,808.00,763.00,766.00,705.00,718.00,716.00,696.00,676.00,653.00,589.00,593.00,540.00,575.00,500.00,558.00,529.00,575.00,550.00,529.00,559.00,615.00,578.00,570.00,575.00,549.00,577.00,492.00,521.00,446.00,468.00,417.00,448.00,416.00,350.00,347.00,326.00,321.00,263.00,282.00,315.00,311.00,204.00,222.00,194.00,182.00,155.00,130.00,119.00,114.00,104.00,98.00,87.00,51.00,75.00,231.00
E07000074,Maldon,Non-metropolitan District,33447.00,286.00,323.00,299.00,338.00,309.00,384.00,350.00,396.00,333.00,352.00,371.00,398.00,397.00,377.00,365.00,394.00,376.00,367.00,417.00,324.00,300.00,290.00,305.00,327.00,363.00,369.00,323.00,329.00,307.00,363.00,335.00,351.00,342.00,369.00,381.00,343.00,319.00,384.00,373.00,325.00,339.00,376.00,378.00,380.00,354.00,318.00,330.00,371.00,435.00,391.00,391.00,439.00,466.00,482.00,511.00,561.00,553.00,584.00,579.00,510.00,507.00,500.00,507.00,500.00,497.00,440.00,444.00,462.00,404.00,413.00,393.00,384.00,411.00,415.00,434.00,468.00,488.00,378.00,350.00,345.00,270.00,228.00,193.00,217.00,195.00,172.00,151.00,137.00,88.00,88.00,266.00
E07000075,Rochford,Non-metropolitan District,42628.00,404.00,435.00,433.00,454.00,433.00,496.00,517.00,503.00,463.00,511.00,519.00,524.00,558.00,555.00,558.00,538.00,556.00,527.00,480.00,421.00,363.00,377.00,399.00,461.00,476.00,527.00,497.00,468.00,427.00,495.00,482.00,480.00,484.00,486.00,523.00,479.00,490.00,514.00,500.00,479.00,491.00,513.00,537.00,527.00,509.00,453.00,480.00,508.00,509.00,561.00,540.00,550.00,668.00,607.00,649.00,621.00,644.00,659.00,662.00,568.00,568.00,623.00,576.00,539.00,563.00,522.00,479.00,469.00,416.00,435.00,477.00,398.00,412.00,433.00,472.00,533.00,608.00,424.00,378.00,364.00,330.00,292.00,222.00,244.00,215.00,205.00,199.00,147.00,113.00,94.00,330.00
E07000076,Tendring,Non-metropolitan District,73809.00,654.00,652.00,730.00,772.00,710.00,801.00,737.00,755.00,815.00,856.00,783.00,828.00,859.00,833.00,799.00,805.00,769.00,778.00,716.00,688.00,622.00,587.00,706.00,701.00,731.00,750.00,741.00,727.00,704.00,719.00,706.00,742.00,768.00,799.00,738.00,816.00,785.00,747.00,745.00,679.00,714.00,763.00,735.00,712.00,663.00,680.00,716.00,727.00,730.00,771.00,822.00,956.00,949.00,946.00,1080.00,1011.00,1179.00,1136.00,1116.00,1138.00,1040.00,1170.00,1180.00,1132.00,1097.00,1079.00,1062.00,1013.00,995.00,979.00,1100.00,981.00,982.00,944.00,1089.00,1126.00,1401.00,908.00,862.00,894.00,761.00,594.00,504.00,541.00,523.00,441.00,388.00,326.00,321.00,215.00,764.00
E07000077,Uttlesford,Non-metropolitan District,45983.00,458.00,485.00,478.00,565.00,567.00,568.00,581.00,627.00,567.00,586.00,661.00,626.00,687.00,600.00,587.00,621.00,612.00,613.00,547.00,436.00,304.00,397.00,413.00,493.00,466.00,437.00,398.00,381.00,420.00,460.00,460.00,476.00,520.00,457.00,504.00,577.00,546.00,548.00,601.00,558.00,586.00,631.00,624.00,609.00,643.00,551.00,548.00,576.00,567.00,607.00,676.00,669.00,718.00,658.00,712.00,669.00,708.00,660.00,679.00,642.00,705.00,643.00,615.00,605.00,591.00,563.00,509.00,495.00,478.00,468.00,472.00,467.00,416.00,449.00,444.00,483.00,536.00,383.00,370.00,380.00,304.00,313.00,210.00,223.00,210.00,199.00,160.00,99.00,124.00,128.00,320.00
E10000015,Hertfordshire,County,592901.00,6291.00,6990.00,7100.00,7403.00,7517.00,7663.00,7850.00,7851.00,7836.00,7937.00,8085.00,8311.00,8511.00,8366.00,8178.00,8287.00,7873.00,7659.00,7283.00,5278.00,4728.00,5381.00,6160.00,6723.00,6951.00,7138.00,7059.00,6956.00,7064.00,7357.00,7144.00,7713.00,7957.00,8036.00,8077.00,8385.00,8058.00,8193.00,8091.00,8111.00,8145.00,8543.00,8464.00,8706.00,8671.00,8104.00,8119.00,8171.00,8141.00,8184.00,8157.00,8300.00,8459.00,8008.00,8236.00,8134.00,8049.00,8132.00,8064.00,7889.00,7622.00,7258.00,6978.00,6507.00,6392.00,6057.00,5824.00,5430.00,5108.00,4988.00,4791.00,4638.00,4449.00,4549.00,4400.00,4714.00,5220.00,3778.00,3687.00,3579.00,3227.00,2610.00,2184.00,2283.00,2206.00,1986.00,1865.00,1640.00,1399.00,1200.00,4105.00
E07000095,Broxbourne,Non-metropolitan District,48204.00,578.00,621.00,607.00,587.00,622.00,669.00,598.00,624.00,647.00,593.00,632.00,672.00,682.00,674.00,638.00,657.00,680.00,678.00,589.00,460.00,443.00,511.00,544.00,573.00,596.00,562.00,567.00,547.00,566.00,595.00,552.00,642.00,622.00,677.00,665.00,707.00,703.00,678.00,666.00,658.00,665.00,713.00,620.00,670.00,747.00,607.00,606.00,568.00,641.00,618.00,641.00,628.00,665.00,643.00,688.00,654.00,669.00,650.00,696.00,606.00,588.00,618.00,613.00,514.00,522.00,450.00,469.00,444.00,366.00,381.00,384.00,344.00,382.00,367.00,340.00,396.00,455.00,329.00,313.00,300.00,277.00,225.00,179.00,175.00,183.00,169.00,182.00,142.00,110.00,99.00,311.00
E07000096,Dacorum,Non-metropolitan District,77645.00,858.00,925.00,966.00,987.00,1037.00,1041.00,1108.00,1064.00,1024.00,1072.00,1014.00,1019.00,1092.00,1060.00,1093.00,1035.00,1024.00,942.00,932.00,661.00,544.00,632.00,725.00,753.00,811.00,873.00,903.00,879.00,916.00,946.00,986.00,997.00,1061.00,1069.00,1178.00,1193.00,1156.00,1165.00,1089.00,1091.00,1076.00,1117.00,1093.00,1140.00,1108.00,1043.00,1069.00,1053.00,1105.00,1012.00,1039.00,1077.00,1128.00,1026.00,1103.00,990.00,1000.00,1054.00,1057.00,1055.00,995.00,990.00,891.00,895.00,842.00,824.00,801.00,752.00,691.00,680.00,639.00,656.00,615.00,589.00,594.00,618.00,687.00,474.00,463.00,489.00,437.00,336.00,277.00,304.00,287.00,252.00,226.00,203.00,164.00,155.00,553.00
E07000242,East Hertfordshire,Non-metropolitan District,74693.00,768.00,808.00,859.00,881.00,897.00,955.00,970.00,909.00,981.00,931.00,997.00,1026.00,1038.00,1104.00,1048.00,1026.00,979.00,972.00,892.00,575.00,446.00,598.00,603.00,799.00,828.00,845.00,797.00,855.00,824.00,880.00,907.00,909.00,997.00,940.00,982.00,942.00,971.00,1013.00,910.00,964.00,928.00,1025.00,999.00,1083.00,1086.00,938.00,927.00,1010.00,996.00,1096.00,1109.00,1136.00,1114.00,1042.00,1128.00,1095.00,1085.00,1139.00,1133.00,1054.00,1049.00,1007.00,888.00,875.00,828.00,887.00,806.00,776.00,740.00,666.00,673.00,626.00,600.00,647.00,679.00,682.00,732.00,490.00,530.00,497.00,424.00,342.00,315.00,331.00,290.00,274.00,210.00,238.00,187.00,149.00,506.00
E07000098,Hertsmere,Non-metropolitan District,52339.00,552.00,614.00,660.00,701.00,670.00,697.00,674.00,727.00,707.00,727.00,709.00,734.00,787.00,712.00,773.00,774.00,699.00,689.00,682.00,445.00,319.00,443.00,576.00,603.00,637.00,654.00,533.00,542.00,599.00,599.00,529.00,603.00,646.00,631.00,656.00,661.00,684.00,765.00,738.00,750.00,715.00,724.00,756.00,737.00,781.00,742.00,739.00,756.00,715.00,740.00,685.00,732.00,704.00,667.00,677.00,704.00,614.00,745.00,738.00,661.00,710.00,651.00,647.00,574.00,593.00,507.00,536.00,483.00,492.00,466.00,450.00,436.00,401.00,398.00,426.00,431.00,481.00,389.00,344.00,353.00,308.00,220.00,175.00,206.00,221.00,214.00,176.00,159.00,137.00,118.00,404.00
E07000099,North Hertfordshire,Non-metropolitan District,65652.00,653.00,723.00,729.00,835.00,786.00,791.00,817.00,890.00,788.00,864.00,882.00,903.00,872.00,868.00,847.00,815.00,805.00,751.00,726.00,545.00,433.00,488.00,566.00,576.00,650.00,702.00,749.00,795.00,825.00,828.00,823.00,899.00,911.00,891.00,837.00,918.00,868.00,897.00,886.00,855.00,894.00,896.00,926.00,975.00,892.00,889.00,876.00,879.00,885.00,907.00,934.00,923.00,889.00,866.00,868.00,949.00,913.00,917.00,909.00,939.00,885.00,829.00,835.00,753.00,818.00,705.00,659.00,653.00,621.00,623.00,569.00,575.00,574.00,638.00,553.00,584.00,651.00,470.00,485.00,457.00,443.00,382.00,320.00,279.00,267.00,273.00,236.00,213.00,217.00,163.00,509.00
E07000240,St Albans,Non-metropolitan District,72724.00,719.00,851.00,870.00,882.00,942.00,926.00,1022.00,1018.00,1064.00,1057.00,1106.00,1169.00,1209.00,1195.00,1161.00,1181.00,1072.00,1085.00,935.00,474.00,391.00,403.00,611.00,702.00,728.00,795.00,764.00,669.00,727.00,718.00,743.00,800.00,799.00,866.00,881.00,916.00,802.00,868.00,849.00,947.00,957.00,998.00,1040.00,1140.00,1120.00,1135.00,1203.00,1149.00,1149.00,1148.00,1096.00,1186.00,1193.00,1074.00,1065.00,1125.00,1087.00,1056.00,986.00,955.00,905.00,835.00,852.00,802.00,701.00,690.00,685.00,635.00,584.00,622.00,629.00,531.00,527.00,602.00,488.00,564.00,621.00,507.00,466.00,474.00,394.00,314.00,274.00,310.00,309.00,267.00,240.00,203.00,176.00,158.00,580.00
E07000243,Stevenage,Non-metropolitan District,44543.00,481.00,576.00,518.00,602.00,582.00,628.00,608.00,611.00,584.00,602.00,617.00,636.00,662.00,651.00,535.00,625.00,582.00,528.00,572.00,455.00,418.00,439.00,446.00,552.00,506.00,505.00,585.00,600.00,588.00,646.00,638.00,672.00,704.00,710.00,696.00,736.00,723.00,673.00,693.00,638.00,659.00,635.00,669.00,645.00,540.00,522.00,542.00,546.00,519.00,535.00,511.00,521.00,586.00,536.00,605.00,611.00,619.00,606.00,627.00,637.00,589.00,569.00,528.00,463.00,479.00,444.00,451.00,419.00,402.00,336.00,346.00,342.00,246.00,298.00,320.00,315.00,346.00,236.00,182.00,209.00,198.00,166.00,139.00,138.00,152.00,111.00,105.00,89.00,78.00,86.00,267.00
E07000102,Three Rivers,Non-metropolitan District,46072.00,418.00,491.00,501.00,474.00,547.00,533.00,578.00,593.00,620.00,662.00,652.00,646.00,726.00,669.00,699.00,683.00,630.00,637.00,586.00,339.00,280.00,382.00,489.00,578.00,593.00,549.00,513.00,514.00,479.00,545.00,372.00,531.00,514.00,552.00,474.00,612.00,550.00,560.00,538.00,571.00,571.00,698.00,699.00,680.00,709.00,706.00,666.00,695.00,689.00,659.00,708.00,708.00,697.00,657.00,688.00,663.00,658.00,646.00,652.00,682.00,619.00,591.00,558.00,504.00,529.00,508.00,477.00,384.00,461.00,411.00,359.00,406.00,377.00,367.00,373.00,403.00,430.00,305.00,340.00,303.00,272.00,229.00,157.00,175.00,152.00,121.00,164.00,138.00,106.00,98.00,344.00
E07000103,Watford,Non-metropolitan District,51184.00,674.00,709.00,672.00,713.00,722.00,713.00,688.00,703.00,686.00,700.00,699.00,706.00,715.00,715.00,667.00,712.00,696.00,614.00,609.00,426.00,435.00,433.00,521.00,655.00,629.00,683.00,734.00,721.00,735.00,758.00,786.00,817.00,936.00,874.00,898.00,868.00,789.00,813.00,870.00,852.00,848.00,907.00,853.00,794.00,848.00,789.00,717.00,742.00,724.00,731.00,700.00,660.00,699.00,702.00,650.00,623.00,625.00,576.00,552.00,587.00,560.00,529.00,502.00,445.00,491.00,399.00,388.00,366.00,301.00,336.00,319.00,305.00,291.00,243.00,263.00,279.00,331.00,241.00,239.00,189.00,198.00,159.00,129.00,157.00,132.00,116.00,136.00,97.00,78.00,74.00,218.00
E07000241,Welwyn Hatfield,Non-metropolitan District,59845.00,590.00,672.00,718.00,741.00,712.00,710.00,787.00,712.00,735.00,729.00,777.00,800.00,728.00,718.00,717.00,779.00,706.00,763.00,760.00,898.00,1019.00,1052.00,1079.00,932.00,973.00,970.00,914.00,834.00,805.00,842.00,808.00,843.00,767.00,826.00,810.00,832.00,812.00,761.00,852.00,785.00,832.00,830.00,809.00,842.00,840.00,733.00,774.00,773.00,718.00,738.00,734.00,729.00,784.00,795.00,764.00,720.00,779.00,743.00,714.00,713.00,722.00,639.00,664.00,682.00,589.00,643.00,552.00,518.00,450.00,467.00,423.00,417.00,436.00,400.00,364.00,442.00,486.00,337.00,325.00,308.00,276.00,237.00,219.00,208.00,213.00,189.00,190.00,158.00,146.00,100.00,413.00
E10000020,Norfolk,County,457141.00,3757.00,4045.00,4278.00,4422.00,4598.00,4702.00,5012.00,5066.00,5010.00,4981.00,5206.00,5281.00,5293.00,5157.00,5186.00,5241.00,5073.00,4928.00,4970.00,5203.00,5294.00,5272.00,5142.00,5098.00,5048.00,4887.00,5160.00,5072.00,5095.00,5397.00,5416.00,5525.00,5524.00,5694.00,5507.00,5566.00,5579.00,5447.00,5429.00,5284.00,5291.00,5178.00,5339.00,5430.00,5171.00,4864.00,4696.00,4899.00,5206.00,5440.00,5719.00,6033.00,6180.00,6169.00,6448.00,6328.00,6535.00,6647.00,6557.00,6616.00,6480.00,6398.00,6340.00,6030.00,5909.00,5776.00,5684.00,5519.00,5300.00,5404.00,5178.00,5053.00,5251.00,5336.00,5408.00,5778.00,6322.00,4801.00,4475.00,4221.00,3804.00,3369.00,2697.00,2647.00,2517.00,2388.00,2041.00,1683.00,1498.00,1201.00,4042.00
E07000143,Breckland,Non-metropolitan District,72120.00,581.00,629.00,707.00,677.00,668.00,761.00,802.00,807.00,835.00,778.00,843.00,796.00,836.00,820.00,798.00,863.00,808.00,804.00,759.00,682.00,613.00,630.00,681.00,768.00,764.00,814.00,806.00,870.00,797.00,847.00,870.00,854.00,904.00,954.00,906.00,860.00,897.00,830.00,839.00,788.00,801.00,848.00,846.00,884.00,782.00,775.00,695.00,691.00,820.00,902.00,877.00,981.00,1032.00,962.00,1066.00,1010.00,1049.00,1071.00,1061.00,1051.00,1105.00,1071.00,1014.00,922.00,967.00,949.00,869.00,896.00,851.00,909.00,816.00,842.00,829.00,819.00,860.00,964.00,998.00,807.00,751.00,690.00,637.00,532.00,469.00,439.00,390.00,380.00,327.00,262.00,222.00,198.00,585.00
E07000144,Broadland,Non-metropolitan District,65987.00,535.00,537.00,612.00,651.00,654.00,693.00,722.00,709.00,711.00,715.00,788.00,781.00,785.00,766.00,787.00,776.00,762.00,651.00,742.00,511.00,533.00,461.00,577.00,603.00,658.00,595.00,619.00,603.00,719.00,708.00,664.00,770.00,746.00,762.00,740.00,755.00,802.00,790.00,819.00,755.00,731.00,784.00,776.00,827.00,757.00,736.00,728.00,718.00,813.00,870.00,932.00,952.00,943.00,922.00,1045.00,1013.00,1051.00,989.00,999.00,998.00,953.00,971.00,984.00,881.00,836.00,769.00,847.00,846.00,732.00,775.00,810.00,695.00,780.00,796.00,828.00,901.00,944.00,734.00,681.00,658.00,557.00,539.00,433.00,376.00,407.00,396.00,343.00,254.00,239.00,185.00,686.00
E07000145,Great Yarmouth,Non-metropolitan District,48855.00,444.00,451.00,506.00,522.00,537.00,553.00,585.00,508.00,532.00,565.00,578.00,607.00,605.00,602.00,554.00,607.00,590.00,579.00,516.00,509.00,431.00,411.00,468.00,490.00,522.00,491.00,555.00,530.00,539.00,547.00,554.00,565.00,560.00,583.00,557.00,545.00,618.00,532.00,555.00,570.00,530.00,495.00,535.00,604.00,585.00,494.00,474.00,519.00,535.00,532.00,588.00,682.00,641.00,698.00,711.00,713.00,732.00,694.00,732.00,746.00,716.00,706.00,651.00,710.00,660.00,669.00,616.00,630.00,632.00,637.00,568.00,596.00,552.00,611.00,588.00,663.00,683.00,535.00,468.00,434.00,408.00,338.00,261.00,268.00,267.00,252.00,178.00,142.00,135.00,98.00,370.00
E07000146,King's Lynn and West Norfolk,Non-metropolitan District,76044.00,671.00,776.00,742.00,742.00,824.00,781.00,837.00,892.00,850.00,850.00,900.00,902.00,847.00,807.00,838.00,863.00,827.00,843.00,796.00,699.00,627.00,630.00,658.00,787.00,785.00,794.00,805.00,831.00,765.00,864.00,930.00,892.00,886.00,875.00,860.00,864.00,899.00,916.00,901.00,837.00,788.00,754.00,848.00,832.00,814.00,774.00,757.00,822.00,839.00,867.00,938.00,993.00,1051.00,1035.00,1095.00,1110.00,1096.00,1182.00,1146.00,1199.00,1136.00,1106.00,1107.00,1082.00,1037.00,1028.00,1028.00,981.00,906.00,919.00,873.00,910.00,879.00,964.00,941.00,980.00,1142.00,858.00,787.00,732.00,672.00,607.00,453.00,502.00,428.00,424.00,371.00,329.00,274.00,208.00,747.00
E07000147,North Norfolk,Non-metropolitan District,50404.00,282.00,340.00,333.00,397.00,392.00,375.00,451.00,474.00,442.00,488.00,441.00,526.00,518.00,543.00,562.00,528.00,508.00,504.00,513.00,412.00,323.00,297.00,350.00,393.00,454.00,467.00,472.00,392.00,448.00,441.00,409.00,440.00,426.00,445.00,452.00,518.00,506.00,441.00,488.00,466.00,477.00,474.00,451.00,468.00,433.00,422.00,464.00,481.00,538.00,523.00,603.00,625.00,676.00,706.00,718.00,688.00,775.00,793.00,792.00,810.00,810.00,819.00,891.00,801.00,893.00,887.00,856.00,809.00,850.00,754.00,793.00,771.00,844.00,866.00,886.00,892.00,994.00,719.00,718.00,663.00,585.00,514.00,406.00,373.00,365.00,369.00,299.00,283.00,266.00,199.00,655.00
E07000148,Norwich,Non-metropolitan District,72370.00,621.00,631.00,680.00,720.00,711.00,724.00,721.00,783.00,772.00,753.00,787.00,759.00,783.00,737.00,759.00,769.00,738.00,689.00,912.00,1788.00,2335.00,2386.00,1834.00,1349.00,1211.00,1062.00,1217.00,1167.00,1101.00,1226.00,1243.00,1247.00,1202.00,1284.00,1174.00,1120.00,1032.00,1053.00,958.00,997.00,1048.00,950.00,985.00,953.00,879.00,870.00,784.00,794.00,783.00,872.00,859.00,821.00,813.00,833.00,795.00,775.00,805.00,824.00,799.00,781.00,740.00,718.00,688.00,665.00,602.00,583.00,575.00,516.00,538.00,544.00,494.00,497.00,537.00,458.00,501.00,502.00,535.00,399.00,389.00,352.00,326.00,282.00,269.00,232.00,205.00,196.00,184.00,145.00,140.00,106.00,394.00
E07000149,South Norfolk,Non-metropolitan District,71361.00,623.00,681.00,698.00,713.00,812.00,815.00,894.00,893.00,868.00,832.00,869.00,910.00,919.00,882.00,888.00,835.00,840.00,858.00,732.00,602.00,432.00,457.00,574.00,708.00,654.00,664.00,686.00,679.00,726.00,764.00,746.00,757.00,800.00,791.00,818.00,904.00,825.00,885.00,869.00,871.00,916.00,873.00,898.00,862.00,921.00,793.00,794.00,874.00,878.00,874.00,922.00,979.00,1024.00,1013.00,1018.00,1019.00,1027.00,1094.00,1028.00,1031.00,1020.00,1007.00,1005.00,969.00,914.00,891.00,893.00,841.00,791.00,866.00,824.00,742.00,830.00,822.00,804.00,876.00,1026.00,749.00,681.00,692.00,619.00,557.00,406.00,457.00,455.00,371.00,339.00,268.00,222.00,207.00,605.00
E10000029,Suffolk,County,382665.00,3508.00,3831.00,3808.00,4015.00,4029.00,4175.00,4225.00,4386.00,4326.00,4374.00,4383.00,4614.00,4726.00,4571.00,4568.00,4556.00,4465.00,4400.00,4267.00,3641.00,3356.00,3478.00,3874.00,4378.00,4512.00,4484.00,4378.00,4297.00,4444.00,4596.00,4373.00,4680.00,4746.00,4655.00,4745.00,4789.00,4746.00,4634.00,4515.00,4442.00,4409.00,4554.00,4604.00,4627.00,4549.00,4030.00,4133.00,4185.00,4295.00,4577.00,4937.00,4968.00,5233.00,5259.00,5417.00,5327.00,5448.00,5499.00,5565.00,5490.00,5506.00,5269.00,5209.00,4889.00,4917.00,4848.00,4667.00,4391.00,4112.00,4395.00,4307.00,4159.00,4227.00,4286.00,4378.00,4737.00,5035.00,3832.00,3627.00,3381.00,2904.00,2705.00,2088.00,2234.00,2045.00,1927.00,1613.00,1399.00,1245.00,900.00,3337.00
E07000200,Babergh,Non-metropolitan District,46435.00,348.00,392.00,405.00,490.00,446.00,482.00,452.00,505.00,462.00,499.00,513.00,542.00,584.00,543.00,551.00,600.00,581.00,501.00,541.00,411.00,358.00,367.00,406.00,475.00,495.00,518.00,484.00,388.00,448.00,475.00,442.00,484.00,485.00,491.00,517.00,493.00,494.00,476.00,468.00,438.00,505.00,473.00,538.00,543.00,529.00,492.00,507.00,527.00,536.00,578.00,619.00,634.00,648.00,641.00,662.00,659.00,701.00,705.00,760.00,737.00,752.00,709.00,698.00,642.00,640.00,640.00,599.00,586.00,532.00,571.00,545.00,563.00,568.00,636.00,612.00,690.00,686.00,550.00,514.00,508.00,411.00,394.00,300.00,320.00,299.00,273.00,229.00,187.00,170.00,116.00,451.00
E07000244,East Suffolk,Non-metropolitan District,120347.00,923.00,962.00,974.00,1045.00,1132.00,1199.00,1222.00,1225.00,1304.00,1294.00,1348.00,1417.00,1423.00,1388.00,1461.00,1429.00,1385.00,1353.00,1346.00,1066.00,973.00,941.00,970.00,1141.00,1159.00,1248.00,1189.00,1120.00,1178.00,1143.00,1174.00,1148.00,1170.00,1261.00,1269.00,1315.00,1280.00,1296.00,1200.00,1201.00,1150.00,1309.00,1303.00,1322.00,1327.00,1195.00,1153.00,1293.00,1271.00,1431.00,1517.00,1562.00,1604.00,1720.00,1712.00,1880.00,1818.00,1876.00,1874.00,1895.00,1840.00,1795.00,1824.00,1717.00,1836.00,1700.00,1744.00,1622.00,1537.00,1628.00,1660.00,1561.00,1598.00,1583.00,1686.00,1805.00,1976.00,1473.00,1368.00,1276.00,1124.00,1022.00,768.00,859.00,753.00,719.00,624.00,542.00,499.00,349.00,1375.00
E07000202,Ipswich,Non-metropolitan District,69419.00,742.00,869.00,816.00,837.00,850.00,860.00,940.00,979.00,923.00,935.00,876.00,897.00,970.00,907.00,907.00,898.00,947.00,944.00,937.00,869.00,764.00,681.00,804.00,818.00,850.00,806.00,844.00,912.00,834.00,965.00,958.00,1052.00,1007.00,1015.00,1005.00,1082.00,1078.00,1083.00,1056.00,989.00,957.00,973.00,946.00,987.00,955.00,842.00,917.00,834.00,873.00,868.00,900.00,894.00,939.00,959.00,931.00,901.00,887.00,850.00,886.00,815.00,888.00,759.00,725.00,668.00,697.00,715.00,668.00,644.00,593.00,593.00,542.00,578.00,542.00,531.00,514.00,558.00,565.00,453.00,458.00,366.00,324.00,335.00,248.00,250.00,225.00,234.00,217.00,171.00,176.00,118.00,444.00
E07000203,Mid Suffolk,Non-metropolitan District,53289.00,477.00,500.00,502.00,539.00,474.00,526.00,538.00,586.00,569.00,612.00,577.00,595.00,602.00,626.00,607.00,620.00,564.00,581.00,552.00,478.00,381.00,497.00,550.00,551.00,608.00,556.00,555.00,618.00,642.00,600.00,594.00,612.00,582.00,529.00,601.00,662.00,580.00,559.00,632.00,589.00,613.00,617.00,639.00,598.00,606.00,544.00,533.00,558.00,589.00,622.00,704.00,715.00,756.00,742.00,771.00,731.00,803.00,844.00,819.00,804.00,816.00,817.00,839.00,753.00,755.00,732.00,717.00,682.00,649.00,689.00,671.00,630.00,644.00,632.00,712.00,749.00,772.00,556.00,560.00,519.00,441.00,413.00,327.00,333.00,290.00,260.00,200.00,196.00,156.00,129.00,419.00
E07000245,West Suffolk,Non-metropolitan District,93175.00,1018.00,1108.00,1111.00,1104.00,1127.00,1108.00,1073.00,1091.00,1068.00,1034.00,1069.00,1163.00,1147.00,1107.00,1042.00,1009.00,988.00,1021.00,891.00,817.00,880.00,992.00,1144.00,1393.00,1400.00,1356.00,1306.00,1259.00,1342.00,1413.00,1205.00,1384.00,1502.00,1359.00,1353.00,1237.00,1314.00,1220.00,1159.00,1225.00,1184.00,1182.00,1178.00,1177.00,1132.00,957.00,1023.00,973.00,1026.00,1078.00,1197.00,1163.00,1286.00,1197.00,1341.00,1156.00,1239.00,1224.00,1226.00,1239.00,1210.00,1189.00,1123.00,1109.00,989.00,1061.00,939.00,857.00,801.00,914.00,889.00,827.00,875.00,904.00,854.00,935.00,1036.00,800.00,727.00,712.00,604.00,541.00,445.00,472.00,478.00,441.00,343.00,303.00,244.00,188.00,648.00
E12000007,LONDON,Region,4343245.00,53846.00,56189.00,52547.00,53321.00,52863.00,52425.00,53100.00,54227.00,53113.00,52851.00,53457.00,55066.00,55312.00,55029.00,54515.00,55230.00,54681.00,53227.00,53763.00,50380.00,51172.00,52900.00,57685.00,65964.00,73291.00,77371.00,80914.00,80866.00,80301.00,80533.00,78266.00,78140.00,77035.00,75914.00,74670.00,72542.00,69998.00,68390.00,67941.00,65491.00,64828.00,65090.00,64855.00,64885.00,61944.00,59313.00,57854.00,57691.00,57618.00,55856.00,55667.00,55343.00,55034.00,54834.00,54144.00,53813.00,52050.00,51086.00,49805.00,48635.00,46157.00,43631.00,41951.00,40633.00,37561.00,35659.00,33099.00,31458.00,29452.00,27566.00,26062.00,24747.00,24036.00,23183.00,22501.00,22665.00,23724.00,18229.00,16522.00,16027.00,14294.00,12560.00,10922.00,11359.00,10410.00,9535.00,8236.00,7264.00,6053.00,5204.00,17674.00
E09000007,Camden,London Borough,103185.00,1026.00,1058.00,1027.00,955.00,966.00,990.00,1039.00,1023.00,964.00,963.00,990.00,1051.00,1036.00,1081.00,1034.00,1079.00,1051.00,1098.00,1376.00,2308.00,2884.00,2424.00,1862.00,2010.00,2019.00,1985.00,2140.00,2165.00,2338.00,2315.00,2124.00,2012.00,1954.00,1964.00,1924.00,1681.00,1604.00,1588.00,1561.00,1351.00,1382.00,1304.00,1355.00,1325.00,1359.00,1220.00,1180.00,1222.00,1329.00,1255.00,1174.00,1249.00,1290.00,1246.00,1245.00,1162.00,1264.00,1203.00,1063.00,1187.00,1027.00,1044.00,979.00,957.00,826.00,812.00,766.00,772.00,656.00,584.00,613.00,575.00,525.00,532.00,517.00,584.00,542.00,487.00,421.00,416.00,336.00,303.00,238.00,285.00,196.00,212.00,184.00,150.00,128.00,80.00,404.00
E09000001,City of London,London Borough,7613.00,22.00,32.00,25.00,11.00,19.00,10.00,12.00,15.00,12.00,22.00,22.00,30.00,23.00,7.00,12.00,22.00,20.00,17.00,40.00,101.00,126.00,112.00,146.00,187.00,205.00,267.00,255.00,249.00,291.00,257.00,238.00,226.00,271.00,278.00,238.00,211.00,163.00,157.00,124.00,117.00,172.00,159.00,122.00,78.00,105.00,123.00,111.00,81.00,118.00,96.00,71.00,113.00,93.00,108.00,108.00,78.00,84.00,54.00,68.00,69.00,76.00,43.00,59.00,68.00,53.00,65.00,47.00,50.00,40.00,34.00,40.00,50.00,36.00,32.00,23.00,24.00,41.00,25.00,30.00,25.00,19.00,13.00,11.00,18.00,15.00,23.00,9.00,10.00,9.00,3.00,19.00
E09000012,Hackney,London Borough,125812.00,1774.00,1876.00,1665.00,1532.00,1516.00,1416.00,1414.00,1480.00,1540.00,1442.00,1478.00,1488.00,1495.00,1543.00,1522.00,1476.00,1553.00,1488.00,1545.00,1551.00,1478.00,1439.00,1603.00,2077.00,2170.00,2665.00,3011.00,3165.00,3494.00,3438.00,3141.00,3242.00,3135.00,3048.00,2811.00,2605.00,2449.00,2077.00,1942.00,2095.00,1753.00,1844.00,1751.00,1726.00,1633.00,1519.00,1505.00,1486.00,1420.00,1442.00,1272.00,1397.00,1351.00,1364.00,1325.00,1240.00,1297.00,1217.00,1342.00,1246.00,1157.00,1036.00,972.00,985.00,959.00,855.00,757.00,821.00,676.00,609.00,558.00,491.00,492.00,465.00,409.00,434.00,409.00,315.00,268.00,260.00,241.00,253.00,211.00,164.00,169.00,124.00,112.00,115.00,108.00,90.00,288.00
E09000013,Hammersmith and Fulham,London Borough,87060.00,960.00,1056.00,951.00,850.00,893.00,856.00,878.00,886.00,854.00,872.00,886.00,857.00,875.00,953.00,815.00,860.00,842.00,888.00,804.00,851.00,1248.00,1533.00,1659.00,1929.00,1956.00,2113.00,2371.00,2356.00,2146.00,2138.00,2048.00,1936.00,1803.00,1703.00,1662.00,1496.00,1446.00,1404.00,1361.00,1186.00,1202.00,1163.00,1010.00,1111.00,1084.00,1075.00,983.00,1021.00,1104.00,1092.00,1096.00,1064.00,1041.00,1104.00,1070.00,1025.00,1096.00,1005.00,981.00,932.00,921.00,867.00,738.00,732.00,651.00,695.00,568.00,537.00,526.00,498.00,454.00,457.00,464.00,413.00,421.00,423.00,430.00,338.00,296.00,283.00,250.00,207.00,183.00,209.00,187.00,141.00,128.00,127.00,85.00,94.00,297.00
E09000014,Haringey,London Borough,126273.00,1573.00,1571.00,1550.00,1526.00,1451.00,1486.00,1359.00,1502.00,1519.00,1465.00,1450.00,1515.00,1548.00,1579.00,1530.00,1553.00,1591.00,1520.00,1514.00,1448.00,1308.00,1340.00,1654.00,1729.00,2027.00,2042.00,2214.00,2095.00,2108.00,2415.00,2331.00,2455.00,2416.00,2520.00,2261.00,2266.00,2230.00,2190.00,2260.00,1968.00,2038.00,2024.00,2009.00,2072.00,1935.00,1787.00,1743.00,1727.00,1776.00,1702.00,1641.00,1743.00,1808.00,1607.00,1722.00,1664.00,1577.00,1584.00,1565.00,1458.00,1402.00,1356.00,1227.00,1171.00,1056.00,1008.00,958.00,854.00,829.00,800.00,749.00,668.00,624.00,577.00,601.00,570.00,567.00,408.00,442.00,420.00,356.00,307.00,274.00,274.00,256.00,235.00,197.00,180.00,145.00,144.00,357.00
E09000019,Islington,London Borough,104428.00,1191.00,1247.00,1078.00,962.00,1040.00,1019.00,997.00,958.00,911.00,901.00,903.00,996.00,976.00,989.00,998.00,1006.00,947.00,967.00,1083.00,1528.00,1886.00,1817.00,1718.00,1918.00,2181.00,2307.00,2663.00,2845.00,2875.00,2958.00,2807.00,2805.00,2544.00,2399.00,2207.00,2089.00,2005.00,1891.00,1674.00,1541.00,1400.00,1441.00,1391.00,1503.00,1322.00,1156.00,1122.00,1157.00,1190.00,1103.00,1182.00,1163.00,1163.00,1260.00,1190.00,1221.00,1159.00,1303.00,1084.00,1080.00,1031.00,1017.00,888.00,912.00,795.00,727.00,632.00,652.00,604.00,589.00,542.00,532.00,494.00,471.00,449.00,492.00,425.00,276.00,296.00,285.00,266.00,218.00,216.00,223.00,174.00,140.00,132.00,125.00,97.00,60.00,251.00
E09000020,Kensington and Chelsea,London Borough,68906.00,686.00,722.00,651.00,605.00,608.00,617.00,632.00,603.00,637.00,658.00,665.00,639.00,674.00,657.00,629.00,572.00,623.00,644.00,657.00,891.00,933.00,1091.00,1285.00,1247.00,1444.00,1478.00,1483.00,1482.00,1339.00,1248.00,1253.00,1134.00,1105.00,1097.00,1028.00,1042.00,1010.00,1067.00,920.00,830.00,869.00,853.00,923.00,931.00,851.00,876.00,778.00,843.00,826.00,998.00,985.00,951.00,978.00,956.00,1015.00,996.00,995.00,1023.00,996.00,985.00,954.00,830.00,815.00,791.00,672.00,716.00,597.00,557.00,503.00,531.00,474.00,452.00,504.00,462.00,470.00,438.00,470.00,387.00,341.00,362.00,334.00,300.00,258.00,239.00,204.00,195.00,168.00,110.00,129.00,107.00,322.00
E09000022,Lambeth,London Borough,153129.00,1640.00,1594.00,1453.00,1411.00,1381.00,1343.00,1319.00,1420.00,1443.00,1431.00,1448.00,1415.00,1462.00,1453.00,1526.00,1625.00,1629.00,1603.00,1556.00,1596.00,1626.00,1765.00,2014.00,2753.00,3637.00,4460.00,4814.00,4831.00,4619.00,4439.00,3978.00,3932.00,3746.00,3304.00,2989.00,2834.00,2547.00,2473.00,2306.00,2197.00,2077.00,2142.00,2084.00,2113.00,1901.00,1788.00,1942.00,1902.00,1911.00,1790.00,1832.00,1918.00,1898.00,2001.00,1857.00,1985.00,1784.00,1848.00,1807.00,1732.00,1560.00,1443.00,1337.00,1269.00,1149.00,1124.00,1060.00,944.00,935.00,811.00,735.00,652.00,664.00,633.00,592.00,545.00,557.00,413.00,368.00,352.00,385.00,314.00,255.00,307.00,224.00,209.00,194.00,167.00,107.00,112.00,388.00
E09000023,Lewisham,London Borough,141348.00,1870.00,1875.00,1789.00,1849.00,1797.00,1709.00,1752.00,1873.00,1718.00,1685.00,1730.00,1704.00,1835.00,1715.00,1657.00,1676.00,1659.00,1652.00,1710.00,1462.00,1354.00,1459.00,1719.00,1982.00,2116.00,2161.00,2432.00,2510.00,2425.00,2711.00,2835.00,2860.00,2977.00,2754.00,2745.00,2751.00,2625.00,2589.00,2363.00,2253.00,2287.00,2431.00,2206.00,2125.00,2087.00,1979.00,1893.00,1962.00,1848.00,1878.00,1906.00,1888.00,1885.00,1782.00,1758.00,1720.00,1856.00,1773.00,1767.00,1585.00,1648.00,1484.00,1353.00,1299.00,1239.00,1153.00,1074.00,1004.00,836.00,824.00,712.00,637.00,672.00,628.00,540.00,603.00,552.00,426.00,412.00,398.00,384.00,300.00,290.00,274.00,273.00,262.00,203.00,172.00,146.00,125.00,471.00
E09000025,Newham,London Borough,182328.00,2768.00,2793.00,2287.00,2309.00,2243.00,2179.00,2209.00,2281.00,2283.00,2318.00,2242.00,2251.00,2294.00,2289.00,2325.00,2314.00,2290.00,2286.00,2359.00,2409.00,2595.00,2673.00,3077.00,3680.00,4361.00,4861.00,4724.00,4676.00,4341.00,4105.00,4000.00,3656.00,3521.00,3496.00,3446.00,3384.00,3161.00,3132.00,3235.00,2858.00,2876.00,2660.00,2688.00,2717.00,2698.00,2498.00,2252.00,2266.00,2288.00,2222.00,2136.00,2065.00,2096.00,2151.00,1927.00,1897.00,1715.00,1556.00,1555.00,1493.00,1460.00,1373.00,1335.00,1294.00,1168.00,1096.00,1011.00,962.00,905.00,847.00,757.00,739.00,657.00,573.00,476.00,456.00,442.00,345.00,321.00,281.00,276.00,269.00,228.00,248.00,217.00,207.00,172.00,141.00,121.00,100.00,384.00
E09000028,Southwark,London Borough,153775.00,1731.00,1667.00,1484.00,1606.00,1584.00,1483.00,1547.00,1649.00,1570.00,1578.00,1519.00,1530.00,1673.00,1628.00,1669.00,1625.00,1712.00,1605.00,1870.00,1972.00,2126.00,2305.00,2309.00,2804.00,3264.00,3423.00,3824.00,3893.00,3892.00,4104.00,4067.00,3824.00,3725.00,3542.00,3369.00,3042.00,2637.00,2618.00,2421.00,2383.00,2265.00,2273.00,2183.00,2105.00,2006.00,1873.00,1708.00,1977.00,1861.00,1800.00,1958.00,1737.00,1752.00,1870.00,1890.00,1788.00,1893.00,1776.00,1696.00,1668.00,1571.00,1502.00,1375.00,1391.00,1249.00,1135.00,1030.00,918.00,850.00,785.00,643.00,624.00,585.00,591.00,499.00,577.00,602.00,426.00,370.00,329.00,323.00,277.00,270.00,247.00,227.00,211.00,152.00,149.00,116.00,93.00,305.00
E09000030,Tower Hamlets,London Borough,164959.00,1984.00,2036.00,1887.00,1804.00,1808.00,1680.00,1838.00,1861.00,1709.00,1614.00,1701.00,1908.00,1697.00,1835.00,1699.00,1766.00,1726.00,1661.00,1823.00,2420.00,2721.00,2939.00,3246.00,3879.00,4426.00,4592.00,5202.00,5158.00,5207.00,4898.00,4285.00,4322.00,4367.00,4017.00,3808.00,3612.00,3229.00,2965.00,2761.00,2668.00,2514.00,2591.00,2424.00,2327.00,2199.00,2005.00,2080.00,2046.00,1965.00,1928.00,1813.00,1613.00,1571.00,1590.00,1508.00,1553.00,1371.00,1207.00,1150.00,1219.00,1054.00,1026.00,957.00,911.00,892.00,862.00,798.00,660.00,616.00,517.00,526.00,471.00,404.00,355.00,370.00,347.00,351.00,271.00,240.00,218.00,192.00,183.00,178.00,165.00,142.00,142.00,155.00,93.00,94.00,66.00,270.00
E09000032,Wandsworth,London Borough,156984.00,2039.00,1969.00,1893.00,1750.00,1698.00,1637.00,1698.00,1595.00,1660.00,1558.00,1614.00,1678.00,1572.00,1621.00,1522.00,1443.00,1530.00,1396.00,1346.00,1202.00,1331.00,1428.00,1900.00,2369.00,3197.00,3872.00,4564.00,5030.00,4882.00,4726.00,4421.00,4251.00,3941.00,3391.00,3270.00,2944.00,2722.00,2545.00,2548.00,2399.00,2308.00,2420.00,2289.00,2234.00,2056.00,2019.00,2045.00,1967.00,1976.00,1732.00,1883.00,1866.00,1649.00,1779.00,1776.00,1697.00,1671.00,1665.00,1478.00,1538.00,1399.00,1327.00,1413.00,1212.00,1093.00,986.00,947.00,890.00,818.00,774.00,773.00,744.00,712.00,688.00,741.00,640.00,710.00,559.00,525.00,454.00,449.00,370.00,351.00,343.00,296.00,312.00,263.00,203.00,180.00,124.00,488.00
E09000033,Westminster,London Borough,102767.00,1000.00,1117.00,907.00,852.00,844.00,793.00,802.00,816.00,760.00,766.00,797.00,808.00,888.00,839.00,804.00,952.00,895.00,915.00,1098.00,1616.00,1778.00,1644.00,1522.00,1960.00,2365.00,2416.00,2605.00,2555.00,2504.00,2393.00,2416.00,2290.00,2243.00,2116.00,1975.00,1814.00,1688.00,1591.00,1594.00,1422.00,1278.00,1449.00,1337.00,1442.00,1307.00,1327.00,1334.00,1180.00,1305.00,1268.00,1360.00,1321.00,1365.00,1361.00,1351.00,1327.00,1355.00,1300.00,1328.00,1236.00,1141.00,1154.00,993.00,976.00,866.00,879.00,828.00,824.00,717.00,663.00,631.00,607.00,568.00,555.00,529.00,567.00,515.00,430.00,455.00,405.00,386.00,319.00,261.00,247.00,255.00,238.00,160.00,162.00,140.00,144.00,461.00
E09000002,Barking and Dagenham,London Borough,108407.00,1777.00,1767.00,1642.00,1693.00,1814.00,1879.00,1919.00,1874.00,1803.00,1775.00,1952.00,1872.00,1871.00,1866.00,1855.00,1880.00,1912.00,1725.00,1742.00,1415.00,1383.00,1361.00,1404.00,1454.00,1575.00,1615.00,1650.00,1630.00,1522.00,1516.00,1430.00,1389.00,1478.00,1632.00,1627.00,1620.00,1768.00,1640.00,1614.00,1740.00,1646.00,1677.00,1786.00,1613.00,1530.00,1432.00,1476.00,1429.00,1432.00,1433.00,1391.00,1338.00,1360.00,1363.00,1288.00,1316.00,1248.00,1109.00,1076.00,1004.00,1043.00,923.00,925.00,902.00,823.00,773.00,649.00,637.00,568.00,563.00,471.00,428.00,433.00,407.00,356.00,373.00,400.00,335.00,249.00,245.00,225.00,200.00,172.00,206.00,171.00,169.00,136.00,118.00,123.00,93.00,263.00
E09000003,Barnet,London Borough,191719.00,2424.00,2458.00,2512.00,2554.00,2535.00,2633.00,2658.00,2611.00,2672.00,2810.00,2684.00,2826.00,2825.00,2633.00,2806.00,2665.00,2699.00,2657.00,2465.00,1847.00,1698.00,1838.00,1880.00,2454.00,2661.00,2731.00,2767.00,2732.00,2730.00,2686.00,2638.00,2673.00,2875.00,2746.00,2785.00,2636.00,2707.00,2836.00,2920.00,2645.00,2850.00,2947.00,2888.00,2925.00,2965.00,2769.00,2681.00,2619.00,2663.00,2668.00,2675.00,2597.00,2608.00,2429.00,2492.00,2377.00,2282.00,2278.00,2194.00,2264.00,2111.00,1934.00,1897.00,1839.00,1731.00,1791.00,1630.00,1566.00,1499.00,1300.00,1387.00,1315.00,1317.00,1329.00,1215.00,1165.00,1288.00,1055.00,973.00,1001.00,805.00,697.00,584.00,601.00,574.00,529.00,488.00,457.00,374.00,330.00,1154.00
E09000004,Bexley,London Borough,120946.00,1412.00,1580.00,1452.00,1586.00,1555.00,1564.00,1643.00,1791.00,1630.00,1711.00,1673.00,1771.00,1744.00,1678.00,1698.00,1790.00,1607.00,1578.00,1547.00,1298.00,1138.00,1305.00,1314.00,1513.00,1496.00,1469.00,1451.00,1383.00,1424.00,1509.00,1477.00,1594.00,1541.00,1635.00,1770.00,1684.00,1706.00,1680.00,1798.00,1685.00,1684.00,1652.00,1790.00,1833.00,1699.00,1531.00,1539.00,1535.00,1587.00,1556.00,1575.00,1530.00,1644.00,1673.00,1650.00,1679.00,1601.00,1572.00,1610.00,1641.00,1515.00,1414.00,1387.00,1408.00,1263.00,1186.00,1101.00,1092.00,999.00,962.00,924.00,949.00,912.00,847.00,848.00,934.00,1029.00,736.00,628.00,654.00,600.00,510.00,397.00,451.00,466.00,414.00,373.00,311.00,247.00,225.00,703.00
E09000005,Brent,London Borough,168589.00,2254.00,2338.00,2067.00,2143.00,1988.00,1910.00,2072.00,2146.00,1999.00,1953.00,1966.00,2076.00,2112.00,2088.00,2130.00,2170.00,2305.00,2212.00,2238.00,2457.00,2412.00,2452.00,2776.00,2928.00,2988.00,3097.00,3178.00,3130.00,3039.00,3014.00,2998.00,2810.00,2628.00,2732.00,2800.00,2583.00,2525.00,2493.00,2502.00,2418.00,2371.00,2593.00,2374.00,2486.00,2224.00,2209.00,2245.00,2229.00,2223.00,2136.00,2111.00,2129.00,2122.00,2107.00,2185.00,2170.00,1928.00,1893.00,1944.00,1928.00,1734.00,1626.00,1626.00,1522.00,1439.00,1456.00,1346.00,1320.00,1230.00,1136.00,1084.00,1000.00,893.00,875.00,851.00,761.00,748.00,640.00,560.00,600.00,486.00,492.00,425.00,431.00,398.00,389.00,355.00,287.00,236.00,211.00,698.00
E09000006,Bromley,London Borough,158607.00,1733.00,1927.00,1929.00,1992.00,2018.00,2037.00,2150.00,2085.00,2104.00,2115.00,2173.00,2166.00,2273.00,2266.00,2138.00,2132.00,2061.00,2038.00,1943.00,1256.00,1102.00,1250.00,1454.00,1609.00,1666.00,1825.00,1711.00,1655.00,1687.00,1706.00,1811.00,1814.00,1779.00,2205.00,2099.00,2240.00,2167.00,2230.00,2404.00,2379.00,2313.00,2414.00,2407.00,2362.00,2499.00,2443.00,2210.00,2230.00,2307.00,2249.00,2256.00,2330.00,2217.00,2157.00,2262.00,2135.00,2318.00,2270.00,2150.00,2104.00,2007.00,1850.00,1927.00,1818.00,1680.00,1655.00,1506.00,1455.00,1353.00,1308.00,1206.00,1211.00,1259.00,1224.00,1295.00,1305.00,1557.00,1116.00,985.00,984.00,903.00,794.00,630.00,638.00,618.00,547.00,483.00,465.00,370.00,327.00,1169.00
E09000008,Croydon,London Borough,191546.00,2548.00,2523.00,2565.00,2641.00,2514.00,2554.00,2509.00,2533.00,2476.00,2482.00,2485.00,2583.00,2706.00,2667.00,2585.00,2787.00,2708.00,2698.00,2649.00,1914.00,1758.00,1867.00,2168.00,2483.00,2727.00,2681.00,2793.00,2722.00,2755.00,2875.00,2805.00,2914.00,3069.00,3074.00,3010.00,2911.00,2913.00,2986.00,2874.00,2899.00,2844.00,2806.00,2879.00,2663.00,2707.00,2559.00,2451.00,2540.00,2495.00,2388.00,2245.00,2389.00,2400.00,2409.00,2544.00,2563.00,2502.00,2373.00,2527.00,2418.00,2232.00,2238.00,2225.00,2015.00,1847.00,1761.00,1659.00,1481.00,1461.00,1412.00,1296.00,1208.00,1211.00,1169.00,1138.00,1222.00,1314.00,959.00,851.00,778.00,774.00,644.00,563.00,561.00,508.00,497.00,437.00,403.00,324.00,311.00,934.00
E09000009,Ealing,London Borough,185234.00,2318.00,2242.00,2187.00,2265.00,2229.00,2212.00,2234.00,2200.00,2204.00,2357.00,2325.00,2374.00,2424.00,2546.00,2447.00,2471.00,2439.00,2324.00,2347.00,2433.00,2298.00,2230.00,2503.00,2696.00,2881.00,2975.00,2967.00,3026.00,2955.00,3187.00,3006.00,3016.00,2943.00,2818.00,2875.00,3018.00,2910.00,2818.00,2821.00,2775.00,2720.00,2783.00,2835.00,3063.00,2888.00,2628.00,2731.00,2762.00,2699.00,2479.00,2517.00,2511.00,2438.00,2525.00,2314.00,2429.00,2217.00,2230.00,2320.00,2133.00,2001.00,1972.00,1822.00,1689.00,1723.00,1589.00,1487.00,1422.00,1310.00,1262.00,1151.00,1121.00,1098.00,1041.00,1035.00,994.00,965.00,729.00,723.00,634.00,587.00,572.00,523.00,485.00,444.00,436.00,358.00,314.00,288.00,217.00,724.00
E09000010,Enfield,London Borough,156152.00,1922.00,2103.00,2026.00,2207.00,2137.00,2192.00,2214.00,2269.00,2204.00,2203.00,2222.00,2440.00,2421.00,2480.00,2536.00,2573.00,2435.00,2495.00,2356.00,1839.00,1667.00,1774.00,1978.00,2123.00,2184.00,2097.00,2136.00,2082.00,1923.00,1867.00,1953.00,1929.00,1856.00,1789.00,1973.00,2003.00,2062.00,1909.00,2112.00,2036.00,1967.00,2167.00,2348.00,2229.00,1999.00,2106.00,2013.00,2055.00,2006.00,2054.00,2191.00,2123.00,2143.00,2092.00,2007.00,2190.00,1969.00,2053.00,2057.00,2001.00,1928.00,1704.00,1653.00,1806.00,1586.00,1508.00,1355.00,1321.00,1249.00,1121.00,1034.00,984.00,960.00,1012.00,949.00,962.00,970.00,817.00,724.00,721.00,627.00,531.00,479.00,546.00,501.00,439.00,400.00,333.00,302.00,275.00,858.00
E09000011,Greenwich,London Borough,143259.00,1896.00,2059.00,1800.00,1944.00,1725.00,1782.00,1790.00,1825.00,1893.00,1851.00,1878.00,1819.00,1796.00,1827.00,1836.00,1898.00,1802.00,1685.00,1694.00,1546.00,1642.00,1627.00,1831.00,2076.00,2289.00,2310.00,2481.00,2537.00,2470.00,2549.00,2618.00,2804.00,2764.00,2664.00,2708.00,2726.00,2424.00,2469.00,2428.00,2408.00,2507.00,2140.00,2240.00,2228.00,2092.00,2041.00,1924.00,1806.00,1956.00,1722.00,1768.00,1771.00,1797.00,1861.00,1852.00,1739.00,1784.00,1716.00,1556.00,1425.00,1511.00,1434.00,1399.00,1348.00,1185.00,1084.00,980.00,974.00,942.00,818.00,788.00,680.00,738.00,694.00,667.00,679.00,715.00,526.00,494.00,496.00,411.00,351.00,336.00,291.00,288.00,237.00,233.00,188.00,163.00,106.00,407.00
E09000015,Harrow,London Borough,130166.00,1649.00,1806.00,1531.00,1654.00,1621.00,1732.00,1666.00,1639.00,1623.00,1556.00,1703.00,1688.00,1751.00,1821.00,2023.00,1813.00,1837.00,1836.00,1808.00,1282.00,1169.00,1245.00,1509.00,1737.00,1972.00,2072.00,1897.00,1879.00,1931.00,1916.00,1929.00,1870.00,1921.00,1976.00,1993.00,2038.00,1949.00,1951.00,1998.00,1848.00,1991.00,2011.00,1994.00,1946.00,1880.00,1884.00,1799.00,1690.00,1739.00,1640.00,1698.00,1465.00,1471.00,1575.00,1669.00,1470.00,1408.00,1445.00,1481.00,1423.00,1380.00,1335.00,1392.00,1390.00,1282.00,1159.00,1229.00,1180.00,1143.00,1043.00,1033.00,979.00,920.00,842.00,829.00,849.00,835.00,742.00,648.00,629.00,581.00,530.00,406.00,483.00,462.00,390.00,368.00,315.00,255.00,219.00,800.00
E09000016,Havering,London Borough,129873.00,1560.00,1681.00,1725.00,1796.00,1811.00,1854.00,1847.00,1888.00,1715.00,1764.00,1764.00,1822.00,1775.00,1666.00,1716.00,1743.00,1719.00,1575.00,1657.00,1280.00,1208.00,1313.00,1411.00,1445.00,1580.00,1563.00,1571.00,1630.00,1731.00,1707.00,1660.00,1700.00,1817.00,1893.00,1836.00,1974.00,1936.00,1878.00,1884.00,1997.00,1961.00,1732.00,1889.00,1913.00,1688.00,1583.00,1548.00,1581.00,1635.00,1570.00,1545.00,1607.00,1621.00,1614.00,1659.00,1710.00,1596.00,1614.00,1655.00,1613.00,1567.00,1594.00,1426.00,1438.00,1460.00,1400.00,1243.00,1164.00,1150.00,1120.00,998.00,987.00,1046.00,1033.00,997.00,1029.00,1193.00,876.00,761.00,744.00,623.00,592.00,486.00,479.00,465.00,438.00,388.00,344.00,274.00,250.00,882.00
E09000017,Hillingdon,London Borough,159326.00,2188.00,2250.00,2032.00,2042.00,2104.00,2070.00,2152.00,2156.00,2179.00,2099.00,2067.00,2145.00,2110.00,1980.00,2058.00,2178.00,2019.00,2107.00,2152.00,2073.00,2244.00,2342.00,2404.00,2276.00,2413.00,2626.00,2305.00,2285.00,2338.00,2210.00,2330.00,2388.00,2374.00,2536.00,2461.00,2413.00,2449.00,2447.00,2457.00,2446.00,2500.00,2412.00,2564.00,2509.00,2440.00,2165.00,2118.00,2116.00,2010.00,2142.00,2029.00,1955.00,2039.00,2059.00,1827.00,1860.00,1994.00,1948.00,1777.00,1746.00,1678.00,1597.00,1618.00,1591.00,1437.00,1271.00,1262.00,1220.00,1174.00,1088.00,1086.00,960.00,905.00,923.00,894.00,892.00,956.00,707.00,630.00,672.00,546.00,514.00,418.00,464.00,433.00,400.00,308.00,306.00,255.00,223.00,783.00
E09000018,Hounslow,London Borough,148259.00,1797.00,1848.00,1873.00,1921.00,1909.00,1919.00,1886.00,1975.00,1901.00,1930.00,1897.00,2055.00,2080.00,2007.00,1930.00,2022.00,1985.00,2040.00,1912.00,1660.00,1748.00,1813.00,1838.00,2110.00,2326.00,2369.00,2451.00,2229.00,2146.00,2272.00,2296.00,2300.00,2367.00,2354.00,2446.00,2384.00,2453.00,2513.00,2424.00,2421.00,2315.00,2456.00,2280.00,2405.00,2304.00,2168.00,2293.00,2211.00,2058.00,2100.00,2031.00,2075.00,1892.00,1975.00,1843.00,1859.00,1750.00,1841.00,1667.00,1583.00,1545.00,1463.00,1441.00,1318.00,1272.00,1135.00,1124.00,1063.00,1027.00,922.00,946.00,959.00,808.00,820.00,789.00,729.00,720.00,539.00,578.00,521.00,425.00,421.00,339.00,374.00,337.00,287.00,269.00,259.00,189.00,171.00,556.00
E09000021,Kingston upon Thames,London Borough,81761.00,835.00,956.00,940.00,925.00,975.00,1025.00,1024.00,1050.00,1097.00,1065.00,1099.00,1099.00,1113.00,1086.00,1032.00,1082.00,996.00,969.00,1021.00,945.00,857.00,895.00,912.00,1086.00,1172.00,1128.00,1025.00,1052.00,1078.00,1041.00,1000.00,1190.00,1131.00,1176.00,1289.00,1236.00,1177.00,1154.00,1244.00,1172.00,1239.00,1204.00,1276.00,1287.00,1256.00,1295.00,1242.00,1238.00,1249.00,1156.00,1253.00,1196.00,1248.00,1136.00,1136.00,1118.00,1030.00,1061.00,1002.00,1021.00,916.00,859.00,833.00,777.00,837.00,718.00,711.00,633.00,602.00,633.00,593.00,564.00,589.00,550.00,564.00,570.00,648.00,476.00,419.00,440.00,388.00,298.00,278.00,282.00,257.00,209.00,209.00,179.00,159.00,117.00,461.00
E09000024,Merton,London Borough,104511.00,1213.00,1413.00,1319.00,1346.00,1357.00,1385.00,1320.00,1473.00,1368.00,1327.00,1321.00,1400.00,1362.00,1405.00,1321.00,1366.00,1378.00,1192.00,1214.00,804.00,792.00,881.00,1109.00,1192.00,1452.00,1549.00,1527.00,1605.00,1716.00,1687.00,1671.00,1780.00,1723.00,1765.00,1782.00,1828.00,1739.00,1705.00,1675.00,1710.00,1791.00,1662.00,1737.00,1684.00,1695.00,1568.00,1618.00,1497.00,1507.00,1506.00,1450.00,1422.00,1395.00,1356.00,1357.00,1388.00,1424.00,1276.00,1179.00,1179.00,1184.00,1070.00,1028.00,969.00,921.00,883.00,849.00,761.00,708.00,706.00,690.00,633.00,631.00,597.00,619.00,583.00,652.00,462.00,426.00,400.00,368.00,328.00,292.00,299.00,308.00,265.00,184.00,151.00,150.00,128.00,403.00
E09000026,Redbridge,London Borough,155398.00,2106.00,2259.00,2185.00,2203.00,2230.00,2135.00,2142.00,2217.00,2106.00,2114.00,2232.00,2235.00,2149.00,2179.00,2118.00,2250.00,2295.00,2192.00,2189.00,1868.00,1811.00,1856.00,2155.00,2354.00,2482.00,2489.00,2551.00,2321.00,2220.00,2237.00,2315.00,2261.00,2234.00,2291.00,2294.00,2327.00,2405.00,2189.00,2337.00,2397.00,2346.00,2332.00,2434.00,2409.00,2255.00,2375.00,2263.00,2165.00,2128.00,2131.00,2037.00,1883.00,1851.00,1830.00,1891.00,1953.00,1634.00,1657.00,1652.00,1696.00,1567.00,1546.00,1438.00,1503.00,1348.00,1371.00,1223.00,1220.00,1118.00,1020.00,986.00,924.00,878.00,824.00,804.00,813.00,877.00,670.00,580.00,528.00,492.00,417.00,443.00,493.00,379.00,383.00,309.00,299.00,235.00,207.00,651.00
E09000027,Richmond upon Thames,London Borough,93950.00,884.00,1065.00,1059.00,1149.00,1210.00,1230.00,1279.00,1311.00,1263.00,1310.00,1367.00,1400.00,1389.00,1461.00,1352.00,1335.00,1240.00,1147.00,1089.00,771.00,640.00,682.00,809.00,972.00,1082.00,1028.00,938.00,863.00,933.00,959.00,910.00,959.00,1004.00,1101.00,1180.00,1119.00,1207.00,1205.00,1296.00,1286.00,1410.00,1392.00,1420.00,1541.00,1477.00,1502.00,1560.00,1488.00,1549.00,1481.00,1525.00,1638.00,1528.00,1427.00,1458.00,1426.00,1414.00,1407.00,1301.00,1317.00,1234.00,1179.00,1116.00,1023.00,920.00,920.00,883.00,792.00,750.00,745.00,735.00,754.00,764.00,751.00,741.00,794.00,843.00,646.00,583.00,599.00,439.00,366.00,358.00,326.00,348.00,309.00,201.00,195.00,172.00,148.00,571.00
E09000029,Sutton,London Borough,102299.00,1088.00,1181.00,1183.00,1336.00,1325.00,1423.00,1427.00,1433.00,1577.00,1517.00,1513.00,1657.00,1662.00,1575.00,1554.00,1465.00,1492.00,1368.00,1266.00,851.00,776.00,844.00,935.00,1137.00,1166.00,1189.00,1159.00,1087.00,1128.00,1224.00,1211.00,1329.00,1241.00,1282.00,1319.00,1363.00,1413.00,1436.00,1516.00,1411.00,1597.00,1728.00,1742.00,1781.00,1734.00,1689.00,1588.00,1622.00,1587.00,1526.00,1405.00,1524.00,1450.00,1408.00,1366.00,1375.00,1360.00,1353.00,1337.00,1252.00,1259.00,1168.00,1104.00,1064.00,1038.00,900.00,880.00,858.00,807.00,785.00,750.00,672.00,651.00,686.00,697.00,724.00,803.00,596.00,518.00,498.00,438.00,329.00,304.00,372.00,324.00,287.00,236.00,226.00,176.00,175.00,491.00
E09000031,Waltham Forest,London Borough,134676.00,1978.00,2120.00,1873.00,1902.00,1958.00,1671.00,1672.00,1789.00,1719.00,1639.00,1691.00,1768.00,1701.00,1609.00,1638.00,1641.00,1684.00,1649.00,1693.00,1486.00,1435.00,1356.00,1581.00,1795.00,1811.00,1916.00,2054.00,2008.00,2114.00,2226.00,2264.00,2475.00,2542.00,2616.00,2690.00,2668.00,2572.00,2564.00,2567.00,2550.00,2355.00,2228.00,2200.00,2199.00,2069.00,2121.00,1879.00,2041.00,1871.00,1613.00,1656.00,1772.00,1870.00,1659.00,1602.00,1703.00,1474.00,1476.00,1440.00,1459.00,1344.00,1223.00,1253.00,1245.00,1101.00,986.00,909.00,854.00,851.00,756.00,697.00,720.00,622.00,584.00,576.00,587.00,598.00,496.00,407.00,395.00,379.00,341.00,265.00,334.00,294.00,259.00,272.00,210.00,156.00,129.00,461.00
E12000008,SOUTH EAST,Region,4638839.00,46216.00,49695.00,50766.00,52735.00,54124.00,54996.00,55816.00,57582.00,57700.00,57759.00,59936.00,61845.00,62003.00,60741.00,60428.00,60608.00,59009.00,57793.00,56853.00,53381.00,50872.00,51306.00,51788.00,52171.00,54441.00,54467.00,53719.00,52870.00,53775.00,55076.00,55357.00,58346.00,59439.00,60122.00,60512.00,62147.00,61480.00,61267.00,61694.00,60102.00,61441.00,61540.00,62468.00,63417.00,61525.00,58448.00,57082.00,57550.00,59005.00,60154.00,61808.00,63408.00,64753.00,62635.00,63774.00,63562.00,64919.00,64254.00,64418.00,62958.00,61196.00,59243.00,56897.00,54317.00,52830.00,50844.00,48116.00,46604.00,44177.00,43586.00,42590.00,40748.00,40716.00,40839.00,42053.00,44643.00,48445.00,36250.00,34010.00,32927.00,29264.00,24937.00,20912.00,21052.00,19585.00,17656.00,15692.00,13796.00,11683.00,9742.00,33433.00
E06000036,Bracknell Forest,Unitary Authority,63078.00,681.00,744.00,734.00,755.00,723.00,809.00,804.00,803.00,814.00,837.00,874.00,874.00,821.00,882.00,891.00,868.00,877.00,832.00,834.00,535.00,459.00,541.00,676.00,726.00,770.00,816.00,815.00,795.00,793.00,850.00,816.00,915.00,911.00,894.00,977.00,992.00,981.00,940.00,922.00,953.00,933.00,1020.00,947.00,1001.00,907.00,818.00,775.00,877.00,858.00,883.00,835.00,879.00,887.00,869.00,876.00,865.00,905.00,836.00,809.00,856.00,763.00,749.00,752.00,677.00,683.00,629.00,577.00,607.00,522.00,514.00,518.00,462.00,494.00,468.00,402.00,477.00,468.00,361.00,334.00,327.00,286.00,225.00,208.00,216.00,185.00,175.00,151.00,144.00,114.00,113.00,307.00
E06000043,Brighton and Hove,Unitary Authority,136839.00,1028.00,1135.00,1108.00,1193.00,1160.00,1276.00,1280.00,1313.00,1356.00,1305.00,1353.00,1353.00,1411.00,1492.00,1453.00,1542.00,1483.00,1511.00,1852.00,3058.00,3219.00,2888.00,2784.00,2210.00,2432.00,1967.00,2033.00,2053.00,1996.00,2102.00,2069.00,2083.00,2132.00,2062.00,1964.00,1978.00,2010.00,1889.00,1810.00,2015.00,1860.00,1858.00,1900.00,1854.00,1907.00,1823.00,1823.00,1728.00,1703.00,2013.00,2085.00,2195.00,2136.00,1951.00,2023.00,2089.00,1997.00,2033.00,2032.00,1804.00,1669.00,1576.00,1452.00,1431.00,1367.00,1210.00,1119.00,1099.00,1070.00,1039.00,954.00,912.00,977.00,825.00,921.00,944.00,995.00,720.00,623.00,654.00,510.00,451.00,402.00,431.00,332.00,312.00,307.00,249.00,225.00,197.00,694.00
E06000046,Isle of Wight,Unitary Authority,68226.00,507.00,537.00,579.00,549.00,635.00,609.00,620.00,692.00,718.00,731.00,717.00,767.00,726.00,719.00,717.00,764.00,738.00,735.00,663.00,532.00,524.00,464.00,592.00,590.00,619.00,625.00,726.00,666.00,653.00,677.00,644.00,648.00,740.00,651.00,746.00,804.00,732.00,737.00,705.00,692.00,730.00,648.00,695.00,706.00,746.00,653.00,666.00,674.00,778.00,751.00,827.00,772.00,938.00,923.00,957.00,1019.00,1075.00,1078.00,1152.00,1082.00,1147.00,1103.00,1027.00,1066.00,1064.00,1071.00,962.00,1002.00,1011.00,1044.00,955.00,934.00,926.00,936.00,1010.00,1104.00,1179.00,887.00,846.00,779.00,720.00,640.00,455.00,499.00,420.00,387.00,303.00,296.00,231.00,225.00,637.00
E06000035,Medway,Unitary Authority,140334.00,1644.00,1835.00,1730.00,1784.00,1872.00,1954.00,1915.00,1954.00,1951.00,1956.00,1906.00,2039.00,1985.00,1940.00,1957.00,1907.00,1828.00,1803.00,1744.00,1499.00,1451.00,1516.00,1505.00,1582.00,1738.00,1746.00,1750.00,1744.00,1726.00,1977.00,1801.00,1946.00,2019.00,1982.00,2005.00,2098.00,2023.00,2049.00,2040.00,1865.00,1902.00,2025.00,1895.00,2005.00,1874.00,1773.00,1692.00,1697.00,1742.00,1725.00,1795.00,1777.00,1868.00,1829.00,1895.00,1833.00,1849.00,1967.00,1845.00,1778.00,1791.00,1688.00,1643.00,1481.00,1445.00,1421.00,1418.00,1244.00,1211.00,1233.00,1167.00,1117.00,1043.00,1075.00,1120.00,1180.00,1248.00,904.00,833.00,777.00,696.00,602.00,509.00,466.00,439.00,414.00,348.00,279.00,216.00,179.00,615.00
E06000042,Milton Keynes,Unitary Authority,147013.00,1563.00,1704.00,1911.00,1858.00,1988.00,2051.00,2051.00,2087.00,2195.00,2165.00,2282.00,2281.00,2354.00,2265.00,2219.00,2210.00,2027.00,2040.00,1878.00,1424.00,1175.00,1300.00,1464.00,1678.00,1837.00,1801.00,1927.00,1865.00,1890.00,1882.00,1925.00,2158.00,2129.00,2203.00,2128.00,2305.00,2291.00,2331.00,2380.00,2292.00,2324.00,2367.00,2463.00,2334.00,2342.00,2262.00,2027.00,2075.00,2050.00,2098.00,1994.00,1895.00,2020.00,1892.00,1920.00,1807.00,1825.00,1721.00,1770.00,1708.00,1538.00,1456.00,1456.00,1462.00,1417.00,1309.00,1278.00,1191.00,1153.00,1123.00,1092.00,1036.00,1075.00,968.00,988.00,994.00,998.00,755.00,630.00,705.00,577.00,488.00,439.00,379.00,389.00,315.00,271.00,237.00,192.00,157.00,537.00
E06000044,Portsmouth,Unitary Authority,104885.00,1090.00,1077.00,1163.00,1233.00,1120.00,1163.00,1169.00,1253.00,1261.00,1288.00,1239.00,1213.00,1213.00,1257.00,1274.00,1167.00,1204.00,1156.00,1370.00,2062.00,2518.00,2869.00,2231.00,1875.00,1460.00,1527.00,1556.00,1531.00,1556.00,1580.00,1645.00,1659.00,1605.00,1519.00,1541.00,1560.00,1585.00,1627.00,1582.00,1402.00,1457.00,1426.00,1342.00,1387.00,1202.00,1236.00,1177.00,1149.00,1170.00,1191.00,1237.00,1300.00,1332.00,1281.00,1276.00,1313.00,1258.00,1230.00,1241.00,1250.00,1224.00,1166.00,1207.00,1074.00,1001.00,973.00,886.00,879.00,785.00,760.00,736.00,714.00,694.00,731.00,670.00,740.00,838.00,598.00,574.00,514.00,435.00,383.00,315.00,305.00,288.00,283.00,206.00,218.00,193.00,173.00,467.00
E06000038,Reading,Unitary Authority,89228.00,1072.00,1114.00,1081.00,1108.00,1073.00,999.00,1150.00,1164.00,1014.00,1071.00,1149.00,1057.00,1036.00,1057.00,1067.00,1096.00,1069.00,1024.00,1127.00,1533.00,1711.00,1818.00,1724.00,1453.00,1371.00,1375.00,1316.00,1486.00,1432.00,1490.00,1417.00,1422.00,1470.00,1543.00,1533.00,1558.00,1483.00,1497.00,1428.00,1457.00,1463.00,1449.00,1437.00,1408.00,1364.00,1149.00,1189.00,1114.00,1174.00,1071.00,1152.00,1079.00,1073.00,1056.00,1031.00,995.00,1009.00,997.00,918.00,931.00,861.00,847.00,856.00,828.00,758.00,699.00,624.00,613.00,550.00,540.00,520.00,483.00,460.00,426.00,443.00,499.00,525.00,351.00,356.00,385.00,334.00,313.00,217.00,288.00,204.00,185.00,201.00,139.00,123.00,112.00,384.00
E06000039,Slough,Unitary Authority,79687.00,1150.00,1108.00,1094.00,1252.00,1245.00,1177.00,1271.00,1380.00,1289.00,1394.00,1310.00,1369.00,1363.00,1314.00,1262.00,1281.00,1290.00,1176.00,1136.00,887.00,845.00,806.00,876.00,1001.00,1023.00,950.00,1057.00,1022.00,1073.00,1074.00,1005.00,1065.00,1156.00,1163.00,1144.00,1175.00,1231.00,1276.00,1364.00,1319.00,1392.00,1426.00,1425.00,1437.00,1325.00,1338.00,1241.00,1147.00,1143.00,1112.00,1121.00,1039.00,1051.00,935.00,1010.00,972.00,877.00,837.00,851.00,712.00,689.00,683.00,712.00,639.00,624.00,595.00,543.00,519.00,533.00,499.00,454.00,403.00,442.00,406.00,333.00,292.00,290.00,191.00,214.00,204.00,193.00,178.00,168.00,168.00,150.00,119.00,127.00,117.00,98.00,88.00,252.00
E06000045,Southampton,Unitary Authority,127997.00,1356.00,1408.00,1425.00,1431.00,1405.00,1439.00,1408.00,1447.00,1508.00,1510.00,1434.00,1519.00,1541.00,1396.00,1443.00,1467.00,1311.00,1363.00,1728.00,3161.00,3592.00,3147.00,2661.00,2567.00,2563.00,2340.00,2141.00,2050.00,2154.00,2020.00,2028.00,2047.00,1994.00,2089.00,1884.00,1940.00,1818.00,1885.00,1900.00,1830.00,1883.00,1762.00,1702.00,1715.00,1591.00,1569.00,1497.00,1521.00,1488.00,1445.00,1485.00,1481.00,1467.00,1427.00,1293.00,1347.00,1335.00,1372.00,1461.00,1385.00,1347.00,1310.00,1204.00,1139.00,1160.00,1115.00,1000.00,1030.00,944.00,922.00,936.00,805.00,838.00,824.00,791.00,731.00,793.00,694.00,636.00,560.00,490.00,455.00,390.00,362.00,362.00,265.00,241.00,224.00,168.00,152.00,533.00
E06000037,West Berkshire,Unitary Authority,80354.00,743.00,820.00,831.00,894.00,853.00,916.00,932.00,1011.00,973.00,1012.00,1063.00,1128.00,1062.00,1150.00,1153.00,1211.00,1074.00,1113.00,947.00,705.00,623.00,566.00,667.00,820.00,824.00,893.00,800.00,839.00,911.00,854.00,898.00,954.00,1018.00,990.00,988.00,1044.00,962.00,1030.00,1046.00,982.00,986.00,974.00,1050.00,1024.00,1064.00,1027.00,1079.00,1040.00,1109.00,1053.00,1146.00,1224.00,1252.00,1227.00,1290.00,1207.00,1246.00,1213.00,1129.00,1151.00,1142.00,1087.00,1037.00,1022.00,1018.00,914.00,883.00,846.00,790.00,819.00,811.00,756.00,747.00,704.00,752.00,821.00,872.00,660.00,627.00,578.00,475.00,414.00,351.00,396.00,312.00,322.00,278.00,216.00,211.00,149.00,553.00
E06000040,Windsor and Maidenhead,Unitary Authority,76312.00,697.00,783.00,822.00,833.00,921.00,872.00,881.00,922.00,932.00,959.00,1006.00,1095.00,1087.00,1092.00,1325.00,1287.00,1278.00,1183.00,1097.00,642.00,525.00,505.00,644.00,771.00,815.00,871.00,842.00,842.00,795.00,777.00,846.00,880.00,936.00,893.00,966.00,930.00,929.00,950.00,950.00,931.00,1047.00,1044.00,1091.00,1141.00,1103.00,1110.00,1027.00,1085.00,1074.00,1121.00,1144.00,1109.00,1202.00,1099.00,1058.00,1104.00,1145.00,1053.00,1108.00,997.00,1006.00,1049.00,960.00,874.00,838.00,796.00,794.00,695.00,702.00,627.00,629.00,645.00,638.00,637.00,645.00,686.00,732.00,553.00,516.00,530.00,457.00,377.00,323.00,316.00,337.00,303.00,281.00,206.00,212.00,164.00,610.00
E06000041,Wokingham,Unitary Authority,90450.00,831.00,1005.00,1002.00,1054.00,1186.00,1216.00,1160.00,1330.00,1301.00,1324.00,1418.00,1483.00,1494.00,1417.00,1386.00,1297.00,1200.00,1161.00,1156.00,1028.00,837.00,778.00,838.00,838.00,917.00,917.00,908.00,828.00,915.00,976.00,1003.00,1037.00,960.00,1038.00,1026.00,1147.00,1149.00,1226.00,1235.00,1149.00,1335.00,1342.00,1359.00,1593.00,1395.00,1387.00,1409.00,1392.00,1316.00,1427.00,1337.00,1395.00,1331.00,1293.00,1288.00,1135.00,1175.00,1156.00,1191.00,1145.00,1178.00,1098.00,980.00,1023.00,903.00,1007.00,841.00,835.00,722.00,725.00,701.00,687.00,675.00,645.00,696.00,805.00,836.00,534.00,586.00,569.00,492.00,450.00,363.00,365.00,319.00,318.00,310.00,235.00,205.00,173.00,602.00
E06000060,Buckinghamshire,Unitary Authority,276603.00,2831.00,3041.00,3281.00,3352.00,3430.00,3654.00,3562.00,3599.00,3719.00,3705.00,3844.00,4040.00,4000.00,3965.00,3808.00,3783.00,3790.00,3598.00,3518.00,2421.00,2083.00,2213.00,2485.00,2757.00,2896.00,3019.00,2893.00,2780.00,2859.00,3049.00,3024.00,3270.00,3435.00,3343.00,3540.00,3676.00,3578.00,3558.00,3557.00,3599.00,3778.00,3915.00,3956.00,4058.00,3954.00,3837.00,3669.00,3731.00,3729.00,3793.00,3848.00,4027.00,3920.00,3764.00,3805.00,3844.00,4029.00,3964.00,3981.00,3926.00,3671.00,3599.00,3389.00,3290.00,3152.00,3012.00,2860.00,2799.00,2628.00,2478.00,2437.00,2367.00,2209.00,2306.00,2392.00,2456.00,2713.00,1947.00,1914.00,1875.00,1635.00,1518.00,1239.00,1225.00,1168.00,1100.00,998.00,875.00,691.00,573.00,2004.00
E10000011,East Sussex,County,266787.00,2191.00,2441.00,2576.00,2706.00,2760.00,2854.00,2832.00,2907.00,3000.00,2889.00,3182.00,3203.00,3292.00,3200.00,3326.00,3305.00,3438.00,3206.00,3013.00,2523.00,2308.00,2173.00,2400.00,2447.00,2659.00,2736.00,2613.00,2623.00,2537.00,2692.00,2642.00,2918.00,2812.00,2799.00,2968.00,3005.00,3017.00,2881.00,2943.00,2857.00,2968.00,2981.00,3080.00,3124.00,3075.00,2683.00,2672.00,2848.00,3049.00,3134.00,3500.00,3663.00,3784.00,3661.00,3871.00,3847.00,4120.00,3993.00,4093.00,4181.00,4067.00,3931.00,3835.00,3836.00,3720.00,3619.00,3427.00,3420.00,3105.00,3282.00,3241.00,3114.00,3222.00,3281.00,3307.00,3620.00,3917.00,2958.00,2698.00,2722.00,2375.00,2007.00,1629.00,1663.00,1556.00,1399.00,1211.00,1081.00,894.00,757.00,2692.00
E07000061,Eastbourne,Non-metropolitan District,49819.00,405.00,453.00,482.00,491.00,503.00,539.00,531.00,503.00,553.00,514.00,588.00,609.00,626.00,649.00,696.00,662.00,765.00,668.00,605.00,538.00,551.00,505.00,525.00,450.00,577.00,566.00,588.00,534.00,534.00,601.00,560.00,624.00,604.00,577.00,642.00,615.00,619.00,545.00,596.00,587.00,557.00,561.00,609.00,625.00,576.00,566.00,530.00,560.00,599.00,618.00,623.00,619.00,689.00,649.00,677.00,714.00,691.00,641.00,693.00,703.00,671.00,688.00,635.00,622.00,631.00,609.00,582.00,602.00,495.00,529.00,526.00,525.00,540.00,564.00,555.00,641.00,656.00,513.00,434.00,437.00,397.00,353.00,296.00,265.00,258.00,264.00,224.00,199.00,154.00,137.00,537.00
E07000062,Hastings,Non-metropolitan District,44013.00,451.00,457.00,450.00,497.00,513.00,520.00,504.00,523.00,528.00,507.00,539.00,506.00,536.00,513.00,545.00,565.00,552.00,540.00,536.00,447.00,396.00,382.00,405.00,461.00,473.00,483.00,481.00,511.00,519.00,498.00,522.00,563.00,531.00,577.00,540.00,586.00,601.00,568.00,539.00,562.00,535.00,556.00,569.00,552.00,554.00,465.00,473.00,537.00,511.00,536.00,616.00,620.00,650.00,621.00,609.00,693.00,679.00,690.00,666.00,695.00,668.00,650.00,621.00,602.00,579.00,512.00,526.00,501.00,467.00,500.00,462.00,442.00,477.00,433.00,454.00,477.00,464.00,346.00,350.00,349.00,258.00,222.00,185.00,181.00,159.00,147.00,144.00,107.00,105.00,86.00,285.00
E07000063,Lewes,Non-metropolitan District,48866.00,389.00,402.00,469.00,500.00,506.00,523.00,552.00,530.00,517.00,511.00,623.00,630.00,629.00,627.00,614.00,595.00,631.00,567.00,552.00,499.00,427.00,407.00,481.00,452.00,447.00,492.00,467.00,431.00,396.00,452.00,439.00,489.00,466.00,478.00,549.00,534.00,522.00,528.00,559.00,531.00,617.00,579.00,594.00,586.00,626.00,509.00,514.00,567.00,556.00,541.00,632.00,725.00,677.00,652.00,742.00,642.00,806.00,705.00,774.00,741.00,730.00,694.00,673.00,719.00,675.00,660.00,592.00,607.00,565.00,592.00,573.00,594.00,591.00,600.00,624.00,640.00,732.00,503.00,483.00,501.00,439.00,362.00,294.00,359.00,320.00,259.00,230.00,189.00,187.00,160.00,521.00
E07000064,Rother,Non-metropolitan District,45006.00,301.00,362.00,380.00,433.00,417.00,441.00,392.00,434.00,454.00,427.00,514.00,529.00,518.00,478.00,499.00,501.00,535.00,507.00,493.00,386.00,344.00,328.00,326.00,381.00,389.00,452.00,414.00,423.00,376.00,379.00,335.00,448.00,381.00,379.00,430.00,426.00,413.00,379.00,424.00,427.00,413.00,429.00,452.00,443.00,430.00,379.00,387.00,424.00,436.00,486.00,545.00,570.00,605.00,579.00,628.00,591.00,703.00,682.00,725.00,769.00,740.00,730.00,714.00,726.00,683.00,686.00,651.00,648.00,632.00,659.00,674.00,618.00,675.00,740.00,679.00,776.00,860.00,688.00,589.00,601.00,519.00,408.00,351.00,356.00,338.00,294.00,258.00,251.00,202.00,152.00,577.00
E07000065,Wealden,Non-metropolitan District,79083.00,645.00,767.00,795.00,785.00,821.00,831.00,853.00,917.00,948.00,930.00,918.00,929.00,983.00,933.00,972.00,982.00,955.00,924.00,827.00,653.00,590.00,551.00,663.00,703.00,773.00,743.00,663.00,724.00,712.00,762.00,786.00,794.00,830.00,788.00,807.00,844.00,862.00,861.00,825.00,750.00,846.00,856.00,856.00,918.00,889.00,764.00,768.00,760.00,947.00,953.00,1084.00,1129.00,1163.00,1160.00,1215.00,1207.00,1241.00,1275.00,1235.00,1273.00,1258.00,1169.00,1192.00,1167.00,1152.00,1152.00,1076.00,1062.00,946.00,1002.00,1006.00,935.00,939.00,944.00,995.00,1086.00,1205.00,908.00,842.00,834.00,762.00,662.00,503.00,502.00,481.00,435.00,355.00,335.00,246.00,222.00,772.00
E10000014,Hampshire,County,698860.00,6616.00,7121.00,7267.00,7521.00,7784.00,7676.00,8124.00,8412.00,8420.00,8365.00,8759.00,9123.00,8963.00,8715.00,8490.00,8541.00,8219.00,8380.00,8211.00,6717.00,6286.00,6460.00,6748.00,7021.00,7711.00,7713.00,7610.00,7759.00,7998.00,8002.00,7862.00,8463.00,8743.00,8929.00,8978.00,8830.00,8997.00,8996.00,8902.00,8622.00,8711.00,8640.00,8918.00,9082.00,8629.00,8203.00,8117.00,8200.00,8636.00,8692.00,9322.00,9571.00,9871.00,9728.00,9871.00,9795.00,10243.00,10085.00,10101.00,9971.00,9919.00,9719.00,9320.00,8981.00,8696.00,8396.00,8171.00,7828.00,7283.00,7218.00,7024.00,6802.00,6690.00,6827.00,7176.00,7573.00,8467.00,6323.00,6072.00,5757.00,5126.00,4249.00,3712.00,3736.00,3426.00,3040.00,2721.00,2400.00,2075.00,1742.00,5951.00
E07000084,Basingstoke and Deane,Non-metropolitan District,94257.00,1032.00,1101.00,1149.00,1135.00,1135.00,1060.00,1182.00,1170.00,1206.00,1161.00,1271.00,1295.00,1297.00,1169.00,1092.00,1095.00,1097.00,1060.00,1031.00,740.00,725.00,721.00,857.00,1012.00,1198.00,1126.00,1094.00,1253.00,1307.00,1253.00,1248.00,1298.00,1369.00,1502.00,1466.00,1388.00,1391.00,1441.00,1333.00,1329.00,1315.00,1321.00,1356.00,1368.00,1283.00,1226.00,1174.00,1211.00,1303.00,1252.00,1273.00,1286.00,1375.00,1327.00,1388.00,1344.00,1433.00,1290.00,1293.00,1321.00,1253.00,1249.00,1072.00,1094.00,999.00,974.00,902.00,886.00,805.00,822.00,775.00,776.00,739.00,775.00,784.00,782.00,893.00,685.00,612.00,589.00,562.00,419.00,392.00,414.00,343.00,324.00,281.00,230.00,190.00,160.00,548.00
E07000085,East Hampshire,Non-metropolitan District,62486.00,518.00,559.00,644.00,663.00,648.00,659.00,702.00,727.00,684.00,745.00,779.00,871.00,783.00,818.00,786.00,809.00,754.00,786.00,719.00,621.00,501.00,404.00,544.00,583.00,573.00,603.00,660.00,574.00,618.00,633.00,652.00,635.00,670.00,702.00,761.00,659.00,750.00,748.00,682.00,699.00,701.00,758.00,800.00,734.00,766.00,740.00,741.00,711.00,781.00,784.00,931.00,936.00,931.00,900.00,952.00,889.00,967.00,934.00,923.00,941.00,966.00,930.00,924.00,877.00,801.00,812.00,808.00,769.00,743.00,705.00,691.00,722.00,607.00,646.00,692.00,725.00,855.00,626.00,547.00,577.00,520.00,411.00,353.00,361.00,328.00,298.00,248.00,258.00,195.00,180.00,565.00
E07000086,Eastleigh,Non-metropolitan District,68871.00,695.00,774.00,719.00,740.00,790.00,866.00,826.00,878.00,869.00,949.00,925.00,957.00,963.00,971.00,857.00,871.00,821.00,869.00,805.00,647.00,592.00,593.00,595.00,671.00,753.00,759.00,782.00,730.00,807.00,837.00,893.00,882.00,974.00,1040.00,1021.00,960.00,931.00,941.00,996.00,943.00,904.00,949.00,979.00,972.00,930.00,858.00,827.00,875.00,845.00,892.00,941.00,897.00,968.00,991.00,919.00,941.00,912.00,907.00,920.00,941.00,892.00,839.00,820.00,832.00,805.00,765.00,722.00,735.00,668.00,658.00,669.00,605.00,591.00,562.00,659.00,671.00,654.00,515.00,538.00,495.00,437.00,332.00,324.00,330.00,285.00,286.00,238.00,188.00,177.00,174.00,545.00
E07000087,Fareham,Non-metropolitan District,55631.00,407.00,494.00,454.00,548.00,537.00,579.00,630.00,612.00,648.00,617.00,638.00,624.00,666.00,604.00,643.00,646.00,635.00,583.00,631.00,545.00,483.00,518.00,609.00,611.00,632.00,651.00,626.00,555.00,550.00,621.00,488.00,542.00,571.00,593.00,688.00,646.00,629.00,742.00,678.00,723.00,622.00,656.00,612.00,689.00,596.00,616.00,623.00,620.00,645.00,667.00,747.00,770.00,777.00,792.00,812.00,827.00,830.00,808.00,851.00,863.00,868.00,800.00,824.00,776.00,792.00,777.00,715.00,785.00,637.00,575.00,613.00,586.00,587.00,578.00,682.00,695.00,802.00,593.00,569.00,512.00,487.00,375.00,320.00,331.00,319.00,285.00,273.00,239.00,188.00,167.00,561.00
E07000088,Gosport,Non-metropolitan District,40272.00,395.00,389.00,408.00,447.00,440.00,454.00,436.00,457.00,504.00,464.00,511.00,544.00,529.00,541.00,500.00,524.00,519.00,497.00,498.00,467.00,434.00,389.00,416.00,461.00,510.00,452.00,416.00,445.00,446.00,462.00,501.00,492.00,494.00,478.00,486.00,511.00,468.00,507.00,513.00,484.00,523.00,428.00,474.00,524.00,465.00,424.00,430.00,439.00,437.00,468.00,463.00,536.00,573.00,518.00,524.00,556.00,589.00,607.00,606.00,599.00,584.00,579.00,561.00,612.00,535.00,505.00,475.00,480.00,446.00,430.00,384.00,403.00,447.00,398.00,413.00,476.00,473.00,377.00,354.00,308.00,253.00,218.00,178.00,218.00,193.00,161.00,155.00,115.00,90.00,65.00,314.00
E07000089,Hart,Non-metropolitan District,50167.00,451.00,472.00,531.00,537.00,631.00,558.00,635.00,646.00,654.00,620.00,658.00,689.00,714.00,665.00,640.00,659.00,613.00,679.00,653.00,467.00,494.00,566.00,507.00,509.00,589.00,566.00,504.00,567.00,559.00,539.00,527.00,576.00,579.00,550.00,580.00,557.00,621.00,652.00,614.00,589.00,664.00,637.00,700.00,671.00,688.00,625.00,664.00,647.00,722.00,748.00,785.00,816.00,782.00,714.00,730.00,707.00,704.00,706.00,736.00,673.00,714.00,697.00,638.00,583.00,563.00,521.00,498.00,492.00,432.00,456.00,435.00,425.00,404.00,480.00,450.00,501.00,543.00,414.00,370.00,371.00,341.00,301.00,268.00,277.00,240.00,210.00,200.00,155.00,143.00,125.00,384.00
E07000090,Havant,Non-metropolitan District,60660.00,611.00,655.00,568.00,636.00,693.00,636.00,716.00,733.00,715.00,697.00,713.00,785.00,780.00,717.00,762.00,700.00,685.00,723.00,688.00,575.00,533.00,530.00,532.00,560.00,630.00,582.00,632.00,634.00,689.00,639.00,673.00,731.00,746.00,780.00,659.00,731.00,752.00,693.00,733.00,735.00,686.00,676.00,721.00,639.00,687.00,599.00,583.00,602.00,631.00,687.00,712.00,760.00,804.00,854.00,886.00,851.00,924.00,936.00,916.00,928.00,883.00,908.00,891.00,835.00,853.00,823.00,811.00,786.00,765.00,723.00,729.00,672.00,631.00,648.00,666.00,742.00,813.00,612.00,594.00,506.00,507.00,394.00,351.00,363.00,336.00,282.00,258.00,217.00,227.00,167.00,603.00
E07000091,New Forest,Non-metropolitan District,84329.00,637.00,689.00,694.00,761.00,739.00,753.00,816.00,915.00,874.00,861.00,989.00,1001.00,964.00,964.00,981.00,964.00,923.00,884.00,917.00,710.00,594.00,624.00,739.00,634.00,803.00,803.00,727.00,765.00,686.00,748.00,703.00,843.00,815.00,806.00,790.00,807.00,921.00,757.00,836.00,790.00,895.00,836.00,913.00,947.00,930.00,872.00,840.00,864.00,891.00,948.00,1009.00,1089.00,1134.00,1197.00,1264.00,1197.00,1267.00,1346.00,1399.00,1381.00,1325.00,1374.00,1328.00,1251.00,1316.00,1249.00,1238.00,1150.00,1101.00,1206.00,1200.00,1092.00,1121.00,1148.00,1221.00,1256.00,1448.00,1042.00,1068.00,1001.00,856.00,755.00,656.00,630.00,553.00,521.00,482.00,426.00,370.00,321.00,1178.00
E07000092,Rushmoor,Non-metropolitan District,51811.00,616.00,638.00,705.00,659.00,702.00,653.00,580.00,613.00,695.00,627.00,591.00,616.00,577.00,620.00,546.00,572.00,564.00,605.00,585.00,528.00,552.00,606.00,683.00,695.00,667.00,718.00,745.00,795.00,844.00,842.00,816.00,881.00,895.00,919.00,872.00,891.00,912.00,919.00,852.00,798.00,786.00,759.00,752.00,802.00,677.00,667.00,625.00,658.00,638.00,621.00,657.00,653.00,715.00,673.00,623.00,635.00,671.00,708.00,617.00,582.00,643.00,608.00,595.00,530.00,465.00,445.00,466.00,394.00,342.00,360.00,332.00,300.00,348.00,327.00,366.00,413.00,476.00,311.00,291.00,340.00,270.00,230.00,199.00,196.00,173.00,141.00,98.00,96.00,77.00,67.00,199.00
E07000093,Test Valley,Non-metropolitan District,65780.00,677.00,706.00,723.00,677.00,772.00,765.00,838.00,835.00,820.00,767.00,859.00,866.00,820.00,770.00,809.00,788.00,714.00,737.00,752.00,530.00,440.00,479.00,501.00,579.00,671.00,700.00,748.00,716.00,739.00,722.00,787.00,834.00,875.00,838.00,970.00,896.00,855.00,863.00,880.00,787.00,803.00,860.00,860.00,931.00,830.00,811.00,781.00,789.00,905.00,852.00,918.00,926.00,908.00,936.00,931.00,947.00,1042.00,1002.00,949.00,918.00,930.00,915.00,841.00,808.00,793.00,776.00,822.00,720.00,695.00,664.00,610.00,595.00,617.00,664.00,636.00,682.00,774.00,570.00,562.00,571.00,467.00,433.00,339.00,300.00,347.00,274.00,238.00,247.00,234.00,163.00,489.00
E07000094,Winchester,Non-metropolitan District,64596.00,577.00,644.00,672.00,718.00,697.00,693.00,763.00,826.00,751.00,857.00,825.00,875.00,870.00,876.00,874.00,913.00,894.00,957.00,932.00,887.00,938.00,1030.00,765.00,706.00,685.00,753.00,676.00,725.00,753.00,706.00,574.00,749.00,755.00,721.00,685.00,784.00,767.00,733.00,785.00,745.00,812.00,760.00,751.00,805.00,777.00,765.00,829.00,784.00,838.00,773.00,886.00,902.00,904.00,826.00,842.00,901.00,904.00,841.00,891.00,824.00,861.00,820.00,826.00,783.00,774.00,749.00,714.00,631.00,649.00,619.00,586.00,626.00,598.00,601.00,607.00,630.00,736.00,578.00,567.00,487.00,426.00,381.00,332.00,316.00,309.00,258.00,250.00,229.00,184.00,153.00,565.00
E10000016,Kent,County,784056.00,8374.00,8847.00,8873.00,9442.00,9655.00,9984.00,9911.00,10033.00,9994.00,9966.00,10467.00,10862.00,10847.00,10589.00,10546.00,10391.00,10372.00,10081.00,9448.00,8220.00,7490.00,7863.00,7908.00,8078.00,8229.00,8557.00,8440.00,8349.00,8573.00,8930.00,9308.00,9719.00,9758.00,9859.00,9964.00,10174.00,10127.00,10197.00,10230.00,9835.00,9981.00,9923.00,10248.00,10306.00,10074.00,9417.00,9263.00,9396.00,9641.00,9781.00,10039.00,10453.00,10941.00,10468.00,10953.00,10968.00,10984.00,11151.00,11226.00,10736.00,10392.00,10296.00,9795.00,9191.00,9264.00,8671.00,8369.00,7996.00,7850.00,7703.00,7514.00,7142.00,7260.00,7448.00,7538.00,8154.00,8924.00,6648.00,6124.00,5870.00,5157.00,4400.00,3779.00,3681.00,3587.00,3073.00,2603.00,2350.00,1955.00,1581.00,5302.00
E07000105,Ashford,Non-metropolitan District,67306.00,733.00,790.00,779.00,823.00,797.00,924.00,871.00,900.00,889.00,892.00,949.00,940.00,916.00,906.00,938.00,899.00,836.00,829.00,800.00,602.00,553.00,651.00,625.00,636.00,737.00,753.00,803.00,744.00,767.00,784.00,866.00,911.00,877.00,913.00,864.00,892.00,932.00,878.00,869.00,847.00,853.00,847.00,809.00,884.00,825.00,804.00,818.00,784.00,779.00,820.00,805.00,854.00,930.00,987.00,1010.00,1026.00,984.00,970.00,974.00,943.00,875.00,919.00,922.00,802.00,719.00,679.00,675.00,645.00,641.00,603.00,656.00,627.00,570.00,618.00,611.00,676.00,728.00,532.00,560.00,508.00,491.00,361.00,303.00,322.00,286.00,254.00,211.00,193.00,156.00,139.00,403.00
E07000106,Canterbury,Non-metropolitan District,77065.00,642.00,683.00,729.00,776.00,750.00,785.00,791.00,839.00,838.00,859.00,855.00,938.00,936.00,919.00,937.00,956.00,1050.00,1084.00,1094.00,1941.00,2113.00,1973.00,1460.00,1027.00,814.00,838.00,850.00,810.00,822.00,796.00,889.00,829.00,835.00,821.00,877.00,878.00,872.00,854.00,881.00,831.00,851.00,822.00,899.00,894.00,793.00,814.00,750.00,802.00,856.00,852.00,907.00,942.00,992.00,919.00,984.00,926.00,972.00,1013.00,1094.00,971.00,980.00,960.00,924.00,858.00,864.00,885.00,862.00,864.00,802.00,791.00,784.00,788.00,755.00,836.00,853.00,867.00,929.00,712.00,619.00,566.00,573.00,441.00,391.00,413.00,430.00,317.00,268.00,256.00,207.00,164.00,581.00
E07000107,Dartford,Non-metropolitan District,58873.00,874.00,868.00,840.00,902.00,907.00,961.00,906.00,857.00,861.00,875.00,869.00,980.00,989.00,908.00,809.00,788.00,791.00,767.00,748.00,493.00,415.00,499.00,554.00,560.00,603.00,604.00,650.00,633.00,731.00,730.00,838.00,780.00,933.00,973.00,989.00,968.00,917.00,937.00,1008.00,896.00,907.00,941.00,999.00,937.00,925.00,863.00,855.00,879.00,795.00,794.00,768.00,739.00,784.00,725.00,760.00,721.00,777.00,763.00,707.00,680.00,646.00,589.00,561.00,548.00,554.00,484.00,452.00,450.00,397.00,401.00,369.00,365.00,348.00,357.00,352.00,390.00,372.00,320.00,275.00,271.00,229.00,202.00,202.00,167.00,149.00,151.00,155.00,119.00,111.00,82.00,275.00
E07000108,Dover,Non-metropolitan District,57702.00,543.00,534.00,586.00,634.00,602.00,653.00,660.00,672.00,644.00,693.00,739.00,690.00,763.00,747.00,771.00,697.00,694.00,685.00,620.00,496.00,460.00,493.00,479.00,515.00,553.00,623.00,608.00,591.00,622.00,660.00,635.00,673.00,677.00,638.00,715.00,739.00,719.00,716.00,702.00,674.00,671.00,646.00,675.00,623.00,641.00,638.00,593.00,616.00,598.00,620.00,671.00,717.00,813.00,718.00,772.00,769.00,867.00,869.00,975.00,888.00,881.00,837.00,792.00,770.00,888.00,764.00,796.00,713.00,734.00,742.00,727.00,637.00,635.00,670.00,693.00,723.00,810.00,621.00,558.00,520.00,425.00,415.00,344.00,324.00,298.00,259.00,217.00,204.00,145.00,109.00,456.00
E07000112,Folkestone and Hythe,Non-metropolitan District,54100.00,460.00,491.00,524.00,527.00,557.00,521.00,614.00,579.00,561.00,558.00,651.00,624.00,674.00,649.00,660.00,681.00,717.00,696.00,577.00,486.00,417.00,478.00,545.00,537.00,506.00,586.00,610.00,506.00,541.00,591.00,547.00,644.00,583.00,566.00,633.00,635.00,642.00,580.00,608.00,624.00,596.00,606.00,662.00,665.00,621.00,606.00,562.00,538.00,611.00,652.00,604.00,710.00,802.00,697.00,820.00,848.00,756.00,885.00,805.00,821.00,854.00,794.00,788.00,779.00,764.00,697.00,674.00,640.00,649.00,666.00,645.00,618.00,689.00,640.00,653.00,776.00,874.00,602.00,556.00,542.00,429.00,383.00,340.00,310.00,288.00,251.00,231.00,187.00,174.00,124.00,430.00
E07000109,Gravesham,Non-metropolitan District,52460.00,668.00,677.00,638.00,727.00,682.00,778.00,687.00,762.00,730.00,790.00,739.00,819.00,802.00,784.00,719.00,713.00,727.00,731.00,633.00,516.00,443.00,510.00,564.00,617.00,655.00,631.00,626.00,610.00,602.00,671.00,612.00,703.00,687.00,717.00,676.00,736.00,748.00,734.00,693.00,708.00,718.00,659.00,703.00,722.00,711.00,617.00,601.00,640.00,656.00,666.00,641.00,664.00,754.00,733.00,727.00,700.00,653.00,752.00,682.00,674.00,697.00,641.00,610.00,581.00,585.00,520.00,486.00,507.00,461.00,434.00,422.00,358.00,432.00,358.00,422.00,439.00,461.00,334.00,321.00,326.00,282.00,265.00,213.00,213.00,194.00,174.00,124.00,119.00,110.00,107.00,326.00
E07000110,Maidstone,Non-metropolitan District,90822.00,1099.00,1108.00,1072.00,1182.00,1240.00,1217.00,1198.00,1155.00,1217.00,1179.00,1221.00,1264.00,1213.00,1113.00,1161.00,1085.00,1063.00,1067.00,1057.00,749.00,658.00,717.00,902.00,1002.00,1019.00,1070.00,967.00,1147.00,1114.00,1176.00,1279.00,1317.00,1210.00,1279.00,1232.00,1324.00,1220.00,1260.00,1341.00,1224.00,1252.00,1234.00,1295.00,1280.00,1228.00,1118.00,1091.00,1136.00,1127.00,1184.00,1221.00,1224.00,1300.00,1242.00,1349.00,1247.00,1254.00,1288.00,1225.00,1202.00,1082.00,1108.00,1048.00,1017.00,1001.00,935.00,860.00,876.00,850.00,744.00,782.00,758.00,767.00,770.00,790.00,866.00,1001.00,738.00,642.00,656.00,528.00,446.00,418.00,366.00,394.00,320.00,271.00,286.00,217.00,183.00,487.00
E07000111,Sevenoaks,Non-metropolitan District,58297.00,589.00,668.00,702.00,679.00,731.00,730.00,793.00,726.00,813.00,718.00,808.00,807.00,834.00,852.00,838.00,889.00,838.00,736.00,722.00,488.00,370.00,374.00,431.00,542.00,561.00,526.00,479.00,547.00,532.00,517.00,485.00,597.00,621.00,645.00,649.00,665.00,688.00,700.00,684.00,697.00,710.00,758.00,715.00,781.00,793.00,794.00,727.00,761.00,798.00,765.00,831.00,836.00,844.00,774.00,800.00,824.00,916.00,874.00,896.00,785.00,782.00,887.00,781.00,706.00,681.00,656.00,623.00,613.00,591.00,599.00,610.00,581.00,530.00,585.00,567.00,666.00,735.00,549.00,525.00,486.00,418.00,345.00,292.00,297.00,298.00,277.00,229.00,221.00,182.00,136.00,596.00
E07000113,Swale,Non-metropolitan District,77223.00,823.00,880.00,886.00,925.00,1032.00,1029.00,1001.00,1063.00,954.00,1023.00,1061.00,1096.00,1024.00,1033.00,997.00,993.00,978.00,999.00,876.00,760.00,672.00,690.00,723.00,859.00,875.00,898.00,950.00,930.00,909.00,990.00,1047.00,1043.00,1054.00,1083.00,1021.00,1000.00,1048.00,1089.00,1014.00,997.00,1025.00,1039.00,994.00,1039.00,1036.00,868.00,871.00,930.00,881.00,887.00,1003.00,1019.00,1014.00,1022.00,1051.00,1120.00,1054.00,1101.00,1053.00,1135.00,1047.00,979.00,977.00,885.00,904.00,861.00,870.00,804.00,747.00,753.00,691.00,649.00,737.00,717.00,683.00,756.00,824.00,597.00,570.00,566.00,460.00,406.00,321.00,344.00,314.00,280.00,198.00,189.00,167.00,108.00,352.00
E07000114,Thanet,Non-metropolitan District,67555.00,708.00,744.00,742.00,806.00,826.00,806.00,772.00,879.00,795.00,762.00,851.00,915.00,868.00,858.00,901.00,908.00,842.00,803.00,829.00,681.00,546.00,580.00,589.00,657.00,666.00,680.00,661.00,648.00,683.00,718.00,747.00,811.00,810.00,800.00,791.00,797.00,805.00,889.00,854.00,796.00,781.00,807.00,841.00,818.00,794.00,755.00,787.00,731.00,773.00,810.00,826.00,873.00,911.00,859.00,888.00,914.00,934.00,885.00,1007.00,955.00,958.00,980.00,913.00,831.00,876.00,886.00,821.00,749.00,797.00,826.00,733.00,754.00,785.00,767.00,791.00,847.00,911.00,673.00,633.00,569.00,519.00,464.00,389.00,394.00,329.00,281.00,279.00,203.00,182.00,148.00,494.00
E07000115,Tonbridge and Malling,Non-metropolitan District,65626.00,668.00,752.00,754.00,816.00,827.00,892.00,897.00,867.00,890.00,887.00,953.00,925.00,915.00,982.00,965.00,960.00,951.00,883.00,825.00,578.00,509.00,535.00,565.00,635.00,624.00,721.00,696.00,621.00,670.00,722.00,702.00,806.00,833.00,795.00,834.00,871.00,819.00,847.00,795.00,804.00,829.00,845.00,866.00,854.00,886.00,833.00,845.00,811.00,922.00,946.00,919.00,987.00,983.00,946.00,950.00,1001.00,952.00,911.00,929.00,904.00,833.00,860.00,825.00,740.00,758.00,699.00,708.00,594.00,634.00,593.00,614.00,538.00,539.00,591.00,589.00,639.00,674.00,514.00,451.00,443.00,408.00,360.00,296.00,262.00,323.00,259.00,249.00,196.00,158.00,154.00,415.00
E07000116,Tunbridge Wells,Non-metropolitan District,57027.00,567.00,652.00,621.00,645.00,704.00,688.00,721.00,734.00,802.00,730.00,771.00,864.00,913.00,838.00,850.00,822.00,885.00,801.00,667.00,430.00,334.00,363.00,471.00,491.00,616.00,627.00,540.00,562.00,580.00,575.00,661.00,605.00,638.00,629.00,683.00,669.00,717.00,713.00,781.00,737.00,788.00,719.00,790.00,809.00,821.00,707.00,763.00,768.00,845.00,785.00,843.00,888.00,814.00,846.00,842.00,872.00,865.00,840.00,879.00,778.00,757.00,742.00,654.00,674.00,670.00,605.00,542.00,541.00,547.00,551.00,481.00,469.00,473.00,539.00,534.00,509.00,605.00,456.00,414.00,417.00,395.00,312.00,270.00,269.00,284.00,250.00,171.00,177.00,146.00,127.00,487.00
E10000025,Oxfordshire,County,370453.00,3737.00,3985.00,3948.00,4110.00,4235.00,4151.00,4244.00,4426.00,4314.00,4410.00,4509.00,4621.00,4852.00,4625.00,4542.00,4762.00,4555.00,4607.00,4510.00,5466.00,5501.00,5710.00,4870.00,4665.00,4946.00,5145.00,5091.00,4845.00,4922.00,4974.00,4986.00,5305.00,5161.00,5372.00,5233.00,5390.00,5254.00,5082.00,5056.00,4950.00,5049.00,4863.00,4888.00,4982.00,4716.00,4486.00,4440.00,4407.00,4521.00,4574.00,4649.00,4716.00,4804.00,4787.00,4866.00,4949.00,4996.00,4970.00,4835.00,4802.00,4759.00,4430.00,4236.00,4080.00,3781.00,3810.00,3615.00,3395.00,3235.00,3163.00,3163.00,2979.00,3051.00,3044.00,3099.00,3268.00,3395.00,2503.00,2476.00,2362.00,2098.00,1858.00,1533.00,1566.00,1466.00,1293.00,1203.00,1095.00,900.00,775.00,2455.00
E07000177,Cherwell,Non-metropolitan District,82308.00,861.00,1040.00,1015.00,1047.00,1072.00,1046.00,996.00,1023.00,1044.00,978.00,1015.00,970.00,1105.00,1094.00,1027.00,1046.00,1035.00,973.00,907.00,701.00,671.00,660.00,702.00,809.00,926.00,1014.00,967.00,1046.00,1022.00,1130.00,1124.00,1233.00,1200.00,1249.00,1237.00,1297.00,1341.00,1280.00,1264.00,1205.00,1228.00,1151.00,1150.00,1215.00,1152.00,1057.00,1052.00,976.00,1038.00,1081.00,1071.00,1064.00,1060.00,1121.00,1157.00,1186.00,1185.00,1199.00,1101.00,1144.00,1142.00,989.00,975.00,965.00,863.00,843.00,835.00,813.00,731.00,688.00,698.00,658.00,657.00,661.00,709.00,717.00,720.00,506.00,509.00,520.00,438.00,383.00,346.00,329.00,275.00,274.00,248.00,211.00,191.00,152.00,502.00
E07000178,Oxford,Non-metropolitan District,81313.00,766.00,760.00,693.00,701.00,705.00,744.00,797.00,811.00,797.00,853.00,885.00,921.00,952.00,825.00,861.00,975.00,945.00,1073.00,1288.00,2908.00,3306.00,3396.00,2367.00,1603.00,1713.00,1727.00,1571.00,1362.00,1453.00,1445.00,1271.00,1321.00,1256.00,1291.00,1210.00,1254.00,1207.00,1149.00,1081.00,1044.00,1044.00,987.00,1034.00,1049.00,936.00,911.00,923.00,838.00,854.00,836.00,835.00,938.00,811.00,908.00,831.00,825.00,829.00,845.00,785.00,791.00,740.00,734.00,606.00,632.00,575.00,608.00,595.00,559.00,472.00,480.00,438.00,418.00,455.00,438.00,433.00,446.00,447.00,321.00,322.00,319.00,273.00,263.00,178.00,192.00,205.00,168.00,161.00,145.00,117.00,107.00,369.00
E07000179,South Oxfordshire,Non-metropolitan District,75529.00,730.00,763.00,811.00,839.00,839.00,876.00,913.00,984.00,921.00,924.00,951.00,959.00,997.00,989.00,908.00,990.00,884.00,932.00,841.00,602.00,457.00,593.00,667.00,779.00,832.00,904.00,888.00,864.00,876.00,851.00,867.00,965.00,1007.00,1035.00,1001.00,1010.00,948.00,934.00,998.00,989.00,988.00,948.00,976.00,1021.00,940.00,933.00,943.00,1005.00,1040.00,985.00,1056.00,1048.00,1199.00,1010.00,1136.00,1094.00,1217.00,1115.00,1100.00,1068.00,1112.00,965.00,989.00,950.00,853.00,845.00,764.00,751.00,720.00,737.00,763.00,695.00,672.00,724.00,689.00,747.00,769.00,672.00,595.00,583.00,519.00,440.00,376.00,368.00,380.00,351.00,285.00,276.00,211.00,190.00,598.00
E07000180,Vale of White Horse,Non-metropolitan District,72530.00,833.00,842.00,821.00,875.00,911.00,852.00,937.00,932.00,894.00,925.00,915.00,989.00,1045.00,979.00,1022.00,1060.00,967.00,966.00,849.00,672.00,573.00,545.00,576.00,725.00,784.00,748.00,914.00,876.00,828.00,850.00,920.00,975.00,957.00,1002.00,1057.00,1023.00,944.00,1020.00,969.00,1009.00,1025.00,973.00,982.00,978.00,989.00,904.00,877.00,935.00,929.00,928.00,945.00,889.00,923.00,923.00,961.00,1007.00,962.00,983.00,1016.00,990.00,906.00,922.00,879.00,791.00,777.00,801.00,745.00,701.00,666.00,677.00,683.00,673.00,674.00,654.00,705.00,705.00,818.00,511.00,559.00,485.00,429.00,409.00,351.00,378.00,301.00,274.00,269.00,239.00,199.00,173.00,476.00
E07000181,West Oxfordshire,Non-metropolitan District,58773.00,547.00,580.00,608.00,648.00,708.00,633.00,601.00,676.00,658.00,730.00,743.00,782.00,753.00,738.00,724.00,691.00,724.00,663.00,625.00,583.00,494.00,516.00,558.00,749.00,691.00,752.00,751.00,697.00,743.00,698.00,804.00,811.00,741.00,795.00,728.00,806.00,814.00,699.00,744.00,703.00,764.00,804.00,746.00,719.00,699.00,681.00,645.00,653.00,660.00,744.00,742.00,777.00,811.00,825.00,781.00,837.00,803.00,828.00,833.00,809.00,859.00,820.00,787.00,742.00,713.00,713.00,676.00,571.00,646.00,581.00,581.00,535.00,593.00,567.00,563.00,653.00,641.00,493.00,491.00,455.00,439.00,363.00,282.00,299.00,305.00,226.00,240.00,224.00,182.00,153.00,510.00
E10000030,Surrey,County,600186.00,5953.00,6576.00,6812.00,6960.00,7217.00,7295.00,7440.00,7702.00,7653.00,7688.00,7910.00,8241.00,8290.00,8013.00,8148.00,8289.00,7945.00,7666.00,7617.00,6592.00,6020.00,6194.00,6800.00,6858.00,7159.00,6930.00,6683.00,6222.00,6226.00,6196.00,6519.00,6689.00,7086.00,7350.00,7496.00,7779.00,7755.00,7579.00,8042.00,7811.00,8091.00,8323.00,8363.00,8590.00,8572.00,8325.00,8104.00,8228.00,8548.00,8531.00,8605.00,8745.00,8744.00,8460.00,8401.00,8334.00,8522.00,8324.00,8269.00,8300.00,8001.00,7628.00,7341.00,6787.00,6494.00,6329.00,5891.00,5734.00,5322.00,5182.00,5243.00,5017.00,4889.00,4832.00,5088.00,5363.00,5890.00,4575.00,4123.00,4070.00,3796.00,3096.00,2525.00,2641.00,2452.00,2270.00,2143.00,1875.00,1603.00,1315.00,4891.00
E07000207,Elmbridge,Non-metropolitan District,68058.00,708.00,786.00,794.00,933.00,908.00,887.00,980.00,969.00,941.00,1065.00,1002.00,1060.00,1126.00,1070.00,968.00,1034.00,994.00,977.00,894.00,519.00,339.00,438.00,572.00,695.00,669.00,641.00,578.00,546.00,553.00,561.00,592.00,568.00,715.00,750.00,760.00,790.00,826.00,785.00,883.00,831.00,964.00,1037.00,969.00,1102.00,1142.00,1131.00,1108.00,1096.00,1084.00,1154.00,1155.00,1123.00,1012.00,1042.00,1012.00,1003.00,984.00,935.00,969.00,876.00,860.00,891.00,841.00,731.00,707.00,691.00,672.00,606.00,595.00,573.00,548.00,557.00,525.00,529.00,536.00,575.00,575.00,507.00,432.00,451.00,394.00,318.00,289.00,244.00,279.00,226.00,228.00,195.00,166.00,133.00,579.00
E07000208,Epsom and Ewell,Non-metropolitan District,39693.00,364.00,431.00,489.00,483.00,492.00,512.00,550.00,555.00,560.00,576.00,582.00,610.00,586.00,603.00,616.00,600.00,583.00,543.00,534.00,328.00,283.00,328.00,381.00,439.00,417.00,453.00,457.00,378.00,395.00,365.00,401.00,394.00,439.00,458.00,477.00,447.00,476.00,483.00,527.00,515.00,614.00,577.00,573.00,635.00,643.00,576.00,569.00,649.00,644.00,558.00,596.00,633.00,569.00,519.00,563.00,528.00,579.00,526.00,538.00,583.00,543.00,448.00,457.00,413.00,380.00,416.00,399.00,384.00,308.00,299.00,318.00,314.00,319.00,313.00,344.00,342.00,414.00,309.00,244.00,243.00,235.00,200.00,179.00,169.00,129.00,122.00,134.00,105.00,95.00,78.00,258.00
E07000209,Guildford,Non-metropolitan District,74213.00,670.00,691.00,741.00,712.00,756.00,754.00,801.00,834.00,823.00,827.00,857.00,891.00,967.00,876.00,868.00,856.00,811.00,826.00,997.00,1641.00,1732.00,1536.00,1576.00,1337.00,1378.00,1210.00,1127.00,1041.00,995.00,924.00,873.00,956.00,981.00,1037.00,1053.00,907.00,924.00,933.00,880.00,910.00,899.00,896.00,971.00,1001.00,947.00,877.00,898.00,886.00,920.00,979.00,960.00,985.00,1010.00,884.00,965.00,990.00,968.00,927.00,951.00,976.00,888.00,864.00,875.00,762.00,684.00,740.00,666.00,651.00,615.00,604.00,601.00,595.00,535.00,558.00,542.00,590.00,659.00,518.00,434.00,446.00,399.00,321.00,284.00,284.00,258.00,237.00,212.00,199.00,167.00,109.00,517.00
E07000210,Mole Valley,Non-metropolitan District,43052.00,371.00,409.00,400.00,413.00,456.00,442.00,430.00,468.00,480.00,486.00,524.00,524.00,614.00,572.00,553.00,593.00,557.00,514.00,519.00,322.00,255.00,310.00,372.00,464.00,524.00,414.00,449.00,376.00,364.00,372.00,396.00,387.00,394.00,447.00,456.00,429.00,504.00,442.00,437.00,521.00,468.00,481.00,583.00,517.00,523.00,599.00,492.00,537.00,593.00,627.00,608.00,674.00,686.00,643.00,649.00,679.00,723.00,712.00,705.00,686.00,645.00,628.00,624.00,582.00,619.00,521.00,519.00,507.00,461.00,482.00,503.00,484.00,427.00,495.00,459.00,473.00,556.00,378.00,454.00,356.00,369.00,296.00,199.00,255.00,236.00,235.00,223.00,196.00,152.00,129.00,444.00
E07000211,Reigate and Banstead,Non-metropolitan District,76504.00,782.00,928.00,994.00,935.00,1019.00,976.00,987.00,1059.00,1036.00,1003.00,1060.00,1059.00,1066.00,1063.00,1091.00,1085.00,997.00,973.00,870.00,662.00,526.00,543.00,656.00,672.00,892.00,864.00,879.00,817.00,854.00,906.00,883.00,963.00,1038.00,1089.00,1117.00,1173.00,1079.00,1174.00,1146.00,1068.00,1090.00,1168.00,1084.00,1116.00,1157.00,1133.00,1004.00,1056.00,1072.00,1099.00,1062.00,1063.00,1071.00,1039.00,1035.00,1066.00,1009.00,1100.00,947.00,1040.00,940.00,934.00,859.00,880.00,809.00,747.00,742.00,710.00,665.00,615.00,621.00,603.00,591.00,610.00,608.00,690.00,697.00,560.00,476.00,459.00,433.00,398.00,284.00,266.00,289.00,257.00,256.00,199.00,180.00,150.00,581.00
E07000212,Runnymede,Non-metropolitan District,43650.00,485.00,524.00,494.00,488.00,496.00,505.00,502.00,482.00,537.00,466.00,453.00,569.00,498.00,504.00,479.00,564.00,497.00,454.00,623.00,957.00,986.00,1029.00,865.00,698.00,549.00,486.00,476.00,436.00,466.00,424.00,483.00,532.00,560.00,538.00,590.00,542.00,600.00,568.00,610.00,532.00,611.00,575.00,566.00,622.00,535.00,555.00,519.00,563.00,591.00,554.00,576.00,602.00,579.00,568.00,611.00,561.00,576.00,572.00,578.00,623.00,550.00,525.00,461.00,495.00,466.00,455.00,387.00,384.00,347.00,362.00,334.00,318.00,315.00,288.00,335.00,369.00,385.00,309.00,282.00,284.00,257.00,230.00,173.00,182.00,146.00,136.00,135.00,135.00,111.00,101.00,309.00
E07000213,Spelthorne,Non-metropolitan District,50954.00,560.00,606.00,631.00,639.00,598.00,664.00,689.00,669.00,671.00,680.00,667.00,665.00,679.00,632.00,673.00,635.00,635.00,600.00,589.00,468.00,358.00,416.00,509.00,514.00,525.00,610.00,640.00,558.00,550.00,587.00,621.00,623.00,664.00,718.00,660.00,850.00,786.00,681.00,812.00,755.00,725.00,837.00,805.00,711.00,762.00,724.00,701.00,642.00,671.00,636.00,677.00,721.00,728.00,718.00,694.00,669.00,714.00,735.00,696.00,666.00,691.00,705.00,662.00,576.00,553.00,517.00,446.00,482.00,434.00,390.00,436.00,390.00,412.00,358.00,403.00,394.00,460.00,369.00,313.00,307.00,291.00,231.00,228.00,248.00,203.00,205.00,190.00,147.00,134.00,107.00,353.00
E07000214,Surrey Heath,Non-metropolitan District,45378.00,440.00,489.00,441.00,488.00,511.00,525.00,522.00,609.00,563.00,532.00,571.00,641.00,635.00,590.00,614.00,541.00,593.00,586.00,617.00,378.00,323.00,316.00,387.00,430.00,518.00,516.00,548.00,473.00,490.00,522.00,536.00,529.00,548.00,534.00,524.00,625.00,557.00,567.00,549.00,620.00,591.00,635.00,605.00,615.00,612.00,621.00,628.00,599.00,657.00,631.00,653.00,619.00,716.00,687.00,673.00,618.00,683.00,659.00,664.00,683.00,685.00,631.00,629.00,495.00,504.00,508.00,462.00,455.00,422.00,414.00,423.00,370.00,373.00,357.00,397.00,397.00,522.00,355.00,317.00,353.00,343.00,275.00,217.00,207.00,209.00,185.00,193.00,156.00,149.00,136.00,392.00
E07000215,Tandridge,Non-metropolitan District,43134.00,452.00,495.00,547.00,526.00,541.00,558.00,535.00,601.00,527.00,551.00,578.00,555.00,565.00,585.00,562.00,581.00,558.00,565.00,516.00,358.00,287.00,311.00,424.00,451.00,503.00,464.00,414.00,448.00,441.00,400.00,402.00,406.00,453.00,519.00,486.00,533.00,522.00,516.00,581.00,550.00,542.00,527.00,557.00,549.00,585.00,583.00,552.00,527.00,584.00,603.00,614.00,591.00,636.00,657.00,598.00,633.00,638.00,658.00,621.00,691.00,642.00,622.00,604.00,523.00,479.00,479.00,454.00,462.00,422.00,403.00,440.00,383.00,371.00,398.00,400.00,470.00,489.00,386.00,325.00,325.00,295.00,252.00,196.00,210.00,195.00,196.00,154.00,139.00,101.00,106.00,400.00
E07000216,Waverley,Non-metropolitan District,63770.00,570.00,632.00,680.00,723.00,767.00,776.00,800.00,799.00,819.00,818.00,915.00,960.00,854.00,855.00,1030.00,1045.00,1039.00,938.00,883.00,599.00,484.00,539.00,546.00,602.00,619.00,595.00,524.00,477.00,492.00,511.00,570.00,643.00,604.00,578.00,624.00,704.00,724.00,749.00,806.00,761.00,814.00,834.00,863.00,866.00,817.00,783.00,876.00,882.00,955.00,963.00,928.00,996.00,1001.00,992.00,919.00,908.00,954.00,876.00,918.00,854.00,910.00,785.00,792.00,776.00,763.00,727.00,678.00,658.00,605.00,652.00,625.00,571.00,581.00,562.00,667.00,653.00,715.00,571.00,540.00,567.00,484.00,380.00,308.00,377.00,329.00,303.00,258.00,242.00,224.00,166.00,648.00
E07000217,Woking,Non-metropolitan District,51780.00,551.00,585.00,601.00,620.00,673.00,696.00,644.00,657.00,696.00,684.00,701.00,707.00,700.00,663.00,694.00,755.00,681.00,690.00,575.00,360.00,447.00,428.00,512.00,556.00,565.00,677.00,591.00,672.00,626.00,624.00,762.00,688.00,690.00,682.00,749.00,779.00,757.00,681.00,811.00,748.00,773.00,756.00,787.00,856.00,849.00,743.00,757.00,791.00,777.00,727.00,776.00,738.00,736.00,711.00,682.00,679.00,694.00,624.00,682.00,622.00,647.00,595.00,537.00,554.00,530.00,528.00,466.00,435.00,448.00,388.00,394.00,432.00,440.00,364.00,397.00,410.00,418.00,313.00,306.00,279.00,296.00,195.00,168.00,199.00,179.00,168.00,160.00,162.00,124.00,100.00,410.00
E10000032,West Sussex,County,437491.00,4152.00,4414.00,4529.00,4700.00,4862.00,4901.00,5062.00,5147.00,5288.00,5184.00,5514.00,5577.00,5666.00,5653.00,5421.00,5440.00,5311.00,5158.00,5004.00,4376.00,3705.00,3495.00,3915.00,4234.00,4472.00,4539.00,4518.00,4571.00,4766.00,4974.00,4919.00,5168.00,5374.00,5443.00,5431.00,5762.00,5558.00,5537.00,5602.00,5541.00,5551.00,5554.00,5709.00,5670.00,5685.00,5352.00,5215.00,5241.00,5276.00,5759.00,5687.00,6088.00,6132.00,5985.00,6090.00,6139.00,6329.00,6274.00,6406.00,6243.00,6032.00,5828.00,5695.00,5436.00,5445.00,5268.00,4858.00,4872.00,4761.00,4715.00,4495.00,4373.00,4386.00,4456.00,4682.00,4936.00,5365.00,4088.00,3828.00,3689.00,3412.00,2833.00,2355.00,2349.00,2193.00,2083.00,1789.00,1560.00,1377.00,1117.00,3947.00
E07000223,Adur,Non-metropolitan District,31332.00,279.00,313.00,329.00,332.00,326.00,340.00,354.00,400.00,380.00,409.00,423.00,467.00,429.00,394.00,408.00,437.00,418.00,386.00,369.00,281.00,250.00,242.00,246.00,280.00,301.00,313.00,312.00,295.00,308.00,314.00,290.00,348.00,360.00,363.00,340.00,390.00,357.00,379.00,380.00,325.00,384.00,442.00,413.00,396.00,428.00,376.00,409.00,374.00,390.00,458.00,407.00,505.00,520.00,443.00,463.00,404.00,430.00,447.00,513.00,440.00,423.00,400.00,443.00,374.00,369.00,358.00,345.00,333.00,334.00,331.00,339.00,299.00,338.00,296.00,330.00,380.00,362.00,301.00,305.00,277.00,281.00,212.00,189.00,177.00,173.00,146.00,150.00,116.00,103.00,71.00,268.00
E07000224,Arun,Non-metropolitan District,80752.00,680.00,731.00,665.00,774.00,794.00,805.00,821.00,826.00,884.00,808.00,907.00,909.00,891.00,886.00,899.00,902.00,832.00,813.00,875.00,804.00,693.00,654.00,694.00,713.00,781.00,757.00,805.00,839.00,863.00,850.00,837.00,891.00,960.00,973.00,949.00,899.00,965.00,957.00,972.00,907.00,915.00,896.00,932.00,884.00,913.00,827.00,768.00,799.00,830.00,865.00,989.00,1023.00,1105.00,1090.00,1144.00,1134.00,1183.00,1159.00,1196.00,1230.00,1162.00,1167.00,1110.00,1106.00,1100.00,1047.00,1086.00,1024.00,1018.00,1021.00,982.00,1026.00,1016.00,1083.00,1122.00,1212.00,1284.00,970.00,943.00,876.00,835.00,707.00,574.00,580.00,534.00,497.00,429.00,362.00,331.00,272.00,929.00
E07000225,Chichester,Non-metropolitan District,61193.00,517.00,527.00,555.00,573.00,614.00,569.00,627.00,613.00,682.00,615.00,739.00,715.00,743.00,675.00,687.00,670.00,672.00,661.00,634.00,804.00,734.00,607.00,654.00,659.00,628.00,596.00,574.00,629.00,647.00,666.00,659.00,657.00,656.00,628.00,663.00,772.00,590.00,689.00,744.00,642.00,704.00,629.00,655.00,658.00,672.00,671.00,636.00,674.00,631.00,737.00,726.00,796.00,779.00,780.00,857.00,805.00,867.00,884.00,889.00,923.00,973.00,888.00,843.00,865.00,879.00,864.00,787.00,792.00,801.00,823.00,795.00,716.00,711.00,690.00,795.00,774.00,890.00,686.00,624.00,661.00,588.00,524.00,425.00,438.00,391.00,354.00,304.00,285.00,235.00,207.00,626.00
E07000226,Crawley,Non-metropolitan District,60208.00,787.00,778.00,856.00,847.00,849.00,812.00,803.00,848.00,875.00,891.00,863.00,867.00,850.00,892.00,804.00,824.00,759.00,755.00,740.00,593.00,528.00,591.00,668.00,704.00,694.00,773.00,802.00,789.00,793.00,887.00,870.00,994.00,949.00,959.00,985.00,998.00,961.00,968.00,892.00,1014.00,960.00,944.00,989.00,964.00,960.00,845.00,823.00,800.00,826.00,831.00,779.00,787.00,786.00,805.00,742.00,756.00,747.00,758.00,748.00,739.00,643.00,653.00,653.00,589.00,602.00,564.00,480.00,498.00,472.00,422.00,406.00,377.00,363.00,354.00,354.00,359.00,378.00,254.00,265.00,224.00,198.00,168.00,156.00,140.00,135.00,124.00,106.00,95.00,96.00,92.00,287.00
E07000227,Horsham,Non-metropolitan District,72922.00,647.00,715.00,779.00,755.00,809.00,824.00,886.00,892.00,854.00,862.00,909.00,923.00,971.00,1053.00,977.00,924.00,957.00,934.00,866.00,626.00,528.00,412.00,550.00,624.00,753.00,708.00,700.00,685.00,717.00,719.00,806.00,784.00,860.00,853.00,873.00,949.00,927.00,888.00,894.00,845.00,870.00,907.00,958.00,933.00,945.00,891.00,815.00,862.00,865.00,996.00,908.00,1048.00,1010.00,987.00,1043.00,1061.00,1101.00,1142.00,1115.00,1068.00,1096.00,1071.00,1040.00,980.00,948.00,928.00,815.00,862.00,793.00,820.00,796.00,736.00,766.00,783.00,821.00,797.00,915.00,706.00,646.00,619.00,532.00,487.00,412.00,396.00,357.00,367.00,297.00,268.00,231.00,179.00,695.00
E07000228,Mid Sussex,Non-metropolitan District,76781.00,780.00,894.00,836.00,879.00,904.00,961.00,959.00,1005.00,1006.00,993.00,1029.00,1070.00,1075.00,1077.00,1016.00,1022.00,1036.00,977.00,919.00,686.00,550.00,529.00,587.00,724.00,751.00,821.00,783.00,750.00,809.00,891.00,775.00,881.00,905.00,952.00,941.00,1008.00,1023.00,976.00,1005.00,1069.00,1035.00,1024.00,1060.00,1145.00,1098.00,1073.00,1033.00,1020.00,1029.00,1143.00,1114.00,1102.00,1125.00,1125.00,1072.00,1145.00,1103.00,1058.00,1099.00,1044.00,978.00,948.00,898.00,837.00,882.00,859.00,775.00,788.00,805.00,749.00,638.00,717.00,678.00,705.00,670.00,792.00,862.00,624.00,595.00,610.00,586.00,428.00,332.00,344.00,338.00,324.00,268.00,252.00,201.00,161.00,636.00
E07000229,Worthing,Non-metropolitan District,54303.00,462.00,456.00,509.00,540.00,566.00,590.00,612.00,563.00,607.00,606.00,644.00,626.00,707.00,676.00,630.00,661.00,637.00,632.00,601.00,582.00,422.00,460.00,516.00,530.00,564.00,571.00,542.00,584.00,629.00,647.00,682.00,613.00,684.00,715.00,680.00,746.00,735.00,680.00,715.00,739.00,683.00,712.00,702.00,690.00,669.00,669.00,731.00,712.00,705.00,729.00,764.00,827.00,807.00,755.00,769.00,834.00,898.00,826.00,846.00,799.00,757.00,701.00,708.00,685.00,665.00,648.00,570.00,575.00,538.00,549.00,539.00,502.00,514.00,545.00,590.00,622.00,674.00,547.00,450.00,422.00,392.00,307.00,267.00,274.00,265.00,271.00,235.00,182.00,180.00,135.00,506.00
E12000009,SOUTH WEST,Region,2845405.00,24883.00,27174.00,27498.00,28388.00,29582.00,30209.00,30676.00,32206.00,31809.00,32121.00,33457.00,34910.00,34337.00,33999.00,33516.00,33893.00,33029.00,32194.00,32840.00,36549.00,37858.00,34928.00,34116.00,33853.00,34311.00,33378.00,33884.00,32912.00,33054.00,34355.00,34027.00,35077.00,35778.00,35908.00,36033.00,36228.00,35474.00,35331.00,34868.00,34337.00,34507.00,34732.00,34635.00,35023.00,33825.00,30885.00,30822.00,31411.00,32531.00,33882.00,35569.00,36912.00,38500.00,37678.00,39088.00,39202.00,40017.00,40272.00,40703.00,40614.00,39661.00,39151.00,37770.00,36416.00,35622.00,34296.00,33414.00,31785.00,30836.00,30809.00,30333.00,29388.00,29529.00,30025.00,30537.00,32156.00,34779.00,26119.00,24833.00,23694.00,21543.00,18179.00,15069.00,14810.00,13912.00,12443.00,11063.00,9553.00,8184.00,6678.00,23030.00
E06000022,Bath and North East Somerset,Unitary Authority,98097.00,815.00,905.00,931.00,934.00,933.00,1052.00,962.00,1043.00,1038.00,1020.00,1097.00,1130.00,1160.00,1122.00,1142.00,1126.00,1130.00,1057.00,1417.00,3311.00,3527.00,2446.00,2246.00,1787.00,1278.00,1178.00,1128.00,1106.00,1069.00,1162.00,1110.00,1163.00,1214.00,1163.00,1171.00,1178.00,1083.00,1118.00,1128.00,1141.00,1051.00,1073.00,1141.00,1111.00,1151.00,1040.00,1035.00,998.00,1053.00,1134.00,1272.00,1263.00,1290.00,1191.00,1245.00,1176.00,1262.00,1218.00,1293.00,1240.00,1190.00,1178.00,1124.00,1059.00,1046.00,1014.00,958.00,931.00,890.00,842.00,835.00,828.00,849.00,827.00,896.00,967.00,976.00,734.00,734.00,656.00,553.00,539.00,467.00,421.00,424.00,391.00,345.00,286.00,251.00,198.00,730.00
E06000058,"Bournemouth, Christchurch and Poole",Unitary Authority,197442.00,1685.00,1831.00,1947.00,1903.00,1956.00,2017.00,2122.00,2186.00,2147.00,2172.00,2220.00,2410.00,2347.00,2255.00,2300.00,2286.00,2173.00,2136.00,2274.00,2990.00,3130.00,2846.00,2658.00,2575.00,2396.00,2247.00,2314.00,2295.00,2203.00,2385.00,2369.00,2444.00,2567.00,2501.00,2494.00,2659.00,2556.00,2493.00,2551.00,2600.00,2643.00,2703.00,2776.00,2745.00,2616.00,2428.00,2387.00,2352.00,2422.00,2363.00,2478.00,2596.00,2690.00,2554.00,2641.00,2649.00,2667.00,2670.00,2558.00,2582.00,2555.00,2561.00,2463.00,2330.00,2311.00,2202.00,2158.00,2000.00,1942.00,1975.00,1923.00,1793.00,1936.00,1888.00,1911.00,2092.00,2319.00,1734.00,1622.00,1583.00,1414.00,1191.00,1015.00,1009.00,973.00,930.00,829.00,694.00,642.00,517.00,1770.00
E06000023,"Bristol, City of",Unitary Authority,240293.00,2561.00,2613.00,2450.00,2449.00,2556.00,2550.00,2657.00,2618.00,2634.00,2649.00,2756.00,2690.00,2670.00,2784.00,2506.00,2667.00,2458.00,2412.00,2749.00,4569.00,5990.00,5468.00,5490.00,5176.00,4896.00,4883.00,5033.00,4710.00,4646.00,4699.00,4500.00,4521.00,4521.00,4306.00,4238.00,4117.00,3927.00,4112.00,3831.00,3487.00,3545.00,3302.00,3232.00,3300.00,3029.00,2749.00,2655.00,2664.00,2595.00,2516.00,2532.00,2515.00,2712.00,2513.00,2519.00,2609.00,2544.00,2477.00,2562.00,2330.00,2231.00,2163.00,2113.00,1934.00,1941.00,1825.00,1797.00,1658.00,1573.00,1606.00,1469.00,1420.00,1487.00,1447.00,1379.00,1422.00,1458.00,1123.00,1014.00,985.00,919.00,772.00,649.00,674.00,651.00,553.00,478.00,385.00,373.00,290.00,1055.00
E06000052,Cornwall,Unitary Authority,280506.00,2281.00,2510.00,2518.00,2658.00,2725.00,2899.00,2921.00,3104.00,3058.00,3047.00,3335.00,3434.00,3483.00,3283.00,3346.00,3262.00,3277.00,3100.00,3076.00,3118.00,2976.00,2814.00,2855.00,2630.00,2768.00,2688.00,2722.00,2636.00,2770.00,2818.00,2850.00,3024.00,3127.00,3223.00,3133.00,3214.00,3153.00,3077.00,3072.00,3066.00,3112.00,3194.00,3395.00,3333.00,3029.00,2953.00,3055.00,3029.00,3096.00,3355.00,3664.00,3800.00,3926.00,3824.00,3986.00,3985.00,4215.00,4238.00,4305.00,4441.00,4211.00,4184.00,4144.00,4038.00,4060.00,3863.00,3869.00,3744.00,3503.00,3528.00,3496.00,3395.00,3451.00,3448.00,3598.00,3772.00,4086.00,3110.00,2862.00,2679.00,2428.00,1961.00,1641.00,1681.00,1551.00,1281.00,1133.00,961.00,881.00,618.00,2343.00
E06000059,Dorset,Unitary Authority,186392.00,1257.00,1464.00,1568.00,1648.00,1688.00,1655.00,1709.00,1842.00,1797.00,1861.00,2051.00,2108.00,2012.00,2086.00,2185.00,2334.00,2259.00,2113.00,2203.00,1661.00,1500.00,1389.00,1503.00,1602.00,1681.00,1741.00,1724.00,1651.00,1662.00,1673.00,1709.00,1652.00,1837.00,1868.00,1953.00,1930.00,2012.00,1957.00,1916.00,1802.00,1785.00,1833.00,1993.00,1961.00,1964.00,1759.00,1755.00,1805.00,1953.00,2055.00,2233.00,2281.00,2420.00,2545.00,2671.00,2680.00,2691.00,2878.00,2955.00,3053.00,3042.00,3145.00,2935.00,2896.00,2856.00,2843.00,2853.00,2658.00,2669.00,2581.00,2558.00,2537.00,2550.00,2678.00,2615.00,3006.00,3223.00,2390.00,2238.00,2139.00,2037.00,1684.00,1345.00,1300.00,1232.00,1188.00,1045.00,880.00,777.00,617.00,2342.00
E06000053,Isles of Scilly,Unitary Authority,1095.00,10.00,9.00,4.00,11.00,10.00,9.00,10.00,11.00,14.00,1.00,11.00,18.00,5.00,5.00,18.00,11.00,15.00,12.00,2.00,13.00,15.00,20.00,7.00,27.00,10.00,10.00,6.00,12.00,20.00,17.00,9.00,6.00,5.00,0.00,13.00,19.00,15.00,18.00,11.00,8.00,12.00,15.00,6.00,10.00,20.00,24.00,20.00,15.00,0.00,7.00,4.00,9.00,7.00,19.00,27.00,22.00,10.00,13.00,16.00,17.00,17.00,21.00,22.00,23.00,7.00,13.00,18.00,7.00,7.00,11.00,15.00,14.00,12.00,15.00,13.00,11.00,13.00,18.00,14.00,18.00,10.00,10.00,9.00,13.00,9.00,7.00,5.00,5.00,4.00,0.00,14.00
E06000024,North Somerset,Unitary Authority,107767.00,967.00,1033.00,1095.00,1129.00,1192.00,1183.00,1211.00,1304.00,1294.00,1266.00,1339.00,1425.00,1402.00,1423.00,1327.00,1431.00,1276.00,1320.00,1176.00,959.00,786.00,835.00,920.00,1126.00,1126.00,1128.00,1078.00,1031.00,1011.00,1093.00,1201.00,1170.00,1240.00,1204.00,1286.00,1290.00,1314.00,1302.00,1283.00,1296.00,1377.00,1417.00,1437.00,1384.00,1370.00,1255.00,1287.00,1273.00,1357.00,1419.00,1481.00,1490.00,1561.00,1524.00,1622.00,1511.00,1498.00,1574.00,1570.00,1565.00,1561.00,1481.00,1365.00,1285.00,1296.00,1285.00,1227.00,1230.00,1175.00,1151.00,1176.00,1126.00,1192.00,1175.00,1276.00,1297.00,1445.00,1063.00,1067.00,1020.00,875.00,771.00,671.00,617.00,593.00,503.00,451.00,389.00,354.00,292.00,914.00
E06000026,Plymouth,Unitary Authority,131947.00,1250.00,1353.00,1350.00,1318.00,1414.00,1434.00,1429.00,1565.00,1512.00,1561.00,1561.00,1643.00,1631.00,1528.00,1585.00,1541.00,1494.00,1465.00,1596.00,2274.00,2576.00,2305.00,1930.00,1730.00,1917.00,1730.00,1830.00,1866.00,1854.00,1845.00,1822.00,1835.00,1924.00,1908.00,1823.00,1824.00,1759.00,1735.00,1822.00,1727.00,1679.00,1743.00,1713.00,1647.00,1618.00,1462.00,1503.00,1476.00,1450.00,1490.00,1609.00,1575.00,1690.00,1648.00,1753.00,1684.00,1714.00,1737.00,1716.00,1717.00,1721.00,1614.00,1595.00,1556.00,1461.00,1376.00,1372.00,1285.00,1273.00,1224.00,1189.00,1123.00,1092.00,1085.00,1186.00,1224.00,1322.00,1010.00,960.00,880.00,830.00,596.00,536.00,544.00,517.00,416.00,388.00,356.00,289.00,244.00,793.00
E06000066,Somerset,Unitary Authority,284237.00,2481.00,2663.00,2798.00,2925.00,2926.00,2964.00,3052.00,3213.00,3195.00,3190.00,3237.00,3384.00,3441.00,3461.00,3521.00,3609.00,3559.00,3455.00,3334.00,2626.00,2337.00,2377.00,2387.00,2753.00,2897.00,3024.00,3056.00,2877.00,2993.00,3260.00,3124.00,3247.00,3118.00,3385.00,3442.00,3404.00,3260.00,3321.00,3330.00,3170.00,3332.00,3279.00,3123.00,3174.00,3152.00,2921.00,2931.00,2950.00,3162.00,3428.00,3527.00,3764.00,4018.00,3865.00,4136.00,4175.00,4270.00,4301.00,4335.00,4363.00,4198.00,4155.00,4100.00,3907.00,3843.00,3688.00,3628.00,3524.00,3393.00,3461.00,3473.00,3410.00,3538.00,3391.00,3491.00,3647.00,3848.00,2944.00,2769.00,2574.00,2430.00,2105.00,1651.00,1723.00,1566.00,1394.00,1229.00,1065.00,859.00,718.00,2513.00
E06000025,South Gloucestershire,Unitary Authority,148189.00,1528.00,1688.00,1662.00,1676.00,1782.00,1860.00,1777.00,1822.00,1849.00,1777.00,1831.00,1895.00,1798.00,1851.00,1760.00,1751.00,1680.00,1653.00,1696.00,1991.00,2069.00,2006.00,1900.00,1967.00,2058.00,1950.00,1944.00,1895.00,2061.00,2127.00,2072.00,2123.00,2132.00,2091.00,2203.00,2140.00,2120.00,2059.00,2057.00,2057.00,1958.00,1972.00,1921.00,1919.00,1863.00,1690.00,1744.00,1727.00,1674.00,1835.00,1803.00,1818.00,1974.00,1921.00,1934.00,1906.00,2026.00,1962.00,1899.00,1950.00,1933.00,1885.00,1745.00,1624.00,1554.00,1501.00,1408.00,1276.00,1285.00,1308.00,1282.00,1195.00,1183.00,1243.00,1202.00,1254.00,1455.00,1008.00,1087.00,1120.00,933.00,784.00,655.00,664.00,633.00,576.00,487.00,452.00,336.00,305.00,962.00
E06000030,Swindon,Unitary Authority,118575.00,1224.00,1324.00,1362.00,1392.00,1485.00,1470.00,1509.00,1586.00,1608.00,1574.00,1611.00,1727.00,1616.00,1614.00,1509.00,1537.00,1504.00,1478.00,1348.00,1117.00,1098.00,1126.00,1140.00,1254.00,1329.00,1398.00,1461.00,1480.00,1554.00,1549.00,1537.00,1759.00,1778.00,1763.00,1690.00,1755.00,1759.00,1797.00,1713.00,1727.00,1715.00,1704.00,1739.00,1805.00,1627.00,1558.00,1481.00,1527.00,1644.00,1622.00,1714.00,1719.00,1689.00,1656.00,1648.00,1627.00,1640.00,1652.00,1678.00,1614.00,1604.00,1525.00,1442.00,1409.00,1310.00,1195.00,1124.00,1051.00,1016.00,1020.00,945.00,911.00,877.00,913.00,817.00,900.00,968.00,719.00,686.00,607.00,542.00,513.00,421.00,420.00,372.00,346.00,316.00,267.00,215.00,192.00,611.00
E06000027,Torbay,Unitary Authority,67981.00,514.00,566.00,567.00,623.00,672.00,644.00,675.00,726.00,690.00,780.00,800.00,797.00,807.00,769.00,783.00,803.00,814.00,744.00,769.00,607.00,555.00,503.00,562.00,645.00,747.00,680.00,671.00,641.00,636.00,649.00,746.00,763.00,765.00,706.00,780.00,752.00,744.00,737.00,694.00,734.00,722.00,723.00,746.00,747.00,736.00,608.00,692.00,729.00,744.00,832.00,894.00,871.00,987.00,1005.00,1019.00,1022.00,1131.00,1038.00,1065.00,1068.00,1107.00,1047.00,1026.00,1004.00,929.00,1001.00,931.00,879.00,888.00,882.00,905.00,835.00,765.00,838.00,972.00,902.00,1080.00,808.00,749.00,712.00,611.00,530.00,438.00,425.00,417.00,354.00,318.00,272.00,228.00,211.00,678.00
E06000054,Wiltshire,Unitary Authority,255200.00,2256.00,2485.00,2477.00,2642.00,2775.00,2820.00,2890.00,3063.00,3031.00,3071.00,3123.00,3314.00,3255.00,3234.00,3143.00,3107.00,2999.00,3056.00,3020.00,2726.00,2334.00,2361.00,2550.00,2726.00,3076.00,2955.00,3027.00,3044.00,2834.00,3049.00,2958.00,3065.00,2978.00,3076.00,3124.00,3218.00,3255.00,3101.00,3151.00,3137.00,3080.00,3018.00,3015.00,3056.00,3083.00,2716.00,2709.00,2883.00,3042.00,3079.00,3408.00,3590.00,3628.00,3596.00,3547.00,3661.00,3754.00,3763.00,3844.00,3743.00,3666.00,3623.00,3564.00,3429.00,3230.00,3096.00,2978.00,2828.00,2757.00,2807.00,2679.00,2655.00,2563.00,2580.00,2706.00,2860.00,3083.00,2283.00,2224.00,2080.00,1895.00,1630.00,1335.00,1338.00,1234.00,1076.00,970.00,882.00,725.00,595.00,2108.00
E10000008,Devon,County,405328.00,3062.00,3486.00,3562.00,3769.00,3911.00,4026.00,4046.00,4325.00,4224.00,4437.00,4627.00,4776.00,4697.00,4663.00,4439.00,4551.00,4581.00,4409.00,4641.00,5338.00,5914.00,5107.00,4613.00,4430.00,4431.00,4170.00,4357.00,4168.00,3988.00,4216.00,4201.00,4332.00,4370.00,4590.00,4530.00,4656.00,4523.00,4516.00,4294.00,4384.00,4351.00,4580.00,4493.00,4655.00,4566.00,4092.00,3972.00,4215.00,4513.00,4817.00,4848.00,5310.00,5431.00,5464.00,5647.00,5789.00,5827.00,5957.00,6108.00,6154.00,5969.00,5992.00,5769.00,5626.00,5680.00,5474.00,5378.00,5147.00,5003.00,4917.00,5074.00,4830.00,4907.00,5130.00,5060.00,5299.00,5857.00,4409.00,4193.00,4041.00,3585.00,3023.00,2511.00,2345.00,2156.00,2064.00,1813.00,1651.00,1322.00,1134.00,3820.00
E07000040,East Devon,Non-metropolitan District,75315.00,550.00,662.00,684.00,698.00,785.00,752.00,695.00,838.00,795.00,846.00,860.00,930.00,919.00,829.00,789.00,813.00,848.00,793.00,843.00,706.00,587.00,542.00,648.00,803.00,853.00,787.00,744.00,735.00,721.00,674.00,780.00,756.00,764.00,849.00,798.00,818.00,784.00,789.00,759.00,713.00,779.00,809.00,797.00,815.00,811.00,799.00,744.00,755.00,816.00,898.00,902.00,1007.00,943.00,990.00,1017.00,1104.00,1095.00,1074.00,1072.00,1095.00,1050.00,1117.00,999.00,1026.00,1069.00,1020.00,1010.00,1002.00,942.00,961.00,1002.00,992.00,1013.00,1095.00,1073.00,1093.00,1278.00,963.00,910.00,887.00,803.00,688.00,570.00,548.00,494.00,511.00,431.00,414.00,305.00,244.00,944.00
E07000041,Exeter,Non-metropolitan District,67076.00,531.00,608.00,599.00,586.00,648.00,628.00,641.00,655.00,641.00,682.00,643.00,675.00,671.00,669.00,677.00,602.00,605.00,643.00,910.00,2244.00,3392.00,2662.00,1912.00,1325.00,1150.00,944.00,1019.00,941.00,899.00,915.00,924.00,978.00,863.00,915.00,963.00,923.00,934.00,870.00,843.00,911.00,842.00,847.00,808.00,778.00,816.00,697.00,641.00,721.00,793.00,742.00,733.00,752.00,711.00,751.00,770.00,810.00,739.00,752.00,725.00,726.00,722.00,651.00,631.00,605.00,622.00,588.00,520.00,561.00,495.00,488.00,507.00,458.00,478.00,516.00,479.00,508.00,560.00,397.00,344.00,380.00,326.00,276.00,260.00,255.00,232.00,209.00,203.00,147.00,123.00,130.00,410.00
E07000042,Mid Devon,Non-metropolitan District,41079.00,323.00,364.00,390.00,423.00,446.00,449.00,437.00,438.00,451.00,505.00,534.00,521.00,513.00,539.00,533.00,568.00,584.00,552.00,535.00,354.00,330.00,320.00,362.00,367.00,360.00,411.00,396.00,403.00,386.00,452.00,396.00,420.00,415.00,462.00,435.00,426.00,468.00,472.00,469.00,515.00,448.00,460.00,516.00,469.00,426.00,398.00,459.00,445.00,488.00,505.00,517.00,597.00,619.00,597.00,629.00,634.00,582.00,622.00,651.00,637.00,629.00,572.00,588.00,567.00,576.00,577.00,533.00,497.00,515.00,469.00,519.00,462.00,498.00,552.00,472.00,477.00,548.00,418.00,390.00,398.00,375.00,299.00,236.00,216.00,172.00,168.00,183.00,158.00,120.00,110.00,362.00
E07000043,North Devon,Non-metropolitan District,48909.00,389.00,427.00,426.00,486.00,472.00,510.00,559.00,534.00,525.00,549.00,607.00,583.00,642.00,592.00,536.00,592.00,580.00,511.00,579.00,482.00,429.00,412.00,399.00,437.00,473.00,482.00,533.00,491.00,481.00,538.00,501.00,527.00,569.00,563.00,487.00,543.00,528.00,525.00,485.00,486.00,484.00,543.00,549.00,604.00,581.00,518.00,503.00,493.00,544.00,628.00,618.00,618.00,723.00,707.00,699.00,692.00,717.00,744.00,773.00,809.00,757.00,735.00,775.00,721.00,714.00,690.00,685.00,649.00,586.00,605.00,605.00,598.00,610.00,602.00,622.00,636.00,736.00,541.00,524.00,458.00,440.00,375.00,252.00,270.00,263.00,245.00,217.00,213.00,178.00,129.00,461.00
E07000044,South Hams,Non-metropolitan District,43784.00,312.00,347.00,363.00,390.00,391.00,460.00,442.00,470.00,471.00,454.00,477.00,532.00,547.00,520.00,500.00,455.00,509.00,470.00,458.00,403.00,292.00,298.00,346.00,380.00,394.00,402.00,416.00,375.00,350.00,384.00,385.00,413.00,450.00,434.00,462.00,496.00,462.00,425.00,426.00,456.00,420.00,504.00,446.00,482.00,491.00,416.00,426.00,457.00,479.00,491.00,493.00,631.00,580.00,592.00,614.00,670.00,685.00,690.00,711.00,720.00,741.00,779.00,699.00,678.00,722.00,665.00,701.00,646.00,639.00,568.00,644.00,599.00,579.00,593.00,638.00,706.00,698.00,544.00,526.00,481.00,424.00,342.00,304.00,248.00,270.00,242.00,203.00,209.00,155.00,120.00,406.00
E07000045,Teignbridge,Non-metropolitan District,66598.00,500.00,590.00,617.00,636.00,661.00,680.00,699.00,707.00,724.00,724.00,785.00,800.00,732.00,816.00,707.00,767.00,733.00,722.00,672.00,577.00,442.00,434.00,528.00,603.00,690.00,601.00,653.00,616.00,634.00,690.00,669.00,641.00,732.00,726.00,729.00,821.00,770.00,794.00,728.00,748.00,722.00,761.00,757.00,787.00,755.00,708.00,630.00,703.00,749.00,802.00,833.00,852.00,947.00,937.00,979.00,937.00,989.00,1018.00,1062.00,1077.00,1041.00,1063.00,1029.00,1009.00,960.00,981.00,943.00,889.00,901.00,936.00,894.00,826.00,823.00,844.00,865.00,932.00,1006.00,783.00,777.00,717.00,602.00,537.00,443.00,405.00,368.00,326.00,290.00,264.00,225.00,196.00,620.00
E07000046,Torridge,Non-metropolitan District,33777.00,270.00,256.00,265.00,291.00,283.00,309.00,334.00,382.00,347.00,381.00,404.00,442.00,385.00,383.00,403.00,386.00,367.00,366.00,328.00,275.00,236.00,221.00,239.00,295.00,255.00,299.00,359.00,337.00,302.00,319.00,306.00,332.00,293.00,373.00,347.00,361.00,322.00,327.00,297.00,276.00,348.00,360.00,314.00,370.00,341.00,300.00,309.00,369.00,329.00,361.00,369.00,433.00,508.00,511.00,515.00,525.00,517.00,581.00,609.00,547.00,567.00,565.00,542.00,535.00,554.00,518.00,526.00,494.00,507.00,466.00,506.00,501.00,490.00,512.00,519.00,531.00,563.00,413.00,373.00,368.00,343.00,284.00,232.00,210.00,177.00,201.00,143.00,131.00,110.00,114.00,313.00
E07000047,West Devon,Non-metropolitan District,28790.00,187.00,232.00,218.00,259.00,225.00,238.00,239.00,301.00,270.00,296.00,317.00,293.00,288.00,315.00,294.00,368.00,355.00,352.00,316.00,297.00,206.00,218.00,179.00,220.00,256.00,244.00,237.00,270.00,215.00,244.00,240.00,265.00,284.00,268.00,309.00,268.00,255.00,314.00,287.00,279.00,308.00,296.00,306.00,350.00,345.00,256.00,260.00,272.00,315.00,390.00,383.00,420.00,400.00,379.00,424.00,417.00,503.00,476.00,505.00,543.00,462.00,510.00,506.00,485.00,463.00,435.00,460.00,409.00,418.00,424.00,397.00,394.00,416.00,416.00,392.00,416.00,468.00,350.00,349.00,352.00,272.00,222.00,214.00,193.00,180.00,162.00,143.00,115.00,106.00,91.00,304.00
E10000013,Gloucestershire,County,322356.00,2992.00,3244.00,3207.00,3311.00,3557.00,3626.00,3706.00,3798.00,3718.00,3715.00,3858.00,4159.00,4013.00,3921.00,3952.00,3877.00,3810.00,3784.00,3539.00,3249.00,3051.00,3325.00,3355.00,3425.00,3701.00,3596.00,3533.00,3500.00,3753.00,3813.00,3819.00,3973.00,4202.00,4124.00,4153.00,4072.00,3994.00,3988.00,4015.00,4001.00,4145.00,4176.00,3905.00,4176.00,4001.00,3630.00,3596.00,3768.00,3826.00,3930.00,4102.00,4311.00,4477.00,4353.00,4693.00,4706.00,4768.00,4794.00,4799.00,4777.00,4656.00,4577.00,4363.00,4296.00,4098.00,3920.00,3715.00,3567.00,3462.00,3496.00,3314.00,3316.00,3127.00,3367.00,3415.00,3503.00,3646.00,2766.00,2614.00,2600.00,2481.00,2070.00,1725.00,1636.00,1584.00,1364.00,1256.00,1008.00,928.00,747.00,2377.00
E07000078,Cheltenham,Non-metropolitan District,59011.00,542.00,547.00,591.00,556.00,644.00,660.00,713.00,660.00,678.00,659.00,656.00,696.00,693.00,691.00,806.00,700.00,727.00,634.00,598.00,723.00,716.00,842.00,778.00,728.00,750.00,822.00,845.00,832.00,847.00,796.00,824.00,909.00,805.00,839.00,870.00,755.00,752.00,844.00,809.00,827.00,855.00,818.00,779.00,807.00,790.00,749.00,727.00,699.00,701.00,716.00,745.00,718.00,736.00,766.00,825.00,810.00,773.00,778.00,823.00,858.00,718.00,731.00,718.00,726.00,653.00,606.00,597.00,557.00,520.00,503.00,507.00,544.00,445.00,533.00,548.00,528.00,580.00,450.00,418.00,397.00,361.00,347.00,292.00,252.00,265.00,232.00,233.00,184.00,165.00,135.00,429.00
E07000079,Cotswold,Non-metropolitan District,43963.00,354.00,407.00,396.00,434.00,397.00,446.00,470.00,453.00,469.00,487.00,471.00,536.00,529.00,540.00,499.00,482.00,501.00,473.00,417.00,406.00,329.00,383.00,306.00,401.00,444.00,376.00,394.00,353.00,384.00,381.00,389.00,378.00,477.00,461.00,437.00,457.00,467.00,446.00,456.00,464.00,532.00,533.00,501.00,507.00,533.00,492.00,486.00,503.00,503.00,534.00,566.00,606.00,646.00,596.00,700.00,667.00,720.00,763.00,744.00,753.00,677.00,725.00,651.00,666.00,647.00,632.00,579.00,550.00,578.00,595.00,562.00,550.00,521.00,570.00,620.00,601.00,618.00,466.00,452.00,472.00,456.00,364.00,300.00,279.00,260.00,214.00,211.00,205.00,151.00,122.00,434.00
E07000080,Forest of Dean,Non-metropolitan District,43698.00,368.00,411.00,384.00,412.00,472.00,424.00,464.00,467.00,403.00,431.00,489.00,517.00,492.00,484.00,474.00,437.00,476.00,509.00,542.00,570.00,499.00,376.00,409.00,379.00,446.00,481.00,429.00,413.00,489.00,481.00,461.00,448.00,515.00,515.00,487.00,544.00,526.00,481.00,482.00,458.00,455.00,474.00,454.00,447.00,456.00,411.00,399.00,451.00,490.00,492.00,518.00,596.00,645.00,617.00,652.00,679.00,737.00,738.00,732.00,657.00,736.00,727.00,666.00,657.00,637.00,570.00,592.00,573.00,540.00,576.00,579.00,520.00,519.00,542.00,552.00,604.00,607.00,431.00,401.00,437.00,420.00,321.00,249.00,274.00,242.00,193.00,187.00,126.00,133.00,112.00,330.00
E07000081,Gloucester,Non-metropolitan District,66984.00,739.00,802.00,739.00,717.00,782.00,831.00,771.00,881.00,886.00,843.00,919.00,949.00,857.00,862.00,841.00,930.00,826.00,861.00,799.00,670.00,739.00,914.00,938.00,875.00,970.00,835.00,839.00,901.00,849.00,948.00,950.00,937.00,974.00,991.00,1006.00,1005.00,966.00,924.00,935.00,959.00,919.00,931.00,861.00,959.00,850.00,827.00,771.00,840.00,793.00,813.00,845.00,843.00,863.00,862.00,920.00,914.00,914.00,870.00,869.00,865.00,930.00,823.00,833.00,785.00,758.00,710.00,657.00,611.00,591.00,559.00,508.00,510.00,473.00,526.00,518.00,497.00,539.00,410.00,406.00,388.00,365.00,354.00,278.00,231.00,260.00,212.00,181.00,181.00,144.00,106.00,351.00
E07000082,Stroud,Non-metropolitan District,60868.00,500.00,581.00,563.00,636.00,653.00,665.00,673.00,707.00,650.00,658.00,691.00,829.00,810.00,759.00,721.00,788.00,743.00,747.00,671.00,529.00,468.00,495.00,558.00,623.00,559.00,587.00,569.00,539.00,625.00,633.00,596.00,710.00,778.00,699.00,709.00,650.00,674.00,691.00,719.00,715.00,723.00,784.00,713.00,801.00,785.00,652.00,678.00,707.00,786.00,801.00,818.00,902.00,948.00,901.00,915.00,961.00,948.00,920.00,931.00,912.00,923.00,901.00,909.00,880.00,843.00,809.00,746.00,716.00,743.00,751.00,672.00,696.00,684.00,688.00,671.00,744.00,724.00,589.00,507.00,503.00,496.00,381.00,350.00,331.00,301.00,286.00,248.00,182.00,197.00,161.00,479.00
E07000083,Tewkesbury,Non-metropolitan District,47832.00,489.00,496.00,534.00,556.00,609.00,600.00,615.00,630.00,632.00,637.00,632.00,632.00,632.00,585.00,611.00,540.00,537.00,560.00,512.00,351.00,300.00,315.00,366.00,419.00,532.00,495.00,457.00,462.00,559.00,574.00,599.00,591.00,653.00,619.00,644.00,661.00,609.00,602.00,614.00,578.00,661.00,636.00,597.00,655.00,587.00,499.00,535.00,568.00,553.00,574.00,610.00,646.00,639.00,611.00,681.00,675.00,676.00,725.00,700.00,732.00,672.00,670.00,586.00,582.00,560.00,593.00,544.00,560.00,490.00,512.00,486.00,496.00,485.00,508.00,506.00,529.00,578.00,420.00,430.00,403.00,383.00,303.00,256.00,269.00,256.00,227.00,196.00,130.00,138.00,111.00,354.00
W92000004,WALES,Country,1552918.00,14323.00,15408.00,15243.00,15844.00,16467.00,17007.00,17318.00,18168.00,18081.00,18248.00,18581.00,19055.00,19649.00,19110.00,19325.00,19326.00,18560.00,18332.00,18913.00,20405.00,20279.00,20389.00,20075.00,19437.00,19565.00,18750.00,19736.00,18941.00,18765.00,19081.00,19099.00,19786.00,20018.00,19949.00,19639.00,19958.00,19494.00,19451.00,19173.00,18538.00,18359.00,18120.00,18354.00,18836.00,17867.00,16243.00,16420.00,16671.00,17486.00,17638.00,18634.00,20059.00,21124.00,20414.00,21408.00,21056.00,21593.00,21627.00,22213.00,22054.00,21535.00,21508.00,20559.00,19883.00,19624.00,18957.00,18348.00,17404.00,16789.00,16991.00,16818.00,16058.00,15924.00,16290.00,16405.00,16979.00,17437.00,12857.00,12316.00,11969.00,10562.00,9255.00,7870.00,7461.00,6734.00,5995.00,5203.00,4582.00,3860.00,3028.00,10055.00
W06000001,Isle of Anglesey,Unitary Authority,33929.00,264.00,280.00,322.00,308.00,320.00,344.00,395.00,401.00,365.00,394.00,421.00,400.00,441.00,413.00,437.00,381.00,394.00,397.00,373.00,298.00,289.00,327.00,296.00,278.00,364.00,298.00,306.00,324.00,329.00,360.00,346.00,341.00,340.00,357.00,356.00,390.00,375.00,326.00,353.00,372.00,339.00,325.00,345.00,369.00,381.00,328.00,317.00,325.00,353.00,370.00,436.00,456.00,494.00,445.00,474.00,484.00,523.00,492.00,546.00,544.00,582.00,524.00,519.00,551.00,529.00,489.00,466.00,489.00,477.00,463.00,456.00,448.00,427.00,465.00,476.00,488.00,474.00,336.00,344.00,356.00,322.00,249.00,225.00,215.00,230.00,174.00,163.00,124.00,97.00,73.00,277.00
W06000002,Gwynedd,Unitary Authority,58591.00,505.00,565.00,523.00,553.00,564.00,601.00,557.00,674.00,595.00,673.00,651.00,667.00,658.00,728.00,669.00,671.00,676.00,643.00,629.00,788.00,949.00,929.00,902.00,887.00,831.00,730.00,671.00,661.00,662.00,665.00,662.00,698.00,676.00,695.00,693.00,688.00,703.00,619.00,613.00,586.00,606.00,606.00,609.00,613.00,572.00,558.00,579.00,617.00,615.00,673.00,721.00,782.00,832.00,804.00,784.00,800.00,837.00,872.00,868.00,882.00,885.00,876.00,851.00,774.00,760.00,811.00,751.00,716.00,721.00,670.00,707.00,639.00,622.00,631.00,708.00,740.00,700.00,565.00,496.00,504.00,451.00,360.00,283.00,309.00,303.00,230.00,233.00,208.00,169.00,129.00,449.00
W06000003,Conwy,Unitary Authority,55406.00,461.00,495.00,470.00,532.00,535.00,561.00,542.00,575.00,612.00,596.00,620.00,614.00,704.00,632.00,632.00,607.00,643.00,622.00,611.00,476.00,402.00,411.00,460.00,540.00,534.00,614.00,583.00,477.00,568.00,536.00,539.00,585.00,621.00,565.00,617.00,578.00,604.00,542.00,582.00,560.00,536.00,554.00,611.00,635.00,572.00,480.00,557.00,553.00,568.00,609.00,686.00,796.00,785.00,751.00,815.00,781.00,835.00,891.00,894.00,874.00,890.00,891.00,898.00,890.00,826.00,798.00,792.00,749.00,712.00,775.00,742.00,726.00,759.00,718.00,807.00,844.00,825.00,658.00,602.00,563.00,509.00,456.00,381.00,343.00,344.00,264.00,245.00,228.00,226.00,166.00,538.00
W06000004,Denbighshire,Unitary Authority,47310.00,401.00,464.00,512.00,526.00,494.00,503.00,548.00,535.00,564.00,534.00,578.00,560.00,600.00,625.00,616.00,624.00,599.00,600.00,622.00,448.00,447.00,401.00,463.00,442.00,460.00,490.00,505.00,514.00,484.00,524.00,480.00,514.00,537.00,539.00,492.00,534.00,529.00,505.00,491.00,520.00,453.00,497.00,492.00,506.00,470.00,424.00,467.00,512.00,538.00,533.00,551.00,641.00,668.00,666.00,668.00,655.00,730.00,672.00,765.00,757.00,717.00,753.00,656.00,699.00,663.00,644.00,637.00,610.00,595.00,599.00,582.00,534.00,543.00,590.00,638.00,658.00,651.00,445.00,418.00,441.00,416.00,329.00,319.00,263.00,231.00,211.00,197.00,160.00,148.00,105.00,369.00
W06000005,Flintshire,Unitary Authority,76324.00,698.00,720.00,806.00,775.00,793.00,823.00,841.00,864.00,911.00,911.00,903.00,976.00,949.00,1013.00,950.00,1048.00,976.00,901.00,898.00,756.00,647.00,684.00,712.00,744.00,876.00,855.00,832.00,824.00,834.00,859.00,913.00,1003.00,902.00,907.00,948.00,984.00,951.00,993.00,910.00,865.00,894.00,945.00,931.00,937.00,899.00,863.00,807.00,843.00,929.00,962.00,993.00,1135.00,1166.00,1169.00,1223.00,1217.00,1120.00,1125.00,1152.00,1196.00,1088.00,1143.00,1056.00,1016.00,1023.00,899.00,872.00,867.00,780.00,796.00,831.00,750.00,867.00,820.00,855.00,885.00,975.00,604.00,620.00,617.00,525.00,445.00,397.00,393.00,316.00,324.00,263.00,217.00,188.00,137.00,494.00
W06000006,Wrexham,Unitary Authority,67379.00,645.00,694.00,669.00,760.00,740.00,727.00,786.00,791.00,773.00,817.00,873.00,853.00,858.00,867.00,882.00,828.00,852.00,834.00,822.00,691.00,622.00,632.00,665.00,726.00,779.00,786.00,814.00,776.00,844.00,828.00,844.00,781.00,903.00,892.00,864.00,903.00,886.00,939.00,912.00,855.00,853.00,823.00,886.00,921.00,882.00,726.00,757.00,801.00,794.00,783.00,908.00,954.00,1009.00,1001.00,1001.00,969.00,962.00,993.00,983.00,975.00,962.00,895.00,892.00,838.00,735.00,787.00,784.00,763.00,694.00,683.00,703.00,668.00,663.00,662.00,675.00,680.00,725.00,549.00,478.00,487.00,472.00,402.00,321.00,281.00,251.00,253.00,212.00,195.00,135.00,112.00,428.00
W06000023,Powys,Unitary Authority,66415.00,500.00,567.00,567.00,565.00,628.00,679.00,663.00,649.00,706.00,704.00,721.00,696.00,721.00,714.00,729.00,832.00,724.00,726.00,743.00,546.00,499.00,488.00,542.00,618.00,731.00,629.00,657.00,702.00,637.00,685.00,668.00,675.00,697.00,686.00,676.00,708.00,618.00,646.00,707.00,646.00,628.00,688.00,664.00,683.00,662.00,629.00,651.00,664.00,737.00,727.00,742.00,939.00,931.00,885.00,995.00,947.00,1071.00,1051.00,1105.00,1052.00,1097.00,1105.00,1093.00,1092.00,1073.00,974.00,1011.00,1034.00,919.00,973.00,971.00,935.00,898.00,940.00,949.00,1019.00,991.00,736.00,674.00,776.00,629.00,531.00,455.00,447.00,377.00,377.00,326.00,256.00,251.00,205.00,555.00
W06000008,Ceredigion,Unitary Authority,35842.00,259.00,275.00,247.00,281.00,292.00,288.00,308.00,347.00,314.00,312.00,369.00,366.00,382.00,357.00,331.00,335.00,346.00,372.00,487.00,987.00,1016.00,855.00,757.00,576.00,509.00,407.00,332.00,338.00,349.00,360.00,311.00,358.00,364.00,347.00,351.00,367.00,326.00,306.00,324.00,304.00,337.00,365.00,344.00,319.00,319.00,275.00,308.00,348.00,359.00,358.00,350.00,407.00,444.00,443.00,507.00,487.00,523.00,523.00,497.00,551.00,557.00,547.00,531.00,504.00,519.00,519.00,491.00,513.00,480.00,477.00,452.00,473.00,434.00,460.00,492.00,510.00,479.00,356.00,364.00,341.00,332.00,269.00,203.00,233.00,180.00,172.00,148.00,118.00,108.00,91.00,313.00
W06000009,Pembrokeshire,Unitary Authority,60812.00,527.00,557.00,555.00,581.00,606.00,651.00,642.00,679.00,704.00,714.00,705.00,709.00,757.00,735.00,698.00,780.00,696.00,764.00,721.00,587.00,490.00,500.00,596.00,641.00,603.00,650.00,669.00,616.00,532.00,583.00,655.00,732.00,702.00,647.00,607.00,714.00,658.00,651.00,619.00,628.00,616.00,626.00,619.00,667.00,608.00,582.00,557.00,583.00,621.00,660.00,725.00,748.00,771.00,821.00,820.00,859.00,918.00,929.00,940.00,906.00,1025.00,987.00,922.00,902.00,979.00,904.00,858.00,861.00,859.00,881.00,858.00,788.00,819.00,819.00,769.00,808.00,861.00,588.00,613.00,589.00,511.00,462.00,433.00,384.00,345.00,297.00,234.00,223.00,188.00,113.00,495.00
W06000010,Carmarthenshire,Unitary Authority,92722.00,813.00,875.00,870.00,874.00,965.00,984.00,1020.00,1090.00,1073.00,1049.00,1095.00,1193.00,1195.00,1160.00,1127.00,1143.00,1159.00,1162.00,1080.00,871.00,868.00,842.00,881.00,890.00,925.00,951.00,1027.00,1012.00,940.00,998.00,980.00,1008.00,1055.00,1088.00,1044.00,1134.00,1071.00,1049.00,1012.00,1042.00,1020.00,1028.00,1069.00,1059.00,1009.00,928.00,925.00,1017.00,1045.00,1084.00,1138.00,1215.00,1302.00,1248.00,1240.00,1273.00,1377.00,1389.00,1431.00,1476.00,1334.00,1428.00,1363.00,1341.00,1270.00,1293.00,1258.00,1171.00,1265.00,1215.00,1179.00,1140.00,1091.00,1125.00,1143.00,1158.00,1139.00,969.00,884.00,813.00,736.00,695.00,569.00,515.00,476.00,405.00,407.00,308.00,277.00,234.00,633.00
W06000011,Swansea,Unitary Authority,122594.00,1058.00,1165.00,1112.00,1172.00,1276.00,1280.00,1294.00,1422.00,1400.00,1380.00,1437.00,1491.00,1515.00,1424.00,1475.00,1559.00,1400.00,1416.00,1531.00,1930.00,2567.00,2891.00,2711.00,2259.00,1905.00,1512.00,1601.00,1579.00,1461.00,1487.00,1489.00,1578.00,1618.00,1710.00,1510.00,1561.00,1551.00,1529.00,1639.00,1427.00,1494.00,1424.00,1458.00,1607.00,1342.00,1281.00,1291.00,1360.00,1382.00,1354.00,1335.00,1459.00,1490.00,1528.00,1692.00,1545.00,1520.00,1533.00,1670.00,1629.00,1477.00,1504.00,1450.00,1418.00,1382.00,1341.00,1262.00,1231.00,1184.00,1167.00,1199.00,1144.00,1062.00,1162.00,1152.00,1198.00,1296.00,839.00,878.00,862.00,807.00,699.00,561.00,554.00,483.00,465.00,399.00,354.00,304.00,227.00,817.00
W06000012,Neath Port Talbot,Unitary Authority,70051.00,619.00,647.00,662.00,656.00,714.00,779.00,782.00,821.00,822.00,830.00,797.00,927.00,928.00,867.00,870.00,876.00,850.00,858.00,1006.00,1747.00,932.00,866.00,586.00,608.00,672.00,707.00,788.00,800.00,814.00,799.00,859.00,911.00,868.00,869.00,859.00,835.00,847.00,917.00,882.00,884.00,840.00,830.00,824.00,817.00,864.00,816.00,750.00,734.00,817.00,770.00,857.00,860.00,958.00,900.00,942.00,998.00,956.00,991.00,999.00,1046.00,982.00,965.00,934.00,956.00,878.00,985.00,869.00,790.00,786.00,774.00,795.00,752.00,699.00,763.00,726.00,807.00,778.00,554.00,548.00,529.00,478.00,413.00,336.00,345.00,292.00,260.00,231.00,207.00,150.00,147.00,392.00
W06000013,Bridgend,Unitary Authority,72528.00,678.00,735.00,694.00,730.00,759.00,792.00,821.00,821.00,863.00,873.00,876.00,873.00,977.00,892.00,927.00,890.00,873.00,842.00,884.00,708.00,645.00,652.00,698.00,769.00,835.00,874.00,965.00,892.00,834.00,965.00,852.00,987.00,930.00,976.00,1027.00,1005.00,992.00,957.00,959.00,877.00,888.00,884.00,931.00,952.00,878.00,811.00,774.00,826.00,824.00,896.00,894.00,1000.00,1085.00,960.00,1020.00,1073.00,1054.00,1090.00,1053.00,1076.00,996.00,1035.00,973.00,921.00,918.00,897.00,829.00,815.00,750.00,727.00,766.00,718.00,762.00,709.00,749.00,735.00,786.00,615.00,590.00,566.00,476.00,419.00,422.00,337.00,305.00,281.00,231.00,208.00,200.00,138.00,486.00
W06000014,Vale of Glamorgan,Unitary Authority,65072.00,594.00,672.00,677.00,712.00,754.00,738.00,825.00,782.00,774.00,814.00,875.00,899.00,880.00,900.00,906.00,863.00,859.00,772.00,733.00,597.00,564.00,512.00,663.00,713.00,713.00,669.00,723.00,699.00,711.00,745.00,703.00,734.00,736.00,729.00,809.00,846.00,831.00,887.00,751.00,763.00,823.00,841.00,930.00,904.00,833.00,696.00,730.00,733.00,808.00,779.00,823.00,856.00,879.00,870.00,912.00,884.00,932.00,862.00,889.00,947.00,906.00,916.00,915.00,827.00,849.00,747.00,787.00,746.00,747.00,737.00,745.00,680.00,701.00,697.00,697.00,718.00,744.00,543.00,528.00,542.00,437.00,390.00,363.00,328.00,306.00,271.00,211.00,208.00,147.00,131.00,450.00
W06000015,Cardiff,Unitary Authority,188596.00,1856.00,1981.00,1941.00,1924.00,2013.00,2084.00,2131.00,2257.00,2209.00,2249.00,2197.00,2330.00,2393.00,2289.00,2194.00,2219.00,2176.00,2235.00,2618.00,4372.00,4993.00,5046.00,4466.00,3868.00,3679.00,3544.00,3562.00,3432.00,3283.00,3098.00,3028.00,2908.00,2962.00,2878.00,2611.00,2747.00,2688.00,2713.00,2504.00,2555.00,2597.00,2352.00,2384.00,2348.00,2293.00,2065.00,2157.00,2018.00,2024.00,2075.00,1911.00,1963.00,2087.00,2050.00,2082.00,1988.00,2060.00,1882.00,1987.00,1923.00,1878.00,1984.00,1780.00,1797.00,1770.00,1628.00,1634.00,1479.00,1405.00,1424.00,1332.00,1261.00,1299.00,1316.00,1261.00,1222.00,1315.00,948.00,898.00,876.00,706.00,637.00,577.00,553.00,492.00,451.00,405.00,355.00,306.00,234.00,894.00
W06000016,Rhondda Cynon Taf,Unitary Authority,118551.00,1140.00,1193.00,1210.00,1259.00,1323.00,1394.00,1347.00,1353.00,1441.00,1459.00,1469.00,1475.00,1526.00,1426.00,1603.00,1474.00,1488.00,1401.00,1439.00,1327.00,1440.00,1440.00,1500.00,1367.00,1559.00,1408.00,1581.00,1460.00,1582.00,1538.00,1616.00,1610.00,1537.00,1739.00,1696.00,1559.00,1589.00,1564.00,1593.00,1551.00,1502.00,1496.00,1401.00,1480.00,1460.00,1318.00,1264.00,1238.00,1355.00,1271.00,1523.00,1620.00,1690.00,1562.00,1621.00,1659.00,1650.00,1681.00,1724.00,1621.00,1572.00,1600.00,1483.00,1337.00,1422.00,1370.00,1353.00,1253.00,1168.00,1192.00,1131.00,1211.00,1146.00,1188.00,1207.00,1233.00,1235.00,1028.00,956.00,790.00,668.00,634.00,539.00,489.00,429.00,400.00,325.00,310.00,259.00,199.00,612.00
W06000024,Merthyr Tydfil,Unitary Authority,28712.00,324.00,330.00,336.00,335.00,319.00,374.00,406.00,392.00,364.00,351.00,355.00,379.00,408.00,353.00,367.00,373.00,375.00,343.00,298.00,288.00,325.00,284.00,281.00,335.00,323.00,328.00,367.00,351.00,332.00,370.00,364.00,359.00,386.00,392.00,365.00,390.00,400.00,415.00,443.00,404.00,340.00,352.00,383.00,384.00,339.00,282.00,275.00,319.00,327.00,293.00,329.00,355.00,387.00,361.00,411.00,384.00,380.00,420.00,416.00,425.00,373.00,394.00,360.00,376.00,402.00,387.00,318.00,301.00,292.00,317.00,281.00,286.00,288.00,267.00,309.00,297.00,242.00,195.00,213.00,203.00,177.00,164.00,109.00,113.00,109.00,113.00,76.00,61.00,67.00,42.00,134.00
W06000018,Caerphilly,Unitary Authority,86097.00,868.00,851.00,826.00,910.00,954.00,1019.00,993.00,1030.00,1081.00,1074.00,1059.00,1089.00,1091.00,1150.00,1135.00,1140.00,1045.00,1023.00,1015.00,998.00,832.00,814.00,945.00,990.00,934.00,911.00,1132.00,1016.00,1027.00,1031.00,1036.00,1101.00,1195.00,1142.00,1164.00,1156.00,1077.00,1169.00,1084.00,1094.00,1056.00,1014.00,1068.00,1083.00,1005.00,959.00,992.00,980.00,981.00,1080.00,1114.00,1156.00,1242.00,1119.00,1281.00,1265.00,1199.00,1256.00,1267.00,1254.00,1261.00,1173.00,1128.00,1099.00,1047.00,1036.00,1023.00,907.00,853.00,981.00,926.00,837.00,891.00,914.00,798.00,935.00,955.00,710.00,643.00,613.00,541.00,548.00,393.00,410.00,361.00,311.00,265.00,230.00,175.00,149.00,412.00
W06000019,Blaenau Gwent,Unitary Authority,33229.00,336.00,399.00,349.00,382.00,397.00,382.00,334.00,370.00,382.00,393.00,402.00,376.00,426.00,413.00,438.00,396.00,329.00,345.00,361.00,348.00,313.00,306.00,367.00,383.00,374.00,407.00,421.00,360.00,366.00,456.00,450.00,476.00,463.00,434.00,482.00,412.00,433.00,442.00,438.00,396.00,427.00,360.00,384.00,378.00,366.00,352.00,300.00,338.00,409.00,382.00,432.00,488.00,474.00,478.00,516.00,504.00,497.00,519.00,526.00,509.00,487.00,492.00,426.00,434.00,423.00,361.00,439.00,391.00,372.00,348.00,371.00,333.00,348.00,344.00,346.00,334.00,378.00,278.00,249.00,228.00,248.00,192.00,169.00,139.00,153.00,108.00,90.00,95.00,75.00,40.00,162.00
W06000020,Torfaen,Unitary Authority,45490.00,488.00,536.00,477.00,559.00,552.00,510.00,560.00,595.00,520.00,560.00,568.00,600.00,617.00,583.00,632.00,587.00,566.00,602.00,574.00,433.00,417.00,415.00,426.00,473.00,478.00,522.00,600.00,548.00,607.00,562.00,542.00,610.00,637.00,624.00,628.00,575.00,605.00,611.00,580.00,541.00,549.00,563.00,482.00,532.00,542.00,440.00,519.00,436.00,496.00,490.00,555.00,579.00,638.00,629.00,591.00,589.00,629.00,632.00,712.00,639.00,673.00,662.00,647.00,569.00,570.00,582.00,509.00,481.00,468.00,525.00,460.00,473.00,453.00,449.00,461.00,450.00,525.00,373.00,376.00,334.00,283.00,254.00,226.00,201.00,207.00,181.00,135.00,127.00,100.00,101.00,273.00
W06000021,Monmouthshire,Unitary Authority,46332.00,354.00,391.00,411.00,441.00,402.00,455.00,488.00,496.00,504.00,507.00,510.00,540.00,542.00,520.00,570.00,571.00,576.00,517.00,509.00,359.00,271.00,359.00,389.00,436.00,476.00,433.00,508.00,469.00,470.00,490.00,454.00,531.00,565.00,516.00,515.00,485.00,515.00,481.00,486.00,500.00,512.00,485.00,470.00,519.00,521.00,468.00,528.00,501.00,548.00,544.00,606.00,670.00,705.00,652.00,695.00,766.00,752.00,781.00,754.00,756.00,776.00,719.00,715.00,664.00,631.00,679.00,623.00,575.00,599.00,561.00,597.00,600.00,564.00,619.00,586.00,582.00,641.00,477.00,455.00,468.00,410.00,349.00,293.00,318.00,263.00,221.00,198.00,191.00,149.00,137.00,427.00
W06000022,Newport,Unitary Authority,80936.00,935.00,1016.00,1007.00,1009.00,1067.00,1039.00,1035.00,1224.00,1104.00,1054.00,1100.00,1042.00,1081.00,1049.00,1137.00,1129.00,958.00,957.00,959.00,850.00,751.00,735.00,769.00,894.00,1005.00,1025.00,1092.00,1091.00,1099.00,1142.00,1308.00,1286.00,1324.00,1217.00,1325.00,1387.00,1245.00,1190.00,1291.00,1168.00,1049.00,1062.00,1069.00,1123.00,1050.00,962.00,915.00,925.00,956.00,945.00,1005.00,980.00,1087.00,1072.00,1118.00,929.00,1068.00,1043.00,1035.00,1016.00,1017.00,915.00,967.00,878.00,955.00,826.00,782.00,662.00,663.00,706.00,734.00,662.00,588.00,632.00,601.00,678.00,722.00,491.00,489.00,471.00,428.00,358.00,296.00,291.00,281.00,226.00,209.00,199.00,141.00,118.00,445.00
W06000019,LA_1,Unitary Authority,33229.00,336.00,399.00,349.00,382.00,397.00,382.00,334.00,370.00,382.00,393.00,402.00,376.00,426.00,413.00,438.00,396.00,329.00,345.00,361.00,348.00,313.00,306.00,367.00,383.00,374.00,407.00,421.00,360.00,366.00,456.00,450.00,476.00,463.00,434.00,482.00,412.00,433.00,442.00,438.00,396.00,427.00,360.00,384.00,378.00,366.00,352.00,300.00,338.00,409.00,382.00,432.00,488.00,474.00,478.00,516.00,504.00,497.00,519.00,526.00,509.00,487.00,492.00,426.00,434.00,423.00,361.00,439.00,391.00,372.00,348.00,371.00,333.00,348.00,344.00,346.00,334.00,378.00,278.00,249.00,228.00,248.00,192.00,169.00,139.00,153.00,108.00,90.00,95.00,75.00,40.00,162.00
W06000020,LA_2,Unitary Authority,45490.00,488.00,536.00,477.00,559.00,552.00,510.00,560.00,595.00,520.00,560.00,568.00,600.00,617.00,583.00,632.00,587.00,566.00,602.00,574.00,433.00,417.00,415.00,426.00,473.00,478.00,522.00,600.00,548.00,607.00,562.00,542.00,610.00,637.00,624.00,628.00,575.00,605.00,611.00,580.00,541.00,549.00,563.00,482.00,532.00,542.00,440.00,519.00,436.00,496.00,490.00,555.00,579.00,638.00,629.00,591.00,589.00,629.00,632.00,712.00,639.00,673.00,662.00,647.00,569.00,570.00,582.00,509.00,481.00,468.00,525.00,460.00,473.00,453.00,449.00,461.00,450.00,525.00,373.00,376.00,334.00,283.00,254.00,226.00,201.00,207.00,181.00,135.00,127.00,100.00,101.00,273.00
W06000021,LA_3,Unitary Authority,46332.00,354.00,391.00,411.00,441.00,402.00,455.00,488.00,496.00,504.00,507.00,510.00,540.00,542.00,520.00,570.00,571.00,576.00,517.00,509.00,359.00,271.00,359.00,389.00,436.00,476.00,433.00,508.00,469.00,470.00,490.00,454.00,531.00,565.00,516.00,515.00,485.00,515.00,481.00,486.00,500.00,512.00,485.00,470.00,519.00,521.00,468.00,528.00,501.00,548.00,544.00,606.00,670.00,705.00,652.00,695.00,766.00,752.00,781.00,754.00,756.00,776.00,719.00,715.00,664.00,631.00,679.00,623.00,575.00,599.00,561.00,597.00,600.00,564.00,619.00,586.00,582.00,641.00,477.00,455.00,468.00,410.00,349.00,293.00,318.00,263.00,221.00,198.00,191.00,149.00,137.00,427.00
W06000022,LA_4,Unitary Authority,80936.00,935.00,1016.00,1007.00,1009.00,1067.00,1039.00,1035.00,1224.00,1104.00,1054.00,1100.00,1042.00,1081.00,1049.00,1137.00,1129.00,958.00,957.00,959.00,850.00,751.00,735.00,769.00,894.00,1005.00,1025.00,1092.00,1091.00,1099.00,1142.00,1308.00,1286.00,1324.00,1217.00,1325.00,1387.00,1245.00,1190.00,1291.00,1168.00,1049.00,1062.00,1069.00,1123.00,1050.00,962.00,915.00,925.00,956.00,945.00,1005.00,980.00,1087.00,1072.00,1118.00,929.00,1068.00,1043.00,1035.00,1016.00,1017.00,915.00,967.00,878.00,955.00,826.00,782.00,662.00,663.00,706.00,734.00,662.00,588.00,632.00,601.00,678.00,722.00,491.00,489.00,471.00,428.00,358.00,296.00,291.00,281.00,226.00,209.00,199.00,141.00,118.00,445.00
