"MYE2: Females by single year of age and sex for local authorities in England and Wales, mid-2023",,,,,,,,,,,,,,,,,,,,,,,,,,,,,,,,,,,,,,,,,,,,,,,,,,,,,,,,,,,,,,,,,,,,,,,,,,,,,,,,,,,,,,,,,,,,,,
This worksheet contains one table. Freeze panes are turned on. ,,,,,,,,,,,,,,,,,,,,,,,,,,,,,,,,,,,,,,,,,,,,,,,,,,,,,,,,,,,,,,,,,,,,,,,,,,,,,,,,,,,,,,,,,,,,,,
"To turn off freeze panes select the 'View' ribbon then 'Freeze Panes' then 'Unfreeze Panes' or use [Alt W, F]",,,,,,,,,,,,,,,,,,,,,,,,,,,,,,,,,,,,,,,,,,,,,,,,,,,,,,,,,,,,,,,,,,,,,,,,,,,,,,,,,,,,,,,,,,,,,,
Please choose from the links presented in the cells below to e-mail us your opinion on this table: ,,,,,,,,,,,,,,,,,,,,,,,,,,,,,,,,,,,,,,,,,,,,,,,,,,,,,,,,,,,,,,,,,,,,,,,,,,,,,,,,,,,,,,,,,,,,,,
"This met my needs, please produce it next year",,,,,,,,,,,,,,,,,,,,,,,,,,,,,,,,,,,,,,,,,,,,,,,,,,,,,,,,,,,,,,,,,,,,,,,,,,,,,,,,,,,,,,,,,,,,,,
I need something slightly different (please specify),,,,,,,,,,,,,,,,,,,,,,,,,,,,,,,,,,,,,,,,,,,,,,,,,,,,,,,,,,,,,,,,,,,,,,,,,,,,,,,,,,,,,,,,,,,,,,
This is not what I need at all (please specify),,,,,,,,,,,,,,,,,,,,,,,,,,,,,,,,,,,,,,,,,,,,,,,,,,,,,,,,,,,,,,,,,,,,,,,,,,,,,,,,,,,,,,,,,,,,,,
Code,Name,Geography,All ages,0,1,2,3,4,5,6,7,8,9,10,11,12,13,14,15,16,17,18,19,20,21,22,23,24,25,26,27,28,29,30,31,32,33,34,35,36,37,38,39,40,41,42,43,44,45,46,47,48,49,50,51,52,53,54,55,56,57,58,59,60,61,62,63,64,65,66,67,68,69,70,71,72,73,74,75,76,77,78,79,80,81,82,83,84,85,86,87,88,89,90+
K04000001,ENGLAND AND WALES,Country," 31,018,735 ","292,545","313,476","311,641","323,172","328,089","333,158","340,995","350,040","347,161","349,195","357,381","367,399","366,635","362,251","359,256","362,883","348,150","341,540","342,096","346,809","343,826","347,928","349,422","362,662","380,092","388,439","398,587","393,496","403,641","416,754","418,993","433,315","438,680","439,539","437,887","444,162","434,688","428,554","426,096","412,256","412,213","408,449","412,437","412,391","393,705","364,851","357,022","363,969","371,240","375,709","389,869","404,754","421,441","409,789","418,637","416,728","418,194","418,000","418,388","412,280","401,700","391,478","374,850","359,033","349,334","338,794","325,225","311,661","299,904","300,516","293,746","285,146","284,891","288,528","292,672","307,544","328,707","248,749","237,774","232,201","211,435","185,223","161,265","162,108","154,785","144,160","129,840","116,139","102,501","87,624","368,247"
E92000001,ENGLAND,Country," 29,407,249 ","279,167","298,988","297,423","307,905","312,529","316,813","324,426","332,617","330,045","331,941","339,519","348,893","348,165","343,885","341,284","344,315","330,622","324,507","324,547","328,240","325,534","329,081","331,235","345,013","361,888","369,890","379,188","375,004","384,557","397,037","399,178","412,384","417,512","419,044","417,098","422,891","413,850","408,208","405,771","392,998","392,640","389,013","392,804","392,829","375,222","347,593","340,244","346,591","353,283","357,012","369,968","383,711","398,952","388,155","395,977","394,307","395,319","395,085","394,913","388,786","378,799","369,231","353,273","338,179","328,875","318,729","305,975","293,096","282,116","282,344","275,725","267,981","267,569","271,143","275,176","289,150","309,463","234,189","223,653","218,690","198,932","173,919","151,373","152,822","146,074","135,895","122,383","109,600","96,854","82,610","347,835"
E12000001,NORTH EAST,Region," 1,381,869 ","11,984","12,766","12,785","13,207","13,765","13,956","14,631","14,851","14,685","14,790","15,275","15,646","15,697","15,538","15,200","15,648","14,934","14,903","14,992","16,951","18,011","17,308","15,735","15,021","15,173","15,679","16,657","16,318","16,963","17,282","17,415","18,200","18,183","18,067","17,847","18,545","18,202","18,165","17,991","17,222","17,095","16,972","17,190","17,160","16,467","14,716","14,204","15,251","15,228","15,805","16,514","17,996","18,966","18,222","18,561","19,069","19,451","19,668","19,803","19,757","19,752","19,455","18,671","18,066","18,167","17,730","16,904","16,251","15,406","15,227","15,040","14,432","14,256","14,460","14,473","15,172","16,044","11,810","11,144","10,573","9,425","8,462","7,708","7,877","7,326","7,014","6,320","5,413","4,939","3,989","16,080"
E06000047,County Durham,Unitary Authority," 272,618 ","2,133","2,277","2,233","2,392","2,410","2,556","2,657","2,772","2,814","2,777","2,856","2,868","2,931","3,016","2,862","3,044","2,834","2,855","3,035","4,188","5,215","4,370","3,338","2,891","2,742","2,897","3,074","2,906","3,066","3,093","3,166","3,250","3,361","3,330","3,397","3,399","3,328","3,319","3,276","3,172","3,220","3,238","3,247","3,232","3,210","2,866","2,820","2,881","2,952","3,123","3,444","3,729","3,928","3,740","3,915","4,021","4,048","4,096","4,131","4,162","3,915","3,936","3,784","3,590","3,744","3,533","3,351","3,297","3,120","3,081","3,077","2,911","2,909","2,954","3,026","3,102","3,228","2,425","2,412","2,278","1,949","1,717","1,630","1,548","1,424","1,368","1,280","1,115","1,019",786,"3,006"
E06000005,Darlington,Unitary Authority," 56,494 ",500,529,573,605,563,591,571,599,590,600,646,675,647,657,655,692,659,620,583,459,368,424,481,595,669,654,651,726,688,706,728,738,810,786,766,768,712,724,685,705,713,688,720,715,688,662,591,681,650,719,725,795,847,759,786,800,791,855,805,787,800,767,780,733,716,728,670,667,588,579,607,591,601,577,581,601,708,530,460,429,354,340,340,349,321,303,261,226,219,162,731
E06000001,Hartlepool,Unitary Authority," 48,933 ",423,452,470,521,534,497,566,545,561,576,573,578,604,609,587,618,555,615,584,489,396,479,547,557,632,540,614,547,564,635,597,634,662,641,649,688,669,662,604,595,569,592,578,548,554,535,506,495,489,531,579,617,695,669,688,717,761,757,703,727,748,757,715,599,685,581,578,544,559,463,531,500,445,529,535,520,495,383,355,336,298,302,244,282,229,269,229,161,188,125,569
E06000002,Middlesbrough,Unitary Authority," 76,255 ",894,892,881,915,891,947,"1,016",930,956,950,"1,019","1,024","1,053",963,872,914,932,925,891,890,754,816,871,945,974,"1,118","1,220","1,123","1,210","1,282","1,249","1,190","1,107","1,116","1,132","1,187","1,155","1,107","1,138","1,041",976,929,933,896,903,729,748,790,755,774,773,864,912,895,875,937,891,920,930,977,944,939,911,868,888,877,872,790,758,712,694,656,654,637,626,623,672,516,470,419,416,398,323,347,334,319,289,254,217,192,743
E06000057,Northumberland,Unitary Authority," 167,442 ","1,190","1,286","1,337","1,358","1,467","1,520","1,642","1,584","1,601","1,643","1,717","1,805","1,759","1,741","1,724","1,794","1,640","1,671","1,512","1,138","1,127","1,105","1,263","1,452","1,555","1,591","1,573","1,481","1,652","1,662","1,709","1,873","1,838","1,850","1,826","1,878","1,907","1,888","1,976","1,862","1,812","1,961","1,910","2,080","1,930","1,701","1,723","1,870","1,936","1,933","2,101","2,374","2,470","2,347","2,456","2,505","2,584","2,656","2,774","2,737","2,792","2,742","2,676","2,699","2,623","2,556","2,514","2,420","2,303","2,248","2,231","2,199","2,187","2,249","2,194","2,494","2,489","1,878","1,767","1,645","1,525","1,252","1,117","1,138","1,054",991,940,817,713,564,"2,368"
E06000003,Redcar and Cleveland,Unitary Authority," 70,926 ",646,673,584,695,733,719,753,734,773,745,798,822,849,791,759,809,782,776,683,544,458,555,608,721,686,691,727,733,771,776,793,919,896,850,840,844,819,878,878,777,780,850,833,846,774,735,688,759,712,816,870,933,"1,016","1,004","1,004","1,041","1,153","1,172","1,168","1,062","1,102","1,114",991,"1,008","1,014","1,002",920,870,830,897,915,822,819,840,875,849,995,759,649,655,534,550,453,487,453,380,368,328,272,221,850
E06000004,Stockton-on-Tees,Unitary Authority," 102,586 ",965,"1,007","1,040","1,083","1,117","1,106","1,225","1,232","1,216","1,170","1,316","1,313","1,339","1,278","1,325","1,318","1,296","1,254","1,168",882,644,647,838,"1,045","1,099","1,010","1,310","1,271","1,187","1,352","1,313","1,453","1,387","1,396","1,339","1,498","1,401","1,467","1,503","1,432","1,414","1,289","1,379","1,325","1,268","1,152","1,095","1,195","1,189","1,252","1,151","1,319","1,380","1,468","1,343","1,366","1,455","1,425","1,399","1,467","1,477","1,479","1,334","1,358","1,306","1,318","1,220","1,147","1,082","1,122","1,011","1,036","1,062",975,968,"1,076","1,124",788,703,719,658,616,541,567,509,449,406,340,328,263,"1,031"
E11000007,Tyne and Wear (Met County),Metropolitan County," 586,615 ","5,233","5,650","5,667","5,638","6,050","6,020","6,201","6,455","6,174","6,329","6,350","6,561","6,515","6,483","6,416","6,459","6,236","6,187","6,536","8,361","9,049","8,912","7,789","6,815","6,816","7,178","7,488","7,531","7,825","7,776","7,860","8,143","8,122","8,098","7,898","8,283","8,211","8,120","7,931","7,638","7,611","7,425","7,590","7,518","7,140","6,336","6,033","6,580","6,545","6,657","6,871","7,365","7,718","7,340","7,494","7,682","7,768","7,787","7,893","7,838","7,974","7,721","7,480","7,211","7,191","7,135","6,779","6,516","6,166","6,125","5,974","5,717","5,579","5,699","5,668","5,907","6,333","4,531","4,328","4,092","3,691","3,287","3,060","3,159","3,002","2,935","2,547","2,172","1,983","1,676","6,782"
E08000037,Gateshead,Metropolitan District," 100,762 ",864,994,"1,006",976,"1,078","1,023","1,140","1,095","1,111","1,117","1,107","1,144","1,205","1,105","1,175","1,064","1,172","1,230","1,205","1,000",733,712,872,"1,012","1,154","1,311","1,262","1,215","1,392","1,349","1,341","1,399","1,329","1,389","1,369","1,365","1,308","1,364","1,315","1,343","1,339","1,236","1,320","1,341","1,226","1,093","1,043","1,146","1,136","1,180","1,258","1,365","1,407","1,334","1,372","1,346","1,477","1,452","1,446","1,369","1,449","1,342","1,297","1,286","1,210","1,279","1,184","1,075","1,087","1,034","1,020","1,011",969,"1,034","1,070","1,111","1,137",803,855,776,697,640,584,593,613,552,448,394,388,332,"1,261"
E08000021,Newcastle upon Tyne,Metropolitan District," 156,903 ","1,487","1,584","1,526","1,615","1,661","1,617","1,592","1,752","1,598","1,754","1,700","1,599","1,678","1,668","1,667","1,627","1,536","1,466","2,005","4,475","5,627","5,452","4,058","2,658","2,312","2,349","2,468","2,558","2,400","2,329","2,361","2,273","2,194","2,287","2,028","2,272","2,139","2,081","2,010","1,995","1,986","1,990","1,925","1,834","1,704","1,571","1,459","1,633","1,619","1,617","1,552","1,541","1,702","1,602","1,599","1,729","1,688","1,716","1,670","1,696","1,804","1,680","1,616","1,560","1,658","1,482","1,442","1,411","1,273","1,236","1,262","1,205","1,116","1,153","1,109","1,172","1,323",903,878,844,720,680,625,675,628,637,595,484,457,345,"1,639"
E08000022,North Tyneside,Metropolitan District," 108,680 ",913,973,981,956,"1,125","1,159","1,140","1,210","1,143","1,160","1,210","1,235","1,154","1,218","1,137","1,190","1,119","1,164","1,046",791,734,783,828,965,"1,018","1,086","1,253","1,251","1,281","1,325","1,342","1,453","1,472","1,430","1,534","1,518","1,651","1,601","1,577","1,560","1,483","1,449","1,585","1,588","1,478","1,278","1,245","1,329","1,355","1,353","1,428","1,523","1,524","1,458","1,512","1,501","1,504","1,477","1,536","1,552","1,547","1,525","1,429","1,442","1,402","1,439","1,330","1,342","1,293","1,263","1,270","1,137","1,161","1,178","1,174","1,247","1,326",944,857,860,738,632,573,632,556,576,496,432,362,327,"1,346"
E08000023,South Tyneside,Metropolitan District," 76,409 ",695,684,781,687,799,832,796,881,820,831,844,875,896,866,834,885,789,772,759,642,575,619,639,709,807,799,796,847,897,926,933,916,"1,055","1,058","1,060","1,126","1,099","1,130","1,065",965,959,988,964,952,989,791,761,811,873,881,852,989,"1,033","1,017","1,101","1,082","1,056","1,179","1,191","1,150","1,156","1,107","1,162","1,044","1,051","1,042",972,939,847,947,871,767,812,851,801,847,838,685,599,561,589,465,438,442,416,417,375,297,278,242,943
E08000024,Sunderland,Metropolitan District," 143,861 ","1,274","1,415","1,373","1,404","1,387","1,389","1,533","1,517","1,502","1,467","1,489","1,708","1,582","1,626","1,603","1,693","1,620","1,555","1,521","1,453","1,380","1,346","1,392","1,471","1,525","1,633","1,709","1,660","1,855","1,847","1,883","2,102","2,072","1,934","1,907","2,002","2,014","1,944","1,964","1,775","1,844","1,762","1,796","1,803","1,743","1,603","1,525","1,661","1,562","1,626","1,781","1,947","2,052","1,929","1,910","2,024","2,043","1,963","2,050","2,071","2,018","2,067","1,976","1,879","1,870","1,893","1,851","1,749","1,666","1,645","1,551","1,597","1,521","1,483","1,514","1,530","1,709","1,196","1,139","1,051",947,870,840,817,789,753,633,565,498,430,"1,593"
E12000002,NORTH WEST,Region," 3,862,060 ","36,670","39,701","39,597","41,138","42,066","41,956","43,306","44,537","44,140","44,805","45,272","46,500","46,589","45,500","45,266","45,551","43,571","43,076","43,444","45,976","46,907","47,387","45,778","45,831","47,826","47,660","49,349","48,093","49,304","50,717","51,465","53,059","54,251","53,738","53,662","54,894","52,894","52,876","52,507","50,303","50,381","49,289","48,991","49,311","46,696","43,026","41,840","43,259","44,182","45,004","47,157","50,102","52,156","50,724","52,119","51,398","51,740","51,941","52,751","51,968","50,832","50,562","47,958","46,066","44,421","42,839","41,656","39,704","37,997","37,642","36,936","35,730","36,208","36,502","36,471","38,736","41,527","30,289","28,900","28,393","25,961","23,001","20,584","20,254","19,280","17,900","15,931","14,293","12,267","10,374","41,649"
E06000008,Blackburn with Darwen,Unitary Authority," 79,308 ",887,956,"1,017","1,052","1,032","1,085","1,090","1,130","1,136","1,097","1,104","1,176","1,191","1,163","1,248","1,233","1,192","1,148","1,060",910,788,864,919,944,"1,009","1,046",980,"1,008","1,001","1,041","1,090","1,088","1,127","1,056","1,140","1,171","1,144","1,180","1,174","1,144","1,141","1,159","1,154","1,119","1,026",939,890,924,969,927,"1,039","1,015","1,044","1,013","1,032","1,012",928,948,943,906,929,872,846,826,770,725,698,684,706,612,650,606,560,572,616,599,634,473,416,408,365,321,275,294,301,258,192,199,153,146,653
E06000009,Blackpool,Unitary Authority," 71,878 ",679,723,696,779,775,755,826,766,849,805,778,829,823,814,787,760,741,755,786,636,490,650,713,764,757,809,861,896,877,932,949,966,"1,047",992,964,"1,043","1,003",988,951,876,856,808,796,854,770,720,709,781,793,839,943,968,"1,025",984,"1,121","1,044","1,064","1,106","1,066","1,111","1,071","1,078",976,896,945,877,808,846,748,739,683,696,693,673,758,787,824,647,598,578,552,465,465,446,406,346,385,329,281,222,812
E06000049,Cheshire East,Unitary Authority," 210,181 ","1,794","1,978","1,979","1,994","2,141","2,220","2,197","2,252","2,247","2,212","2,361","2,414","2,439","2,249","2,333","2,298","2,224","2,181","2,061","1,537","1,075","1,235","1,730","1,976","2,089","2,125","2,167","2,100","2,358","2,467","2,474","2,569","2,713","2,728","2,680","2,869","2,660","2,706","2,770","2,630","2,656","2,606","2,536","2,695","2,594","2,334","2,493","2,533","2,669","2,698","2,749","2,928","3,053","3,046","3,170","3,228","3,133","3,132","3,202","3,097","3,182","3,030","2,926","2,683","2,601","2,496","2,387","2,303","2,246","2,320","2,245","2,209","2,372","2,326","2,345","2,674","2,801","1,995","1,957","2,041","1,792","1,536","1,339","1,365","1,235","1,256","1,107","1,050",831,715,"3,032"
E06000050,Cheshire West and Chester,Unitary Authority," 186,599 ","1,583","1,757","1,790","1,831","1,799","1,825","1,879","2,008","1,888","2,008","2,005","2,104","2,090","2,070","1,941","2,034","1,940","1,957","1,962","1,744","1,662","1,910","1,995","2,108","2,060","2,093","2,197","1,989","2,128","2,190","2,236","2,452","2,505","2,293","2,408","2,488","2,438","2,395","2,420","2,318","2,382","2,399","2,250","2,344","2,304","2,134","1,995","2,079","2,285","2,355","2,436","2,680","2,687","2,611","2,710","2,698","2,668","2,793","2,758","2,687","2,680","2,602","2,490","2,364","2,312","2,203","2,209","2,121","1,977","1,949","1,969","1,935","1,960","2,031","2,044","2,183","2,217","1,745","1,676","1,570","1,419","1,265","1,210","1,192","1,036","1,036",951,798,694,601,"2,405"
E06000063,Cumberland,Unitary Authority," 140,609 ","1,176","1,199","1,297","1,288","1,298","1,304","1,400","1,449","1,434","1,524","1,446","1,579","1,584","1,564","1,447","1,531","1,407","1,432","1,363","1,108",999,"1,087","1,210","1,309","1,420","1,487","1,565","1,521","1,498","1,587","1,656","1,763","1,803","1,747","1,694","1,723","1,576","1,665","1,629","1,609","1,749","1,602","1,600","1,631","1,470","1,429","1,413","1,576","1,564","1,748","1,821","1,905","2,158","2,019","2,179","2,110","2,190","2,183","2,193","2,303","2,154","2,177","2,079","1,969","2,035","1,978","1,863","1,846","1,671","1,667","1,737","1,599","1,733","1,699","1,676","1,769","1,851","1,298","1,238","1,252","1,093","1,046",939,885,889,828,769,636,598,491,"1,923"
E06000006,Halton,Unitary Authority," 66,009 ",606,651,658,670,685,720,743,730,805,769,782,786,801,844,796,809,771,803,716,518,482,606,707,690,733,778,731,746,801,824,818,935,912,915,876,"1,008","1,002",882,887,926,874,827,899,889,809,768,768,764,830,826,912,879,943,878,876,927,927,895,922,882,897,994,897,836,867,842,757,799,770,701,716,682,706,687,685,723,740,471,413,411,390,350,291,301,290,238,232,195,169,172,570
E06000007,Warrington,Unitary Authority," 107,274 ",958,988,988,"1,089","1,144","1,130","1,122","1,223","1,266","1,243","1,234","1,304","1,393","1,259","1,337","1,321","1,230","1,188","1,106",723,607,737,892,"1,061","1,134","1,199","1,209","1,209","1,147","1,237","1,271","1,355","1,503","1,371","1,396","1,526","1,427","1,478","1,488","1,473","1,449","1,505","1,476","1,469","1,408","1,253","1,328","1,387","1,334","1,382","1,490","1,469","1,609","1,644","1,576","1,500","1,637","1,604","1,578","1,547","1,563","1,529","1,418","1,295","1,340","1,228","1,151","1,074","1,053","1,108","1,037","1,018","1,045","1,002","1,008","1,155","1,288",917,881,885,764,772,653,610,655,534,494,429,318,294,"1,145"
E06000064,Westmorland and Furness,Unitary Authority," 115,760 ",815,895,889,918,"1,023",959,"1,085","1,074","1,014","1,058","1,125","1,131","1,168","1,114","1,163","1,194","1,184","1,196","1,154",890,763,781,886,976,"1,111","1,044","1,091","1,181","1,188","1,201","1,267","1,274","1,307","1,293","1,313","1,338","1,246","1,304","1,324","1,189","1,265","1,297","1,284","1,249","1,195","1,239","1,174","1,276","1,275","1,430","1,417","1,633","1,740","1,796","1,851","1,769","1,923","1,877","1,940","2,015","1,944","1,850","1,766","1,807","1,802","1,618","1,589","1,537","1,490","1,516","1,477","1,447","1,527","1,558","1,513","1,633","1,659","1,315","1,218","1,253","1,109",921,888,807,858,799,674,598,485,434,"1,897"
E11000001,Greater Manchester (Met County),Metropolitan County," 1,491,982 ","15,789","16,931","16,730","17,484","17,749","17,752","18,199","18,725","18,568","18,869","19,078","19,321","19,504","19,078","18,817","18,762","17,983","17,675","17,705","19,052","19,671","19,427","19,411","20,605","21,636","21,262","21,748","20,759","21,358","21,570","21,919","22,224","22,502","22,729","22,376","22,706","22,052","21,777","21,804","20,798","20,734","20,237","20,208","20,082","18,870","17,565","16,776","16,880","17,131","17,056","17,795","18,638","18,913","18,236","18,596","18,378","18,485","18,220","18,229","17,764","16,823","17,003","15,997","15,600","14,819","14,064","13,691","13,018","12,491","12,310","12,106","11,703","11,623","12,067","11,917","12,504","13,725","9,861","9,580","9,282","8,620","7,586","6,665","6,590","6,089","5,793","5,041","4,485","3,923","3,216","12,892"
E08000001,Bolton,Metropolitan District," 152,801 ","1,660","1,840","1,792","1,999","1,904","1,934","2,018","2,030","2,002","2,073","2,099","2,139","2,196","2,103","2,102","2,058","2,056","1,891","1,836","1,531","1,297","1,493","1,543","1,624","1,806","1,696","1,895","1,776","1,963","1,942","2,035","2,068","2,256","2,255","2,120","2,298","2,271","2,178","2,123","2,037","2,051","2,044","2,058","2,079","1,817","1,813","1,687","1,732","1,775","1,799","1,882","2,008","2,042","1,922","1,941","1,990","2,016","2,000","2,015","1,944","1,745","1,831","1,689","1,640","1,553","1,505","1,545","1,388","1,384","1,372","1,329","1,284","1,275","1,356","1,391","1,425","1,576","1,121","1,079","1,016",979,880,753,705,688,617,544,470,439,341,"1,327"
E08000002,Bury,Metropolitan District," 99,126 ",963,"1,063","1,062","1,052","1,137","1,159","1,129","1,235","1,176","1,224","1,271","1,268","1,303","1,304","1,219","1,341","1,246","1,129","1,073",836,697,830,882,973,"1,099","1,056","1,104","1,095","1,213","1,242","1,357","1,403","1,392","1,424","1,387","1,458","1,542","1,397","1,448","1,347","1,412","1,415","1,309","1,277","1,285","1,207","1,112","1,194","1,204","1,207","1,265","1,329","1,312","1,365","1,347","1,355","1,390","1,341","1,341","1,332","1,282","1,269","1,201","1,156","1,114","1,044",927,951,929,953,957,940,861,909,"1,009","1,027","1,132",773,766,809,663,562,525,495,492,456,371,372,354,258,"1,034"
E08000003,Manchester,Metropolitan District," 291,020 ","3,337","3,427","3,373","3,492","3,489","3,440","3,644","3,574","3,645","3,602","3,606","3,712","3,638","3,654","3,527","3,523","3,499","3,496","4,227","8,015","9,916","8,373","6,886","6,646","6,290","6,160","5,984","5,459","5,294","5,309","5,097","4,914","4,741","4,600","4,610","4,444","4,425","4,437","4,437","4,065","4,063","4,031","3,822","3,855","3,544","3,222","3,111","3,060","3,068","2,901","2,999","2,973","2,878","2,885","2,970","2,736","2,799","2,722","2,750","2,564","2,427","2,429","2,251","2,266","2,015","1,850","1,932","1,806","1,616","1,496","1,454","1,467","1,390","1,366","1,249","1,279","1,263","1,037",943,989,827,770,731,714,615,613,548,494,400,310,"1,513"
E08000004,Oldham,Metropolitan District," 125,456 ","1,478","1,667","1,475","1,593","1,646","1,627","1,672","1,666","1,830","1,808","1,799","1,782","1,831","1,859","1,785","1,806","1,775","1,714","1,694","1,406","1,174","1,299","1,395","1,387","1,543","1,454","1,542","1,553","1,656","1,620","1,541","1,603","1,778","1,961","1,912","1,838","1,834","1,788","1,787","1,704","1,773","1,615","1,672","1,738","1,629","1,474","1,401","1,403","1,423","1,389","1,571","1,550","1,692","1,637","1,503","1,507","1,474","1,528","1,599","1,536","1,327","1,461","1,361","1,417","1,229","1,130","1,102","1,168","1,082","1,018","1,064",996,988,"1,032",988,"1,129","1,158",860,807,804,728,674,565,540,554,483,443,372,313,288,979
E08000005,Rochdale,Metropolitan District," 116,925 ","1,312","1,488","1,481","1,499","1,457","1,438","1,499","1,615","1,544","1,541","1,603","1,593","1,560","1,624","1,639","1,581","1,475","1,481","1,419","1,160",970,"1,023","1,151","1,253","1,414","1,456","1,470","1,439","1,525","1,602","1,603","1,608","1,703","1,781","1,663","1,903","1,699","1,747","1,690","1,607","1,697","1,596","1,653","1,612","1,483","1,414","1,321","1,333","1,427","1,325","1,393","1,460","1,517","1,431","1,501","1,469","1,537","1,486","1,443","1,371","1,404","1,380","1,367","1,311","1,203","1,190","1,165","1,139","1,100","1,080","1,027",987,986,992,991,"1,016","1,120",801,767,678,691,601,539,472,444,419,364,344,311,258,993
E08000006,Salford,Metropolitan District," 141,134 ","1,659","1,727","1,723","1,762","1,719","1,719","1,576","1,780","1,662","1,651","1,665","1,641","1,680","1,627","1,580","1,620","1,492","1,558","1,549","1,856","2,019","2,243","2,440","2,970","3,217","3,196","3,173","2,825","2,829","2,709","2,723","2,669","2,449","2,485","2,430","2,381","2,189","2,037","2,043","2,036","1,943","1,774","1,798","1,738","1,649","1,497","1,341","1,451","1,365","1,486","1,476","1,544","1,558","1,371","1,512","1,531","1,485","1,447","1,419","1,510","1,400","1,316","1,225","1,199","1,267","1,160","1,122",994,903,978,898,901,918,938,914,983,"1,108",713,682,694,662,601,572,563,463,452,392,372,307,252,981
E08000007,Stockport,Metropolitan District," 153,380 ","1,455","1,546","1,629","1,694","1,701","1,672","1,810","1,863","1,802","1,886","1,853","1,899","1,858","1,779","1,828","1,794","1,645","1,598","1,477",993,810,907,"1,177","1,462","1,656","1,564","1,682","1,675","1,822","1,910","1,952","2,179","2,197","2,294","2,194","2,328","2,186","2,157","2,293","2,158","2,167","2,101","2,085","2,156","2,036","1,932","1,889","1,794","1,855","1,860","1,905","2,075","2,070","1,909","2,148","2,059","2,095","2,090","2,112","1,975","1,935","2,070","1,860","1,892","1,777","1,736","1,619","1,555","1,591","1,537","1,534","1,448","1,417","1,566","1,490","1,537","1,844","1,326","1,341","1,210","1,159","1,052",890,972,873,868,760,688,552,476,"2,107"
E08000008,Tameside,Metropolitan District," 119,435 ","1,183","1,287","1,234","1,313","1,356","1,371","1,359","1,441","1,405","1,464","1,482","1,522","1,556","1,537","1,498","1,451","1,415","1,421","1,274",971,879,946,"1,219","1,270","1,375","1,431","1,543","1,454","1,611","1,670","1,791","1,756","1,949","1,797","1,809","1,918","1,765","1,798","1,752","1,601","1,615","1,596","1,581","1,592","1,451","1,346","1,381","1,358","1,408","1,439","1,522","1,629","1,622","1,533","1,589","1,691","1,689","1,605","1,624","1,563","1,577","1,562","1,539","1,304","1,381","1,314","1,249","1,169","1,065","1,109","1,095","1,033","1,122","1,079","1,083","1,123","1,311",903,845,832,779,683,563,530,504,538,422,364,344,267,"1,038"
E08000009,Trafford,Metropolitan District," 121,563 ","1,030","1,117","1,192","1,287","1,524","1,454","1,598","1,654","1,582","1,671","1,677","1,748","1,816","1,620","1,639","1,637","1,529","1,491","1,342",954,680,917,991,"1,247","1,267","1,242","1,215","1,340","1,181","1,249","1,326","1,432","1,560","1,592","1,722","1,639","1,745","1,826","1,893","1,918","1,856","1,879","1,991","1,888","1,898","1,750","1,636","1,646","1,602","1,575","1,612","1,722","1,697","1,688","1,546","1,576","1,602","1,610","1,572","1,598","1,510","1,423","1,421","1,325","1,271","1,237","1,167","1,100","1,111","1,041","1,040","1,031","1,053","1,085","1,029","1,101","1,156",894,906,916,831,669,642,680,648,574,521,466,403,358,"1,466"
E08000010,Wigan,Metropolitan District," 171,142 ","1,712","1,769","1,769","1,793","1,816","1,938","1,894","1,867","1,920","1,949","2,023","2,017","2,066","1,971","2,000","1,951","1,851","1,896","1,814","1,330","1,229","1,396","1,727","1,773","1,969","2,007","2,140","2,143","2,264","2,317","2,494","2,592","2,477","2,540","2,529","2,499","2,396","2,412","2,338","2,325","2,157","2,186","2,239","2,147","2,078","1,910","1,897","1,909","2,004","2,075","2,170","2,348","2,525","2,495","2,539","2,464","2,398","2,391","2,354","2,371","2,216","2,262","2,083","2,090","2,009","1,898","1,863","1,748","1,710","1,726","1,708","1,616","1,613","1,744","1,773","1,884","2,057","1,433","1,444","1,334","1,301","1,094",885,919,808,773,676,543,500,408,"1,454"
E10000017,Lancashire,County," 645,398 ","5,613","6,228","6,081","6,448","6,732","6,521","6,806","7,164","7,042","7,114","7,431","7,555","7,468","7,542","7,413","7,499","7,177","7,211","7,392","8,046","8,020","8,334","7,162","6,896","6,779","7,048","7,171","7,271","7,166","7,615","7,782","8,180","8,279","8,112","8,367","8,648","8,263","8,263","8,082","7,933","7,881","7,658","7,818","7,939","7,533","6,860","6,883","7,159","7,181","7,494","7,948","8,648","9,205","8,695","9,039","9,033","9,004","9,100","9,271","9,067","9,097","9,019","8,609","8,319","7,822","7,842","7,776","7,212","7,046","6,894","6,781","6,547","6,667","6,793","6,928","7,319","7,890","5,604","5,544","5,303","4,816","4,361","3,802","3,751","3,678","3,155","2,843","2,628","2,267","1,956","7,859"
E07000117,Burnley,Non-metropolitan District," 48,712 ",492,570,491,607,614,562,582,632,586,611,675,628,598,670,626,659,573,615,604,470,402,478,467,475,620,582,610,638,613,635,667,745,722,700,717,725,737,711,668,635,653,630,642,564,569,525,561,548,559,575,576,624,604,601,645,601,616,655,667,618,619,601,625,577,538,537,508,469,460,451,488,447,474,461,484,505,533,349,363,352,286,278,225,216,203,178,172,175,137,104,452
E07000118,Chorley,Non-metropolitan District," 59,798 ",450,543,519,589,634,596,695,687,686,694,699,743,680,692,702,687,663,620,603,494,378,355,478,585,598,634,646,659,648,654,765,721,761,765,786,867,885,826,832,778,773,786,784,765,775,687,713,738,732,736,837,877,981,839,912,914,881,871,892,893,867,790,792,737,688,705,722,663,659,700,627,604,626,650,647,762,733,523,537,487,452,403,381,340,319,294,234,189,193,167,624
E07000119,Fylde,Non-metropolitan District," 43,024 ",286,355,315,317,346,346,389,398,366,438,428,437,430,428,401,441,404,370,429,241,224,244,257,363,334,321,391,380,391,395,372,441,493,474,496,418,444,483,443,479,459,438,503,484,443,465,423,433,433,519,491,639,637,625,631,660,667,696,743,662,784,775,784,712,645,635,688,636,567,591,599,552,553,635,604,624,701,507,507,463,433,398,353,369,367,329,272,260,219,192,811
E07000120,Hyndburn,Non-metropolitan District," 42,531 ",459,496,447,501,505,484,535,544,528,504,563,587,548,560,562,560,526,536,459,364,382,402,506,507,520,569,533,544,525,630,611,577,610,539,624,591,582,601,528,531,504,537,582,543,551,441,407,479,480,489,511,584,601,568,593,536,562,586,513,581,558,487,497,525,425,462,505,425,378,377,387,364,361,360,434,453,431,333,354,319,286,243,229,211,189,181,150,156,107,121,395
E07000121,Lancaster,Non-metropolitan District," 73,993 ",602,619,664,666,672,683,668,751,755,734,717,790,816,801,695,732,681,770,959,"2,013","2,389","1,976","1,227",912,727,710,805,836,795,828,782,904,779,779,922,925,794,833,910,869,903,850,783,882,817,715,748,737,743,758,823,909,956,921,914,"1,013","1,014","1,031","1,041",981,991,"1,001",941,987,946,902,839,752,792,761,779,781,742,743,780,818,881,627,637,575,519,481,403,406,411,356,351,301,236,256,969
E07000122,Pendle,Non-metropolitan District," 48,829 ",528,590,530,615,606,585,636,685,633,638,600,673,715,691,695,657,631,631,565,488,365,465,494,550,489,558,550,583,550,525,621,642,661,685,602,737,696,659,698,732,626,657,693,610,598,559,536,603,578,544,537,625,656,629,620,639,662,586,633,612,596,648,552,559,558,566,575,525,496,471,447,425,482,462,443,478,533,355,354,355,277,261,238,226,220,153,188,179,136,108,506
E07000123,Preston,Non-metropolitan District," 78,357 ",821,912,971,903,"1,005",925,953,914,952,"1,027",953,980,932,946,948,901,871,913,936,"1,197","1,420","1,628","1,334","1,187","1,104","1,193","1,240","1,251","1,148","1,212","1,177","1,219","1,260","1,164","1,182","1,220","1,186","1,173","1,034","1,082","1,014",983,"1,012","1,026",994,861,879,851,858,846,927,891,"1,009",923,959,962,891,899,876,917,922,953,864,797,728,692,722,663,648,592,568,575,584,523,526,582,609,413,437,415,395,344,308,319,297,297,239,224,228,155,786
E07000124,Ribble Valley,Non-metropolitan District," 32,921 ",226,266,278,316,288,287,280,324,280,311,389,358,370,383,407,387,465,380,347,214,119,161,294,254,327,330,313,268,320,323,319,340,332,370,403,382,363,365,359,332,379,384,343,426,380,347,377,386,385,375,450,502,509,575,526,525,532,490,565,577,508,560,490,463,478,478,457,423,449,411,375,341,404,370,412,399,443,359,326,328,296,287,247,248,233,185,183,155,143,111,496
E07000125,Rossendale,Non-metropolitan District," 36,445 ",356,342,364,328,382,371,405,451,433,448,421,483,461,458,444,441,467,431,428,252,198,219,274,386,385,393,373,373,411,486,470,489,524,517,546,536,462,487,466,433,489,492,475,513,465,435,435,443,475,486,495,511,586,542,589,543,532,521,524,482,541,492,472,449,459,369,411,402,406,398,402,369,333,398,341,400,425,254,289,284,246,214,172,157,179,134,128,122,102,105,365
E07000126,South Ribble,Non-metropolitan District," 57,983 ",487,486,538,564,579,609,576,646,667,612,677,625,686,633,690,683,613,619,583,448,364,443,469,546,576,628,614,598,623,695,766,748,763,749,761,816,770,748,725,702,737,650,708,751,704,629,668,693,661,784,756,850,879,749,879,866,862,839,875,893,861,834,771,722,719,712,693,665,653,664,615,650,591,707,670,659,775,520,535,515,480,397,347,374,374,300,271,231,233,194,693
E07000127,West Lancashire,Non-metropolitan District," 62,849 ",471,618,505,538,597,555,556,566,594,572,683,685,640,660,641,691,645,636,840,"1,427","1,437","1,560",938,604,579,619,581,600,558,637,620,722,709,754,686,729,700,702,740,712,683,668,620,723,685,630,598,645,663,709,822,853,916,877,905,887,868,960,931,896,889,925,832,826,792,809,742,741,736,677,679,667,701,646,703,761,815,604,554,535,522,511,395,377,411,343,309,279,231,215,776
E07000128,Wyre,Non-metropolitan District," 59,956 ",435,431,459,504,504,518,531,566,562,525,626,566,592,620,602,660,638,690,639,438,342,403,424,527,520,511,515,541,584,595,612,632,665,616,642,702,644,675,679,648,661,583,673,652,552,566,538,603,614,673,723,783,871,846,866,887,917,966,"1,011",955,961,953,989,965,846,975,914,848,802,801,815,772,816,838,884,878,"1,011",760,651,675,624,544,504,508,475,405,346,357,302,228,986
E11000002,Merseyside (Met County),Metropolitan County," 747,062 ","6,770","7,395","7,472","7,585","7,688","7,685","7,959","8,016","7,891","8,106","7,928","8,301","8,128","7,803","7,984","8,110","7,722","7,530","8,139","10,812","12,350","11,756","10,153","8,502","9,098","8,769","9,629","9,413","9,782","10,053","10,003","10,253","10,553","10,502","10,448","10,374","10,083","10,238","9,978","9,407","9,394","9,191","8,970","9,040","8,717","7,785","7,411","7,900","8,151","8,249","8,607","9,339","9,779","9,802","9,969","9,699","9,781","10,083","10,649","10,589","10,492","10,408","9,954","9,471","9,108","8,966","8,727","8,264","7,799","7,826","7,535","7,288","7,322","7,094","6,981","7,390","7,898","5,963","5,379","5,410","5,041","4,378","4,057","4,013","3,843","3,657","3,243","2,946","2,548","2,127","8,461"
E08000011,Knowsley,Metropolitan District," 83,055 ",932,"1,024",982,984,"1,013","1,012","1,010",949,939,927,947,"1,003",954,910,932,932,821,904,958,721,769,684,767,872,993,978,"1,256","1,120","1,243","1,234","1,265","1,354","1,431","1,386","1,291","1,296","1,327","1,205","1,170","1,126","1,049","1,041","1,013","1,047","1,009",863,796,891,858,902,883,"1,027","1,117","1,098","1,146","1,107","1,211","1,178","1,279","1,246","1,178","1,267","1,152","1,054",995,"1,042","1,038",907,851,831,812,756,737,711,644,697,672,556,474,455,405,377,341,376,354,340,322,255,235,183,656
E08000012,Liverpool,Metropolitan District," 256,461 ","2,452","2,603","2,628","2,607","2,628","2,665","2,738","2,725","2,712","2,711","2,610","2,664","2,589","2,440","2,487","2,582","2,475","2,336","3,064","6,764","8,750","8,011","5,776","3,810","3,813","3,479","3,919","3,819","3,844","3,963","3,774","3,752","3,839","3,782","3,711","3,772","3,628","3,650","3,563","3,202","3,290","3,151","3,022","3,045","2,813","2,529","2,371","2,456","2,591","2,614","2,605","2,821","2,932","3,025","2,934","2,719","2,868","3,039","3,213","3,085","3,206","3,174","2,999","2,887","2,810","2,653","2,605","2,482","2,279","2,256","2,173","2,052","1,984","2,016","1,917","1,964","2,058","1,544","1,401","1,379","1,293","1,089","1,062",996,974,916,826,775,648,497,"2,086"
E08000014,Sefton,Metropolitan District," 145,428 ","1,107","1,323","1,360","1,365","1,495","1,411","1,462","1,544","1,484","1,588","1,456","1,546","1,524","1,504","1,574","1,501","1,532","1,471","1,354","1,224","1,005","1,032","1,204","1,243","1,499","1,452","1,512","1,461","1,613","1,612","1,663","1,770","1,855","1,938","1,914","1,735","1,731","1,909","1,877","1,793","1,750","1,752","1,787","1,751","1,707","1,530","1,443","1,623","1,564","1,686","1,828","1,903","1,932","1,987","2,161","2,081","2,032","2,152","2,222","2,332","2,233","2,244","2,273","2,088","1,974","2,080","1,900","1,809","1,755","1,761","1,664","1,610","1,674","1,597","1,536","1,721","1,900","1,438","1,297","1,322","1,273","1,104","1,001","1,015","1,009",979,906,770,664,605,"2,360"
E08000013,St. Helens,Metropolitan District," 94,585 ",856,911,947,902,905,979,"1,049",972,968,"1,051","1,010","1,102","1,069","1,063","1,058","1,079","1,074",998,970,812,744,744,937,"1,002","1,083","1,060","1,126","1,231","1,163","1,272","1,320","1,391","1,298","1,258","1,377","1,330","1,245","1,245","1,260","1,152","1,279","1,222","1,130","1,170","1,173","1,012",994,"1,015","1,128","1,109","1,179","1,361","1,446","1,377","1,372","1,369","1,308","1,371","1,367","1,399","1,309","1,271","1,245","1,195","1,150","1,064","1,049","1,099",955,"1,042",964,963,"1,028",978,992,"1,077","1,150",879,778,791,742,638,554,523,485,506,399,375,317,271,"1,002"
E08000015,Wirral,Metropolitan District," 167,533 ","1,423","1,534","1,555","1,727","1,647","1,618","1,700","1,826","1,788","1,829","1,905","1,986","1,992","1,886","1,933","2,016","1,820","1,821","1,793","1,291","1,082","1,285","1,469","1,575","1,710","1,800","1,816","1,782","1,919","1,972","1,981","1,986","2,130","2,138","2,155","2,241","2,152","2,229","2,108","2,134","2,026","2,025","2,018","2,027","2,015","1,851","1,807","1,915","2,010","1,938","2,112","2,227","2,352","2,315","2,356","2,423","2,362","2,343","2,568","2,527","2,566","2,452","2,285","2,247","2,179","2,127","2,135","1,967","1,959","1,936","1,922","1,907","1,899","1,792","1,892","1,931","2,118","1,546","1,429","1,463","1,328","1,170","1,099","1,103","1,021",916,790,771,684,571,"2,357"
E12000003,YORKSHIRE AND THE HUMBER,Region," 2,841,732 ","26,830","28,443","28,351","30,210","30,533","31,145","31,641","32,182","32,307","32,179","33,181","34,196","33,663","33,546","33,252","33,108","32,018","31,647","32,350","35,808","35,785","34,370","33,534","33,821","34,313","35,178","35,284","34,660","35,994","37,420","37,625","38,790","39,470","39,089","38,695","39,976","39,017","37,908","37,701","36,350","36,098","35,613","35,958","35,703","33,875","31,103","30,290","31,436","32,324","33,070","35,012","36,838","38,957","37,827","38,794","38,513","38,416","38,253","38,280","37,991","37,440","36,601","34,979","33,760","33,017","32,435","30,795","29,826","28,231","28,275","27,593","26,660","27,049","27,195","27,442","29,248","31,389","22,990","22,385","21,161","19,076","16,922","14,820","15,353","14,391","13,492","12,131","10,885","9,490","8,225","32,555"
E06000011,East Riding of Yorkshire,Unitary Authority," 178,672 ","1,283","1,370","1,443","1,472","1,501","1,573","1,602","1,657","1,692","1,732","1,757","1,874","1,834","1,861","1,867","1,868","1,800","1,770","1,773","1,254",927,"1,121","1,389","1,506","1,645","1,664","1,645","1,618","1,768","1,806","1,759","2,006","1,948","2,018","1,881","2,140","1,962","2,003","2,052","1,954","1,980","1,926","1,971","2,019","2,050","1,914","1,760","2,039","2,108","2,108","2,452","2,524","2,637","2,589","2,776","2,759","2,738","2,867","2,858","2,870","2,891","2,777","2,686","2,636","2,659","2,620","2,445","2,501","2,435","2,347","2,332","2,266","2,259","2,432","2,417","2,704","2,938","2,081","1,952","1,885","1,763","1,540","1,296","1,340","1,215","1,174","1,118",907,761,688,"2,867"
E06000010,"Kingston upon Hull, City of",Unitary Authority," 135,367 ","1,485","1,621","1,577","1,670","1,611","1,638","1,680","1,683","1,647","1,695","1,807","1,795","1,736","1,724","1,649","1,761","1,553","1,601","1,506","1,783","1,745","1,680","1,680","1,705","1,626","1,846","1,928","2,101","2,059","2,097","2,211","2,171","2,318","2,207","2,135","2,117","2,088","2,046","2,025","1,869","1,826","1,741","1,718","1,684","1,519","1,441","1,393","1,387","1,516","1,605","1,607","1,614","1,705","1,598","1,679","1,619","1,641","1,594","1,648","1,715","1,678","1,658","1,564","1,535","1,350","1,407","1,376","1,273","1,152","1,185","1,177","1,146","1,076","1,066","1,026","1,141","1,197",832,702,690,744,583,529,544,517,455,442,390,348,300,"1,158"
E06000012,North East Lincolnshire,Unitary Authority," 80,643 ",735,761,755,803,891,880,920,955,960,938,990,"1,018",945,"1,003",988,937,840,872,905,664,567,616,756,808,846,855,917,882,904,"1,041",968,"1,020","1,081","1,079","1,084","1,120","1,049","1,076","1,021","1,013","1,005",956,993,942,837,790,820,838,887,895,947,"1,085","1,166","1,029","1,220","1,152","1,158","1,275","1,210","1,180","1,241","1,190","1,115","1,045","1,105","1,021",945,940,875,876,835,838,848,821,826,896,975,764,683,647,585,484,481,500,485,454,399,384,316,240,981
E06000013,North Lincolnshire,Unitary Authority," 86,214 ",764,829,836,871,900,900,905,967,932,940,"1,051","1,021","1,046",974,"1,025","1,019",966,959,916,702,545,588,721,805,782,820,901,818,953,965,990,"1,013","1,069","1,075","1,109","1,091","1,141","1,098","1,097","1,086","1,043",991,"1,010","1,018","1,005",880,848,966,993,"1,032","1,090","1,137","1,197","1,301","1,341","1,244","1,294","1,325","1,318","1,344","1,262","1,249","1,246","1,162","1,134","1,114","1,085","1,067","1,023","1,042",986,944,944,"1,013",999,"1,016","1,061",837,824,779,644,647,531,574,495,424,405,375,316,259,"1,190"
E06000065,North Yorkshire,Unitary Authority," 319,871 ","2,401","2,622","2,613","2,865","2,858","2,937","2,987","3,048","3,076","3,065","3,195","3,442","3,290","3,468","3,481","3,477","3,376","3,414","3,152","2,174","1,845","1,894","2,310","2,596","2,748","3,071","3,005","2,954","3,121","3,148","3,322","3,535","3,658","3,726","3,580","3,751","3,651","3,659","3,610","3,449","3,556","3,537","3,768","3,592","3,650","3,303","3,362","3,515","3,636","3,912","4,119","4,516","4,812","4,719","4,990","4,985","5,216","5,166","5,501","5,231","5,342","5,173","4,966","4,843","4,790","4,491","4,376","4,384","4,093","4,092","4,006","3,946","4,112","4,007","4,177","4,322","4,653","3,414","3,467","3,204","2,769","2,575","2,285","2,264","2,255","1,972","1,874","1,657","1,512","1,224","4,966"
E06000014,York,Unitary Authority," 107,976 ",777,794,829,882,829,890,904,922,957,974,996,"1,046","1,015","1,023","1,018","1,070","1,034","1,055","1,428","3,641","3,969","3,160","2,211","1,714","1,703","1,608","1,387","1,210","1,322","1,381","1,243","1,271","1,360","1,384","1,409","1,293","1,328","1,266","1,331","1,239","1,243","1,288","1,367","1,249","1,241","1,176","1,100","1,097","1,206","1,150","1,173","1,269","1,371","1,362","1,340","1,293","1,302","1,272","1,292","1,369","1,211","1,265","1,247","1,190","1,035","1,146","1,024","1,025","1,015",977,"1,032",941,958,"1,014","1,035","1,124","1,250",880,878,805,754,634,544,617,556,571,491,480,399,359,"1,486"
E11000003,South Yorkshire (Met County),Metropolitan County," 710,739 ","6,893","7,296","7,217","7,626","7,721","7,865","7,889","8,019","7,920","8,064","8,185","8,443","8,271","8,138","8,133","8,080","7,808","7,652","7,962","8,832","9,053","9,288","8,867","8,882","9,160","9,473","9,771","9,439","9,691","10,001","9,997","10,175","10,410","10,150","10,024","10,453","10,025","9,506","9,448","9,209","8,981","8,713","8,673","8,913","8,261","7,497","7,329","7,420","7,904","8,045","8,757","9,050","9,884","9,459","9,581","9,750","9,589","9,562","9,452","9,206","9,086","8,993","8,597","8,277","8,109","7,941","7,509","7,190","6,875","6,922","6,729","6,435","6,513","6,439","6,594","6,958","7,352","5,665","5,719","5,339","4,579","4,159","3,725","3,754","3,612","3,296","2,821","2,633","2,266","1,967","7,623"
E08000016,Barnsley,Metropolitan District," 126,256 ","1,186","1,274","1,312","1,316","1,403","1,337","1,399","1,428","1,431","1,407","1,476","1,514","1,448","1,464","1,403","1,394","1,355","1,351","1,331","1,005",824,996,"1,130","1,251","1,286","1,518","1,588","1,596","1,697","1,791","1,786","1,856","1,886","1,829","1,665","1,872","1,754","1,628","1,683","1,682","1,573","1,467","1,542","1,557","1,505","1,352","1,263","1,302","1,433","1,483","1,630","1,751","1,992","1,822","1,838","1,888","1,878","1,878","1,897","1,820","1,859","1,742","1,619","1,539","1,601","1,516","1,534","1,391","1,311","1,397","1,283","1,258","1,251","1,194","1,292","1,313","1,370","1,089","1,126",992,867,714,703,641,614,575,527,462,377,352,"1,324"
E08000017,Doncaster,Metropolitan District," 157,844 ","1,613","1,676","1,582","1,680","1,749","1,793","1,717","1,724","1,824","1,841","1,916","1,933","1,960","1,832","1,880","1,847","1,815","1,789","1,660","1,090","1,001","1,290","1,479","1,610","1,855","1,798","1,965","1,907","2,042","2,130","2,137","2,151","2,191","2,271","2,376","2,327","2,316","2,216","2,179","1,924","2,090","1,971","1,918","2,096","1,712","1,711","1,716","1,668","1,769","1,855","2,032","1,941","2,234","2,087","2,254","2,275","2,262","2,249","2,266","2,242","2,158","2,125","2,059","2,081","1,956","1,947","1,826","1,740","1,666","1,711","1,620","1,534","1,595","1,569","1,574","1,687","1,736","1,259","1,215","1,183","1,018",944,866,816,859,716,648,609,539,435,"1,719"
E08000018,Rotherham,Metropolitan District," 137,779 ","1,326","1,491","1,376","1,484","1,508","1,564","1,556","1,654","1,537","1,681","1,653","1,728","1,632","1,668","1,681","1,654","1,514","1,598","1,509","1,105","1,111","1,192","1,302","1,497","1,622","1,599","1,719","1,681","1,654","1,780","1,807","1,952","2,038","1,903","1,918","1,958","1,891","1,848","1,816","1,850","1,751","1,753","1,770","1,762","1,679","1,424","1,385","1,553","1,569","1,672","1,767","1,844","1,945","1,981","1,916","2,008","1,939","1,919","1,884","1,873","1,777","1,767","1,798","1,699","1,604","1,626","1,518","1,497","1,405","1,357","1,450","1,285","1,345","1,393","1,312","1,445","1,547","1,159","1,213","1,069",966,857,712,831,717,655,538,520,458,405,"1,403"
E08000019,Sheffield,Metropolitan District," 288,860 ","2,768","2,855","2,947","3,146","3,061","3,171","3,217","3,213","3,128","3,135","3,140","3,268","3,231","3,174","3,169","3,185","3,124","2,914","3,462","5,632","6,117","5,810","4,956","4,524","4,397","4,558","4,499","4,255","4,298","4,300","4,267","4,216","4,295","4,147","4,065","4,296","4,064","3,814","3,770","3,753","3,567","3,522","3,443","3,498","3,365","3,010","2,965","2,897","3,133","3,035","3,328","3,514","3,713","3,569","3,573","3,579","3,510","3,516","3,405","3,271","3,292","3,359","3,121","2,958","2,948","2,852","2,631","2,562","2,493","2,457","2,376","2,358","2,322","2,283","2,416","2,513","2,699","2,158","2,165","2,095","1,728","1,644","1,444","1,466","1,422","1,350","1,108","1,042",892,775,"3,177"
E11000006,West Yorkshire (Met County),Metropolitan County," 1,222,250 ","12,492","13,150","13,081","14,021","14,222","14,462","14,754","14,931","15,123","14,771","15,200","15,557","15,526","15,355","15,091","14,896","14,641","14,324","14,708","16,758","17,134","16,023","15,600","15,805","15,803","15,841","15,730","15,638","16,176","16,981","17,135","17,599","17,626","17,450","17,473","18,011","17,773","17,254","17,117","16,531","16,464","16,461","16,458","16,286","15,312","14,102","13,678","14,174","14,074","14,323","14,867","15,643","16,185","15,770","15,867","15,711","15,478","15,192","15,001","15,076","14,729","14,296","13,558","13,072","12,835","12,695","12,035","11,446","10,763","10,834","10,496","10,144","10,339","10,403","10,368","11,087","11,963","8,517","8,160","7,812","7,238","6,300","5,429","5,760","5,256","5,146","4,581","4,059","3,572","3,188","12,284"
E08000032,Bradford,Metropolitan District," 284,620 ","3,357","3,382","3,407","3,719","3,825","3,699","3,841","3,956","4,072","4,012","3,996","4,006","4,152","4,061","4,050","4,061","4,093","3,965","3,791","3,422","3,148","3,119","3,307","3,469","3,607","3,416","3,486","3,468","3,741","3,911","3,940","3,930","3,968","4,063","4,250","4,304","4,319","4,119","4,104","4,098","3,956","4,116","4,054","3,935","3,697","3,465","3,350","3,301","3,228","3,372","3,405","3,430","3,555","3,414","3,443","3,277","3,338","3,246","3,222","3,248","3,261","3,117","3,046","2,974","2,785","2,868","2,599","2,489","2,392","2,390","2,266","2,210","2,123","2,196","2,109","2,317","2,427","1,680","1,611","1,542","1,419","1,298","1,129","1,262","1,096","1,099","1,018",928,828,736,"2,719"
E08000033,Calderdale,Metropolitan District," 106,529 ",992,"1,028","1,007","1,121","1,119","1,217","1,249","1,239","1,255","1,170","1,340","1,357","1,287","1,354","1,374","1,318","1,262","1,311","1,224",879,770,801,913,"1,063","1,073","1,182","1,176","1,169","1,216","1,251","1,336","1,404","1,376","1,398","1,403","1,431","1,488","1,331","1,443","1,396","1,374","1,395","1,359","1,413","1,347","1,208","1,220","1,281","1,316","1,452","1,472","1,481","1,618","1,622","1,540","1,597","1,606","1,539","1,483","1,562","1,485","1,490","1,390","1,320","1,289","1,299","1,252","1,196","1,108","1,069","1,029","1,002","1,067","1,063","1,096","1,103","1,206",864,842,791,729,629,524,511,499,478,412,368,326,279,"1,205"
E08000034,Kirklees,Metropolitan District," 224,897 ","2,245","2,496","2,402","2,541","2,499","2,624","2,659","2,715","2,776","2,625","2,802","2,930","2,911","2,788","2,800","2,889","2,741","2,695","2,715","2,479","2,428","2,487","2,525","2,555","2,583","2,674","2,659","2,712","2,710","2,973","2,985","3,096","3,057","3,086","3,102","3,214","3,136","3,050","3,081","2,905","3,010","3,002","3,033","3,009","2,983","2,640","2,495","2,730","2,681","2,768","2,843","3,146","3,200","3,101","3,106","3,108","2,939","2,980","2,859","2,948","2,825","2,682","2,526","2,496","2,453","2,417","2,345","2,216","2,089","2,086","2,014","2,026","2,103","2,011","2,051","2,213","2,439","1,652","1,606","1,571","1,453","1,321",999,"1,119","1,008","1,049",859,750,638,581,"2,368"
E08000035,Leeds,Metropolitan District," 422,480 ","4,088","4,358","4,304","4,581","4,681","4,869","4,897","4,958","4,926","4,926","4,876","5,094","5,025","5,011","4,806","4,554","4,471","4,381","5,125","8,451","9,530","8,252","7,102","6,794","6,465","6,403","6,160","5,905","6,110","6,256","6,234","6,360","6,427","6,150","6,134","6,271","6,123","6,112","5,892","5,695","5,708","5,552","5,704","5,552","5,077","4,844","4,799","4,777","4,694","4,595","4,794","5,073","5,174","4,997","5,129","5,046","4,906","4,817","4,893","4,791","4,661","4,615","4,293","4,080","4,098","3,999","3,834","3,556","3,316","3,410","3,356","3,191","3,307","3,314","3,308","3,560","3,892","2,818","2,640","2,518","2,378","2,025","1,795","1,942","1,758","1,705","1,569","1,391","1,256","1,039","4,177"
E08000036,Wakefield,Metropolitan District," 183,724 ","1,810","1,886","1,961","2,059","2,098","2,053","2,108","2,063","2,094","2,038","2,186","2,170","2,151","2,141","2,061","2,074","2,074","1,972","1,853","1,527","1,258","1,364","1,753","1,924","2,075","2,166","2,249","2,384","2,399","2,590","2,640","2,809","2,798","2,753","2,584","2,791","2,707","2,642","2,597","2,437","2,416","2,396","2,308","2,377","2,208","1,945","1,814","2,085","2,155","2,136","2,353","2,513","2,638","2,636","2,649","2,683","2,689","2,610","2,544","2,527","2,497","2,392","2,303","2,202","2,210","2,112","2,005","1,989","1,858","1,879","1,831","1,715","1,739","1,819","1,804","1,894","1,999","1,503","1,461","1,390","1,259","1,027",982,926,895,815,723,622,524,553,"1,815"
E12000004,EAST MIDLANDS,Region," 2,530,144 ","22,749","24,470","24,497","25,504","26,186","26,703","27,280","28,455","28,174","28,568","29,268","29,985","30,142","29,374","29,022","29,465","28,115","27,733","27,984","31,397","31,656","32,020","29,239","27,731","27,894","28,119","29,726","29,669","30,642","32,476","32,259","33,856","34,227","34,464","33,876","34,542","34,208","33,590","33,584","32,088","32,402","31,719","32,282","32,374","30,742","28,495","27,645","28,893","29,793","30,623","32,253","33,642","35,746","34,194","35,769","35,094","35,114","35,011","35,338","34,804","34,243","33,204","31,728","30,413","29,776","28,957","27,212","26,463","25,350","26,003","25,272","24,909","24,441","25,213","25,717","27,011","28,067","21,172","20,820","20,729","18,291","15,640","13,545","13,379","12,906","11,966","10,687","9,452","8,402","7,206","29,100"
E06000015,Derby,Unitary Authority," 133,639 ","1,422","1,436","1,492","1,534","1,678","1,597","1,586","1,616","1,665","1,759","1,706","1,843","1,739","1,721","1,635","1,764","1,575","1,524","1,606","1,731","1,723","1,669","1,645","1,735","1,714","1,727","1,790","1,715","1,755","1,926","1,917","1,884","2,058","1,979","1,937","1,844","1,834","1,888","1,947","1,934","1,927","1,756","1,896","1,793","1,693","1,581","1,468","1,517","1,584","1,501","1,618","1,709","1,745","1,711","1,740","1,625","1,578","1,682","1,655","1,612","1,541","1,578","1,367","1,331","1,320","1,318","1,230","1,195","1,096","1,174","1,096","1,096","1,019","1,076","1,079","1,190","1,216",852,922,909,763,715,655,690,622,615,488,488,476,375,"1,506"
E06000016,Leicester,Unitary Authority," 189,296 ","2,109","2,210","2,056","2,226","2,197","2,346","2,346","2,466","2,442","2,449","2,541","2,596","2,588","2,486","2,568","2,448","2,372","2,360","2,616","3,793","4,333","4,641","3,284","2,689","2,847","2,907","3,067","2,977","2,906","2,917","2,868","2,854","2,757","2,959","2,796","2,930","2,936","2,918","2,944","2,844","2,764","2,680","2,643","2,638","2,553","2,284","2,198","2,320","2,362","2,122","2,158","2,223","2,274","2,210","2,215","2,145","1,978","1,881","1,933","1,880","1,906","1,851","1,795","1,701","1,629","1,575","1,545","1,446","1,350","1,390","1,338","1,233","1,183","1,210","1,101","1,119",964,828,802,721,723,602,597,574,572,554,525,433,384,316,"1,279"
E06000061,North Northamptonshire,Unitary Authority," 185,916 ","1,774","1,902","1,963","2,080","2,113","2,169","2,082","2,204","2,158","2,246","2,436","2,363","2,400","2,287","2,374","2,383","2,364","2,196","2,038","1,403","1,113","1,362","1,626","1,937","1,947","2,039","2,174","2,078","2,263","2,579","2,445","2,688","2,642","2,682","2,667","2,736","2,586","2,700","2,726","2,477","2,590","2,589","2,507","2,547","2,444","2,204","2,315","2,309","2,314","2,448","2,525","2,561","2,679","2,506","2,712","2,683","2,596","2,587","2,600","2,432","2,430","2,300","2,194","2,134","2,060","2,046","1,899","1,779","1,821","1,831","1,808","1,793","1,745","1,738","1,878","1,884","2,013","1,541","1,420","1,368","1,220","1,108",871,839,828,754,674,577,483,449,"1,881"
E06000018,Nottingham,Unitary Authority," 167,113 ","1,631","1,863","1,567","1,742","1,829","1,747","1,913","1,970","1,839","1,871","2,013","1,953","1,889","1,833","1,797","1,848","1,771","1,750","2,601","7,065","8,218","7,053","4,563","2,806","2,179","2,309","2,367","2,353","2,433","2,558","2,489","2,566","2,491","2,547","2,320","2,389","2,543","2,342","2,232","2,143","2,094","2,043","1,942","2,005","1,812","1,725","1,634","1,614","1,618","1,629","1,698","1,706","1,822","1,704","1,745","1,698","1,712","1,697","1,687","1,597","1,650","1,646","1,473","1,417","1,415","1,319","1,210","1,107","1,081","1,168","1,077",938,973,898,942,932,"1,007",737,692,759,628,613,549,507,493,519,422,376,358,280,"1,352"
E06000017,Rutland,Unitary Authority," 20,007 ",131,134,140,139,160,192,200,174,192,203,204,210,196,250,284,348,321,349,317,141,84,53,152,163,161,135,136,153,136,166,184,168,201,191,192,190,212,182,211,200,204,231,249,237,226,229,198,221,244,261,244,308,307,305,304,344,318,279,319,321,275,296,272,287,277,295,258,259,251,237,251,257,246,289,296,296,287,230,236,252,218,175,171,138,143,148,102,130,106,78,347
E06000062,West Northamptonshire,Unitary Authority," 220,003 ","2,225","2,336","2,365","2,564","2,493","2,587","2,594","2,704","2,711","2,682","2,703","2,739","2,622","2,731","2,719","2,724","2,594","2,622","2,451","2,178","2,091","2,293","2,369","2,219","2,325","2,451","2,622","2,727","2,655","2,905","2,927","3,100","3,183","3,313","3,320","3,339","3,306","3,302","3,176","3,027","3,137","3,072","3,091","3,143","2,976","2,692","2,506","2,734","2,833","2,802","2,840","3,050","3,149","2,788","3,030","2,986","3,048","2,919","2,915","2,918","2,785","2,755","2,562","2,396","2,382","2,299","2,092","2,097","1,912","1,943","1,996","1,928","1,922","1,989","1,998","2,175","2,281","1,605","1,575","1,577","1,315","1,119",978,970,954,877,806,649,572,585,"2,286"
E10000007,Derbyshire,County," 413,710 ","3,571","3,747","3,748","3,792","3,950","4,083","4,152","4,328","4,158","4,309","4,426","4,705","4,646","4,547","4,382","4,616","4,433","4,368","4,022","2,762","2,620","2,934","3,427","4,061","4,150","4,404","4,798","4,652","4,946","5,155","5,130","5,474","5,359","5,229","5,197","5,218","5,338","5,067","5,118","4,797","4,905","4,868","5,141","5,051","4,851","4,559","4,468","4,684","4,904","5,167","5,614","5,946","6,373","6,170","6,419","6,417","6,499","6,481","6,430","6,552","6,362","5,973","5,796","5,545","5,498","5,256","5,028","4,857","4,708","4,853","4,539","4,562","4,492","4,622","4,806","5,052","5,291","4,072","3,763","4,012","3,510","2,905","2,477","2,437","2,360","2,143","1,932","1,684","1,550","1,315","4,992"
E07000032,Amber Valley,Non-metropolitan District," 64,903 ",562,605,572,563,617,645,658,638,657,660,710,686,754,718,691,694,699,665,586,416,423,445,554,610,682,706,726,729,713,745,739,830,798,805,755,766,852,788,802,746,750,731,801,829,737,765,720,772,766,812,861,995,966,997,"1,046","1,025","1,044","1,040","1,003","1,046","1,008",922,928,824,886,792,787,762,731,796,774,672,733,777,799,843,870,629,603,655,549,481,400,397,382,320,326,274,220,225,822
E07000033,Bolsover,Non-metropolitan District," 42,146 ",406,411,427,407,418,397,411,435,451,434,476,497,483,435,444,458,423,446,434,300,311,322,357,475,488,523,608,611,561,627,599,611,583,574,594,564,571,527,544,469,532,500,475,452,470,403,449,502,488,505,581,593,657,629,704,670,620,641,639,652,638,593,540,548,524,527,539,475,418,481,438,419,417,441,421,452,442,377,371,374,297,261,223,195,218,192,189,157,148,106,451
E07000034,Chesterfield,Non-metropolitan District," 53,352 ",466,475,439,496,515,535,565,540,469,604,568,603,593,571,570,625,565,540,525,404,339,373,454,536,580,586,621,581,628,772,706,746,686,686,715,712,705,652,690,585,608,645,682,673,670,613,539,609,640,661,712,749,768,792,752,775,772,832,855,799,791,724,749,726,688,685,632,621,637,602,583,570,566,628,601,627,678,528,446,521,466,354,296,292,319,281,262,203,197,191,721
E07000035,Derbyshire Dales,Non-metropolitan District," 36,764 ",229,246,251,285,270,286,294,354,318,340,346,401,403,376,359,430,367,382,350,202,164,181,259,316,271,286,240,254,295,317,321,338,335,359,339,341,312,337,331,329,351,340,424,399,398,362,401,389,386,459,528,590,642,583,606,647,660,648,672,717,656,630,651,621,563,551,565,538,503,514,523,517,538,449,568,569,616,469,416,452,397,335,278,265,258,263,226,226,173,159,659
E07000036,Erewash,Non-metropolitan District," 57,843 ",535,514,480,537,549,553,567,627,596,597,617,641,646,642,594,645,580,591,584,464,402,493,511,586,613,686,772,740,805,783,743,786,768,784,842,785,769,770,722,697,734,751,763,697,699,638,578,638,722,751,798,807,890,865,899,889,890,915,861,808,863,812,768,676,717,665,652,622,607,597,577,617,593,587,609,670,745,559,494,531,525,378,322,353,290,323,254,221,207,156,644
E07000037,High Peak,Non-metropolitan District," 46,504 ",388,388,438,399,431,456,490,476,459,457,484,552,501,536,507,493,536,507,449,270,248,314,372,471,471,400,455,451,484,470,494,641,574,550,588,566,598,549,593,571,539,576,596,552,552,531,494,535,556,581,680,668,714,690,754,754,786,781,758,823,762,699,727,697,708,627,629,533,521,543,508,551,522,507,539,566,601,437,400,446,387,345,291,284,249,213,190,204,171,147,503
E07000038,North East Derbyshire,Non-metropolitan District," 53,985 ",413,493,546,473,512,531,544,534,539,603,526,619,569,561,515,549,561,546,480,341,345,425,428,485,533,532,615,571,674,630,660,707,681,610,613,689,718,645,646,591,604,597,619,645,559,563,571,595,638,628,657,702,836,755,770,814,885,793,832,866,825,763,714,762,745,733,676,704,688,711,584,651,623,666,729,725,720,612,616,583,524,427,406,369,350,329,275,221,237,175,660
E07000039,South Derbyshire,Non-metropolitan District," 58,213 ",572,615,595,632,638,680,623,724,669,614,699,706,697,708,702,722,702,691,614,365,388,381,492,582,512,685,761,715,786,811,868,815,934,861,751,795,813,799,790,809,787,728,781,804,766,684,716,644,708,770,797,842,900,859,888,843,842,831,810,841,819,830,719,691,667,676,548,602,603,609,552,565,500,567,540,600,619,461,417,450,365,324,261,282,294,222,210,178,197,156,532
E10000018,Leicestershire,County," 371,245 ","3,098","3,495","3,591","3,700","3,760","3,871","3,805","4,115","4,009","4,027","4,069","4,223","4,470","4,236","3,998","4,166","3,953","3,875","3,899","4,521","4,126","3,928","4,138","3,801","3,938","3,731","4,042","4,053","4,199","4,523","4,476","4,727","5,003","4,958","4,839","5,006","5,002","4,862","4,846","4,730","4,814","4,738","4,785","4,775","4,553","4,212","3,998","4,279","4,507","4,637","4,929","4,962","5,456","5,046","5,366","5,257","5,209","5,293","5,198","5,152","5,100","5,005","4,821","4,541","4,564","4,402","4,071","3,939","3,821","3,946","4,033","3,912","3,805","3,963","4,106","4,199","4,376","3,230","3,347","3,395","2,982","2,373","2,051","2,074","2,015","1,879","1,683","1,523","1,322","1,153","4,639"
E07000129,Blaby,Non-metropolitan District," 53,553 ",458,546,594,587,595,597,612,642,606,583,578,656,681,611,629,640,588,563,562,424,331,370,470,501,542,528,564,571,650,702,679,700,737,783,784,774,779,762,765,734,711,713,685,667,675,602,591,647,695,665,726,698,745,691,732,755,744,728,747,742,732,678,698,663,658,594,582,533,531,539,574,554,503,563,586,611,660,425,466,485,420,342,330,289,332,274,249,215,197,201,632
E07000130,Charnwood,Non-metropolitan District," 93,492 ",722,827,841,964,894,"1,007",906,"1,023","1,000",938,"1,011","1,030","1,072","1,048",985,963,945,891,"1,084","2,139","2,231","1,705","1,501","1,117",981,962,"1,083","1,055","1,041","1,159","1,047","1,212","1,251","1,279","1,180","1,292","1,291","1,241","1,220","1,232","1,220","1,165","1,202","1,230","1,104","1,055",922,"1,038","1,045","1,123","1,166","1,150","1,289","1,190","1,248","1,222","1,237","1,161","1,234","1,152","1,191","1,136","1,109","1,117","1,087","1,068",927,919,913,947,955,974,904,886,946,967,963,726,794,816,680,542,497,513,460,417,415,341,314,284,"1,161"
E07000131,Harborough,Non-metropolitan District," 52,123 ",468,466,480,490,512,557,524,548,542,567,562,584,602,600,556,608,608,578,550,431,268,339,455,467,493,498,545,560,564,569,615,620,662,635,632,644,660,695,619,662,659,677,637,692,666,597,632,606,660,723,735,749,820,722,868,772,802,787,800,786,761,751,684,619,695,624,615,601,590,594,569,518,559,591,602,595,675,473,482,513,450,331,290,336,288,313,282,244,202,174,677
E07000132,Hinckley and Bosworth,Non-metropolitan District," 58,302 ",486,567,537,569,575,540,605,613,658,657,649,659,700,616,585,668,600,629,543,368,324,396,478,521,620,577,593,625,668,696,718,776,797,751,787,769,757,769,777,717,731,776,747,755,764,673,615,677,696,715,766,849,874,875,840,853,794,893,813,809,798,850,789,757,727,751,680,681,629,660,723,671,645,723,708,736,723,565,571,582,504,438,345,334,354,309,239,245,221,155,734
E07000133,Melton,Non-metropolitan District," 27,230 ",214,255,249,247,261,263,252,271,284,286,284,314,367,327,285,269,320,310,261,198,193,220,183,208,253,244,265,269,275,275,288,283,321,315,323,306,285,304,301,306,321,313,324,330,295,303,311,319,333,328,376,374,411,434,437,422,464,486,444,467,457,421,434,367,365,373,376,333,329,322,313,320,353,328,337,377,342,280,269,259,264,205,152,150,127,136,109,127,105,93,381
E07000134,North West Leicestershire,Non-metropolitan District," 56,138 ",490,543,575,520,623,590,582,609,586,635,616,611,680,641,596,637,572,558,500,400,404,657,819,706,706,626,668,629,665,760,744,823,849,788,755,807,807,712,725,712,779,702,735,721,669,634,614,651,703,707,814,819,902,769,836,848,814,834,765,772,758,743,720,654,675,669,586,575,535,594,581,563,541,576,589,616,657,516,494,474,421,325,255,283,253,233,224,194,159,135,526
E07000135,Oadby and Wigston,Non-metropolitan District," 30,407 ",260,291,315,323,300,317,324,409,333,361,369,369,368,393,362,381,320,346,399,561,375,241,232,281,343,296,324,344,336,362,385,313,386,407,378,414,423,379,439,367,393,392,455,380,380,348,313,341,375,376,346,323,415,365,405,385,354,404,395,424,403,426,387,364,357,323,305,297,294,290,318,312,300,296,338,297,356,245,271,266,243,190,182,169,201,197,165,157,124,111,528
E10000019,Lincolnshire,County," 398,714 ","3,098","3,377","3,425","3,507","3,672","3,794","3,850","4,137","4,223","4,258","4,279","4,370","4,503","4,366","4,367","4,337","4,221","4,175","4,092","4,222","3,794","4,158","3,969","3,947","4,036","3,920","3,978","4,147","4,297","4,476","4,492","4,703","4,797","4,806","4,824","5,069","4,690","4,846","4,714","4,557","4,622","4,519","4,521","4,766","4,525","4,174","4,141","4,244","4,447","4,817","5,051","5,357","5,816","5,810","5,863","5,696","5,932","6,021","6,093","6,075","6,097","5,848","5,851","5,423","5,281","5,396","5,073","4,947","4,670","4,762","4,662","4,619","4,681","4,813","4,853","5,087","5,383","4,076","3,996","3,913","3,459","3,071","2,625","2,549","2,387","2,270","2,015","1,751","1,579","1,257","5,337"
E07000136,Boston,Non-metropolitan District," 35,978 ",318,385,375,366,361,417,418,423,413,450,412,454,435,431,468,421,422,435,411,252,233,286,350,385,358,324,395,366,386,399,435,452,464,430,475,523,499,485,509,448,450,454,419,460,446,424,429,441,472,428,489,487,536,547,491,515,493,544,509,481,505,492,500,450,403,447,436,387,392,364,348,369,365,382,362,372,416,309,294,306,264,212,196,237,197,197,144,148,134,93,473
E07000137,East Lindsey,Non-metropolitan District," 74,250 ",482,536,537,526,570,583,630,623,662,642,684,742,742,771,741,779,707,736,672,470,447,435,530,589,661,675,613,611,624,673,624,672,718,688,751,780,689,754,696,672,643,646,686,700,704,673,679,668,722,859,926,990,"1,149","1,124","1,179","1,084","1,231","1,231","1,324","1,344","1,354","1,333","1,344","1,221","1,240","1,312","1,210","1,268","1,134","1,135","1,132","1,112","1,136","1,192","1,226","1,181","1,255",994,964,911,808,706,622,571,575,495,436,357,352,245,"1,130"
E07000138,Lincoln,Non-metropolitan District," 51,823 ",467,477,480,477,522,480,528,532,541,531,525,490,533,526,520,459,461,489,764,"1,945","1,934","1,870","1,211",732,637,622,700,742,790,810,804,776,810,820,721,795,692,681,679,652,625,602,628,684,594,543,494,491,505,513,543,566,571,564,579,550,562,626,543,574,656,558,572,492,462,475,444,401,391,432,392,403,408,391,377,392,411,315,340,339,292,223,215,228,197,244,188,167,163,118,555
E07000139,North Kesteven,Non-metropolitan District," 61,668 ",466,472,524,570,567,583,603,659,695,663,704,690,745,691,697,684,679,661,598,433,314,441,508,644,635,575,573,601,601,734,624,754,738,754,766,803,798,754,775,750,760,773,663,738,736,643,637,686,697,767,796,949,952,994,934,968,981,952,958,933,941,896,897,822,824,793,712,700,663,713,693,662,719,770,759,835,841,608,654,623,566,508,445,421,383,350,323,278,208,212,806
E07000140,South Holland,Non-metropolitan District," 49,849 ",379,469,462,468,499,499,466,552,516,573,548,569,558,557,555,492,487,555,456,296,269,356,443,471,511,508,501,540,541,544,586,609,610,657,588,660,598,608,580,584,590,581,570,590,593,538,521,588,581,684,641,653,727,727,730,765,730,720,779,766,760,769,679,645,617,654,641,614,561,575,581,604,577,546,599,637,672,517,508,458,460,377,375,332,295,316,291,258,209,164,764
E07000141,South Kesteven,Non-metropolitan District," 75,266 ",617,643,661,668,727,751,722,805,853,817,849,876,932,861,893,959,913,821,712,502,354,475,550,717,768,738,725,737,830,829,814,865,929,903,950,886,881,977,920,909,908,879,991,986,882,833,872,836,910,954,"1,042","1,069","1,159","1,141","1,152","1,057","1,095","1,149","1,164","1,152","1,059","1,020","1,052","1,058","1,009",985,934,881,861,882,890,858,886,885,893,974,"1,060",778,747,736,599,641,448,455,443,406,359,325,286,260,"1,026"
E07000142,West Lindsey,Non-metropolitan District," 49,880 ",369,395,386,432,426,481,483,543,543,582,557,549,558,529,493,543,552,478,479,324,243,295,377,409,466,478,471,550,525,487,605,575,528,554,573,622,533,587,555,542,646,584,564,608,570,520,509,534,560,612,614,643,722,713,798,757,840,799,816,825,822,780,807,735,726,730,696,696,668,661,626,611,590,647,637,696,728,555,489,540,470,404,324,305,297,262,274,218,227,165,583
E10000024,Nottinghamshire,County," 430,501 ","3,690","3,970","4,150","4,220","4,334","4,317","4,752","4,741","4,777","4,764","4,891","4,983","5,089","4,917","4,898","4,831","4,511","4,514","4,342","3,581","3,554","3,929","4,066","4,373","4,597","4,496","4,752","4,814","5,052","5,271","5,331","5,692","5,736","5,800","5,784","5,821","5,761","5,483","5,670","5,379","5,345","5,223","5,507","5,419","5,109","4,835","4,719","4,971","4,980","5,239","5,576","5,820","6,125","5,944","6,375","6,243","6,244","6,171","6,508","6,265","6,097","5,952","5,597","5,638","5,350","5,051","4,806","4,837","4,640","4,699","4,472","4,571","4,375","4,615","4,658","5,077","5,249","4,001","4,067","3,823","3,473","2,959","2,571","2,601","2,532","2,207","2,040","1,841","1,572","1,398","5,481"
E07000170,Ashfield,Non-metropolitan District," 65,630 ",624,684,667,660,692,611,771,702,739,750,771,770,784,759,766,748,721,678,685,509,462,587,585,700,716,685,796,846,831,897,915,919,937,958,976,953,946,852,909,805,810,775,874,823,766,761,711,722,753,807,835,939,954,"1,006","1,001",962,947,875,"1,037",888,950,886,820,851,807,666,672,701,654,663,657,682,603,615,640,716,707,581,599,567,527,418,387,386,354,290,286,251,185,176,721
E07000171,Bassetlaw,Non-metropolitan District," 61,744 ",581,539,613,593,655,637,684,671,679,645,663,754,702,703,693,680,625,631,568,384,418,430,517,556,632,669,734,728,766,744,726,807,831,801,770,764,804,717,755,755,701,698,742,705,685,666,670,715,693,745,832,923,931,860,960,962,957,966,"1,023",968,915,928,813,811,837,762,730,686,690,724,678,669,644,707,712,793,769,615,571,544,509,435,388,369,383,334,281,251,220,216,734
E07000172,Broxtowe,Non-metropolitan District," 57,953 ",450,499,528,507,514,558,621,604,616,604,627,662,657,604,623,634,525,533,544,733,892,928,748,678,663,729,642,671,753,731,672,790,735,794,770,791,741,764,757,709,763,673,682,686,678,584,646,679,634,668,703,740,774,707,801,817,766,814,836,793,754,789,696,704,662,681,632,613,579,606,592,614,595,681,623,699,780,534,582,533,444,384,351,363,337,307,304,255,237,188,789
E07000173,Gedling,Non-metropolitan District," 61,085 ",513,537,600,601,634,622,671,617,678,679,761,677,669,692,680,662,640,646,614,442,284,389,540,605,648,614,614,632,761,742,783,818,856,853,893,865,833,754,823,810,792,744,799,819,743,753,673,704,735,732,849,820,901,836,911,882,892,826,889,947,856,799,851,829,702,715,704,709,675,652,624,676,595,661,701,717,770,545,566,532,504,427,355,359,379,335,317,315,229,207,780
E07000174,Mansfield,Non-metropolitan District," 56,903 ",521,584,558,601,593,592,701,694,627,653,679,659,774,686,666,629,583,626,564,417,388,434,514,584,616,569,719,637,639,832,780,834,819,820,807,850,840,819,812,743,738,761,768,729,687,583,614,638,676,649,701,694,741,775,820,787,833,797,821,839,828,794,736,759,712,674,623,648,627,603,546,547,569,537,571,568,564,466,497,470,429,360,324,328,286,251,233,230,196,177,636
E07000175,Newark and Sherwood,Non-metropolitan District," 64,140 ",506,591,607,637,619,644,603,728,696,693,661,714,742,718,705,687,679,727,687,585,478,505,558,622,676,654,630,668,682,682,820,843,778,812,815,816,811,777,843,730,742,719,744,786,739,702,628,713,719,800,857,885,948,885,988,939,982,992,"1,000",954,942,939,872,914,894,820,798,763,766,736,712,732,703,751,757,834,853,646,641,601,545,474,382,384,430,335,298,249,235,201,782
E07000176,Rushcliffe,Non-metropolitan District," 63,046 ",495,536,577,621,627,653,701,725,742,740,729,747,761,755,765,791,738,673,680,511,632,656,604,628,646,576,617,632,620,643,635,681,780,762,753,782,786,800,771,827,799,853,898,871,811,786,777,800,770,838,799,819,876,875,894,894,867,901,902,876,852,817,809,770,736,733,647,717,649,715,663,651,666,663,654,750,806,614,611,576,515,461,384,412,363,355,321,290,270,233,"1,039"
E12000005,WEST MIDLANDS,Region," 3,084,490 ","30,792","32,776","32,898","34,150","34,426","35,306","36,059","36,564","36,286","37,121","37,868","38,657","38,604","37,265","37,698","37,920","36,514","35,804","35,848","35,132","34,427","35,040","35,058","35,121","36,071","36,671","37,800","37,393","38,054","39,607","40,084","41,863","42,593","42,717","42,854","43,141","42,791","41,483","41,405","40,199","40,513","39,680","39,518","40,360","37,984","34,693","34,198","35,079","35,218","36,045","37,907","39,749","41,565","40,964","41,523","41,190","41,145","40,910","41,248","40,162","38,844","38,379","36,906","34,743","33,743","32,939","32,032","30,507","29,398","29,903","29,229","28,323","28,171","28,695","28,947","29,984","31,379","24,599","24,368","24,485","22,188","19,225","16,862","16,381","15,781","14,783","13,517","12,093","10,404","8,866","37,105"
E06000019,"Herefordshire, County of",Unitary Authority," 96,704 ",705,797,789,833,872,918,905,881,858,912,"1,031","1,011","1,050","1,025",951,"1,005",933,898,932,744,592,577,717,779,856,880,882,865,956,980,"1,008","1,108","1,156","1,099","1,169","1,148","1,057","1,134","1,070","1,069","1,119","1,099","1,081","1,099","1,043",991,985,"1,014","1,091","1,102","1,178","1,348","1,405","1,355","1,492","1,502","1,527","1,612","1,599","1,555","1,503","1,544","1,571","1,342","1,426","1,429","1,407","1,359","1,289","1,328","1,290","1,266","1,219","1,201","1,345","1,264","1,420","1,111","1,089","1,024",911,797,703,709,658,636,599,468,439,410,"1,598"
E06000051,Shropshire,Unitary Authority," 166,998 ","1,174","1,331","1,440","1,373","1,448","1,558","1,587","1,597","1,611","1,606","1,656","1,800","1,725","1,755","1,731","2,017","1,752","1,774","1,700","1,184",946,"1,096","1,247","1,454","1,453","1,568","1,560","1,529","1,739","1,745","1,795","1,827","1,916","1,882","1,805","1,815","1,924","1,818","1,937","1,818","1,713","1,753","1,852","1,873","1,874","1,643","1,616","1,749","1,955","2,029","2,132","2,268","2,517","2,354","2,590","2,623","2,719","2,792","2,733","2,713","2,685","2,542","2,612","2,423","2,413","2,448","2,273","2,146","2,161","2,149","2,167","1,998","2,061","2,176","2,218","2,354","2,355","1,993","1,843","1,889","1,631","1,451","1,283","1,260","1,163","1,108",992,837,696,630,"2,850"
E06000021,Stoke-on-Trent,Unitary Authority," 131,627 ","1,470","1,571","1,596","1,688","1,622","1,554","1,592","1,622","1,655","1,791","1,723","1,744","1,802","1,669","1,713","1,751","1,620","1,508","1,483","1,407","1,384","1,548","1,473","1,470","1,515","1,663","1,706","1,704","1,828","1,815","1,859","1,864","2,026","2,025","2,031","2,050","1,944","1,873","1,861","1,738","1,779","1,746","1,778","1,665","1,595","1,433","1,302","1,378","1,424","1,474","1,596","1,624","1,781","1,651","1,642","1,617","1,598","1,648","1,706","1,572","1,519","1,518","1,575","1,410","1,374","1,358","1,366","1,258","1,250","1,212","1,121","1,113","1,122","1,098","1,229","1,180","1,295",900,900,812,881,705,651,618,540,592,560,449,396,331,"1,327"
E06000020,Telford and Wrekin,Unitary Authority," 97,757 ",944,"1,059","1,040","1,095","1,132","1,117","1,173","1,193","1,186","1,275","1,207","1,298","1,299","1,311","1,210","1,187","1,207","1,186","1,132","1,074",957,913,"1,077","1,130","1,127",997,"1,201","1,150","1,241","1,344","1,341","1,332","1,406","1,323","1,486","1,477","1,388","1,348","1,298","1,319","1,311","1,215","1,271","1,260","1,211","1,104","1,084","1,084","1,147","1,139","1,316","1,362","1,399","1,443","1,392","1,349","1,336","1,343","1,401","1,304","1,230","1,207","1,133","1,154","1,098","1,037",927,915,966,945,892,899,900,902,917,893,"1,008",762,661,669,633,600,453,469,433,395,359,292,257,230,870
E10000028,Staffordshire,County," 454,569 ","3,931","4,053","4,319","4,558","4,452","4,733","4,578","4,750","4,706","4,862","4,914","5,038","5,055","4,749","5,024","5,049","4,843","4,697","4,625","4,108","3,822","4,058","4,485","4,508","4,824","4,722","5,050","4,887","5,076","5,395","5,661","6,051","5,971","5,762","5,877","5,892","5,895","5,734","5,677","5,377","5,524","5,436","5,543","5,433","5,318","4,859","4,794","5,108","5,297","5,514","5,785","6,328","6,603","6,493","6,718","6,633","6,745","6,722","6,873","6,701","6,470","6,439","6,187","5,810","5,699","5,614","5,396","5,262","5,024","5,125","5,086","4,833","4,898","5,118","4,975","5,498","5,856","4,368","4,504","4,353","4,033","3,414","3,039","2,845","2,836","2,510","2,218","2,024","1,650","1,455","5,835"
E07000192,Cannock Chase,Non-metropolitan District," 52,056 ",481,465,560,576,564,575,518,545,565,577,627,581,585,555,569,567,596,584,509,384,371,407,512,516,629,652,726,714,657,735,741,820,794,706,724,754,710,699,675,663,672,669,699,601,607,499,514,555,553,637,716,701,750,794,798,786,709,774,768,764,756,766,661,578,611,579,558,573,539,541,532,505,488,551,508,562,581,443,415,405,396,384,289,276,301,251,243,177,142,147,544
E07000193,East Staffordshire,Non-metropolitan District," 64,008 ",667,724,724,739,688,717,696,748,730,811,758,800,797,769,772,804,752,728,713,458,374,521,698,691,727,706,804,722,744,832,830,898,898,947,948,891,860,835,868,775,836,778,815,808,782,739,712,744,745,761,806,876,881,825,954,889,970,921,925,911,872,832,838,791,771,743,707,636,620,637,646,574,561,640,560,625,725,539,497,493,487,397,364,355,331,258,255,251,187,185,789
E07000194,Lichfield,Non-metropolitan District," 55,840 ",463,475,525,521,579,605,601,567,563,606,581,627,675,547,577,553,564,575,530,321,260,386,456,508,537,522,552,588,605,681,685,720,708,657,729,673,710,653,693,704,678,660,669,708,682,654,598,678,715,678,722,801,817,809,807,840,833,823,902,792,783,764,750,702,694,696,631,660,646,646,660,614,628,624,632,771,816,635,684,619,555,502,427,391,396,309,312,241,215,178,711
E07000195,Newcastle-under-Lyme,Non-metropolitan District," 65,500 ",581,553,546,611,602,608,623,654,599,667,654,676,664,583,652,664,651,646,806,"1,420","1,527","1,301","1,068",722,755,677,700,725,662,759,730,820,861,846,858,795,814,827,806,702,784,776,727,775,741,672,680,749,734,786,735,867,831,920,899,881,928,901,881,893,868,910,891,809,786,760,706,743,693,699,676,671,690,701,664,753,756,553,602,579,487,440,414,376,367,379,335,279,256,223,859
E07000196,South Staffordshire,Non-metropolitan District," 56,405 ",417,442,517,503,498,606,496,579,571,542,608,606,584,575,622,578,588,552,509,351,318,362,421,509,536,512,559,538,577,565,597,663,669,583,575,677,666,668,621,673,634,618,652,650,629,573,554,579,652,680,679,814,837,821,834,868,840,922,897,884,903,938,844,789,767,785,799,755,695,688,736,633,700,718,693,783,820,582,683,693,617,488,460,418,421,358,305,364,252,243,825
E07000197,Stafford,Non-metropolitan District," 71,162 ",581,613,664,672,697,735,722,705,762,756,764,716,746,741,830,841,734,720,679,497,372,426,631,689,750,774,725,709,837,846,946,930,886,955,898,926,986,931,921,820,863,866,898,884,836,778,769,789,812,887,929,931,"1,107",996,"1,039","1,086","1,140","1,020","1,091","1,148","1,009",977,952,953,929,854,855,796,805,797,801,781,804,774,858,844,922,700,752,733,705,550,498,474,482,422,362,324,270,223,954
E07000198,Staffordshire Moorlands,Non-metropolitan District," 48,713 ",336,321,393,445,408,426,464,460,433,449,483,532,514,498,501,563,488,478,494,326,324,334,317,419,442,426,459,416,457,441,501,551,544,484,528,592,560,516,540,499,532,536,545,513,533,499,525,553,593,584,622,735,787,751,805,797,769,795,834,804,738,748,755,695,660,719,678,636,596,649,621,650,599,698,647,732,770,564,556,514,497,430,391,343,347,345,273,257,223,157,751
E07000199,Tamworth,Non-metropolitan District," 40,885 ",405,460,390,491,416,461,458,492,483,454,439,500,490,481,501,479,470,414,385,351,276,321,382,454,448,453,525,475,537,536,631,649,611,584,617,584,589,605,553,541,525,533,538,494,508,445,442,461,493,501,576,603,593,577,582,486,556,566,575,505,541,504,496,493,481,478,462,463,430,468,414,405,428,412,413,428,466,352,315,317,289,223,196,212,191,188,133,131,105,99,402
E10000031,Warwickshire,County," 313,656 ","2,812","3,111","3,171","3,209","3,309","3,420","3,334","3,447","3,559","3,520","3,634","3,752","3,709","3,515","3,573","3,561","3,492","3,291","3,358","2,852","2,908","3,190","2,905","2,953","3,159","3,341","3,424","3,468","3,650","3,864","3,858","4,186","4,333","4,438","4,445","4,487","4,328","4,112","4,188","4,160","4,138","4,122","3,966","4,160","3,954","3,665","3,576","3,760","3,716","3,880","4,114","4,132","4,366","4,264","4,477","4,395","4,355","4,516","4,437","4,331","4,183","4,098","4,110","3,667","3,623","3,439","3,508","3,154","3,107","3,142","3,077","3,153","3,083","3,170","3,371","3,373","3,555","2,883","2,888","2,925","2,482","2,111","1,808","1,811","1,749","1,617","1,538","1,364","1,171",992,"4,154"
E07000218,North Warwickshire,Non-metropolitan District," 33,855 ",312,347,372,326,352,390,330,350,364,360,404,378,399,399,352,356,361,330,378,238,220,287,303,322,356,322,350,378,359,428,416,454,461,494,433,429,446,409,423,399,396,391,414,409,363,381,355,395,384,404,491,439,494,482,526,531,537,552,547,484,518,470,499,478,440,386,415,374,325,371,367,357,358,360,398,399,410,317,333,322,273,239,176,189,190,146,193,155,98,106,431
E07000219,Nuneaton and Bedworth,Non-metropolitan District," 70,235 ",741,780,776,800,831,842,770,806,824,835,847,868,841,834,789,831,833,746,763,574,536,602,727,666,774,845,887,874,874,968,"1,006","1,026","1,052","1,088","1,109","1,043","1,033",968,971,930,923,944,901,941,889,758,763,815,768,824,871,881,916,924,"1,010",993,962,"1,017",951,889,862,862,845,763,786,751,810,699,676,674,681,667,666,713,684,715,732,586,579,601,494,394,390,373,346,329,278,257,223,189,760
E07000220,Rugby,Non-metropolitan District," 59,676 ",566,622,642,644,660,724,718,758,786,750,781,790,794,722,807,770,779,721,658,374,279,343,453,591,647,670,680,687,732,770,787,870,835,899,952,935,890,912,925,900,956,859,836,888,836,767,716,759,732,741,805,804,831,828,835,740,771,761,801,780,746,719,701,663,562,563,542,509,522,523,483,521,493,517,549,566,581,477,546,506,420,347,320,293,313,291,264,231,192,173,674
E07000221,Stratford-on-Avon,Non-metropolitan District," 73,109 ",537,624,631,686,668,674,748,746,692,725,785,812,800,734,780,776,756,731,705,490,340,406,481,581,575,642,645,713,772,762,757,813,887,881,835,911,844,816,826,844,848,931,841,897,807,819,811,881,941,952,936,"1,051","1,113","1,059","1,164","1,116","1,112","1,200","1,169","1,157","1,110","1,106","1,111",958,"1,017",986,998,853,850,876,836,868,862,873,940,944,"1,059",891,787,869,698,638,497,526,473,476,441,422,345,311,"1,252"
E07000222,Warwick,Non-metropolitan District," 76,781 ",656,738,750,753,798,790,768,787,893,850,817,904,875,826,845,828,763,763,854,"1,176","1,533","1,552",941,793,807,862,862,816,913,936,892,"1,023","1,098","1,076","1,116","1,169","1,115","1,007","1,043","1,087","1,015",997,974,"1,025","1,059",940,931,910,891,959,"1,011",957,"1,012",971,942,"1,015",973,986,969,"1,021",947,941,954,805,818,753,743,719,734,698,710,740,704,707,800,749,773,612,643,627,597,493,425,430,427,375,362,299,313,213,"1,037"
E11000005,West Midlands (Met County),Metropolitan County," 1,509,170 ","17,082","18,157","17,716","18,478","18,410","18,897","19,640","19,773","19,491","19,819","20,233","20,485","20,446","19,836","20,095","19,904","19,101","18,994","19,361","21,154","21,470","20,997","20,244","19,727","19,926","20,212","20,582","20,534","20,135","20,987","21,106","21,583","21,901","22,134","22,056","22,301","22,299","21,584","21,525","21,028","21,205","20,622","20,169","20,856","19,120","17,633","17,401","17,405","16,822","17,011","17,697","18,439","19,013","18,989","18,578","18,428","18,233","17,663","17,767","17,376","16,727","16,695","15,604","14,913","14,233","13,793","13,330","12,724","12,047","12,230","11,858","11,588","11,284","11,419","11,161","11,587","11,857","9,415","9,364","9,663","8,948","7,806","6,903","6,708","6,512","6,090","5,557","5,225","4,601","3,732","15,766"
E08000025,Birmingham,Metropolitan District," 590,856 ","7,057","7,435","7,451","7,518","7,395","7,644","8,031","7,970","7,929","8,115","8,246","8,116","8,395","8,027","8,455","8,224","7,810","8,022","8,529","10,739","11,565","11,035","9,814","8,720","8,600","8,679","8,720","8,726","8,577","8,446","8,338","8,554","8,679","8,839","8,791","8,872","8,882","8,506","8,373","8,409","8,401","8,312","7,998","8,297","7,566","7,030","6,812","6,752","6,401","6,493","6,544","6,783","6,817","6,943","6,686","6,681","6,599","6,329","6,199","6,173","5,898","5,957","5,531","5,361","5,054","4,771","4,627","4,426","4,126","4,159","4,099","3,951","3,681","3,808","3,460","3,755","3,875","3,025","2,926","2,944","2,776","2,483","2,206","2,157","2,063","1,946","1,819","1,737","1,513","1,228","5,445"
E08000026,Coventry,Metropolitan District," 179,225 ","1,987","2,160","2,050","2,148","2,231","2,199","2,262","2,187","2,209","2,211","2,239","2,343","2,239","2,270","2,211","2,222","2,085","2,008","2,320","3,536","3,536","3,257","2,996","2,920","2,769","2,690","2,858","2,785","2,494","2,733","2,750","2,816","2,756","2,807","2,735","2,752","2,718","2,671","2,521","2,474","2,405","2,414","2,361","2,383","2,237","2,107","2,011","2,064","1,874","1,918","2,032","2,045","2,060","2,035","2,094","2,138","2,056","1,920","1,912","1,904","1,879","1,811","1,736","1,546","1,532","1,519","1,482","1,366","1,350","1,330","1,299","1,198","1,188","1,234","1,202","1,333","1,310","1,058","1,046","1,072","1,067",813,834,751,706,620,599,570,517,402,"1,730"
E08000027,Dudley,Metropolitan District," 166,099 ","1,693","1,821","1,693","1,822","1,792","1,914","1,847","1,944","1,902","2,069","2,028","2,061","1,993","1,979","1,891","1,908","1,870","1,886","1,802","1,536","1,370","1,379","1,595","1,807","1,834","1,917","2,065","2,071","2,065","2,164","2,204","2,254","2,295","2,272","2,291","2,284","2,203","2,190","2,175","2,067","2,146","2,046","2,018","2,123","2,004","1,790","1,884","1,793","1,874","1,901","2,070","2,246","2,417","2,322","2,250","2,270","2,366","2,178","2,432","2,191","2,124","2,110","1,929","1,856","1,835","1,826","1,755","1,793","1,619","1,657","1,661","1,655","1,638","1,693","1,729","1,650","1,782","1,416","1,457","1,542","1,355","1,204","1,003",950,966,890,789,747,667,536,"1,991"
E08000028,Sandwell,Metropolitan District," 175,498 ","2,177","2,157","2,127","2,220","2,277","2,289","2,377","2,411","2,325","2,321","2,518","2,480","2,498","2,376","2,441","2,372","2,337","2,283","2,202","1,759","1,771","1,867","1,918","1,966","2,180","2,217","2,188","2,179","2,294","2,413","2,553","2,564","2,643","2,628","2,650","2,645","2,696","2,616","2,735","2,633","2,715","2,515","2,580","2,646","2,323","2,096","2,058","2,184","2,122","2,096","2,209","2,204","2,298","2,377","2,245","2,154","2,138","2,208","2,193","2,096","1,938","1,931","1,833","1,719","1,633","1,573","1,561","1,467","1,438","1,354","1,359","1,328","1,335","1,249","1,241","1,207","1,208",957,"1,033","1,037",966,881,733,776,729,688,571,560,473,354,"1,606"
E08000029,Solihull,Metropolitan District," 112,382 ",925,"1,077","1,090","1,198","1,206","1,230","1,306","1,426","1,386","1,392","1,436","1,534","1,423","1,445","1,384","1,386","1,312","1,286","1,261",821,700,730,"1,006","1,097","1,196","1,150","1,167","1,239","1,174","1,299","1,274","1,276","1,416","1,499","1,425","1,512","1,478","1,492","1,452","1,425","1,437","1,408","1,405","1,498","1,343","1,266","1,326","1,378","1,335","1,371","1,382","1,514","1,608","1,566","1,662","1,548","1,521","1,531","1,536","1,518","1,501","1,540","1,401","1,397","1,316","1,217","1,166","1,090","1,052","1,194","1,161","1,095","1,122","1,114","1,297","1,277","1,342","1,078","1,033","1,061",934,852,698,665,692,625,594,510,500,410,"1,764"
E08000030,Walsall,Metropolitan District," 147,172 ","1,616","1,781","1,719","1,992","1,865","1,893","1,993","2,014","1,906","1,930","1,973","2,035","1,985","1,968","1,921","1,948","1,857","1,828","1,757","1,403","1,359","1,435","1,537","1,655","1,684","1,833","1,802","1,797","1,788","1,855","1,981","2,114","2,093","2,077","2,173","2,190","2,200","2,085","2,144","2,030","2,066","1,999","1,869","1,970","1,786","1,657","1,708","1,614","1,636","1,678","1,732","1,855","1,949","1,869","1,931","1,903","1,847","1,863","1,799","1,820","1,750","1,743","1,683","1,593","1,479","1,501","1,395","1,328","1,279","1,320","1,161","1,169","1,202","1,195","1,218","1,306","1,286","1,034","1,042","1,064",997,866,778,747,745,749,639,602,472,413,"1,649"
E08000031,Wolverhampton,Metropolitan District," 137,938 ","1,627","1,726","1,586","1,580","1,644","1,728","1,824","1,821","1,834","1,781","1,793","1,916","1,913","1,771","1,792","1,844","1,830","1,681","1,490","1,360","1,169","1,294","1,378","1,562","1,663","1,726","1,782","1,737","1,743","2,077","2,006","2,005","2,019","2,012","1,991","2,046","2,122","2,024","2,125","1,990","2,035","1,928","1,938","1,939","1,861","1,687","1,602","1,620","1,580","1,554","1,728","1,792","1,864","1,877","1,710","1,734","1,706","1,634","1,696","1,674","1,637","1,603","1,491","1,441","1,384","1,386","1,344","1,254","1,183","1,216","1,118","1,192","1,118","1,126","1,014","1,059","1,054",847,827,943,853,707,651,662,611,572,546,499,459,389,"1,581"
E10000034,Worcestershire,County," 314,009 ","2,674","2,697","2,827","2,916","3,181","3,109","3,250","3,301","3,220","3,336","3,470","3,529","3,518","3,405","3,401","3,446","3,566","3,456","3,257","2,609","2,348","2,661","2,910","3,100","3,211","3,288","3,395","3,256","3,429","3,477","3,456","3,912","3,884","4,054","3,985","3,971","3,956","3,880","3,849","3,690","3,724","3,687","3,858","4,014","3,869","3,365","3,440","3,581","3,766","3,896","4,089","4,248","4,481","4,415","4,634","4,643","4,632","4,614","4,732","4,610","4,527","4,336","4,114","4,024","3,877","3,821","3,825","3,689","3,554","3,772","3,738","3,473","3,604","3,611","3,731","3,835","4,033","3,167","3,119","3,150","2,669","2,341","2,022","1,961","1,890","1,835","1,694","1,434","1,194","1,086","4,705"
E07000234,Bromsgrove,Non-metropolitan District," 51,547 ",419,464,485,584,560,582,583,575,570,615,557,602,609,593,603,598,594,595,529,313,241,344,403,400,546,488,483,458,508,479,511,569,619,542,602,657,630,656,666,614,639,618,660,720,642,586,622,591,662,678,708,721,745,740,761,832,776,787,737,768,729,711,688,701,611,614,578,583,593,580,593,538,531,580,574,557,596,540,525,555,467,372,370,314,332,327,303,269,246,226,905
E07000235,Malvern Hills,Non-metropolitan District," 42,209 ",292,286,275,296,367,355,392,373,416,410,423,480,441,441,517,486,508,515,462,335,261,237,281,332,346,387,354,338,336,373,376,417,392,466,420,388,423,442,412,410,442,409,408,481,519,419,456,437,500,530,556,573,595,587,614,706,660,691,698,726,742,640,618,634,644,615,639,584,537,553,595,550,570,576,600,599,653,519,491,523,450,398,322,318,312,273,309,245,210,188,834
E07000236,Redditch,Non-metropolitan District," 44,188 ",419,493,490,478,522,482,513,518,538,512,541,554,524,495,480,482,563,509,480,372,303,314,393,445,483,530,568,547,588,571,562,670,656,665,737,657,655,610,658,597,596,661,643,657,605,505,460,518,517,534,561,622,557,594,585,575,545,559,614,552,537,545,499,489,502,517,538,491,450,526,500,476,469,412,486,452,463,363,355,345,258,230,185,182,183,181,162,127,102,97,432
E07000237,Worcester,Non-metropolitan District," 53,947 ",561,449,494,538,588,544,554,530,506,568,625,578,620,596,586,605,606,598,586,776,870,920,769,750,667,662,766,745,713,767,722,796,796,853,742,752,753,770,737,693,684,664,717,692,689,595,612,660,625,678,707,654,751,696,761,677,704,695,743,688,688,670,621,553,573,534,522,539,484,499,521,459,512,487,469,547,513,417,356,388,350,366,276,265,237,264,247,204,143,137,663
E07000238,Wychavon,Non-metropolitan District," 69,626 ",569,589,634,573,688,653,700,774,670,688,766,740,777,718,698,705,719,738,710,449,385,447,599,641,629,660,700,643,736,707,732,797,762,867,858,853,808,788,796,800,796,777,826,838,844,749,734,779,823,835,887,"1,001","1,037","1,017","1,086","1,075","1,107","1,092","1,122","1,063","1,074","1,054",989,978,882,950,901,848,877,909,876,835,845,859,854,934,"1,039",735,762,700,622,533,498,528,483,460,376,332,279,234,"1,126"
E07000239,Wyre Forest,Non-metropolitan District," 52,492 ",414,416,449,447,456,493,508,531,520,543,558,575,547,562,517,570,576,501,490,364,288,399,465,532,540,561,524,525,548,580,553,663,659,661,626,664,687,614,580,576,567,558,604,626,570,511,556,596,639,641,670,677,796,781,827,778,840,790,818,813,757,716,699,669,665,591,647,644,613,705,653,615,677,697,748,746,769,593,630,639,522,442,371,354,343,330,297,257,214,204,745
E12000006,EAST,Region," 3,295,368 ","31,326","34,261","33,849","35,353","35,883","36,805","37,110","38,502","37,733","37,889","38,852","39,670","39,397","39,361","38,851","38,750","36,968","36,066","34,828","29,513","26,754","29,380","32,299","33,955","36,214","36,868","37,607","37,858","39,235","41,715","41,903","44,024","45,181","45,855","46,074","46,954","46,027","45,557","45,388","44,076","43,848","44,093","44,758","44,557","42,712","39,589","38,856","39,595","40,642","41,026","42,626","43,807","45,149","43,497","44,629","44,994","45,096","45,371","44,931","44,459","42,867","41,764","40,153","38,170","37,300","36,431","34,837","33,847","32,697","33,067","32,272","31,457","31,448","31,953","32,865","35,036","39,128","28,727","27,181","26,547","24,168","20,974","17,861","18,222","17,785","16,353","14,946","13,478","11,882","10,276","43,550"
E06000055,Bedford,Unitary Authority," 96,549 ","1,011","1,040","1,103","1,165","1,181","1,239","1,202","1,191","1,140","1,183","1,189","1,240","1,200","1,254","1,259","1,175","1,114","1,089","1,014",808,716,777,905,981,"1,029","1,121","1,129","1,139","1,188","1,315","1,360","1,387","1,432","1,389","1,449","1,572","1,463","1,527","1,437","1,383","1,368","1,406","1,432","1,520","1,331","1,257","1,184","1,203","1,191","1,197","1,312","1,201","1,336","1,250","1,271","1,333","1,262","1,272","1,195","1,304","1,161","1,183","1,017","1,067","1,027","1,016",900,909,886,868,792,799,819,817,874,847,845,695,691,671,604,515,430,454,434,416,393,339,349,272,"1,138"
E06000056,Central Bedfordshire,Unitary Authority," 156,638 ","1,731","1,877","1,760","1,886","1,895","1,856","1,924","1,872","1,909","1,879","1,875","1,927","1,920","1,853","1,805","1,798","1,698","1,706","1,593","1,024",867,994,"1,333","1,472","1,639","1,658","1,610","1,847","1,951","2,227","2,215","2,330","2,401","2,506","2,376","2,524","2,452","2,443","2,257","2,251","2,288","2,223","2,217","2,143","2,088","1,972","1,894","1,848","2,059","1,941","2,047","2,089","2,182","2,046","2,158","2,111","2,126","2,228","2,146","2,045","2,038","2,022","1,969","1,834","1,795","1,671","1,569","1,539","1,521","1,513","1,458","1,431","1,439","1,431","1,482","1,522","1,647","1,152","1,198","1,143","1,069",874,707,729,736,639,573,535,494,378,"1,538"
E06000032,Luton,Unitary Authority," 113,349 ","1,581","1,711","1,697","1,700","1,651","1,577","1,604","1,725","1,537","1,533","1,588","1,615","1,682","1,606","1,663","1,620","1,549","1,519","1,527","1,244","1,138","1,238","1,401","1,585","1,655","1,749","1,785","1,772","1,773","1,826","1,717","1,679","1,794","1,738","1,851","1,918","1,909","1,776","1,893","1,741","1,780","1,768","1,766","1,822","1,579","1,400","1,363","1,316","1,347","1,282","1,273","1,325","1,269","1,280","1,287","1,297","1,183","1,191","1,162","1,186","1,113","1,161",917,"1,001",951,869,819,822,766,726,733,703,642,627,582,636,626,562,524,509,412,438,324,411,366,366,355,340,252,230,823
E06000031,Peterborough,Unitary Authority," 111,119 ","1,272","1,451","1,401","1,386","1,425","1,591","1,556","1,587","1,563","1,532","1,632","1,608","1,593","1,516","1,550","1,553","1,457","1,413","1,280","1,031",700,877,"1,029","1,175","1,235","1,352","1,410","1,460","1,489","1,530","1,680","1,725","1,804","1,789","1,772","1,891","1,824","1,900","1,878","1,790","1,769","1,678","1,729","1,655","1,530","1,447","1,412","1,386","1,320","1,414","1,357","1,398","1,371","1,286","1,396","1,306","1,276","1,347","1,300","1,257","1,217","1,157","1,149",976,"1,030","1,024",948,881,881,907,872,868,785,784,786,770,927,699,583,582,537,492,430,451,425,357,330,349,290,236,"1,055"
E06000033,Southend-on-Sea,Unitary Authority," 93,208 ",871,969,976,"1,033","1,013","1,080","1,083","1,083","1,096","1,112","1,044","1,119","1,122","1,189","1,122","1,044","1,053",976,906,682,593,738,855,967,"1,048","1,000","1,164","1,096","1,075","1,231","1,214","1,197","1,295","1,329","1,240","1,331","1,245","1,379","1,384","1,261","1,278","1,282","1,267","1,334","1,349","1,163","1,155","1,170","1,167","1,237","1,285","1,288","1,212","1,229","1,236","1,264","1,245","1,328","1,215","1,244","1,227","1,130","1,098","1,120","1,050",987,965,862,893,892,900,815,879,901,917,"1,003","1,041",769,788,780,675,576,446,532,511,495,379,355,347,296,"1,416"
E06000034,Thurrock,Unitary Authority," 90,936 ","1,054","1,183","1,170","1,236","1,219","1,332","1,278","1,289","1,260","1,227","1,308","1,207","1,222","1,196","1,247","1,287","1,191","1,125","1,105",795,700,822,974,"1,014","1,030","1,036","1,118","1,110","1,220","1,369","1,343","1,468","1,500","1,485","1,544","1,539","1,514","1,538","1,534","1,464","1,386","1,379","1,398","1,324","1,343","1,187","1,153","1,211","1,198","1,127","1,134","1,173","1,190","1,100","1,193","1,101","1,134","1,134","1,063","1,054",938,977,971,784,788,730,763,677,625,656,643,642,671,637,576,695,749,553,495,443,424,415,352,313,301,284,293,247,196,173,690
E10000003,Cambridgeshire,County," 354,361 ","3,045","3,454","3,402","3,545","3,613","3,645","3,726","4,039","3,949","3,890","4,153","4,117","3,964","3,946","4,101","3,937","3,812","3,683","3,940","4,525","4,668","4,608","4,033","4,099","4,602","4,478","4,289","4,490","4,547","4,823","4,547","5,002","5,045","5,046","5,169","5,101","4,862","4,786","5,067","4,676","4,822","4,808","4,859","4,784","4,579","4,307","4,312","4,353","4,361","4,490","4,611","4,777","4,892","4,773","4,621","4,644","4,957","4,603","4,677","4,559","4,433","4,266","4,089","3,915","3,742","3,592","3,547","3,435","3,338","3,516","3,355","3,370","3,219","3,261","3,405","3,505","3,969","2,808","2,823","2,647","2,499","2,058","1,806","1,896","1,894","1,669","1,458","1,279","1,088",950,"4,316"
E07000008,Cambridge,Non-metropolitan District," 75,186 ",587,629,600,579,655,605,653,654,709,638,709,702,691,710,723,675,703,772,"1,186","2,634","3,031","2,748","1,818","1,603","1,908","1,801","1,571","1,538","1,489","1,603","1,216","1,350","1,307","1,283","1,305","1,265","1,087","1,046","1,125",978,970,"1,003","1,010",875,854,817,827,796,693,831,809,783,887,743,725,698,888,790,713,638,587,598,545,538,506,441,490,462,437,487,436,432,439,409,396,381,487,331,383,347,291,260,245,247,249,240,193,173,156,136,628
E07000009,East Cambridgeshire,Non-metropolitan District," 46,513 ",400,457,454,506,466,480,493,549,505,522,570,564,561,596,573,555,546,512,444,355,235,266,361,378,399,464,415,461,509,538,561,605,581,640,614,665,578,630,687,597,622,692,695,732,638,539,592,590,653,621,651,664,685,656,656,680,687,633,651,629,628,628,595,618,538,541,504,465,464,526,497,520,451,490,496,502,583,400,431,397,365,279,244,265,252,245,207,192,173,147,612
E07000010,Fenland,Non-metropolitan District," 52,850 ",510,517,507,556,529,539,521,597,559,582,596,594,587,554,585,586,533,508,463,396,357,361,437,509,582,539,531,625,591,615,622,692,711,709,711,656,670,656,672,635,647,642,604,615,576,550,548,572,596,605,671,745,738,740,724,762,828,752,768,794,825,752,748,692,648,638,651,649,643,656,621,616,576,608,625,674,679,508,488,466,448,372,360,337,362,303,273,243,217,178,817
E07000011,Huntingdonshire,Non-metropolitan District," 93,931 ",829,973,938,997,"1,026","1,036","1,028","1,089","1,112","1,037","1,110","1,113","1,021",997,"1,110","1,072",979,868,897,586,590,714,813,889,983,962,"1,064","1,032","1,102","1,179","1,215","1,326","1,271","1,312","1,330","1,374","1,318","1,245","1,324","1,275","1,304","1,198","1,244","1,307","1,201","1,140","1,082","1,176","1,235","1,195","1,287","1,326","1,345","1,357","1,340","1,306","1,335","1,345","1,353","1,342","1,287","1,259","1,204","1,149","1,099","1,096","1,035",989,981,981,966,961,986,964,"1,039","1,043","1,158",823,824,780,704,628,523,560,518,479,400,339,274,239,"1,089"
E07000012,South Cambridgeshire,Non-metropolitan District," 85,881 ",719,878,903,907,937,985,"1,031","1,150","1,064","1,111","1,168","1,144","1,104","1,089","1,110","1,049","1,051","1,023",950,554,455,519,604,720,730,712,708,834,856,888,933,"1,029","1,175","1,102","1,209","1,141","1,209","1,209","1,259","1,191","1,279","1,273","1,306","1,255","1,310","1,261","1,263","1,219","1,184","1,238","1,193","1,259","1,237","1,277","1,176","1,198","1,219","1,083","1,192","1,156","1,106","1,029",997,918,951,876,867,870,813,866,835,841,767,790,849,905,"1,062",746,697,657,691,519,434,487,513,402,385,332,268,250,"1,170"
E10000012,Essex,County," 788,143 ","7,556","8,170","8,058","8,465","8,647","8,848","8,784","8,957","8,850","8,947","9,062","9,185","9,237","9,317","9,006","9,087","8,706","8,444","8,228","6,570","5,882","6,469","7,459","7,768","8,101","8,598","8,698","8,674","9,073","9,752","9,810","10,402","10,626","10,813","10,997","11,082","10,852","10,459","10,497","10,365","10,137","10,161","10,463","10,354","9,984","9,174","9,161","9,448","9,702","9,521","10,156","10,311","10,936","10,528","10,928","11,146","11,153","11,033","10,903","10,785","10,550","10,178","9,792","9,330","8,938","9,040","8,511","8,279","8,000","8,272","7,957","7,687","7,769","7,967","8,320","9,126","10,177","7,425","6,902","6,811","6,148","5,313","4,496","4,669","4,486","4,055","3,670","3,476","2,958","2,538","10,818"
E07000066,Basildon,Non-metropolitan District," 97,961 ","1,105","1,182","1,196","1,268","1,310","1,227","1,249","1,287","1,230","1,231","1,258","1,239","1,212","1,216","1,150","1,182","1,094","1,130","1,065",784,701,814,870,985,"1,085","1,198","1,211","1,217","1,250","1,386","1,359","1,447","1,481","1,580","1,536","1,624","1,473","1,470","1,481","1,401","1,365","1,317","1,276","1,372","1,229","1,160","1,155","1,273","1,174","1,114","1,246","1,179","1,347","1,239","1,336","1,297","1,293","1,242","1,226","1,244","1,227","1,165","1,139","1,060","1,035","1,043",925,873,854,911,830,819,785,810,897,925,"1,050",765,667,636,629,497,466,519,441,402,387,360,298,282,996
E07000067,Braintree,Non-metropolitan District," 81,682 ",760,849,816,844,923,968,866,927,867,861,894,919,920,954,883,955,916,874,889,588,530,553,680,724,790,842,915,987,960,"1,041","1,056","1,119","1,141","1,154","1,143","1,158","1,113","1,090","1,086","1,100","1,033",952,"1,092","1,038",993,965,909,978,"1,069","1,032","1,136","1,149","1,187","1,122","1,189","1,238","1,316","1,214","1,140","1,138","1,199","1,057",989,934,933,971,898,871,859,869,828,808,824,824,878,976,"1,114",717,723,733,594,525,453,461,435,392,327,334,283,233,"1,095"
E07000068,Brentwood,Non-metropolitan District," 40,282 ",439,482,387,431,417,398,437,489,463,461,462,454,456,433,444,486,441,437,424,295,199,284,318,400,460,487,463,438,448,540,481,598,583,528,564,532,548,559,600,519,562,588,565,543,511,492,511,493,511,488,531,506,527,535,513,569,586,540,603,565,539,527,503,465,430,422,422,429,377,409,374,331,391,338,343,438,495,360,343,327,318,267,223,243,238,236,218,219,188,156,689
E07000069,Castle Point,Non-metropolitan District," 46,353 ",368,423,429,422,419,439,457,475,447,511,460,501,551,547,521,522,481,458,489,367,322,357,405,416,476,501,512,431,463,480,478,564,524,550,588,512,557,540,529,567,499,520,550,565,500,467,453,520,557,514,533,591,622,659,667,657,640,657,704,637,663,608,585,555,557,587,552,540,524,569,553,582,614,591,624,701,801,568,529,507,482,441,369,343,379,311,284,256,217,182,708
E07000070,Chelmsford,Non-metropolitan District," 94,726 ",924,993,967,961,"1,010","1,143","1,134","1,026","1,084","1,077","1,140","1,141","1,162","1,149","1,044","1,147","1,061","1,083","1,008",791,793,788,960,"1,046",962,"1,056","1,121","1,142","1,180","1,271","1,286","1,346","1,303","1,379","1,399","1,401","1,361","1,277","1,245","1,277","1,249","1,380","1,370","1,343","1,296","1,179","1,219","1,175","1,198","1,228","1,269","1,269","1,342","1,237","1,226","1,329","1,263","1,246","1,172","1,186","1,148","1,196","1,135",996,931,"1,037",941,938,935,851,864,827,889,882,949,"1,003","1,174",852,754,762,626,620,501,523,494,482,435,405,341,285,"1,136"
E07000071,Colchester,Non-metropolitan District," 100,116 ",946,"1,032","1,011","1,063","1,119","1,165","1,165","1,182","1,198","1,213","1,167","1,245","1,211","1,238","1,199","1,179","1,110","1,070","1,115","1,215","1,151","1,282","1,431","1,088","1,098","1,181","1,189","1,138","1,352","1,396","1,410","1,394","1,481","1,388","1,544","1,522","1,469","1,460","1,419","1,370","1,336","1,418","1,404","1,392","1,322","1,238","1,189","1,250","1,220","1,213","1,267","1,269","1,293","1,242","1,361","1,310","1,264","1,350","1,257","1,248","1,222","1,099","1,035","1,031","1,022","1,002",932,855,882,917,934,823,877,917,991,"1,051","1,097",802,799,762,680,566,520,516,472,392,365,370,285,257,"1,194"
E07000072,Epping Forest,Non-metropolitan District," 70,068 ",702,755,767,797,769,769,776,808,762,762,746,774,748,774,827,752,797,754,708,544,482,594,642,733,694,747,759,696,772,806,832,848,871,"1,034",954,991,"1,017",931,988,978,980,938,936,991,928,876,923,903,909,849,951,949,"1,058",937,"1,027","1,043","1,001","1,001","1,095",982,977,937,889,818,781,742,709,696,700,716,685,675,629,633,681,720,853,629,590,533,533,475,371,380,419,359,341,277,249,223,"1,111"
E07000073,Harlow,Non-metropolitan District," 49,506 ",602,630,681,669,653,636,641,642,646,680,682,678,648,669,624,652,578,504,544,420,371,447,454,481,521,568,630,696,709,772,765,820,932,888,829,900,919,777,829,835,777,774,765,677,718,621,560,581,615,512,549,609,607,598,601,587,560,611,579,578,565,536,531,531,500,471,441,460,403,402,402,378,332,349,279,362,350,275,269,270,261,225,165,192,202,187,141,146,156,146,478
E07000074,Maldon,Non-metropolitan District," 34,880 ",251,317,328,308,354,359,323,350,315,334,392,360,371,361,392,334,369,318,352,231,238,247,304,280,365,344,345,326,355,330,413,351,383,389,430,418,389,355,375,368,410,350,406,402,429,330,368,397,437,448,467,498,532,526,528,590,600,575,559,547,485,489,516,507,447,511,469,452,406,456,407,399,410,414,443,493,560,437,384,396,318,254,222,261,229,210,193,203,128,126,532
E07000075,Rochford,Non-metropolitan District," 45,560 ",405,401,398,503,488,465,462,438,488,481,496,469,548,517,549,489,494,515,416,375,280,322,395,475,449,462,435,477,462,499,494,522,562,507,557,556,590,519,547,568,551,546,585,609,582,452,556,553,517,571,576,628,675,677,718,652,705,699,655,637,639,650,607,575,571,505,528,526,483,499,517,482,502,532,551,603,679,520,456,449,425,374,282,309,291,281,248,245,205,169,638
E07000076,Tendring,Non-metropolitan District," 79,398 ",637,665,642,694,700,711,752,747,724,783,788,839,802,806,797,840,748,715,697,562,585,489,593,668,777,750,745,745,722,822,803,893,832,852,859,828,788,844,775,790,750,720,852,778,797,760,737,772,841,895,948,941,"1,039",999,"1,070","1,163","1,217","1,186","1,229","1,264","1,220","1,282","1,194","1,213","1,142","1,185","1,150","1,138","1,100","1,168","1,107","1,089","1,032","1,203","1,177","1,314","1,440","1,097","1,001","1,010",909,771,645,626,621,567,516,468,425,312,"1,509"
E07000077,Uttlesford,Non-metropolitan District," 47,611 ",417,441,436,505,485,568,522,586,626,553,577,566,608,653,576,549,617,586,521,398,230,292,407,472,424,462,373,381,400,409,433,500,533,564,594,640,628,637,623,592,625,658,662,644,679,634,581,553,654,657,683,723,707,757,692,711,708,712,684,759,666,632,669,645,589,564,544,501,477,505,456,474,484,474,507,540,564,403,387,426,373,298,279,296,265,236,215,193,183,167,732
E10000015,Hertfordshire,County," 622,486 ","6,100","6,640","6,800","7,043","7,024","7,259","7,274","7,742","7,609","7,567","7,694","8,086","8,113","8,124","7,817","7,967","7,518","7,370","6,691","4,988","4,077","4,906","6,032","6,556","6,883","6,904","6,994","6,982","7,209","7,546","7,889","8,376","8,660","8,980","8,845","9,228","9,110","9,343","9,149","9,128","9,051","9,225","9,466","9,418","9,079","8,454","8,265","8,354","8,433","8,289","8,456","8,741","8,836","8,315","8,356","8,508","8,473","8,496","8,349","8,008","7,747","7,534","7,169","6,803","6,559","6,259","5,906","5,770","5,505","5,325","5,102","4,973","5,078","5,199","5,327","5,519","6,269","4,547","4,372","4,232","4,024","3,402","2,914","3,091","2,991","2,875","2,682","2,369","2,179","1,932","8,037"
E07000095,Broxbourne,Non-metropolitan District," 51,838 ",534,608,571,644,622,619,636,647,617,639,623,652,661,612,628,618,588,585,566,436,374,425,456,521,574,548,582,562,605,672,651,735,745,816,757,756,851,789,813,791,726,736,798,712,677,660,641,654,631,653,643,727,754,705,709,712,734,762,646,682,676,607,607,552,554,530,485,494,420,438,426,448,403,399,418,507,556,376,386,349,362,300,278,289,304,248,200,217,201,157,560
E07000096,Dacorum,Non-metropolitan District," 80,182 ",831,878,914,988,916,992,"1,003","1,007","1,027","1,020",996,980,"1,023","1,010","1,030",945,950,926,815,604,410,437,628,774,833,852,870,897,919,"1,036","1,033","1,067","1,129","1,205","1,139","1,277","1,227","1,224","1,169","1,142","1,181","1,192","1,232","1,179","1,177","1,066","1,038","1,019","1,031","1,009","1,073","1,112","1,135","1,053","1,077","1,114","1,086","1,056","1,101",965,"1,004","1,069",954,892,885,876,860,803,737,670,734,655,696,664,723,705,823,605,570,547,512,433,379,368,408,361,349,302,247,236,"1,096"
E07000242,East Hertfordshire,Non-metropolitan District," 78,698 ",745,840,828,840,801,879,892,899,857,882,877,985,"1,035","1,047",957,"1,090","1,016",958,902,562,359,474,616,822,811,795,823,862,859,887,"1,023","1,037","1,095","1,103","1,109","1,101","1,074","1,084","1,045","1,059","1,057","1,085","1,072","1,137","1,122",997,"1,041","1,046","1,080","1,077","1,180","1,135","1,152","1,149","1,172","1,138","1,180","1,153","1,124","1,105",999,"1,053",996,949,899,826,810,759,739,754,709,632,717,733,777,767,900,592,624,577,516,443,388,410,361,391,332,312,299,275,"1,027"
E07000098,Hertsmere,Non-metropolitan District," 56,654 ",541,599,637,638,613,635,662,672,685,681,673,704,665,745,674,739,697,751,605,449,372,478,539,615,678,689,631,571,686,640,704,649,717,728,650,723,784,817,838,849,812,889,852,847,838,817,751,779,783,763,753,751,789,770,758,842,762,807,761,786,704,674,699,612,581,555,516,511,557,518,439,469,487,535,533,508,606,456,379,430,398,322,294,306,279,277,236,230,187,182,841
E07000099,North Hertfordshire,Non-metropolitan District," 69,944 ",656,707,776,781,766,804,731,800,790,781,799,857,842,868,846,832,764,741,684,441,341,455,594,676,811,753,818,808,782,823,833,920,953,949,"1,045","1,035",990,"1,006",971,978,958,974,"1,047","1,062",998,936,934,911,977,998,924,"1,008","1,038",852,958,881,977,"1,012",990,908,911,827,817,824,734,724,733,680,671,638,677,634,641,678,690,704,795,547,541,564,510,422,345,422,396,371,368,310,312,257,"1,051"
E07000240,St Albans,Non-metropolitan District," 76,031 ",662,697,732,830,911,940,934,"1,101","1,045","1,056","1,068","1,134","1,125","1,131","1,131","1,146","1,034","1,007",850,423,301,401,677,741,761,656,705,736,729,691,716,779,868,930,876,"1,008",980,"1,071","1,065","1,073","1,080","1,146","1,225","1,255","1,249","1,163","1,157","1,218","1,191","1,211","1,189","1,189","1,172","1,069","1,038","1,083","1,126","1,035","1,027","1,002",905,923,874,813,760,769,647,712,599,645,605,627,637,670,659,686,778,612,557,506,492,434,350,346,388,379,343,298,240,239,992
E07000243,Stevenage,Non-metropolitan District," 45,603 ",483,514,547,504,543,541,553,575,567,565,596,627,572,630,523,555,541,510,441,385,293,359,442,471,455,530,509,642,592,687,751,789,752,866,779,778,777,735,724,759,661,662,651,613,592,538,537,555,536,507,553,626,611,611,600,622,601,619,595,627,605,586,456,508,488,458,419,382,398,351,321,341,307,337,331,361,387,305,284,255,252,237,179,203,177,185,190,146,152,130,493
E07000102,Three Rivers,Non-metropolitan District," 48,621 ",398,459,479,502,499,516,544,634,594,561,656,662,725,678,615,660,609,616,585,355,267,299,409,509,506,509,501,436,432,488,549,606,594,556,655,627,592,721,651,705,709,744,799,819,781,721,633,739,719,700,683,725,690,684,669,710,692,665,677,662,644,569,602,537,556,510,511,496,471,471,407,414,414,407,405,459,514,371,380,361,306,281,227,241,224,243,223,172,198,152,675
E07000103,Watford,Non-metropolitan District," 53,011 ",648,703,676,671,650,653,634,658,689,661,659,729,727,648,698,640,620,595,546,385,348,430,548,596,636,741,767,739,806,823,790,911,948,922,899,"1,004",929,978,951,886,949,893,895,913,849,801,767,694,709,676,689,720,741,675,660,664,587,601,574,543,515,536,491,468,460,428,364,377,384,375,339,304,333,345,323,366,355,275,267,244,285,223,181,190,175,182,181,158,136,114,495
E07000241,Welwyn Hatfield,Non-metropolitan District," 61,904 ",602,635,640,645,703,680,685,749,738,721,747,756,738,755,715,742,699,681,697,948,"1,012","1,148","1,123",831,818,831,788,729,799,799,839,883,859,905,936,919,906,918,922,886,918,904,895,881,796,755,766,739,776,695,769,748,754,747,715,742,728,786,854,728,784,690,673,648,642,583,561,556,529,465,445,449,443,431,468,456,555,408,384,399,391,307,293,316,279,238,260,224,207,190,807
E10000020,Norfolk,County," 474,802 ","3,757","4,079","3,865","4,181","4,318","4,335","4,614","4,818","4,721","4,756","5,009","5,199","4,989","5,048","4,915","4,910","4,690","4,525","4,574","4,770","4,902","5,168","4,946","4,590","4,979","4,992","5,174","4,971","5,237","5,601","5,451","5,658","5,747","5,713","5,872","5,767","5,845","5,742","5,619","5,489","5,413","5,568","5,522","5,396","5,327","5,021","4,765","5,116","5,295","5,695","5,915","6,228","6,476","6,400","6,569","6,630","6,663","6,874","7,073","7,092","6,846","6,814","6,555","6,307","6,305","6,168","6,072","5,936","5,752","5,705","5,890","5,631","5,578","5,676","5,842","6,336","7,107","5,247","4,872","4,820","4,307","3,702","3,349","3,172","3,050","2,868","2,637","2,311","2,051","1,829","7,493"
E07000143,Breckland,Non-metropolitan District," 72,961 ",646,683,576,711,708,654,710,713,704,729,854,806,821,771,744,766,727,715,666,518,394,520,582,625,671,726,817,800,815,843,773,910,884,816,893,818,917,849,855,751,796,855,843,819,833,747,708,810,831,878,938,988,"1,058","1,023","1,078","1,063","1,078","1,170","1,094","1,139","1,088","1,150","1,016",958,960,957,982,954,852,899,950,930,918,898,935,"1,046","1,100",862,780,780,664,576,542,478,454,437,456,361,325,293,"1,130"
E07000144,Broadland,Non-metropolitan District," 69,578 ",482,611,516,601,694,632,672,743,677,685,724,745,745,696,720,698,710,670,681,451,426,481,579,646,592,628,658,687,726,737,706,772,801,814,808,812,799,819,854,809,807,841,883,815,863,818,728,784,809,903,940,992,"1,014","1,003","1,055","1,054",988,"1,073","1,083","1,031","1,002",992,974,923,952,916,875,873,825,898,850,818,872,875,905,959,"1,147",768,803,733,663,517,522,526,500,470,427,380,314,310,"1,198"
E07000145,Great Yarmouth,Non-metropolitan District," 51,210 ",459,464,461,472,473,486,538,562,522,520,539,533,533,610,545,568,556,496,521,426,411,428,466,502,611,518,561,508,568,569,608,630,608,626,614,632,612,571,566,575,595,594,555,562,492,528,517,571,560,626,647,686,708,708,773,744,780,778,805,843,789,760,690,702,683,708,710,671,651,605,632,580,646,598,615,638,731,600,519,517,474,377,373,310,301,280,270,208,193,149,690
E07000146,King's Lynn and West Norfolk,Non-metropolitan District," 79,714 ",604,701,692,747,734,733,790,815,849,838,857,859,858,888,864,821,754,727,684,544,499,539,620,620,764,799,771,752,842,877,872,869,908,980,"1,023","1,018",958,931,934,907,869,873,865,846,801,808,792,841,867,935,988,"1,078","1,169","1,113","1,150","1,156","1,090","1,114","1,278","1,238","1,242","1,209","1,205","1,101","1,135","1,131","1,038","1,072","1,037","1,022","1,041",989,969,"1,007","1,082","1,152","1,217",924,854,830,788,746,596,597,550,549,457,425,388,339,"1,309"
E07000147,North Norfolk,Non-metropolitan District," 52,824 ",304,293,310,311,358,395,393,413,440,424,412,523,486,473,477,468,489,443,442,350,268,276,333,377,393,371,414,416,404,455,421,468,466,441,470,459,490,511,515,460,505,474,486,493,501,472,469,512,509,567,630,663,692,739,714,775,882,874,865,969,948,922,924,979,976,917,870,878,847,875,885,887,832,885,889,961,"1,090",840,703,715,669,554,498,467,473,465,415,357,314,238,"1,148"
E07000148,Norwich,Non-metropolitan District," 73,221 ",672,664,603,631,627,651,750,741,704,727,753,783,699,755,699,753,682,680,892,"1,983","2,505","2,504","1,795","1,240","1,257","1,233","1,235","1,113","1,170","1,274","1,222","1,129","1,136","1,118","1,125","1,130","1,091","1,070",927,"1,035",936,925,929,906,929,831,743,718,800,833,771,727,766,778,780,774,743,791,764,719,699,762,673,653,622,591,610,633,598,544,602,554,537,535,519,574,679,452,450,456,375,330,301,332,278,252,232,207,207,196,847
E07000149,South Norfolk,Non-metropolitan District," 75,294 ",590,663,707,708,724,784,761,831,825,833,870,950,847,855,866,836,772,794,688,498,399,420,571,580,691,717,718,695,712,846,849,880,944,918,939,898,978,991,968,952,905,"1,006",961,955,908,817,808,880,919,953,"1,001","1,094","1,069","1,036","1,019","1,064","1,102","1,074","1,184","1,153","1,078","1,019","1,073",991,977,948,987,855,942,862,930,873,804,878,897,"1,006","1,143",801,763,789,674,602,517,462,494,415,380,373,310,304,"1,171"
E10000029,Suffolk,County," 393,777 ","3,348","3,687","3,617","3,713","3,897","4,043","4,065","4,199","4,099","4,263","4,298","4,367","4,355","4,312","4,366","4,372","4,180","4,216","3,970","3,076","2,511","2,783","3,332","3,748","4,013","3,980","4,236","4,317","4,473","4,495","4,677","4,800","4,877","5,067","4,959","5,001","4,951","4,664","4,673","4,528","4,556","4,595","4,639","4,807","4,523","4,207","4,192","4,190","4,569","4,833","5,080","5,276","5,449","5,290","5,614","5,654","5,624","5,865","5,848","5,925","5,597","5,342","5,427","5,033","5,115","5,075","4,837","4,737","4,530","4,687","4,570","4,538","4,569","4,653","4,754","5,077","5,771","4,270","3,933","3,909","3,469","3,189","2,607","2,504","2,591","2,329","2,176","1,878","1,678","1,442","6,226"
E07000200,Babergh,Non-metropolitan District," 49,437 ",347,428,434,421,421,422,480,534,489,521,516,509,527,482,512,564,522,536,507,414,274,325,398,430,481,421,459,474,465,483,492,495,524,536,572,534,525,524,527,513,535,554,527,619,544,556,537,531,562,605,640,688,728,714,764,718,776,820,817,748,726,728,727,652,660,658,656,680,635,616,655,587,637,656,673,755,810,613,568,580,499,464,381,338,352,323,321,238,238,200,790
E07000244,East Suffolk,Non-metropolitan District," 126,753 ",910,967,"1,011","1,064","1,117","1,186","1,160","1,209","1,184","1,256","1,268","1,329","1,284","1,366","1,351","1,381","1,361","1,333","1,276",837,687,770,935,"1,030","1,071","1,142","1,086","1,151","1,175","1,142","1,197","1,249","1,296","1,261","1,298","1,344","1,367","1,281","1,321","1,260","1,298","1,313","1,362","1,432","1,341","1,255","1,260","1,298","1,430","1,577","1,619","1,771","1,793","1,734","1,884","1,884","1,890","2,029","1,967","2,057","1,916","1,905","2,018","1,855","1,829","1,903","1,773","1,807","1,639","1,737","1,708","1,819","1,729","1,784","1,785","1,933","2,257","1,611","1,501","1,509","1,345","1,245",951,939,982,894,845,745,637,568,"2,477"
E07000202,Ipswich,Non-metropolitan District," 69,959 ",723,772,781,809,816,909,879,914,886,884,925,897,865,954,837,869,805,879,762,708,639,625,698,753,794,813,893,913,911,959,"1,019","1,131","1,138","1,141","1,099","1,030","1,115","1,009",993,"1,024",967,"1,012","1,004","1,005",908,863,822,793,834,911,904,896,954,885,837,886,820,832,923,872,883,756,742,698,745,719,685,632,641,644,623,534,622,559,537,541,679,500,462,428,373,335,332,296,356,317,256,244,239,186,896
E07000203,Mid Suffolk,Non-metropolitan District," 54,740 ",470,477,459,498,494,503,488,503,508,556,550,583,616,544,574,585,564,534,557,409,305,340,386,514,546,604,618,608,601,612,630,603,599,682,663,697,624,635,583,590,620,586,625,647,619,527,575,589,657,644,697,792,745,768,841,862,862,911,894,913,864,777,818,755,792,798,747,656,707,720,635,725,694,703,739,734,803,626,562,533,476,459,365,374,351,292,286,225,240,185,813
E07000245,West Suffolk,Non-metropolitan District," 92,888 ",898,"1,043",932,921,"1,049","1,023","1,058","1,039","1,032","1,046","1,039","1,049","1,063",966,"1,092",973,928,934,868,708,606,723,915,"1,021","1,121","1,000","1,180","1,171","1,321","1,299","1,339","1,322","1,320","1,447","1,327","1,396","1,320","1,215","1,249","1,141","1,136","1,130","1,121","1,104","1,111","1,006",998,979,"1,086","1,096","1,220","1,129","1,229","1,189","1,288","1,304","1,276","1,273","1,247","1,335","1,208","1,176","1,122","1,073","1,089",997,976,962,908,970,949,873,887,951,"1,020","1,114","1,222",920,840,859,776,686,578,557,550,503,468,426,324,303,"1,250"
E12000007,LONDON,Region," 4,602,064 ","50,828","53,443","50,938","51,077","50,407","50,282","51,545","52,023","50,930","50,538","51,879","52,829","52,431","52,289","52,704","53,152","51,181","50,405","50,611","49,631","50,400","53,145","59,305","72,082","80,615","85,222","86,136","85,604","85,611","84,931","83,710","83,666","81,638","81,346","79,963","79,285","76,445","75,751","74,433","71,828","71,471","70,349","70,904","70,138","67,524","63,315","61,525","60,362","60,411","58,582","57,645","57,236","58,643","58,073","57,373","56,570","54,813","55,004","53,350","51,709","49,893","47,387","44,533","42,856","40,145","37,623","36,001","34,088","32,110","30,935","29,642","28,524","28,029","27,301","27,030","27,295","27,975","22,999","20,917","20,173","19,093","17,036","15,014","15,464","14,674","13,612","12,132","10,941","9,713","8,162","35,531"
E09000007,Camden,London Borough," 117,718 ",935,"1,032","1,007",991,937,926,923,"1,035",887,"1,001",957,"1,019","1,047","1,012","1,064","1,029","1,004","1,055","1,529","3,217","3,905","3,129","2,609","3,090","2,900","2,903","2,675","2,590","2,615","2,387","2,347","2,075","2,050","2,064","2,014","1,933","1,782","1,627","1,644","1,581","1,433","1,458","1,567","1,424","1,558","1,406","1,415","1,399","1,416","1,366","1,334","1,340","1,404","1,404","1,301","1,339","1,323","1,319","1,259","1,154","1,168","1,028","1,010",994,904,896,773,750,781,750,721,700,678,690,697,631,693,616,557,537,492,419,378,354,355,344,240,254,222,176,764
E09000001,City of London,London Borough," 5,849 ",28,35,8,22,13,17,38,20,13,8,14,11,9,21,13,9,11,19,53,160,160,130,155,212,251,271,258,198,228,231,213,192,160,138,153,108,90,104,81,70,92,78,38,54,55,42,47,44,43,40,51,58,48,49,44,50,48,58,51,48,47,43,36,32,45,43,37,51,48,30,32,40,33,28,39,44,35,19,20,27,22,14,21,19,12,13,5,10,4,11,26
E09000012,Hackney,London Borough," 137,470 ","1,610","1,679","1,606","1,534","1,455","1,385","1,473","1,444","1,348","1,314","1,388","1,440","1,484","1,480","1,502","1,529","1,464","1,519","1,424","1,446","1,488","1,594","1,991","2,373","2,900","3,301","3,667","3,863","3,902","3,792","3,596","3,638","3,370","3,130","2,990","2,672","2,536","2,390","2,209","2,048","2,190","1,929","1,805","1,929","1,755","1,720","1,679","1,667","1,561","1,486","1,580","1,454","1,372","1,482","1,451","1,567","1,441","1,576","1,505","1,306","1,288","1,260","1,177","1,138",995,876,929,888,766,718,678,565,583,598,592,533,517,399,401,351,338,300,254,266,228,208,204,201,165,112,513
E09000013,Hammersmith and Fulham,London Borough," 99,116 ",929,972,926,881,819,788,893,848,882,834,810,920,852,920,911,861,881,829,863,940,"1,167","1,365","1,927","2,452","2,834","3,103","2,872","2,667","2,637","2,471","2,100","2,101","1,958","1,884","1,774","1,745","1,508","1,459","1,517","1,388","1,399","1,197","1,311","1,311","1,310","1,181","1,327","1,202","1,232","1,283","1,256","1,244","1,275","1,301","1,242","1,220","1,210","1,185","1,146","1,067","1,033",956,865,805,747,772,696,665,628,682,548,545,556,505,487,501,517,428,374,388,379,323,323,306,275,232,211,175,163,134,510
E09000014,Haringey,London Borough," 136,622 ","1,424","1,572","1,455","1,398","1,442","1,387","1,441","1,510","1,377","1,346","1,393","1,449","1,492","1,445","1,583","1,582","1,456","1,510","1,501","1,357","1,318","1,406","1,705","2,042","2,198","2,400","2,422","2,471","2,643","2,649","2,683","2,475","2,505","2,475","2,475","2,471","2,396","2,342","2,416","2,258","2,143","2,147","2,045","2,155","2,074","2,005","1,899","1,871","1,996","1,841","1,873","1,907","1,991","1,900","1,882","1,862","1,795","1,817","1,696","1,639","1,567","1,458","1,328","1,367","1,157","1,084","1,060","1,019",964,849,858,857,799,799,784,657,696,583,562,556,473,441,387,393,371,368,284,295,227,204,767
E09000019,Islington,London Borough," 116,156 ","1,120","1,126","1,101",979,954,940,963,958,927,947,948,904,960,998,925,994,901,925,"1,115","1,753","2,326","2,388","2,215","2,925","3,066","3,172","3,216","3,362","3,330","3,280","3,078","3,085","2,869","2,665","2,283","2,126","1,986","1,942","1,771","1,624","1,564","1,432","1,546","1,451","1,342","1,323","1,346","1,284","1,305","1,312","1,188","1,117","1,311","1,312","1,258","1,165","1,209","1,329","1,292","1,184","1,210","1,087","1,008",977,937,772,762,757,638,597,590,592,515,545,527,571,535,452,434,368,341,264,263,258,228,236,196,199,173,150,557
E09000020,Kensington and Chelsea,London Borough," 78,554 ",692,714,621,557,679,557,654,640,620,614,633,658,603,569,617,641,646,694,673,790,900,967,"1,404","1,684","1,928","1,693","1,801","1,645","1,441","1,504","1,343","1,355","1,210","1,246","1,172","1,242","1,223","1,094","1,080","1,037","1,087","1,071","1,045","1,030",941,950,975,"1,090","1,102","1,039","1,012","1,079","1,236","1,095","1,187","1,253","1,113","1,204","1,038","1,096","1,141","1,114",967,821,853,740,791,700,671,673,569,517,584,563,555,586,537,497,509,421,401,351,266,334,294,234,232,159,181,128,681
E09000022,Lambeth,London Borough," 162,577 ","1,585","1,619","1,302","1,327","1,316","1,282","1,413","1,320","1,335","1,357","1,420","1,419","1,424","1,526","1,446","1,514","1,460","1,511","1,645","1,705","1,772","2,015","2,430","3,808","4,635","5,334","5,476","5,175","5,006","4,362","4,008","3,686","3,467","3,228","2,925","2,753","2,550","2,444","2,328","2,236","2,112","2,153","2,113","2,188","2,049","2,021","1,991","1,997","2,003","1,921","1,889","1,885","1,969","1,968","2,046","2,071","1,962","2,000","1,881","1,809","1,799","1,742","1,528","1,409","1,362","1,246","1,156","1,116",958,868,834,773,773,696,661,659,650,577,487,507,483,419,409,390,387,320,282,294,227,186,787
E09000023,Lewisham,London Borough," 157,360 ","1,732","1,830","1,702","1,782","1,733","1,684","1,648","1,672","1,701","1,715","1,654","1,619","1,641","1,656","1,764","1,699","1,662","1,646","1,600","1,435","1,490","1,746","1,973","2,372","2,552","2,804","2,883","2,857","3,052","3,069","3,250","3,393","3,322","3,176","3,211","3,150","2,977","3,041","2,855","2,610","2,462","2,472","2,602","2,548","2,325","2,246","2,112","2,115","2,165","2,054","2,041","1,935","2,138","2,025","1,979","1,947","1,918","1,982","2,027","1,968","1,927","1,789","1,558","1,480","1,277","1,261","1,200",990,939,905,801,814,818,678,720,686,718,589,534,503,542,433,436,459,414,394,353,296,283,243,901
E09000025,Newham,London Borough," 180,224 ","2,623","2,749","2,440","2,344","2,305","2,320","2,219","2,244","2,121","2,168","2,214","2,296","2,173","2,327","2,209","2,384","2,241","2,129","2,314","2,308","2,484","2,498","2,779","3,210","3,910","3,904","4,013","4,118","4,065","3,674","3,865","3,578","3,411","3,494","3,476","3,455","3,239","3,275","3,173","3,049","2,923","2,794","2,818","2,724","2,584","2,309","2,272","2,236","2,197","2,073","2,018","2,058","1,912","2,167","1,898","1,869","1,679","1,758","1,611","1,690","1,587","1,448","1,410","1,333","1,202","1,144","1,051","1,049",929,852,888,869,690,690,607,683,604,495,391,408,395,407,351,322,332,299,255,225,180,153,587
E09000028,Southwark,London Borough," 161,744 ","1,635","1,656","1,439","1,439","1,473","1,451","1,515","1,554","1,506","1,511","1,573","1,557","1,612","1,495","1,567","1,657","1,559","1,455","1,817","2,432","2,787","2,793","2,716","3,454","3,583","4,020","3,906","4,096","4,155","4,140","3,943","3,805","3,524","3,498","3,288","2,929","2,784","2,620","2,445","2,406","2,279","2,246","2,335","2,129","2,080","2,010","2,126","2,064","2,014","1,932","1,958","1,952","2,018","1,866","1,922","1,896","1,892","1,785","1,766","1,806","1,817","1,528","1,545","1,410","1,251","1,185","1,122","1,066",909,881,820,708,642,743,659,603,671,543,469,444,408,380,373,360,357,297,270,250,209,140,813
E09000030,Tower Hamlets,London Borough," 163,667 ","1,895","2,081","1,737","1,764","1,523","1,621","1,736","1,654","1,636","1,680","1,737","1,715","1,662","1,698","1,731","1,706","1,691","1,666","1,950","2,698","3,141","3,220","3,401","4,231","5,044","5,268","5,284","5,200","4,828","4,646","4,525","4,628","4,075","3,878","3,623","3,493","3,204","2,950","2,898","2,775","2,556","2,546","2,467","2,334","2,043","1,915","1,900","1,692","1,656","1,682","1,459","1,376","1,243","1,277","1,313","1,210","1,178","1,088","1,030","1,056","1,004",935,815,843,759,728,737,695,618,618,573,578,543,552,452,390,360,386,309,302,291,245,261,261,219,171,172,171,124,119,522
E09000032,Wandsworth,London Borough," 174,472 ","1,845","1,808","1,853","1,718","1,655","1,539","1,567","1,583","1,605","1,574","1,569","1,571","1,463","1,440","1,451","1,463","1,477","1,288","1,329","1,547","1,481","1,653","2,197","3,344","4,554","5,335","5,668","5,851","5,752","5,338","4,810","4,447","3,956","3,770","3,529","3,215","3,020","2,884","2,786","2,562","2,562","2,508","2,496","2,500","2,522","2,215","2,070","1,993","2,074","2,056","1,934","1,989","2,012","1,970","1,918","1,898","1,729","1,845","1,733","1,584","1,543","1,531","1,329","1,303","1,168","1,098","1,117","1,010",928,981,952,889,904,848,830,854,873,701,626,610,613,541,441,464,476,388,374,331,291,228,"1,125"
E09000033,Westminster,London Borough," 108,741 ",973,999,924,821,747,681,763,744,782,684,712,795,776,807,792,764,884,937,"1,093","1,556","1,885","1,756","2,122","2,430","2,686","2,890","3,090","2,807","2,627","2,531","2,458","2,260","2,038","1,960","1,952","1,896","1,678","1,664","1,588","1,448","1,417","1,476","1,340","1,440","1,226","1,313","1,328","1,348","1,390","1,443","1,432","1,394","1,385","1,407","1,557","1,632","1,540","1,386","1,361","1,182","1,252","1,157","1,159","1,030",937,906,833,784,725,745,698,720,711,599,666,602,586,588,520,459,437,431,396,342,357,363,310,268,212,169,782
E09000002,Barking and Dagenham,London Borough," 113,901 ","1,658","1,706","1,639","1,818","1,748","1,748","1,787","1,798","1,753","1,755","1,772","1,771","1,820","1,644","1,807","1,752","1,791","1,698","1,552","1,161","1,124","1,215","1,353","1,379","1,461","1,666","1,606","1,599","1,619","1,721","1,694","1,704","1,812","1,837","2,072","2,071","1,950","1,994","1,987","1,918","1,851","1,960","1,846","1,894","1,817","1,733","1,562","1,618","1,489","1,469","1,379","1,434","1,440","1,467","1,356","1,386","1,208","1,247","1,186","1,067","1,046",976,909,848,849,733,734,671,628,575,542,505,495,456,470,502,482,380,345,327,353,310,260,279,264,271,219,175,178,153,597
E09000003,Barnet,London Borough," 203,288 ","2,238","2,425","2,269","2,360","2,408","2,431","2,470","2,516","2,471","2,411","2,599","2,609","2,650","2,600","2,591","2,640","2,459","2,409","2,309","1,763","1,496","1,617","2,051","2,663","2,774","2,633","2,903","2,918","2,773","2,882","2,924","3,030","3,057","3,051","3,016","3,035","3,154","3,085","3,191","3,157","3,253","3,269","3,277","3,244","3,161","3,082","2,884","2,850","2,793","2,740","2,759","2,739","2,669","2,669","2,620","2,617","2,408","2,491","2,412","2,307","2,229","2,167","2,044","1,987","1,921","1,912","1,768","1,705","1,576","1,580","1,483","1,487","1,519","1,467","1,500","1,505","1,575","1,283","1,175","1,193","1,016",926,800,828,798,738,604,613,574,497,"2,536"
E09000004,Bexley,London Borough," 129,907 ","1,301","1,486","1,491","1,520","1,570","1,572","1,561","1,550","1,629","1,537","1,653","1,690","1,690","1,596","1,604","1,705","1,642","1,501","1,392","1,133","1,199","1,254","1,284","1,444","1,447","1,361","1,448","1,457","1,587","1,673","1,642","1,796","1,958","1,949","2,033","1,910","1,974","1,862","2,041","1,919","1,998","2,025","1,946","1,938","1,845","1,727","1,683","1,658","1,633","1,632","1,648","1,682","1,727","1,729","1,751","1,629","1,798","1,752","1,741","1,663","1,573","1,606","1,497","1,408","1,306","1,250","1,249","1,122","1,091","1,030","1,006","1,000","1,064",968,"1,056","1,104","1,206",958,835,846,827,762,615,659,651,626,529,446,443,411,"1,497"
E09000005,Brent,London Borough," 175,932 ","2,123","2,128","1,919","2,022","1,865","1,980","1,885","1,899","1,896","1,859","1,978","2,079","1,979","2,067","2,144","2,043","2,016","1,994","2,096","2,101","2,350","2,539","2,647","2,982","3,282","3,442","3,249","2,857","2,994","3,041","2,942","2,908","2,811","2,938","2,896","2,698","2,787","2,760","2,589","2,620","2,456","2,482","2,647","2,778","2,423","2,456","2,329","2,297","2,410","2,284","2,152","2,220","2,146","2,272","2,528","2,158","2,166","2,033","2,137","2,025","1,906","2,020","1,818","1,811","1,851","1,542","1,402","1,365","1,264","1,158","1,170","1,096","1,034","1,120",983,896,870,787,753,710,749,656,561,632,524,549,497,452,383,284,"1,285"
E09000006,Bromley,London Borough," 172,555 ","1,726","1,810","1,798","1,921","1,924","1,919","1,956","2,068","2,064","1,997","2,003","2,084","2,193","2,065","2,020","1,989","1,976","1,920","1,778","1,187",926,"1,129","1,394","1,639","1,735","1,690","1,834","1,802","1,802","1,941","2,176","2,320","2,355","2,508","2,522","2,752","2,636","2,789","2,672","2,633","2,694","2,725","2,813","2,746","2,839","2,465","2,488","2,395","2,398","2,409","2,442","2,390","2,500","2,374","2,405","2,448","2,380","2,293","2,327","2,339","2,223","2,150","2,026","1,929","1,779","1,710","1,666","1,541","1,464","1,444","1,428","1,423","1,494","1,484","1,577","1,665","1,801","1,376","1,249","1,142","1,129","1,046",825,875,835,810,767,687,578,549,"2,360"
E09000008,Croydon,London Borough," 206,195 ","2,437","2,442","2,653","2,473","2,467","2,471","2,563","2,468","2,399","2,422","2,459","2,565","2,463","2,529","2,440","2,694","2,466","2,375","2,328","1,753","1,410","1,675","2,010","2,410","2,631","2,727","2,799","2,743","3,068","3,078","3,295","3,391","3,395","3,317","3,490","3,483","3,443","3,377","3,318","3,257","3,263","3,309","3,208","3,072","3,066","2,815","2,753","2,930","2,681","2,559","2,524","2,688","2,765","2,741","2,738","2,745","2,859","2,865","2,685","2,691","2,664","2,426","2,248","2,200","2,056","1,873","1,778","1,725","1,618","1,537","1,490","1,419","1,416","1,333","1,250","1,401","1,430","1,184","1,051","1,074","1,033",832,788,776,781,706,668,523,500,423,"1,851"
E09000009,Ealing,London Borough," 190,106 ","2,160","2,041","2,085","2,066","2,165","2,055","2,139","2,145","2,084","2,153","2,313","2,244","2,286","2,304","2,337","2,375","2,286","2,180","2,179","2,177","2,136","2,137","2,145","2,644","2,961","3,132","3,016","3,024","2,987","3,134","3,101","3,063","3,243","3,123","3,129","3,118","3,058","3,111","3,134","3,126","3,085","2,964","3,211","3,033","3,058","2,644","2,707","2,681","2,701","2,539","2,582","2,460","2,458","2,505","2,521","2,391","2,290","2,382","2,142","2,161","2,026","2,040","1,797","1,863","1,758","1,714","1,638","1,490","1,467","1,313","1,356","1,299","1,210","1,175","1,207","1,150","1,139",965,826,875,780,732,672,641,598,539,531,468,360,313,"1,353"
E09000010,Enfield,London Borough," 171,277 ","1,846","2,036","1,834","2,089","2,039","2,105","2,211","2,218","2,142","2,129","2,243","2,356","2,351","2,324","2,335","2,433","2,313","2,358","2,256","1,799","1,412","1,499","1,879","1,969","2,238","2,320","2,243","2,182","2,161","2,210","2,124","2,258","2,137","2,439","2,518","2,569","2,589","2,631","2,555","2,436","2,543","2,658","2,766","2,609","2,723","2,584","2,406","2,335","2,400","2,305","2,343","2,344","2,482","2,380","2,316","2,217","2,134","2,250","2,259","2,242","2,052","1,791","1,944","1,807","1,694","1,593","1,466","1,333","1,314","1,329","1,262","1,233","1,192","1,131","1,149","1,096","1,145","1,003",869,837,786,782,714,721,685,614,614,506,466,399,"1,668"
E09000011,Greenwich,London Borough," 150,854 ","1,805","1,958","1,843","1,741","1,771","1,807","1,795","1,803","1,744","1,773","1,814","1,753","1,697","1,804","1,770","1,704","1,667","1,690","1,609","1,643","1,540","1,748","2,002","2,118","2,373","2,526","2,563","2,667","2,636","2,801","2,883","2,950","2,896","2,897","2,886","2,857","2,681","2,746","2,522","2,536","2,590","2,432","2,517","2,487","2,335","2,144","1,987","2,079","2,070","1,952","1,914","1,900","2,009","1,916","1,869","1,721","1,699","1,621","1,738","1,625","1,544","1,413","1,420","1,347","1,268","1,137",974,"1,059",996,936,876,843,809,755,739,828,850,704,621,599,538,472,416,424,403,354,291,270,248,192,904
E09000015,Harrow,London Borough," 133,282 ","1,551","1,683","1,552","1,619","1,550","1,550","1,632","1,606","1,616","1,659","1,616","1,587","1,623","1,575","1,581","1,672","1,537","1,545","1,485","1,057",894,"1,014","1,230","1,600","1,804","1,935","1,997","2,058","1,883","1,920","1,806","1,887","1,795","1,994","2,020","2,088","2,092","2,247","2,269","2,103","2,077","2,117","2,078","2,006","2,106","1,878","1,745","1,731","1,714","1,596","1,575","1,655","1,634","1,718","1,685","1,609","1,585","1,581","1,448","1,546","1,500","1,553","1,485","1,462","1,445","1,326","1,266","1,295","1,291","1,155","1,114","1,058","1,017","1,053","1,022",966,"1,017",869,827,814,701,619,560,662,619,534,481,417,438,348,"1,352"
E09000016,Havering,London Borough," 138,272 ","1,490","1,532","1,631","1,639","1,756","1,743","1,770","1,857","1,740","1,709","1,682","1,671","1,590","1,626","1,582","1,655","1,629","1,572","1,551","1,114",937,"1,176","1,302","1,548","1,688","1,579","1,677","1,673","1,706","1,826","1,914","2,034","2,092","2,089","2,153","2,229","2,212","2,223","2,170","2,023","1,986","1,966","2,025","1,974","1,846","1,666","1,700","1,742","1,696","1,617","1,584","1,674","1,791","1,756","1,777","1,699","1,795","1,847","1,720","1,782","1,659","1,485","1,675","1,446","1,432","1,457","1,373","1,211","1,163","1,237","1,110","1,187","1,155","1,111","1,191","1,288","1,369","1,041","1,000",928,940,793,653,732,652,647,627,532,520,421,"1,804"
E09000017,Hillingdon,London Borough," 159,692 ","2,072","2,124","2,060","1,963","1,979","2,015","2,005","2,067","1,975","1,998","1,987","2,023","1,980","2,034","2,068","2,078","1,932","1,899","1,734","1,629","1,551","1,729","1,836","2,000","2,103","2,207","2,229","2,181","2,301","2,351","2,342","2,548","2,578","2,497","2,525","2,700","2,676","2,680","2,765","2,695","2,660","2,494","2,492","2,658","2,497","2,269","2,136","2,106","1,967","2,069","1,910","1,868","2,000","2,007","1,826","2,019","1,922","1,877","1,788","1,842","1,722","1,730","1,548","1,474","1,468","1,342","1,290","1,285","1,227","1,176","1,011","1,045",951,"1,057","1,033","1,087","1,161",881,807,756,747,653,616,612,567,585,513,516,443,375,"1,491"
E09000018,Hounslow,London Borough," 147,447 ","1,695","1,761","1,736","1,876","1,756","1,792","1,809","1,909","1,866","1,787","1,847","1,925","1,917","1,751","1,898","1,838","1,774","1,876","1,672","1,371","1,193","1,305","1,492","1,740","1,844","2,141","2,162","2,213","2,141","2,239","2,230","2,283","2,212","2,545","2,582","2,829","2,606","2,632","2,682","2,516","2,668","2,577","2,542","2,613","2,378","2,325","2,091","1,978","2,148","2,047","1,962","1,877","2,058","1,945","1,817","1,825","1,657","1,692","1,735","1,566","1,579","1,492","1,405","1,435","1,373","1,221","1,151","1,124","1,097",979,"1,083",937,944,919,862,911,849,710,686,614,556,571,492,492,441,427,356,315,278,210,994
E09000021,Kingston upon Thames,London Borough," 88,693 ",786,933,866,887,932,959,974,"1,036","1,048",986,"1,082","1,146","1,136","1,075","1,145","1,109","1,039","1,008","1,049","1,178","1,233","1,229","1,165","1,319","1,336","1,250","1,098","1,141","1,118","1,113","1,276","1,335","1,296","1,341","1,295","1,401","1,286","1,348","1,323","1,307","1,443","1,369","1,438","1,521","1,425","1,372","1,247","1,279","1,274","1,285","1,250","1,264","1,238","1,101","1,143","1,126","1,046","1,043",988,"1,004",963,923,866,844,823,782,711,719,676,688,679,614,646,651,658,721,715,573,499,472,431,380,315,368,342,304,267,245,206,223,949
E09000024,Merton,London Borough," 110,708 ","1,140","1,297","1,287","1,306","1,357","1,316","1,251","1,304","1,167","1,245","1,312","1,289","1,246","1,294","1,231","1,281","1,248","1,239","1,165",846,731,839,"1,048","1,363","1,584","1,672","1,690","1,685","1,847","1,738","1,892","1,888","1,935","1,966","1,959","1,910","1,842","1,870","1,883","1,865","1,840","1,910","1,914","1,746","1,745","1,668","1,731","1,569","1,534","1,506","1,646","1,482","1,416","1,445","1,403","1,465","1,379","1,419","1,333","1,255","1,192","1,172","1,131","1,098",982,931,952,902,856,816,800,733,757,750,690,705,677,556,542,490,471,411,432,394,374,353,345,295,254,194,"1,019"
E09000026,Redbridge,London Borough," 157,994 ","2,047","2,187","2,153","2,161","2,018","2,155","2,120","2,184","2,189","2,026","2,081","2,123","2,078","2,101","2,184","2,057","1,982","1,972","1,885","1,654","1,482","1,664","1,799","2,049","2,295","2,322","2,316","2,362","2,318","2,283","2,200","2,313","2,385","2,456","2,451","2,447","2,434","2,467","2,688","2,558","2,655","2,571","2,579","2,573","2,469","2,311","2,305","2,202","2,154","2,013","1,954","1,909","2,028","1,989","1,950","1,830","1,769","1,690","1,875","1,738","1,533","1,514","1,424","1,481","1,277","1,314","1,332","1,226","1,142","1,155","1,131","1,048",990,998,928,942,994,750,763,722,668,590,488,522,516,483,404,381,342,344,"1,382"
E09000027,Richmond upon Thames,London Borough," 101,563 ",829,988,998,"1,069","1,094","1,148","1,210","1,241","1,342","1,251","1,314","1,318","1,367","1,357","1,274","1,335","1,207","1,154","1,091",741,591,646,823,943,"1,100","1,071",952,992,991,"1,099","1,086","1,109","1,253","1,214","1,299","1,362","1,420","1,506","1,420","1,531","1,606","1,634","1,728","1,794","1,821","1,650","1,661","1,553","1,616","1,644","1,700","1,571","1,665","1,583","1,493","1,532","1,520","1,453","1,418","1,347","1,280","1,218","1,132","1,053","1,017",976,993,871,906,871,839,820,896,847,937,955,982,753,657,724,597,540,432,449,460,420,329,317,281,213,"1,073"
E09000029,Sutton,London Borough," 108,824 ","1,041","1,134","1,168","1,215","1,242","1,290","1,403","1,409","1,432","1,437","1,466","1,566","1,567","1,481","1,475","1,369","1,303","1,295","1,159",745,693,783,862,982,"1,082","1,214","1,208","1,141","1,212","1,355","1,318","1,447","1,537","1,615","1,527","1,709","1,685","1,771","1,768","1,853","2,028","1,864","1,960","1,827","1,881","1,683","1,614","1,442","1,605","1,527","1,513","1,501","1,533","1,474","1,398","1,500","1,437","1,415","1,441","1,338","1,300","1,188","1,132","1,125","1,021",991,958,927,887,919,833,791,811,779,804,833,985,730,689,642,614,544,452,461,462,428,380,380,331,248,"1,239"
E09000031,Waltham Forest,London Borough," 141,304 ","1,857","1,900","1,835","1,775","1,715","1,648","1,758","1,719","1,633","1,651","1,636","1,657","1,600","1,668","1,643","1,591","1,577","1,537","1,415","1,235","1,198","1,287","1,359","1,663","1,836","1,936","1,915","2,009","2,186","2,452","2,646","2,684","2,976","2,964","2,725","2,929","2,947","2,816","2,665","2,683","2,556","2,516","2,389","2,408","2,225","2,187","2,009","1,915","1,974","1,861","1,783","1,790","1,770","1,779","1,779","1,674","1,724","1,721","1,581","1,582","1,519","1,447","1,297","1,296","1,231","1,068","1,036",977,945,888,867,819,800,713,698,740,736,623,530,527,542,449,364,409,397,357,322,275,229,212,842
E12000008,SOUTH EAST,Region," 4,843,668 ","44,130","47,669","48,240","50,126","51,271","51,989","53,704","54,851","55,187","54,994","56,245","58,744","58,703","58,260","57,094","57,933","55,740","54,330","53,185","49,077","45,694","47,512","48,961","49,851","52,431","52,689","53,824","53,404","55,318","57,825","59,671","62,391","64,644","65,812","66,232","67,023","66,747","66,244","65,750","64,739","65,316","65,433","66,734","66,816","64,318","60,300","59,480","59,705","61,356","61,588","63,937","65,428","67,497","64,707","66,449","66,749","67,103","66,264","66,551","65,165","63,669","60,977","58,740","56,153","55,172","53,037","51,006","48,760","47,843","47,269","46,392","45,516","45,547","46,581","48,228","50,687","55,645","42,233","39,605","38,925","35,886","30,986","26,291","27,333","26,217","24,315","21,721","19,776","17,717","15,198","67,113"
E06000036,Bracknell Forest,Unitary Authority," 65,273 ",674,738,720,728,745,733,690,754,768,733,777,829,816,827,922,912,811,847,743,481,396,410,544,662,690,779,787,826,806,945,901,"1,023",944,"1,002","1,037","1,017","1,076","1,027","1,003","1,009",990,977,"1,042","1,085",977,943,885,840,870,922,923,908,954,893,905,879,903,856,847,859,778,766,753,778,673,706,624,589,577,546,508,513,532,450,507,559,570,448,433,401,316,286,246,265,265,272,200,191,186,133,612
E06000043,Brighton and Hove,Unitary Authority," 142,798 ","1,023","1,101","1,065","1,175","1,115","1,151","1,151","1,251","1,323","1,253","1,270","1,356","1,353","1,473","1,456","1,510","1,437","1,451","1,836","3,530","4,065","3,467","3,172","2,446","2,196","2,192","2,214","2,161","1,994","2,123","2,122","2,209","2,264","2,126","2,003","1,993","1,940","1,901","1,839","1,968","1,891","1,940","2,035","2,025","1,931","1,837","1,909","1,892","1,869","1,903","2,026","2,172","2,058","1,993","2,248","1,987","1,939","1,926","1,852","1,777","1,601","1,552","1,488","1,369","1,289","1,233","1,138","1,124","1,129","1,076","1,038","1,007",983,957,"1,026","1,037","1,026",840,792,768,753,614,545,554,510,464,441,448,351,323,"1,437"
E06000046,Isle of Wight,Unitary Authority," 72,680 ",476,499,513,536,540,621,651,616,679,682,687,702,677,747,690,679,719,664,675,530,371,457,497,600,635,591,664,634,684,710,699,737,775,765,761,734,785,711,752,718,691,736,746,785,757,696,720,733,783,828,900,939,"1,035","1,043","1,067","1,146","1,206","1,189","1,186","1,188","1,156","1,193","1,188","1,153","1,165","1,033","1,112","1,143","1,066","1,102","1,075","1,105","1,007","1,043","1,108","1,166","1,259",971,896,917,866,710,517,555,551,503,433,422,374,279,"1,375"
E06000035,Medway,Unitary Authority," 146,466 ","1,619","1,639","1,681","1,780","1,832","1,779","1,921","1,917","1,922","1,853","1,855","1,921","1,966","1,887","1,820","1,830","1,763","1,742","1,629","1,437","1,351","1,456","1,401","1,458","1,658","1,827","1,739","1,820","2,059","1,997","2,055","2,133","2,298","2,312","2,316","2,320","2,166","2,145","2,112","2,108","1,993","2,161","2,011","2,136","2,002","1,775","1,875","1,735","1,801","1,746","1,757","1,805","1,858","1,827","1,867","1,849","1,884","1,845","1,892","1,797","1,878","1,741","1,752","1,637","1,563","1,456","1,399","1,387","1,284","1,292","1,221","1,224","1,212","1,213","1,290","1,356","1,449","1,060",953,930,860,765,599,647,628,592,462,461,395,293,"1,327"
E06000042,Milton Keynes,Unitary Authority," 151,257 ","1,624","1,710","1,733","1,867","1,932","1,974","2,023","2,154","2,049","2,043","2,099","2,151","2,111","2,146","2,129","2,056","1,949","1,796","1,709","1,246",921,"1,085","1,377","1,542","1,814","1,791","1,896","1,899","1,826","2,032","2,286","2,339","2,408","2,404","2,484","2,498","2,397","2,569","2,526","2,392","2,497","2,392","2,518","2,454","2,372","2,135","2,145","2,122","2,106","1,973","2,061","1,996","2,000","1,951","1,930","1,861","1,858","1,845","1,699","1,766","1,651","1,573","1,528","1,446","1,472","1,378","1,384","1,286","1,301","1,234","1,211","1,190","1,159","1,156","1,144","1,060","1,197",893,784,739,680,644,529,527,476,423,394,378,316,252,"1,184"
E06000044,Portsmouth,Unitary Authority," 105,412 ","1,078","1,041","1,157","1,142","1,137","1,111","1,172","1,211","1,222","1,188","1,211","1,235","1,213","1,209","1,114","1,187","1,085","1,054","1,278","1,964","2,184","2,365","2,123","1,619","1,346","1,340","1,485","1,319","1,515","1,548","1,613","1,657","1,730","1,629","1,695","1,765","1,607","1,669","1,564","1,488","1,514","1,401","1,342","1,307","1,258","1,174","1,111","1,190","1,168","1,128","1,167","1,263","1,325","1,312","1,242","1,298","1,302","1,369","1,310","1,205","1,258","1,164","1,081","1,039","1,017",963,940,896,906,828,786,778,734,769,785,823,923,678,658,552,581,554,408,464,441,427,366,310,326,259,"1,042"
E06000038,Reading,Unitary Authority," 88,968 ","1,000",979,"1,019","1,025",993,"1,063","1,076","1,125",992,"1,046","1,084",990,"1,027",992,"1,088","1,053",999,977,985,"1,548","1,725","1,809","1,661","1,368","1,332","1,301","1,331","1,359","1,422","1,441","1,502","1,548","1,551","1,619","1,523","1,571","1,625","1,560","1,404","1,431","1,350","1,355","1,321","1,362","1,207","1,145","1,140","1,156","1,144","1,020","1,034","1,033","1,071","1,076",985,973,"1,050",968,959,905,892,786,722,679,717,671,668,589,628,604,516,542,518,515,564,544,580,407,450,474,377,352,329,292,300,313,223,224,206,179,709
E06000039,Slough,Unitary Authority," 81,026 ","1,124","1,122","1,122","1,200","1,251","1,214","1,279","1,277","1,221","1,260","1,277","1,286","1,279","1,355","1,289","1,261","1,191","1,116",998,779,690,779,853,868,998,"1,026","1,116","1,020","1,098","1,184","1,153","1,191","1,221","1,280","1,283","1,443","1,474","1,553","1,623","1,501","1,578","1,534","1,574","1,377","1,298","1,238","1,230","1,091","1,141",980,996,"1,005",917,917,909,933,823,835,795,738,723,762,633,647,647,602,558,550,523,463,461,417,354,402,366,370,348,304,255,249,243,219,206,230,188,166,166,152,122,109,427
E06000045,Southampton,Unitary Authority," 128,113 ","1,256","1,372","1,368","1,376","1,377","1,308","1,399","1,376","1,373","1,342","1,425","1,385","1,458","1,401","1,395","1,362","1,280","1,309","1,532","2,833","3,239","2,797","2,651","2,784","2,665","2,355","2,302","2,047","2,156","2,092","2,204","2,091","1,999","2,054","2,038","2,024","1,935","1,869","1,894","1,753","1,753","1,718","1,737","1,723","1,623","1,519","1,466","1,492","1,362","1,394","1,383","1,325","1,440","1,339","1,256","1,392","1,426","1,327","1,348","1,306","1,352","1,229","1,191","1,185","1,136","1,148","1,027",955,905,952,909,848,858,889,866,885,942,720,726,654,653,544,485,482,415,454,375,369,307,265,"1,182"
E06000037,West Berkshire,Unitary Authority," 83,013 ",755,750,778,809,851,897,930,927,930,"1,013",973,"1,013","1,133","1,106","1,128","1,187","1,146","1,060",851,683,490,525,629,822,805,789,842,787,916,916,938,988,976,"1,073","1,084","1,042","1,051","1,103","1,088","1,144","1,022","1,110","1,108","1,117","1,132","1,033","1,036","1,086","1,134","1,202","1,197","1,249","1,311","1,153","1,295","1,233","1,210","1,156","1,232","1,143","1,175","1,114","1,085",959,993,"1,021",916,926,853,808,821,834,831,833,858,871,954,719,736,664,626,527,455,440,432,389,301,291,289,210,995
E06000040,Windsor and Maidenhead,Unitary Authority," 78,927 ",684,778,801,793,825,881,889,879,914,899,915,"1,030",994,"1,050","1,004","1,033",992,945,875,582,431,466,647,681,775,781,798,811,780,854,813,884,964,994,"1,008","1,036","1,061","1,086","1,088","1,126","1,199","1,152","1,254","1,229","1,195","1,155","1,113","1,136","1,218","1,143","1,140","1,196","1,207","1,158","1,156","1,222","1,111","1,094","1,098","1,043","1,076",989,990,951,895,800,777,783,729,764,717,730,679,678,737,799,840,640,613,637,543,515,409,439,446,382,351,304,315,243,"1,090"
E06000041,Wokingham,Unitary Authority," 93,420 ",797,886,920,"1,000","1,007","1,050","1,194","1,242","1,220","1,308","1,369","1,426","1,428","1,384","1,262","1,254","1,196","1,106","1,103",872,698,761,745,778,866,936,939,912,896,"1,054",956,"1,080","1,146","1,194","1,192","1,236","1,324","1,377","1,425","1,438","1,444","1,520","1,503","1,553","1,485","1,448","1,431","1,365","1,353","1,324","1,309","1,327","1,342","1,188","1,266","1,268","1,237","1,172","1,239","1,239","1,118","1,090","1,075",959,943,940,910,800,790,766,751,782,744,806,800,846,940,720,660,687,615,503,455,413,491,446,357,352,300,275,"1,096"
E06000060,Buckinghamshire,Unitary Authority," 290,091 ","2,774","3,076","3,087","3,105","3,279","3,293","3,470","3,533","3,610","3,532","3,632","4,003","3,935","3,790","3,716","3,762","3,545","3,472","3,293","2,125","1,585","1,942","2,373","2,720","2,885","2,837","2,950","2,998","3,092","3,084","3,330","3,661","3,824","3,803","3,830","4,034","3,949","4,028","4,072","4,004","4,184","4,179","4,431","4,142","4,147","3,907","3,823","3,809","3,732","3,740","4,127","4,087","4,181","3,929","4,069","4,146","4,233","4,036","3,954","3,953","3,920","3,596","3,538","3,304","3,282","3,088","3,033","2,839","2,701","2,669","2,702","2,511","2,609","2,631","2,759","2,799","3,091","2,406","2,192","2,262","2,110","1,763","1,519","1,705","1,505","1,443","1,234","1,144","1,109",871,"3,914"
E10000011,East Sussex,County," 288,697 ","2,148","2,275","2,339","2,517","2,600","2,646","2,754","2,790","2,825","2,900","2,946","3,103","3,113","3,188","2,989","3,102","3,008","3,055","2,831","2,235","1,974","1,789","2,193","2,521","2,617","2,673","2,650","2,603","2,691","2,807","2,876","3,067","3,246","3,316","3,363","3,407","3,445","3,274","3,253","3,163","3,327","3,332","3,291","3,387","3,265","3,148","3,014","3,197","3,391","3,484","3,720","3,938","4,190","4,005","4,117","4,191","4,536","4,387","4,473","4,484","4,452","4,219","4,061","4,000","3,969","3,846","3,774","3,710","3,665","3,720","3,656","3,548","3,572","3,758","3,771","4,109","4,799","3,425","3,185","3,138","2,850","2,517","2,067","2,107","2,111","1,926","1,803","1,605","1,406","1,254","5,505"
E07000061,Eastbourne,Non-metropolitan District," 53,977 ",399,412,437,480,479,513,510,528,594,551,570,600,574,582,587,541,577,563,567,566,462,452,414,509,504,581,575,593,587,615,597,630,684,656,647,682,691,708,629,625,665,692,682,694,643,634,566,601,622,621,681,720,713,672,686,689,761,753,743,751,770,742,708,676,666,671,632,647,613,663,604,604,612,670,633,691,813,630,570,522,481,457,390,366,368,396,376,325,261,260,"1,100"
E07000062,Hastings,Non-metropolitan District," 46,804 ",412,486,466,453,505,463,495,492,472,529,531,519,519,512,512,544,485,488,435,402,342,287,435,441,472,470,493,508,482,568,560,646,619,673,657,724,671,646,602,616,652,654,599,598,581,542,521,554,613,572,650,639,694,668,685,723,736,745,700,714,695,626,602,598,564,560,578,534,498,543,513,482,472,457,488,536,585,406,384,347,336,283,250,252,246,211,192,178,156,153,607
E07000063,Lewes,Non-metropolitan District," 52,490 ",347,394,370,433,442,516,490,491,531,525,526,621,583,624,553,519,544,566,512,386,348,303,434,463,457,381,404,348,425,390,521,535,541,595,597,593,635,586,596,592,643,625,607,634,626,562,584,634,670,647,721,747,807,761,754,790,808,732,811,774,804,725,720,736,723,665,657,675,696,670,655,695,647,698,689,737,872,661,592,616,540,470,380,402,410,394,343,330,269,264,"1,101"
E07000064,Rother,Non-metropolitan District," 49,856 ",334,288,343,402,384,412,413,391,396,404,469,473,518,513,458,549,511,519,452,292,298,277,340,389,405,452,420,388,410,448,429,427,488,477,483,468,482,419,458,427,415,451,474,513,498,469,431,486,500,519,571,669,714,656,734,692,817,801,793,822,831,812,767,749,800,741,748,779,735,729,733,718,778,816,794,869,"1,055",695,677,658,614,566,462,457,470,389,376,338,320,229,"1,220"
E07000065,Wealden,Non-metropolitan District," 85,570 ",656,695,723,749,790,742,846,888,832,891,850,890,919,957,879,949,891,919,865,589,524,470,570,719,779,789,758,766,787,786,769,829,914,915,979,940,966,915,968,903,952,910,929,948,917,941,912,922,986,"1,125","1,097","1,163","1,262","1,248","1,258","1,297","1,414","1,356","1,426","1,423","1,352","1,314","1,264","1,241","1,216","1,209","1,159","1,075","1,123","1,115","1,151","1,049","1,063","1,117","1,167","1,276","1,474","1,033",962,995,879,741,585,630,617,536,516,434,400,348,"1,477"
E10000014,Hampshire,County," 729,699 ","6,179","6,800","6,942","7,175","7,459","7,470","7,689","7,967","7,943","7,986","8,388","8,571","8,376","8,273","8,061","8,123","7,932","7,780","7,462","5,938","5,166","5,632","6,053","6,608","7,187","7,161","7,592","7,600","7,965","8,283","8,662","9,024","9,364","9,370","9,581","9,714","9,748","9,348","9,243","9,049","9,230","9,099","9,430","9,484","9,022","8,600","8,538","8,575","9,047","9,206","9,546","9,936","10,518","9,862","10,422","10,632","10,586","10,539","10,933","10,613","10,554","9,885","9,716","9,254","9,080","8,736","8,455","7,856","7,854","7,699","7,770","7,686","7,662","7,835","8,247","8,687","9,584","7,329","6,908","6,604","6,101","5,353","4,554","4,701","4,484","4,263","3,795","3,340","3,003","2,562","11,460"
E07000084,Basingstoke and Deane,Non-metropolitan District," 95,941 ",940,"1,048","1,000","1,071","1,135","1,056","1,154","1,205","1,088","1,092","1,157","1,206","1,160","1,095","1,059","1,043","1,070","1,021","1,001",674,536,662,844,966,"1,066","1,110","1,199","1,198","1,261","1,363","1,335","1,408","1,471","1,472","1,552","1,497","1,489","1,475","1,317","1,357","1,390","1,325","1,394","1,392","1,283","1,228","1,211","1,199","1,304","1,243","1,304","1,388","1,367","1,246","1,332","1,388","1,343","1,308","1,348","1,288","1,288","1,203","1,108","1,119","1,049",949,971,813,835,861,884,877,833,824,908,980,"1,021",777,706,679,588,540,474,473,451,430,349,319,297,205,996
E07000085,East Hampshire,Non-metropolitan District," 65,954 ",523,561,588,626,624,656,681,693,668,730,721,772,747,728,742,816,757,715,777,511,347,404,412,525,551,582,631,573,639,657,670,730,724,694,762,762,759,787,696,755,789,760,840,830,866,739,820,803,869,910,908,954,988,954,"1,026","1,069","1,001","1,029","1,044","1,074",986,943,921,916,851,861,870,837,769,708,727,719,703,725,810,859,926,698,644,632,598,563,449,491,482,406,364,323,285,242,"1,077"
E07000086,Eastleigh,Non-metropolitan District," 72,079 ",668,753,722,775,873,778,816,833,841,841,927,884,868,896,906,814,810,800,657,511,418,470,638,667,706,764,813,852,899,953,982,"1,026","1,062","1,023","1,104","1,077","1,041",944,"1,046","1,018",993,973,"1,001","1,012",924,889,914,898,920,908,935,887,950,968,976,975,931,942,"1,020",962,931,903,923,811,821,773,801,683,742,729,712,683,686,709,718,751,774,616,576,581,500,497,360,413,382,377,348,306,254,230,"1,035"
E07000087,Fareham,Non-metropolitan District," 58,524 ",411,463,455,496,518,556,548,608,593,651,620,690,641,643,607,628,554,604,554,490,363,350,454,515,528,515,517,487,527,481,544,636,627,659,710,708,791,706,678,655,676,690,749,713,625,667,667,731,704,701,743,824,902,769,865,865,878,934,941,830,910,899,902,802,826,727,724,678,694,667,675,671,674,728,762,760,883,703,622,634,602,529,457,433,456,410,348,335,298,300,"1,160"
E07000088,Gosport,Non-metropolitan District," 42,113 ",361,408,417,390,408,417,444,475,409,488,454,419,456,491,464,506,468,415,417,339,296,340,388,462,470,398,489,453,519,510,503,533,523,542,536,554,548,537,559,489,490,537,512,515,481,472,419,452,467,516,556,558,600,564,632,593,608,568,648,643,611,615,589,568,591,571,539,499,467,479,459,467,436,438,538,482,567,393,434,362,328,304,223,248,241,229,210,185,170,132,612
E07000089,Hart,Non-metropolitan District," 51,375 ",439,498,494,503,541,552,592,592,621,612,661,718,648,658,621,617,615,576,552,311,238,308,398,421,478,506,505,468,481,521,565,565,686,669,602,685,670,668,721,668,679,720,715,749,720,708,692,711,680,729,779,783,814,712,705,803,748,726,752,747,719,601,607,588,586,588,525,470,497,498,512,461,522,504,538,558,659,497,502,484,428,357,321,326,310,291,252,224,176,175,683
E07000090,Havant,Non-metropolitan District," 65,022 ",574,592,614,596,618,626,663,661,715,655,716,729,707,729,681,705,697,674,619,523,436,527,553,529,636,653,687,677,726,717,735,779,806,829,801,824,805,799,754,800,714,706,775,758,689,651,674,623,707,699,738,850,910,868,908,937,965,968,976,962,"1,010",939,978,926,906,881,835,769,812,764,720,704,706,780,798,854,919,780,709,645,610,475,486,479,474,408,424,321,318,247,"1,100"
E07000091,New Forest,Non-metropolitan District," 91,069 ",548,631,707,696,747,829,752,741,807,859,878,933,957,904,932,915,931,895,815,650,578,532,623,680,687,669,697,778,734,775,792,850,916,848,911,965,956,891,952,854,963,922,997,"1,009",970,921,892,923,"1,055","1,088","1,108","1,184","1,331","1,197","1,363","1,427","1,435","1,455","1,526","1,496","1,565","1,442","1,422","1,340","1,370","1,374","1,294","1,245","1,231","1,255","1,252","1,295","1,291","1,290","1,299","1,449","1,673","1,217","1,141","1,093","1,022",892,762,819,727,757,668,614,543,482,"2,168"
E07000092,Rushmoor,Non-metropolitan District," 51,097 ",569,586,641,609,601,607,588,607,658,543,599,570,573,539,512,537,558,554,524,364,282,398,470,605,685,677,696,763,763,773,894,942,881,932,876,914,962,811,799,753,803,731,716,763,693,632,639,601,624,661,683,643,672,674,762,689,681,683,687,658,609,571,555,517,502,412,421,426,444,428,441,438,408,388,418,433,469,323,324,307,283,250,233,201,195,175,168,140,144,106,458
E07000093,Test Valley,Non-metropolitan District," 68,681 ",641,692,677,773,705,721,732,823,772,762,862,838,840,765,753,783,683,750,680,448,403,407,504,610,631,695,668,745,779,808,894,894,914,930,916,892,865,892,925,882,936,913,894,866,901,832,795,835,861,906,921,940,"1,031",986,942,986,"1,008",942,"1,053",994,995,902,871,871,845,825,721,711,733,686,690,680,701,766,754,803,919,707,643,615,611,491,395,385,363,408,341,286,249,206,"1,012"
E07000094,Winchester,Non-metropolitan District," 67,844 ",505,568,627,640,689,672,719,729,771,753,793,812,779,825,784,759,789,776,866,"1,117","1,269","1,234",769,628,749,592,690,606,637,725,748,661,754,772,811,836,862,838,796,818,797,822,837,877,870,861,815,799,856,845,871,925,953,924,911,900,988,984,938,959,930,867,840,796,733,775,754,725,630,624,698,691,702,683,704,758,774,618,607,572,531,455,394,433,403,372,323,287,269,237,"1,159"
E10000016,Kent,County," 826,195 ","7,627","8,469","8,453","8,739","8,984","9,334","9,537","9,408","9,662","9,594","9,743","10,162","10,210","10,178","9,938","10,169","9,633","9,258","8,907","7,356","6,671","7,228","7,665","7,601","8,332","8,785","9,051","8,910","9,255","9,898","10,137","10,586","10,828","11,361","11,413","11,250","11,360","11,254","11,086","10,903","10,913","10,818","11,094","10,938","10,554","9,819","9,678","9,884","10,070","10,379","10,875","11,058","11,348","11,234","11,529","11,495","11,558","11,448","11,527","11,252","10,858","10,558","10,031","9,688","9,561","9,273","8,931","8,620","8,473","8,405","8,141","8,015","8,097","8,281","8,683","9,207","10,265","7,584","6,963","6,957","6,304","5,444","4,643","4,737","4,476","4,105","3,807","3,394","2,890","2,513","10,885"
E07000105,Ashford,Non-metropolitan District," 70,977 ",631,761,743,813,754,846,882,831,866,809,873,887,886,899,878,922,865,776,731,600,470,509,551,662,727,797,830,765,919,871,905,976,972,"1,059","1,027","1,008","1,009","1,027",936,946,923,906,911,899,880,893,845,857,855,886,928,964,"1,027","1,010",994,"1,067",992,"1,034",984,"1,001",928,878,834,793,787,720,725,733,724,691,665,670,670,675,740,763,873,640,601,603,546,450,379,393,355,293,281,265,227,210,790
E07000106,Canterbury,Non-metropolitan District," 82,874 ",631,653,672,683,756,752,728,746,768,748,781,905,881,862,924,933,904,917,"1,164","2,032","2,245","2,059","1,487",698,844,"1,029",898,863,862,892,808,850,955,946,970,954,992,885,946,997,971,954,925,991,912,829,891,859,891,940,995,"1,028",988,"1,101","1,089","1,025","1,051","1,045","1,103","1,043","1,104","1,043","1,003",952,"1,013",957,951,942,889,940,849,870,883,889,934,981,"1,109",878,794,751,637,661,499,492,484,438,420,352,305,277,"1,326"
E07000107,Dartford,Non-metropolitan District," 61,826 ",777,816,808,795,778,836,913,791,845,896,874,841,860,857,802,800,753,729,658,437,385,428,573,563,658,678,836,886,910,911,"1,005","1,035","1,070","1,118","1,151","1,128","1,135","1,203","1,098",999,966,"1,003","1,062",919,915,854,828,753,819,774,782,752,732,710,785,810,790,733,675,661,600,633,572,593,544,511,476,450,431,408,398,387,372,412,402,460,505,334,327,326,311,266,226,232,236,233,197,180,162,136,547
E07000108,Dover,Non-metropolitan District," 60,889 ",492,608,535,536,572,582,649,647,640,627,650,698,721,715,669,744,679,623,606,421,327,420,488,520,573,630,651,610,627,680,714,782,787,788,744,739,732,730,701,673,704,659,723,740,665,622,657,670,655,676,789,821,866,795,823,892,903,943,940,959,918,964,889,885,845,840,811,804,800,754,734,712,756,705,752,822,852,646,622,600,533,460,384,403,372,352,309,269,205,211,848
E07000112,Folkestone and Hythe,Non-metropolitan District," 56,895 ",472,502,457,513,508,563,518,573,538,609,570,591,630,624,598,637,584,566,502,361,350,356,457,549,557,536,580,574,560,572,655,650,653,727,720,662,694,652,628,649,679,663,709,703,687,634,602,685,634,672,771,733,782,797,835,831,856,843,874,842,862,840,856,766,772,762,789,700,688,725,756,689,719,696,796,804,883,689,549,605,543,477,355,417,374,320,338,274,215,191,916
E07000109,Gravesham,Non-metropolitan District," 55,277 ",614,667,688,733,661,674,746,706,718,752,686,775,745,791,749,685,728,686,635,418,319,412,502,605,625,605,675,589,646,718,744,812,761,824,807,787,871,817,828,823,855,791,789,763,743,677,627,658,650,694,650,744,746,780,758,699,739,707,684,635,703,666,650,558,550,582,470,525,516,497,480,465,453,421,437,506,607,433,388,354,338,318,284,260,261,252,236,196,179,150,526
E07000110,Maidstone,Non-metropolitan District," 93,365 ",907,"1,022","1,063","1,027","1,130","1,131","1,156","1,092","1,129","1,162","1,151","1,147","1,140","1,084","1,072","1,091","1,030",964,921,623,608,725,739,867,939,"1,092","1,107","1,196","1,136","1,315","1,264","1,263","1,265","1,432","1,441","1,390","1,364","1,448","1,339","1,300","1,289","1,269","1,317","1,302","1,227","1,111","1,097","1,165","1,220","1,166","1,256","1,294","1,335","1,237","1,279","1,217","1,217","1,243","1,316","1,253","1,156","1,110","1,048","1,020","1,016",996,967,871,895,873,847,857,797,908,963,"1,002","1,110",759,691,698,656,556,516,526,472,437,399,369,315,262,"1,191"
E07000111,Sevenoaks,Non-metropolitan District," 62,965 ",524,636,662,638,701,730,728,726,824,736,756,820,818,806,756,813,747,818,752,462,314,379,495,514,529,591,533,555,561,628,628,735,675,729,833,767,810,807,814,788,790,869,823,864,853,790,799,790,815,876,848,836,922,856,870,931,916,943,877,925,846,820,751,771,788,700,695,650,623,657,650,614,676,666,697,687,834,671,532,568,534,418,391,372,402,352,371,315,274,247,"1,062"
E07000113,Swale,Non-metropolitan District," 78,670 ",813,851,812,892,999,932,984,959,971,936,965,980,980,"1,027",949,941,893,862,803,660,555,621,722,804,919,851,943,882,953,"1,010","1,051","1,016","1,055","1,155","1,160","1,146","1,037","1,064","1,138","1,028","1,034","1,060","1,039","1,010","1,026",852,885,915,914,998,"1,013","1,010","1,036","1,098","1,144","1,082","1,086","1,137","1,134","1,125","1,036","1,022",958,993,857,858,822,820,768,758,720,711,727,782,823,849,948,646,668,623,552,443,419,418,388,333,300,266,222,191,832
E07000114,Thanet,Non-metropolitan District," 72,884 ",600,681,685,735,722,762,704,736,801,785,765,800,797,818,842,829,787,753,689,510,472,517,553,625,685,707,762,758,785,814,905,937,967,922,892,947,958,960,955,870,906,855,927,932,860,787,809,824,860,888,939,915,"1,019",961,"1,086","1,056","1,050","1,021","1,007","1,068","1,055",947,990,947,921,916,904,860,893,923,877,850,862,882,870,974,"1,085",783,725,705,658,568,467,462,461,429,364,357,285,222,"1,080"
E07000115,Tonbridge and Malling,Non-metropolitan District," 69,580 ",639,702,746,744,757,843,861,867,851,835,929,906,911,827,846,873,830,812,783,499,411,504,609,678,707,674,679,670,734,809,889,888,962,949,944,954,931,908,983,985,957,926,"1,044",975,941,930,886,926,909,926,"1,038","1,002",972,"1,005",945,993,"1,033",979,"1,010",937,883,913,827,749,737,762,719,686,673,607,615,657,584,653,649,747,821,608,532,614,568,435,372,393,364,351,307,264,245,207,775
E07000116,Tunbridge Wells,Non-metropolitan District," 59,993 ",527,570,582,630,646,683,668,734,711,699,743,812,841,868,853,901,833,752,663,333,215,298,489,516,569,595,557,562,562,678,569,642,706,712,724,768,827,753,720,845,839,863,825,840,845,840,752,782,848,883,866,959,923,884,921,892,925,820,923,803,767,722,653,661,731,669,602,579,573,572,550,533,598,592,620,612,638,497,534,510,428,392,351,369,307,315,285,287,256,209,992
E10000025,Oxfordshire,County," 379,777 ","3,599","3,877","3,744","3,894","3,909","3,939","4,094","3,999","4,163","4,018","4,172","4,308","4,435","4,218","4,236","4,467","4,369","4,431","4,448","4,726","5,053","5,455","4,679","4,382","4,571","4,542","4,739","4,872","4,967","5,169","5,285","5,355","5,634","5,438","5,288","5,369","5,486","5,311","5,195","5,314","5,168","5,010","5,029","4,999","5,056","4,542","4,545","4,328","4,597","4,756","4,890","4,999","5,028","5,145","5,090","4,988","5,053","5,090","5,062","4,862","4,761","4,632","4,382","4,278","4,070","3,941","3,674","3,544","3,448","3,506","3,439","3,281","3,353","3,403","3,457","3,600","3,770","2,917","2,944","2,951","2,731","2,254","1,973","2,007","1,954","1,763","1,582","1,404","1,311","1,147","4,913"
E07000177,Cherwell,Non-metropolitan District," 84,013 ",900,999,912,963,913,982,"1,004",974,958,892,903,966,"1,033",960,"1,038","1,042",997,965,884,596,471,539,665,802,889,885,955,"1,102","1,095","1,114","1,247","1,264","1,327","1,293","1,268","1,301","1,315","1,330","1,329","1,341","1,268","1,167","1,160","1,156","1,171","1,053","1,046",990,"1,037","1,096","1,095","1,172","1,150","1,149","1,207","1,106","1,199","1,194","1,151","1,121","1,031","1,086",973,986,901,903,832,759,767,736,736,765,730,778,772,820,782,577,637,592,601,452,384,397,403,387,341,282,293,220,989
E07000178,Oxford,Non-metropolitan District," 83,871 ",666,668,661,726,763,641,702,740,714,772,763,824,901,830,774,924,989,"1,172","1,374","2,581","3,364","3,663","2,393","1,618","1,566","1,475","1,574","1,573","1,485","1,519","1,441","1,359","1,381","1,339","1,224","1,178","1,234","1,156","1,060","1,115","1,065","1,055","1,061","1,021","1,014",893,895,900,871,933,898,886,855,915,921,872,838,801,858,864,809,804,717,704,629,614,551,563,519,532,552,524,478,535,509,462,503,416,365,369,380,367,286,309,282,259,223,176,154,181,781
E07000179,South Oxfordshire,Non-metropolitan District," 77,895 ",719,769,783,775,832,878,866,828,915,863,891,909,916,914,859,945,908,897,862,582,426,431,579,668,750,791,761,784,835,880,984,935,"1,022","1,019",994,"1,012","1,020","1,048",997,"1,022","1,071","1,044","1,046",996,"1,055",958,958,914,"1,024","1,079","1,118","1,123","1,128","1,241","1,150","1,154","1,162","1,188","1,188","1,018","1,079","1,000",942,936,892,874,854,823,788,800,767,760,784,746,796,832,915,728,711,758,692,564,501,493,500,428,373,352,306,281,"1,136"
E07000180,Vale of White Horse,Non-metropolitan District," 73,440 ",757,828,795,818,795,837,869,853,914,902,921,870,873,834,840,888,800,777,739,542,440,477,560,744,744,745,782,766,880,943,870,"1,002","1,080","1,037","1,076","1,054","1,130","1,031","1,044","1,074",996,"1,018",994,"1,017","1,024",938,918,839,922,906,974,928,987,999,"1,014",993,956,"1,017","1,007",945,972,907,901,877,893,845,781,719,701,782,697,630,696,677,720,761,840,597,620,634,573,474,422,409,388,362,365,320,293,242,"1,019"
E07000181,West Oxfordshire,Non-metropolitan District," 60,558 ",557,613,593,612,606,601,653,604,662,589,694,739,712,680,725,668,675,620,589,425,352,345,482,550,622,646,667,647,672,713,743,795,824,750,726,824,787,746,765,762,768,726,768,809,792,700,728,685,743,742,805,890,908,841,798,863,898,890,858,914,870,835,849,775,755,705,656,680,673,656,687,602,665,667,660,725,730,599,611,598,485,397,380,399,381,327,280,274,265,223,988
E10000030,Surrey,County," 628,485 ","5,851","6,244","6,494","6,691","6,747","6,827","6,994","7,422","7,449","7,408","7,543","7,822","7,845","7,832","7,744","7,816","7,748","7,397","7,307","6,450","5,565","5,825","5,962","6,203","6,767","6,467","6,159","6,271","6,375","6,575","6,926","7,325","7,767","8,074","8,184","8,424","8,354","8,612","8,741","8,504","8,830","9,030","9,258","9,484","9,080","8,638","8,512","8,595","8,864","8,594","8,869","8,985","9,190","8,570","8,627","8,695","8,626","8,699","8,520","8,467","8,030","7,804","7,471","7,002","6,875","6,411","6,255","5,870","5,795","5,690","5,679","5,454","5,552","5,733","5,807","6,182","6,696","5,302","4,870","4,919","4,523","4,000","3,386","3,549","3,503","3,184","2,931","2,707","2,429","2,200","9,832"
E07000207,Elmbridge,Non-metropolitan District," 72,442 ",684,709,831,799,798,888,915,958,981,987,"1,004","1,096","1,034","1,048",946,957,968,887,810,402,222,335,345,574,662,629,556,594,592,581,657,747,746,878,902,889,936,937,"1,049","1,047","1,182","1,168","1,168","1,294","1,219","1,147","1,168","1,172","1,183","1,140","1,199","1,063","1,156","1,083","1,082","1,080",961,986,974,908,946,917,881,801,749,706,638,603,624,636,653,606,635,625,618,668,711,558,520,522,492,449,394,401,399,369,359,327,298,244,"1,180"
E07000208,Epsom and Ewell,Non-metropolitan District," 42,296 ",409,434,444,429,463,523,469,515,576,530,590,553,569,535,577,566,491,513,504,361,312,409,455,428,478,400,411,391,417,391,442,422,473,555,509,539,551,604,602,640,663,672,660,694,702,654,641,591,589,599,628,578,630,523,572,615,593,574,537,502,522,475,495,484,452,385,379,350,394,374,393,368,387,387,378,409,433,335,329,319,303,260,231,241,224,191,180,143,142,124,512
E07000209,Guildford,Non-metropolitan District," 74,963 ",636,706,688,716,718,710,805,782,777,838,841,851,872,871,818,847,837,858,"1,026","1,474","1,613","1,528","1,302",996,"1,138","1,002",916,831,844,848,926,941,987,988,"1,071","1,032",918,951,947,904,938,931,980,"1,044",996,"1,015",879,936,"1,011",942,"1,031","1,007","1,007",907,967,984,943,975,996,953,878,915,854,775,810,697,697,682,668,657,628,569,618,642,702,668,737,557,505,522,459,449,330,383,389,324,309,271,267,211,994
E07000210,Mole Valley,Non-metropolitan District," 45,214 ",365,384,411,407,386,461,436,436,486,492,461,558,517,532,602,537,531,521,496,274,231,238,274,412,436,389,374,368,372,438,410,420,430,457,465,461,457,505,507,543,508,514,566,600,608,622,627,621,668,620,649,693,738,620,670,685,719,697,708,751,702,683,657,616,549,533,564,569,529,475,518,488,493,501,498,569,604,539,441,451,421,370,309,319,336,322,282,215,244,205,848
E07000211,Reigate and Banstead,Non-metropolitan District," 79,481 ",762,925,895,918,946,945,981,989,"1,002",959,984,990,"1,059","1,053",903,950,997,887,771,531,427,485,568,710,820,858,807,852,878,969,939,"1,103","1,179","1,215","1,217","1,220","1,155","1,217","1,192","1,120","1,173","1,273","1,234","1,213","1,177","1,141","1,078","1,103","1,065","1,041","1,037","1,091","1,133","1,102","1,036","1,036","1,052","1,108","1,089","1,044",961,974,877,839,880,816,760,675,688,666,657,686,695,699,708,732,819,558,590,556,522,473,389,422,401,358,338,327,301,260,"1,250"
E07000212,Runnymede,Non-metropolitan District," 46,792 ",423,406,448,486,502,467,478,497,506,513,456,477,479,469,514,512,502,534,685,"1,483","1,288","1,208",842,525,466,484,421,507,536,559,573,557,625,591,605,592,637,647,687,631,593,634,630,600,563,564,565,599,602,639,580,614,587,646,602,592,602,539,596,629,553,519,540,505,463,417,435,412,360,400,370,366,370,357,371,406,462,358,324,293,280,259,218,233,236,217,188,187,159,139,601
E07000213,Spelthorne,Non-metropolitan District," 53,000 ",561,614,557,638,599,588,595,659,670,615,675,575,621,589,590,578,597,559,497,376,368,364,482,539,623,587,583,619,656,685,658,712,748,766,796,871,868,785,774,763,787,802,848,793,803,737,705,699,673,672,684,740,772,727,738,684,729,736,702,710,713,615,588,547,575,503,522,451,471,473,438,427,442,440,462,470,534,431,390,383,387,324,300,296,277,237,247,242,166,167,741
E07000214,Surrey Heath,Non-metropolitan District," 46,790 ",443,451,451,453,500,435,459,524,528,514,511,617,607,575,582,602,576,539,456,286,204,275,389,435,433,515,461,500,490,511,526,599,609,582,588,584,611,635,622,593,638,691,689,670,662,609,562,668,685,629,688,721,704,723,681,665,695,698,673,698,584,625,602,542,530,516,473,478,479,442,428,423,420,434,443,492,541,423,413,407,362,285,255,286,290,243,218,240,181,196,819
E07000215,Tandridge,Non-metropolitan District," 46,275 ",437,465,509,509,529,497,530,532,502,532,549,552,559,566,596,704,652,579,579,332,219,274,337,422,451,350,452,416,381,456,484,467,535,530,553,614,572,625,674,602,635,589,662,689,577,560,548,557,636,568,607,675,701,616,673,712,722,651,596,710,618,639,578,540,578,535,512,485,486,473,485,436,458,446,469,539,592,439,386,442,377,323,267,305,243,251,220,199,184,209,753
E07000216,Waverley,Non-metropolitan District," 68,376 ",564,604,647,695,676,718,716,832,751,795,839,862,866,893,942,944,959,940,922,601,421,374,549,661,648,633,572,554,557,523,646,643,666,782,740,809,827,857,861,877,883,881,918,989,944,846,950,902,961,"1,003","1,021","1,082","1,028",930,931,984,928,981,958,910,929,851,835,820,787,762,771,716,659,673,640,692,636,739,720,771,799,707,619,666,622,496,446,403,446,408,387,368,337,278,"1,397"
E07000217,Woking,Non-metropolitan District," 52,856 ",567,546,613,641,630,595,610,698,670,633,633,691,662,701,674,619,638,580,561,330,260,335,419,501,612,620,606,639,652,614,665,714,769,730,738,813,822,849,826,784,830,875,903,898,829,743,789,747,791,741,745,721,734,693,675,658,682,754,691,652,624,591,564,533,502,541,504,449,437,421,469,393,398,463,438,458,464,397,353,358,298,312,247,260,262,264,203,188,150,167,737
E10000032,West Sussex,County," 463,371 ","3,842","4,313","4,304","4,574","4,688","4,698","4,791","5,003","4,922","4,936","4,879","5,451","5,334","5,204","5,113","5,170","4,937","4,870","4,723","3,762","3,119","3,264","3,736","4,188","4,292","4,516","4,570","4,555","4,821","5,113","5,213","5,493","5,705","5,998","6,149","6,146","5,964","5,847","5,842","5,726","5,742","5,969","6,010","6,229","5,957","5,548","5,309","5,479","5,706","5,866","6,017","6,207","6,524","6,112","6,469","6,561","6,562","6,483","6,625","6,568","6,436","6,324","6,055","5,825","5,825","5,791","5,431","5,293","5,216","5,145","4,991","5,051","5,091","5,229","5,453","5,787","6,412","4,870","4,587","4,422","4,154","3,422","2,966","3,219","3,041","2,800","2,500","2,280","2,082","1,831","8,128"
E07000223,Adur,Non-metropolitan District," 33,355 ",253,283,286,313,363,312,354,354,385,341,368,420,372,397,378,398,344,339,337,230,179,190,214,306,249,284,297,266,329,296,341,370,346,356,442,480,432,419,397,414,420,424,469,420,452,418,412,457,460,443,471,479,491,450,458,482,481,462,471,445,438,462,421,471,365,417,417,351,391,356,388,400,384,411,452,444,531,360,346,337,320,265,237,238,253,223,188,168,157,121,544
E07000224,Arun,Non-metropolitan District," 87,256 ",629,678,702,727,744,735,765,869,801,763,829,934,837,780,856,776,778,778,719,687,607,704,735,778,768,786,785,815,820,940,927,957,993,"1,017","1,020","1,065","1,008",945,937,972,911,925,919,"1,014",915,903,848,852,943,"1,041","1,002","1,098","1,177","1,155","1,252","1,283","1,258","1,227","1,379","1,250","1,256","1,339","1,259","1,183","1,241","1,210","1,189","1,174","1,198","1,133","1,119","1,220","1,159","1,198","1,309","1,388","1,524","1,172","1,056","1,014","1,011",791,708,760,703,669,618,537,461,388,"1,951"
E07000225,Chichester,Non-metropolitan District," 66,810 ",467,534,542,569,577,572,585,573,665,653,592,687,698,658,644,674,636,639,730,875,869,750,661,513,653,670,619,544,610,621,639,681,714,742,753,782,682,618,705,699,654,770,792,750,692,678,687,699,732,770,825,832,880,793,865,958,986,994,983,"1,055","1,064","1,048",938,"1,007",954,985,930,883,855,867,848,734,836,908,894,950,"1,079",799,811,732,674,647,522,561,516,470,419,351,367,345,"1,326"
E07000226,Crawley,Non-metropolitan District," 60,337 ",685,756,750,804,740,808,798,814,755,825,720,858,821,797,751,777,713,712,685,519,453,435,593,680,648,718,825,790,802,975,931,"1,021",997,"1,038","1,076","1,014","1,060","1,034","1,001",976,936,968,992,949,906,839,820,788,752,696,739,738,800,726,745,779,697,698,721,678,661,639,638,608,631,630,523,535,473,502,415,419,427,424,400,422,482,332,289,281,239,208,202,219,200,189,169,152,144,137,625
E07000227,Horsham,Non-metropolitan District," 76,542 ",603,728,670,742,789,796,826,795,773,796,821,911,935,941,895,936,912,873,841,535,315,363,493,679,683,673,679,768,768,764,802,797,885,917,949,974,918,968,927,945,946,940,990,"1,045","1,042",904,870,882,988,941,"1,019","1,104","1,113","1,054","1,172","1,112","1,193","1,202","1,173","1,173","1,116","1,076","1,064",960,"1,001",986,927,855,892,857,826,879,848,880,879,974,"1,022",803,753,760,745,523,503,526,479,446,383,406,355,287,"1,283"
E07000228,Mid Sussex,Non-metropolitan District," 81,134 ",778,871,848,880,912,927,921,971,952,974,951,"1,003","1,075","1,029",985,990,947,953,837,533,365,427,570,679,703,765,733,745,852,878,890,931,983,"1,101","1,140","1,081","1,105","1,115","1,121","1,043","1,115","1,184","1,126","1,180","1,185","1,063",989,"1,064","1,147","1,202","1,149","1,127","1,223","1,177","1,121","1,093","1,147","1,074","1,085","1,120","1,083",984,947,944,928,926,816,869,798,825,780,801,802,769,841,911,974,786,766,770,652,554,418,497,502,427,366,365,320,275,"1,303"
E07000229,Worthing,Non-metropolitan District," 57,937 ",427,463,506,539,563,548,542,627,591,584,598,638,596,602,604,619,607,576,574,383,331,395,470,553,588,620,632,627,640,639,683,736,787,827,769,750,759,748,754,677,760,758,722,871,765,743,683,737,684,773,812,829,840,757,856,854,800,826,813,847,818,776,788,652,705,637,629,626,609,605,615,598,635,639,678,698,800,618,566,528,513,434,376,418,388,376,357,301,278,278,"1,096"
E12000009,SOUTH WEST,Region," 2,965,854 ","23,858","25,459","26,268","27,140","27,992","28,671","29,150","30,652","30,603","31,057","31,679","32,666","32,939","32,752","32,197","32,788","31,581","30,543","31,305","34,755","35,900","32,919","31,326","31,600","31,351","31,804","32,805","32,005","33,436","35,064","35,046","36,535","37,325","37,956","37,895","38,531","37,519","36,634","37,012","36,193","35,516","35,865","36,469","36,410","34,904","32,356","32,206","33,011","34,129","35,269","36,917","38,913","40,273","39,947","40,760","40,730","42,441","42,663","42,661","42,771","41,259","40,902","39,605","37,952","37,134","36,738","35,532","33,650","33,084","34,023","33,349","32,430","32,420","33,243","34,003","35,981","38,309","29,370","28,333","27,704","24,844","21,673","18,688","18,559","17,714","16,460","14,998","13,269","12,040","10,314","45,152"
E06000022,Bath and North East Somerset,Unitary Authority," 101,721 ",792,839,885,897,918,895,"1,008","1,024","1,005",979,"1,060","1,080","1,089","1,020","1,065","1,094","1,120","1,086","1,402","3,043","3,222","2,540","2,054","1,572","1,241","1,133","1,138","1,087","1,037","1,223","1,239","1,253","1,250","1,309","1,305","1,182","1,276","1,164","1,167","1,162","1,103","1,151","1,191","1,188","1,192","1,075","1,054","1,072","1,111","1,145","1,208","1,323","1,299","1,286","1,273","1,277","1,347","1,271","1,291","1,350","1,169","1,280","1,191","1,100","1,022","1,048","1,059",998,927,938,948,973,932,966,"1,020",971,"1,081",880,825,834,749,575,545,587,548,526,467,446,367,295,"1,392"
E06000058,"Bournemouth, Christchurch and Poole",Unitary Authority," 206,608 ","1,572","1,673","1,837","1,894","1,887","1,898","1,990","2,128","2,169","2,063","2,150","2,238","2,181","2,131","2,134","2,174","2,084","1,989","2,234","3,198","3,559","3,064","2,401","2,230","2,105","2,202","2,324","2,194","2,374","2,416","2,516","2,585","2,638","2,797","2,708","2,809","2,665","2,750","2,810","2,699","2,680","2,796","2,854","2,829","2,657","2,453","2,354","2,419","2,446","2,486","2,505","2,583","2,662","2,713","2,649","2,643","2,709","2,733","2,781","2,683","2,602","2,649","2,454","2,393","2,352","2,315","2,298","2,141","2,127","2,253","2,092","2,110","2,173","2,242","2,244","2,381","2,671","1,992","1,907","1,830","1,652","1,455","1,172","1,299","1,236","1,180","1,057",975,869,802,"3,580"
E06000023,"Bristol, City of",Unitary Authority," 242,705 ","2,375","2,427","2,484","2,427","2,408","2,334","2,462","2,576","2,538","2,586","2,623","2,627","2,588","2,516","2,452","2,526","2,473","2,325","2,737","4,887","6,698","5,931","5,416","5,170","4,857","4,725","4,710","4,418","4,626","4,522","4,461","4,415","4,282","4,291","4,197","4,135","4,062","3,819","3,751","3,523","3,295","3,260","3,252","3,283","2,993","2,813","2,645","2,730","2,667","2,570","2,513","2,534","2,565","2,522","2,497","2,375","2,447","2,547","2,432","2,427","2,393","2,251","2,143","1,997","1,958","1,975","1,769","1,710","1,658","1,688","1,640","1,492","1,449","1,572","1,503","1,614","1,667","1,180","1,192","1,173","1,166",965,836,860,812,784,733,629,575,469,"2,105"
E06000052,Cornwall,Unitary Authority," 297,818 ","2,251","2,384","2,534","2,520","2,661","2,698","2,682","2,926","2,978","3,061","3,084","3,232","3,205","3,134","3,028","3,099","3,024","2,944","2,948","2,951","2,829","2,820","2,667","2,659","2,584","2,722","2,771","2,716","2,754","2,941","3,134","3,309","3,289","3,361","3,432","3,667","3,395","3,155","3,408","3,372","3,289","3,335","3,420","3,490","3,409","3,126","3,139","3,224","3,482","3,584","3,867","4,163","4,363","4,253","4,298","4,437","4,567","4,727","4,569","4,711","4,563","4,504","4,330","4,286","4,208","4,196","4,109","3,976","3,732","3,982","3,855","3,768","3,725","3,836","3,940","4,163","4,516","3,388","3,191","3,209","2,795","2,396","2,107","1,924","1,825","1,717","1,589","1,422","1,237","1,040","4,507"
E06000059,Dorset,Unitary Authority," 198,417 ","1,224","1,437","1,426","1,417","1,579","1,696","1,721","1,758","1,746","1,835","1,851","2,009","2,077","2,107","2,228","2,227","2,024","2,023","1,896","1,274",989,"1,073","1,352","1,520","1,520","1,609","1,661","1,528","1,584","1,822","1,710","1,884","2,009","1,937","2,106","2,123","2,017","1,938","2,083","1,963","1,999","2,015","2,078","2,045","2,049","1,922","1,929","1,953","2,140","2,233","2,445","2,585","2,831","2,725","2,812","3,026","3,135","3,116","3,171","3,328","3,246","3,238","3,248","3,079","3,119","3,223","3,015","2,825","2,863","2,968","2,779","2,739","2,795","3,079","2,964","3,216","3,485","2,652","2,553","2,506","2,214","1,974","1,640","1,650","1,587","1,549","1,355","1,161","1,083",919,"4,173"
E06000053,Isles of Scilly,Unitary Authority," 1,134 ",4,8,9,10,14,10,4,9,15,20,8,5,18,11,10,13,10,2,3,13,15,22,16,13,14,3,6,13,12,17,8,18,8,14,8,13,13,15,15,10,13,22,17,20,10,16,12,10,9,12,10,20,13,22,24,20,18,12,13,14,14,8,12,11,13,13,11,7,11,10,16,11,20,10,14,20,23,13,18,15,4,7,10,10,13,1,5,11,7,6,34
E06000024,North Somerset,Unitary Authority," 113,379 ",880,"1,011","1,076","1,061","1,177","1,102","1,156","1,233","1,220","1,218","1,222","1,299","1,364","1,322","1,269","1,197","1,245","1,205","1,125",801,642,746,910,"1,095","1,167","1,058","1,041","1,038","1,144","1,186","1,239","1,251","1,379","1,352","1,362","1,400","1,409","1,412","1,445","1,436","1,460","1,467","1,478","1,523","1,455","1,364","1,360","1,347","1,451","1,406","1,407","1,519","1,615","1,543","1,538","1,541","1,635","1,655","1,644","1,586","1,513","1,553","1,477","1,501","1,384","1,437","1,302","1,333","1,275","1,294","1,310","1,289","1,342","1,251","1,477","1,502","1,599","1,283","1,249","1,193","1,011",919,804,765,770,668,635,541,527,433,"1,853"
E06000026,Plymouth,Unitary Authority," 136,789 ","1,140","1,222","1,218","1,321","1,342","1,315","1,300","1,466","1,476","1,394","1,578","1,553","1,562","1,569","1,454","1,527","1,431","1,345","1,574","2,560","2,895","2,505","1,950","1,866","1,641","1,641","1,829","1,802","1,794","1,936","1,803","1,889","1,910","1,943","1,880","1,888","1,925","1,828","1,859","1,816","1,704","1,753","1,690","1,729","1,666","1,433","1,384","1,530","1,517","1,590","1,606","1,617","1,725","1,807","1,773","1,689","1,857","1,738","1,784","1,811","1,621","1,645","1,621","1,499","1,562","1,427","1,586","1,372","1,282","1,311","1,248","1,338","1,253","1,249","1,290","1,371","1,449","1,172","1,081","1,018",901,797,703,744,707,641,570,520,432,400,"1,629"
E06000066,Somerset,Unitary Authority," 296,908 ","2,373","2,543","2,545","2,800","2,754","2,928","2,895","2,996","2,972","3,134","3,119","3,316","3,340","3,392","3,326","3,411","3,388","3,298","3,050","2,243","1,892","1,790","2,237","2,528","2,667","2,946","2,899","2,788","3,030","3,316","3,170","3,458","3,410","3,590","3,672","3,620","3,458","3,396","3,408","3,358","3,312","3,213","3,523","3,332","3,307","3,059","3,074","3,149","3,462","3,587","3,673","4,079","4,195","4,206","4,354","4,371","4,397","4,590","4,548","4,561","4,513","4,404","4,330","4,087","4,051","4,032","3,924","3,616","3,674","3,864","3,754","3,761","3,672","3,689","3,841","4,041","4,249","3,216","3,195","2,952","2,877","2,428","2,097","2,034","1,850","1,794","1,637","1,422","1,304","1,140","5,012"
E06000025,South Gloucestershire,Unitary Authority," 151,250 ","1,451","1,437","1,542","1,509","1,666","1,650","1,701","1,693","1,743","1,709","1,776","1,769","1,702","1,714","1,729","1,733","1,576","1,567","1,659","1,693","1,655","1,588","1,753","1,789","1,737","1,745","1,943","2,018","2,053","2,097","2,205","2,231","2,270","2,244","2,201","2,287","2,150","2,225","2,208","2,117","2,027","1,983","1,990","1,989","1,869","1,747","1,778","1,709","1,785","1,714","1,843","1,868","2,053","2,021","2,100","1,974","2,045","2,058","2,020","2,083","1,901","1,754","1,694","1,656","1,551","1,562","1,425","1,459","1,363","1,421","1,363","1,286","1,348","1,386","1,377","1,536","1,590","1,273","1,259","1,245","1,124","1,021",851,841,808,752,682,617,542,459,"1,913"
E06000030,Swindon,Unitary Authority," 119,842 ","1,214","1,305","1,365","1,339","1,360","1,509","1,510","1,452","1,469","1,521","1,600","1,554","1,510","1,504","1,497","1,511","1,375","1,259","1,329",960,847,944,"1,013","1,158","1,379","1,431","1,469","1,414","1,639","1,700","1,655","1,725","1,802","1,818","1,797","1,913","1,925","1,784","1,928","1,833","1,749","1,781","1,762","1,744","1,629","1,556","1,575","1,521","1,476","1,621","1,701","1,659","1,648","1,577","1,635","1,625","1,701","1,652","1,575","1,515","1,525","1,451","1,405","1,341","1,247","1,227","1,152","1,058","1,087","1,134","1,065",929,983,947,957,"1,024","1,088",804,754,744,674,585,495,529,499,449,414,358,364,312,"1,222"
E06000027,Torbay,Unitary Authority," 71,504 ",468,507,542,530,677,669,634,706,716,757,728,741,763,794,741,731,719,690,727,557,442,452,511,586,726,719,690,648,720,730,783,816,851,807,734,830,809,790,816,737,757,765,844,862,729,751,780,804,788,811,869,897,"1,043","1,001","1,044","1,069","1,090","1,128","1,219","1,125","1,080","1,085","1,045","1,027","1,013",967,974,972,928,940,940,845,938,895,989,991,"1,135",824,788,828,707,648,514,561,532,483,458,404,340,299,"1,384"
E06000054,Wiltshire,Unitary Authority," 262,779 ","2,240","2,319","2,395","2,540","2,622","2,699","2,729","2,934","2,876","2,876","2,991","2,973","3,143","3,130","3,019","3,141","3,086","2,897","2,714","2,039","1,455","1,510","1,989","2,370","2,481","2,590","2,724","2,557","2,782","2,955","2,969","3,109","3,354","3,283","3,262","3,292","3,361","3,218","3,224","3,234","3,095","3,307","3,274","3,194","2,995","2,923","2,964","3,148","3,221","3,403","3,608","3,874","3,697","3,756","3,905","3,815","4,009","4,038","3,949","3,994","3,799","3,739","3,764","3,419","3,479","3,312","3,138","3,054","2,995","2,948","3,029","2,884","2,828","2,954","3,020","3,281","3,268","2,576","2,568","2,500","2,150","1,985","1,668","1,679","1,602","1,484","1,273","1,188","1,082",894,"3,968"
E10000008,Devon,County," 428,080 ","2,976","3,208","3,378","3,591","3,632","3,789","3,982","4,099","4,070","4,166","4,204","4,500","4,426","4,435","4,343","4,377","4,287","4,259","4,282","5,248","5,807","4,926","4,035","3,872","3,853","3,867","3,978","4,122","4,145","4,378","4,317","4,625","4,656","4,868","4,811","4,862","4,700","4,890","4,685","4,762","4,771","4,761","4,804","4,847","4,722","4,338","4,431","4,572","4,641","4,883","5,398","5,625","5,878","5,853","6,148","6,088","6,456","6,476","6,646","6,588","6,565","6,569","6,294","6,110","5,985","5,890","5,855","5,453","5,508","5,563","5,579","5,357","5,362","5,433","5,636","5,977","6,334","4,906","4,739","4,487","4,088","3,550","3,166","3,018","2,885","2,630","2,522","2,166","1,986","1,687","7,443"
E07000040,East Devon,Non-metropolitan District," 80,852 ",530,623,700,673,668,685,789,785,785,779,795,830,821,802,830,784,730,793,682,610,422,490,518,597,664,681,714,705,717,777,731,832,900,840,861,848,808,873,790,869,860,865,886,911,811,745,837,868,846,937,"1,011","1,087","1,078","1,116","1,186","1,129","1,221","1,198","1,232","1,246","1,203","1,220","1,164","1,190","1,158","1,214","1,171","1,129","1,144","1,133","1,162","1,110","1,088","1,121","1,232","1,296","1,348","1,153","1,054",995,925,769,749,670,672,599,601,501,456,405,"1,819"
E07000041,Exeter,Non-metropolitan District," 69,974 ",548,526,538,580,584,580,620,655,598,614,583,657,607,601,630,659,597,630,910,"2,603","3,916","2,933","1,760","1,087",931,934,991,"1,013",901,931,961,957,922,902,965,880,909,924,882,846,842,899,782,835,811,701,696,689,709,733,725,738,746,743,764,732,799,790,793,702,740,722,707,615,647,616,582,533,583,592,557,577,568,541,590,604,660,469,504,452,441,374,382,350,327,309,286,236,234,197,885
E07000042,Mid Devon,Non-metropolitan District," 43,069 ",319,341,340,413,382,417,445,451,461,443,461,489,525,516,511,480,551,491,466,311,239,222,270,423,359,382,394,433,445,411,410,488,492,531,470,536,487,530,514,555,532,535,528,455,487,549,455,474,512,537,578,584,640,649,642,674,666,620,713,671,682,643,638,612,592,549,550,577,538,545,521,510,509,500,520,561,605,419,422,420,382,338,297,265,274,271,235,208,163,150,668
E07000043,North Devon,Non-metropolitan District," 51,634 ",391,397,425,451,439,510,500,540,501,533,536,571,589,584,567,580,552,562,499,443,284,281,354,447,501,437,443,500,514,530,557,534,536,613,582,610,563,602,586,554,549,578,616,599,587,551,532,581,555,614,701,714,721,726,754,730,815,822,804,815,803,829,820,776,714,738,725,657,675,673,660,615,649,610,684,714,765,570,599,555,525,433,391,391,343,302,305,276,239,186,850
E07000044,South Hams,Non-metropolitan District," 47,058 ",290,316,346,373,398,438,420,431,453,490,487,503,496,486,457,510,512,459,444,330,212,262,266,368,336,316,336,341,370,432,422,481,447,502,509,502,497,516,508,510,516,505,527,521,574,511,510,522,515,559,595,628,659,636,709,733,767,792,823,809,787,825,748,818,734,750,735,666,702,641,707,678,659,678,618,731,731,629,557,518,452,410,319,361,329,292,274,240,248,196,842
E07000045,Teignbridge,Non-metropolitan District," 70,476 ",485,553,535,584,627,643,648,673,696,653,726,750,721,738,724,698,652,653,637,492,365,378,463,536,564,628,593,645,672,686,672,735,734,816,810,854,761,814,762,798,835,751,729,807,792,701,757,710,800,789,890,994,"1,011","1,026","1,070","1,095","1,103","1,141","1,162","1,159","1,192","1,173","1,120","1,034","1,037",986,"1,058",942,934,"1,018","1,048",958,934,986,989,"1,068","1,106",866,792,763,730,638,507,516,497,443,412,369,321,282,"1,261"
E07000046,Torridge,Non-metropolitan District," 35,053 ",241,245,274,290,298,274,303,306,307,358,327,389,375,393,329,311,348,337,323,242,185,183,210,233,281,286,298,283,289,334,299,328,356,375,342,347,370,335,360,340,337,334,371,401,357,313,371,401,394,371,479,449,598,553,505,505,594,578,570,631,614,613,556,578,626,585,596,500,497,531,511,485,540,556,541,514,597,425,439,441,313,331,278,238,230,207,198,174,169,135,619
E07000047,West Devon,Non-metropolitan District," 29,964 ",172,207,220,227,236,242,257,258,269,296,289,311,292,315,295,355,345,334,321,217,184,177,194,181,217,203,209,202,237,277,265,270,269,289,272,285,305,296,283,290,300,294,365,318,303,267,273,327,310,343,419,431,425,404,518,490,491,535,549,555,544,544,541,487,477,452,438,449,435,430,413,424,415,441,462,489,522,375,372,343,320,257,243,227,213,207,211,162,156,136,499
E10000013,Gloucestershire,County," 336,920 ","2,898","3,139","3,032","3,284","3,295","3,479","3,376","3,652","3,610","3,738","3,685","3,770","3,971","3,973","3,902","4,027","3,739","3,654","3,625","3,288","2,953","3,008","3,022","3,172","3,379","3,413","3,622","3,662","3,742","3,825","3,837","3,967","4,217","4,342","4,420","4,510","4,354","4,250","4,205","4,171","4,262","4,256","4,292","4,335","4,222","3,780","3,727","3,823","3,933","4,224","4,264","4,567","4,686","4,662","4,710","4,780","5,028","4,922","5,019","4,995","4,755","4,772","4,597","4,446","4,190","4,114","3,915","3,676","3,654","3,709","3,731","3,648","3,600","3,734","3,731","3,893","4,154","3,211","3,014","3,170","2,732","2,368","2,080","2,058","2,040","1,802","1,601","1,409","1,325","1,159","4,937"
E07000078,Cheltenham,Non-metropolitan District," 61,244 ",509,603,561,602,569,583,615,605,642,681,647,652,747,747,818,851,802,690,753,637,758,756,625,668,745,741,842,773,740,749,757,747,848,807,858,861,820,886,807,808,788,838,773,863,841,742,680,732,741,744,774,781,754,752,751,820,779,801,858,858,805,761,743,677,640,616,635,570,557,595,553,593,526,591,565,647,665,535,489,532,440,409,398,340,389,302,297,286,282,210,"1,016"
E07000079,Cotswold,Non-metropolitan District," 47,527 ",359,417,373,382,428,418,424,477,450,477,482,521,525,495,490,510,547,504,459,436,335,330,398,339,317,346,363,390,424,365,406,406,477,481,496,488,538,469,534,531,545,554,575,597,564,537,517,544,569,572,609,712,727,735,692,728,779,749,818,782,801,758,746,744,657,659,644,560,632,635,623,622,608,641,637,677,732,555,524,567,478,398,329,370,391,329,258,226,182,212,820
E07000080,Forest of Dean,Non-metropolitan District," 45,406 ",363,367,389,417,416,421,411,470,433,481,450,452,517,501,465,503,451,571,548,627,445,285,291,340,402,372,469,447,416,482,450,502,516,499,539,519,497,501,482,509,507,513,520,485,518,423,406,495,478,569,550,661,663,696,675,717,734,738,738,737,689,715,703,667,654,627,600,591,591,580,609,565,579,598,628,616,592,496,475,480,420,347,294,291,274,255,240,185,181,171,654
E07000081,Gloucester,Non-metropolitan District," 68,007 ",681,712,677,773,745,836,757,819,822,802,824,857,875,876,823,839,707,731,769,763,815,906,867,834,850,850,868,857,922,946,923,945,988,"1,051","1,040","1,070",992,993,951,894,967,898,907,924,848,744,780,707,799,834,812,855,854,908,957,880,930,954,886,907,828,810,804,802,746,717,659,628,578,599,592,553,596,536,558,602,616,520,497,461,455,363,308,330,321,289,247,216,226,182,767
E07000082,Stroud,Non-metropolitan District," 63,672 ",507,524,523,577,613,626,633,670,663,702,713,725,689,756,758,750,692,678,625,486,322,427,434,523,555,582,541,606,640,668,650,729,708,750,744,813,783,744,785,733,784,800,836,800,781,776,768,766,794,854,923,900,993,921,968,955,"1,051",959,975,971,964,"1,001",911,906,885,862,804,761,746,746,734,755,752,814,789,795,871,599,575,619,526,479,392,401,378,332,305,295,285,225,943
E07000083,Tewkesbury,Non-metropolitan District," 51,064 ",479,516,509,533,524,595,536,611,600,595,569,563,618,598,548,574,540,480,471,339,278,304,407,468,510,522,539,589,600,615,651,638,680,754,743,759,724,657,646,696,671,653,681,666,670,558,576,579,552,651,596,658,695,650,667,680,755,721,744,740,668,727,690,650,608,633,573,566,550,554,620,560,539,554,554,556,678,506,454,511,413,372,359,326,287,295,254,201,169,159,737
W92000004,WALES,Country," 1,611,486 ","13,378","14,488","14,218","15,267","15,560","16,345","16,569","17,423","17,116","17,254","17,862","18,506","18,470","18,366","17,972","18,568","17,528","17,033","17,549","18,569","18,292","18,847","18,187","17,649","18,204","18,549","19,399","18,492","19,084","19,717","19,815","20,931","21,168","20,495","20,789","21,271","20,838","20,346","20,325","19,258","19,573","19,436","19,633","19,562","18,483","17,258","16,778","17,378","17,957","18,697","19,901","21,043","22,489","21,634","22,660","22,421","22,875","22,915","23,475","23,494","22,901","22,247","21,577","20,854","20,459","20,065","19,250","18,565","17,788","18,172","18,021","17,165","17,322","17,385","17,496","18,394","19,244","14,560","14,121","13,511","12,503","11,304","9,892","9,286","8,711","8,265","7,457","6,539","5,647","5,014","20,412"
W06000001,Isle of Anglesey,Unitary Authority," 35,362 ",257,297,273,293,277,366,340,388,393,376,423,440,403,370,396,425,335,342,313,290,225,222,275,287,289,339,374,341,358,310,325,368,396,398,423,383,370,365,405,342,365,368,329,428,374,353,303,373,342,402,483,447,524,519,546,542,549,527,546,591,567,509,532,551,513,491,489,493,495,494,429,466,488,480,505,503,566,389,402,391,350,304,259,262,229,255,187,165,171,139,585
W06000002,Gwynedd,Unitary Authority," 60,582 ",465,501,480,496,520,586,540,605,555,582,627,697,645,625,645,626,658,657,689,927,932,"1,007",936,773,736,623,706,582,691,706,695,680,730,699,724,715,662,662,648,582,609,633,658,663,640,597,536,592,658,764,771,809,825,851,881,836,877,876,910,873,862,882,905,872,767,796,774,770,664,711,731,699,651,682,672,676,736,586,551,620,531,457,390,374,356,338,338,277,251,216,973
W06000003,Conwy,Unitary Authority," 59,004 ",440,472,453,461,455,518,580,573,537,580,603,653,611,640,642,637,593,572,539,384,295,348,443,515,549,525,563,511,607,586,558,655,662,604,648,616,624,580,617,615,590,665,660,628,603,605,555,590,610,679,746,805,900,799,878,878,890,941,993,987,998,905,912,907,"1,001",896,855,817,782,885,834,770,794,817,772,917,944,666,664,580,575,560,448,453,441,395,378,314,283,269,"1,106"
W06000004,Denbighshire,Unitary Authority," 49,846 ",387,450,420,462,524,492,488,536,539,567,527,545,586,599,599,569,541,565,501,353,314,352,387,428,476,471,513,543,483,560,585,552,587,549,563,549,583,570,564,509,553,515,542,549,541,504,548,530,577,575,598,717,671,708,770,721,795,753,742,819,816,800,776,672,677,700,648,582,619,630,624,607,659,613,638,674,647,542,507,530,435,388,358,350,291,300,302,224,214,172,735
W06000005,Flintshire,Unitary Authority," 79,488 ",685,743,714,751,717,790,840,820,799,831,923,874,894,937,889,959,935,858,851,611,491,606,665,722,753,802,863,894,939,891,956,"1,009","1,077",994,"1,008","1,009",995,954,"1,023","1,007",990,"1,014",966,"1,024",914,874,926,902,"1,008",931,"1,136","1,114","1,241","1,219","1,300","1,170","1,228","1,192","1,267","1,253","1,190","1,113","1,070","1,051","1,007",972,969,892,856,889,872,838,924,916,912,998,"1,061",786,741,686,606,530,501,460,461,437,357,273,254,216,902
W06000006,Wrexham,Unitary Authority," 68,770 ",595,616,636,652,659,748,736,710,802,812,815,847,876,830,803,844,759,777,753,590,465,621,685,742,777,788,808,762,745,781,874,900,901,899,857,904,907,889,928,895,891,876,888,840,805,747,736,776,808,874,915,969,"1,064","1,018","1,044",977,"1,057",920,942,993,988,880,879,843,835,868,826,787,751,801,764,687,739,712,747,753,788,598,585,563,492,489,419,381,335,272,324,276,223,205,832
W06000023,Powys,Unitary Authority," 68,024 ",452,527,516,573,578,582,601,661,637,657,679,676,724,675,685,705,707,698,679,466,369,374,483,465,546,581,644,574,665,708,621,652,720,660,690,768,683,656,680,676,705,691,713,671,724,676,665,719,731,814,806,977,"1,049","1,048","1,064","1,010","1,130","1,149","1,176","1,116","1,185","1,066","1,120","1,094","1,113","1,065","1,034",973,"1,009","1,033",973,912,949,947,997,991,980,835,792,770,731,633,524,535,501,431,409,360,279,250,"1,206"
W06000008,Ceredigion,Unitary Authority," 37,208 ",206,252,277,288,276,317,270,332,361,355,324,356,370,366,306,349,337,309,425,"1,005",891,910,626,474,394,403,379,375,295,384,360,359,386,373,347,353,352,353,369,302,321,330,316,349,339,325,356,345,345,372,426,457,543,498,517,495,526,556,641,572,619,565,555,590,544,524,490,522,513,509,485,460,506,490,476,463,499,404,397,399,335,296,280,282,211,222,189,168,165,129,526
W06000009,Pembrokeshire,Unitary Authority," 64,194 ",459,525,497,552,538,597,626,638,667,663,645,791,719,717,715,697,726,653,625,517,431,397,493,523,582,599,634,595,584,649,677,705,727,735,741,764,680,676,700,672,656,682,723,644,704,629,649,606,661,767,840,847,910,894,999,915,"1,025",987,"1,056","1,026","1,086","1,068","1,036",932,937,921,896,918,848,777,873,845,862,892,829,881,939,777,685,728,606,528,493,447,399,407,335,332,284,263,"1,019"
W06000010,Carmarthenshire,Unitary Authority," 97,361 ",789,808,805,887,926,964,976,"1,007",981,"1,007","1,085","1,063","1,134","1,073","1,071","1,172","1,089","1,000","1,045",808,697,627,780,846,882,925,949,994,"1,028","1,048","1,062","1,123","1,150","1,012","1,153","1,188","1,153","1,149","1,106","1,147","1,118","1,102","1,189","1,177","1,124","1,072",922,"1,032","1,103","1,137","1,186","1,284","1,326","1,382","1,444","1,511","1,456","1,539","1,550","1,545","1,531","1,504","1,497","1,410","1,438","1,392","1,326","1,321","1,272","1,250","1,259","1,225","1,159","1,146","1,188","1,262","1,268","1,018",928,958,900,804,670,610,569,541,498,411,373,321,"1,404"
W06000011,Swansea,Unitary Authority," 124,148 ","1,038","1,023","1,097","1,216","1,165","1,319","1,236","1,298","1,318","1,223","1,296","1,419","1,288","1,419","1,318","1,438","1,308","1,252","1,285","1,689","1,992","2,297","2,021","1,642","1,560","1,487","1,516","1,457","1,447","1,482","1,546","1,560","1,591","1,603","1,560","1,731","1,600","1,675","1,590","1,462","1,590","1,537","1,582","1,525","1,533","1,394","1,215","1,314","1,386","1,433","1,473","1,509","1,656","1,544","1,577","1,577","1,565","1,616","1,730","1,705","1,571","1,556","1,516","1,509","1,480","1,510","1,519","1,414","1,305","1,355","1,283","1,170","1,206","1,215","1,312","1,424","1,490","1,086","1,062",997,928,844,751,716,690,649,569,539,503,422,"1,632"
W06000012,Neath Port Talbot,Unitary Authority," 72,847 ",615,645,618,684,731,726,775,803,789,786,770,819,837,827,812,823,810,817,862,"1,058",688,575,605,658,738,817,925,819,838,872,900,991,969,943,906,990,994,963,920,902,932,934,890,919,839,785,788,875,846,795,886,913,972,918,"1,017","1,035","1,052","1,058","1,062","1,161","1,072","1,009","1,020",992,"1,015",899,903,859,789,845,818,865,795,779,778,820,851,679,575,624,550,464,457,379,382,362,332,292,247,191,907
W06000013,Bridgend,Unitary Authority," 74,215 ",623,662,706,670,764,754,782,820,737,829,822,874,897,871,781,839,817,777,773,625,527,519,667,694,770,809,868,818,816,879,943,"1,006","1,008",977,"1,071","1,068","1,028",952,928,899,917,857,951,930,831,814,825,841,908,919,991,"1,031","1,131","1,075","1,070","1,061","1,117","1,092","1,136","1,104","1,117","1,102","1,014",987,946,898,854,834,790,793,837,835,807,788,835,829,917,655,640,659,586,498,472,436,429,399,368,308,245,225,841
W06000014,Vale of Glamorgan,Unitary Authority," 69,661 ",544,603,622,654,690,777,808,818,824,778,773,885,853,815,815,895,815,718,809,530,419,444,566,707,595,658,744,733,746,812,773,821,812,877,909,878,989,950,864,882,882,906,914,902,926,860,781,811,801,869,865,952,979,938,933,"1,014",970,945,"1,009","1,047",986,959,900,924,881,889,905,885,831,799,832,738,785,709,759,863,861,651,668,609,575,522,405,425,415,370,327,276,247,235,921
W06000015,Cardiff,Unitary Authority," 194,940 ","1,699","1,927","1,819","1,985","1,954","1,944","2,012","2,201","2,087","2,121","2,190","2,305","2,183","2,150","2,182","2,204","2,075","2,031","2,511","4,901","6,102","5,792","4,551","3,682","3,464","3,488","3,199","3,142","3,099","2,947","2,813","3,084","2,929","2,790","2,839","2,775","2,814","2,754","2,687","2,546","2,583","2,483","2,428","2,496","2,232","2,096","2,127","2,100","2,055","1,978","2,003","2,077","2,141","2,119","2,092","2,089","2,065","2,160","2,097","2,047","2,056","1,969","1,887","1,841","1,792","1,838","1,641","1,554","1,460","1,525","1,484","1,411","1,378","1,398","1,325","1,426","1,529","1,065","1,079","1,014",950,860,774,758,730,730,608,570,459,464,"1,919"
W06000016,Rhondda Cynon Taf,Unitary Authority," 122,627 ","1,078","1,143","1,113","1,227","1,242","1,247","1,265","1,433","1,319","1,403","1,478","1,426","1,500","1,484","1,465","1,453","1,293","1,351","1,400","1,201","1,198","1,140","1,172","1,329","1,529","1,465","1,631","1,474","1,516","1,648","1,584","1,690","1,812","1,724","1,751","1,734","1,713","1,607","1,698","1,572","1,632","1,612","1,612","1,571","1,409","1,275","1,265","1,358","1,409","1,437","1,560","1,694","1,840","1,657","1,644","1,721","1,712","1,731","1,682","1,739","1,625","1,657","1,573","1,509","1,483","1,487","1,318","1,301","1,330","1,225","1,323","1,239","1,194","1,255","1,281","1,396","1,393","1,003",954,869,938,804,698,598,618,611,500,444,352,345,"1,236"
W06000024,Merthyr Tydfil,Unitary Authority," 29,881 ",249,277,280,314,360,311,332,351,392,336,364,388,323,327,365,371,327,305,308,255,260,228,283,303,371,329,378,348,366,380,353,451,432,457,443,416,464,481,429,394,399,392,408,379,347,308,307,306,338,357,365,407,423,398,462,399,454,415,446,482,402,453,417,380,344,385,316,327,311,298,291,303,329,296,304,298,317,211,249,227,170,159,156,155,118,122,123,97,80,72,278
W06000018,Caerphilly,Unitary Authority," 90,340 ",731,862,783,897,894,971,"1,009","1,038","1,042","1,007","1,097","1,042","1,093","1,074","1,064","1,078","1,029","1,011",939,774,646,750,806,820,950,"1,032","1,151","1,034","1,138","1,185","1,236","1,216","1,189","1,218","1,235","1,309","1,174","1,235","1,322","1,164","1,166","1,147","1,165","1,203","1,116","1,068",998,972,"1,005","1,100","1,181","1,287","1,263","1,217","1,362","1,303","1,271","1,264","1,335","1,321","1,204","1,208","1,225","1,100","1,086","1,055","1,093","1,083",997,999,"1,055",892,958,"1,001",965,986,"1,065",749,823,678,643,583,534,462,453,406,369,321,283,243,832
W06000019,Blaenau Gwent,Unitary Authority," 34,127 ",342,343,306,348,351,360,354,359,333,355,388,360,363,386,355,399,375,398,341,241,232,266,312,347,385,400,409,439,447,475,513,524,490,485,466,522,501,456,420,380,397,424,391,439,391,310,337,380,349,424,393,466,511,504,536,544,550,547,529,491,529,520,445,466,447,416,393,354,335,385,358,363,368,347,386,357,394,299,260,261,257,266,182,197,154,156,132,146,96,98,321
W06000020,Torfaen,Unitary Authority," 47,929 ",440,439,457,468,485,538,501,540,497,537,552,546,610,565,533,535,519,554,519,409,331,367,356,466,491,593,600,549,614,673,677,717,655,707,692,682,675,618,687,613,590,545,630,623,559,523,490,505,543,542,606,576,636,639,714,636,677,702,703,679,681,680,657,571,585,601,533,512,521,551,565,512,509,518,485,537,541,381,420,366,363,357,319,260,244,231,206,222,185,151,540
W06000021,Monmouthshire,Unitary Authority," 48,240 ",384,405,419,387,426,423,429,425,464,428,489,490,499,508,515,542,536,475,435,296,221,329,365,402,380,388,488,404,465,521,499,501,506,486,533,523,577,529,535,526,593,542,584,560,538,539,498,508,583,576,648,715,782,680,732,822,789,813,815,843,790,775,721,692,652,621,677,619,615,628,629,655,622,657,607,619,684,595,523,478,482,458,364,348,308,303,279,251,230,185,860
W06000022,Newport,Unitary Authority," 82,692 ",900,968,927,"1,002","1,028","1,015","1,069","1,067","1,043","1,021",992,"1,010","1,062","1,108","1,016","1,008",944,913,947,639,566,676,710,824,987,"1,027","1,057","1,104","1,197","1,220","1,265","1,367","1,439","1,305","1,230","1,394","1,300","1,272","1,205","1,171","1,094","1,181","1,094","1,042",994,904,951,943,891,952,"1,023",990,"1,102","1,009","1,078","1,165","1,120","1,132","1,108","1,100","1,026","1,067",920,961,916,841,791,748,695,790,702,673,640,727,723,721,774,585,616,504,500,500,438,398,377,328,327,273,223,203,837
W06000019,LA_1,Unitary Authority," 34,127 ",342,343,306,348,351,360,354,359,333,355,388,360,363,386,355,399,375,398,341,241,232,266,312,347,385,400,409,439,447,475,513,524,490,485,466,522,501,456,420,380,397,424,391,439,391,310,337,380,349,424,393,466,511,504,536,544,550,547,529,491,529,520,445,466,447,416,393,354,335,385,358,363,368,347,386,357,394,299,260,261,257,266,182,197,154,156,132,146,96,98,321
W06000020,LA_2,Unitary Authority," 47,929 ",440,439,457,468,485,538,501,540,497,537,552,546,610,565,533,535,519,554,519,409,331,367,356,466,491,593,600,549,614,673,677,717,655,707,692,682,675,618,687,613,590,545,630,623,559,523,490,505,543,542,606,576,636,639,714,636,677,702,703,679,681,680,657,571,585,601,533,512,521,551,565,512,509,518,485,537,541,381,420,366,363,357,319,260,244,231,206,222,185,151,540
W06000021,LA_3,Unitary Authority," 48,240 ",384,405,419,387,426,423,429,425,464,428,489,490,499,508,515,542,536,475,435,296,221,329,365,402,380,388,488,404,465,521,499,501,506,486,533,523,577,529,535,526,593,542,584,560,538,539,498,508,583,576,648,715,782,680,732,822,789,813,815,843,790,775,721,692,652,621,677,619,615,628,629,655,622,657,607,619,684,595,523,478,482,458,364,348,308,303,279,251,230,185,860
W06000022,LA_4,Unitary Authority," 82,692 ",900,968,927,"1,002","1,028","1,015","1,069","1,067","1,043","1,021",992,"1,010","1,062","1,108","1,016","1,008",944,913,947,639,566,676,710,824,987,"1,027","1,057","1,104","1,197","1,220","1,265","1,367","1,439","1,305","1,230","1,394","1,300","1,272","1,205","1,171","1,094","1,181","1,094","1,042",994,904,951,943,891,952,"1,023",990,"1,102","1,009","1,078","1,165","1,120","1,132","1,108","1,100","1,026","1,067",920,961,916,841,791,748,695,790,702,673,640,727,723,721,774,585,616,504,500,500,438,398,377,328,327,273,223,203,837
