pcd8_TRIM,lat,long,LAD25CD,LAD25NM,CTYUA25CD,CTYUA25NM
AB1  0,57.101459,-2.242858,S12000033,Aberdeen City,S12000033,Aberdeen City
AB1  1,57.147625,-2.093861,S12000033,Aberdeen City,S12000033,Aberdeen City
AB1  2,57.145881,-2.095228,S12000033,Aberdeen City,S12000033,Aberdeen City
AB1  3,57.138105,-2.091144,S12000033,Aberdeen City,S12000033,Aberdeen City
AB1  4,57.128763,-2.090675,S12000033,Aberdeen City,S12000033,Aberdeen City
AB1  5,57.125984,-2.106805,S12000033,Aberdeen City,S12000033,Aberdeen City
AB1  6,57.136164,-2.11417,S12000033,Aberdeen City,S12000033,Aberdeen City
AB1  7,57.121139,-2.137773,S12000033,Aberdeen City,S12000033,Aberdeen City
AB1  8,57.137916,-2.156207,S12000033,Aberdeen City,S12000033,Aberdeen City
AB1  9,57.11279,-2.194803,S12000033,Aberdeen City,S12000033,Aberdeen City
AB10 1,57.148216,-2.096655,S12000033,Aberdeen City,S12000033,Aberdeen City
AB10 6,57.135562,-2.114333,S12000033,Aberdeen City,S12000033,Aberdeen City
AB10 7,57.121112,-2.13774,S12000033,Aberdeen City,S12000033,Aberdeen City
AB11 5,57.145881,-2.095228,S12000033,Aberdeen City,S12000033,Aberdeen City
AB11 6,57.143998,-2.103122,S12000033,Aberdeen City,S12000033,Aberdeen City
AB11 7,57.132235,-2.108029,S12000033,Aberdeen City,S12000033,Aberdeen City
AB11 8,57.129459,-2.084532,S12000033,Aberdeen City,S12000033,Aberdeen City
AB11 9,57.137674,-2.091622,S12000033,Aberdeen City,S12000033,Aberdeen City
AB12 3,57.098749,-2.093772,S12000033,Aberdeen City,S12000033,Aberdeen City
AB12 4,57.046582,-2.126602,S12000034,Aberdeenshire,S12000034,Aberdeenshire
AB12 5,57.126002,-2.106904,S12000033,Aberdeen City,S12000033,Aberdeen City
AB12 9,57.111325,-2.094001,S12000033,Aberdeen City,S12000033,Aberdeen City
AB13 0,57.100595,-2.24381,S12000033,Aberdeen City,S12000033,Aberdeen City
AB14 0,57.109804,-2.286003,S12000033,Aberdeen City,S12000033,Aberdeen City
AB15 4,57.144324,-2.129728,S12000033,Aberdeen City,S12000033,Aberdeen City
AB15 5,57.147533,-2.127739,S12000033,Aberdeen City,S12000033,Aberdeen City
AB15 6,57.141682,-2.154322,S12000033,Aberdeen City,S12000033,Aberdeen City
AB15 7,57.131644,-2.171362,S12000033,Aberdeen City,S12000033,Aberdeen City
AB15 8,57.137925,-2.156141,S12000033,Aberdeen City,S12000033,Aberdeen City
AB15 9,57.11279,-2.19482,S12000033,Aberdeen City,S12000033,Aberdeen City
AB16 5,57.153431,-2.147759,S12000033,Aberdeen City,S12000033,Aberdeen City
AB16 6,57.154262,-2.178854,S12000033,Aberdeen City,S12000033,Aberdeen City
AB16 7,57.164593,-2.142876,S12000033,Aberdeen City,S12000033,Aberdeen City
AB16 9,57.15303,-2.15941,S12000033,Aberdeen City,S12000033,Aberdeen City
AB2  0,57.209439,-2.18859,S12000033,Aberdeen City,S12000033,Aberdeen City
AB2  1,57.148166,-2.091714,S12000033,Aberdeen City,S12000033,Aberdeen City
AB2  2,57.16621,-2.116725,S12000033,Aberdeen City,S12000033,Aberdeen City
AB2  3,57.148757,-2.093831,S12000033,Aberdeen City,S12000033,Aberdeen City
AB2  4,57.144261,-2.130042,S12000033,Aberdeen City,S12000033,Aberdeen City
AB2  5,57.159824,-2.115878,S12000033,Aberdeen City,S12000033,Aberdeen City
AB2  6,57.141691,-2.154306,S12000033,Aberdeen City,S12000033,Aberdeen City
AB2  7,57.164593,-2.14286,S12000033,Aberdeen City,S12000033,Aberdeen City
AB2  8,57.176615,-2.123705,S12000033,Aberdeen City,S12000033,Aberdeen City
AB2  9,57.180541,-2.16244,S12000033,Aberdeen City,S12000033,Aberdeen City
AB21 0,57.260362,-2.156375,S12000034,Aberdeenshire,S12000034,Aberdeenshire
AB21 1,57.199797,-2.19089,S12000033,Aberdeen City,S12000033,Aberdeen City
AB21 7,57.209439,-2.188606,S12000033,Aberdeen City,S12000033,Aberdeen City
AB21 9,57.180541,-2.16244,S12000033,Aberdeen City,S12000033,Aberdeen City
AB22 8,57.176407,-2.12458,S12000033,Aberdeen City,S12000033,Aberdeen City
AB22 9,57.188455,-2.131752,S12000033,Aberdeen City,S12000033,Aberdeen City
AB23 8,57.185029,-2.096255,S12000033,Aberdeen City,S12000033,Aberdeen City
AB23 9,57.185029,-2.096255,S12000033,Aberdeen City,S12000033,Aberdeen City
AB24 1,57.167991,-2.092622,S12000033,Aberdeen City,S12000033,Aberdeen City
AB24 2,57.166291,-2.116841,S12000033,Aberdeen City,S12000033,Aberdeen City
AB24 3,57.165402,-2.105794,S12000033,Aberdeen City,S12000033,Aberdeen City
AB24 4,57.167374,-2.120201,S12000033,Aberdeen City,S12000033,Aberdeen City
AB24 5,57.148757,-2.093847,S12000033,Aberdeen City,S12000033,Aberdeen City
AB25 1,57.144519,-2.123432,S12000033,Aberdeen City,S12000033,Aberdeen City
AB25 2,57.148047,-2.115561,S12000033,Aberdeen City,S12000033,Aberdeen City
AB25 3,57.160518,-2.123237,S12000033,Aberdeen City,S12000033,Aberdeen City
AB25 9,57.159633,-2.117961,S12000033,Aberdeen City,S12000033,Aberdeen City
AB3  1,56.833824,-2.464426,S12000034,Aberdeenshire,S12000034,Aberdeenshire
AB3  2,56.964772,-2.207909,S12000034,Aberdeenshire,S12000034,Aberdeenshire
AB3  3,57.079174,-2.349046,S12000034,Aberdeenshire,S12000034,Aberdeenshire
AB3  4,57.054347,-2.514983,S12000034,Aberdeenshire,S12000034,Aberdeenshire
AB3  5,57.086812,-2.67746,S12000034,Aberdeenshire,S12000034,Aberdeenshire
AB3  6,57.156578,-2.290101,S12000034,Aberdeenshire,S12000034,Aberdeenshire
AB3  7,57.139994,-2.433886,S12000034,Aberdeenshire,S12000034,Aberdeenshire
AB3  8,57.231232,-2.699321,S12000034,Aberdeenshire,S12000034,Aberdeenshire
AB3  9,57.405484,-3.369044,S12000020,Moray,S12000020,Moray
AB30 1,56.833942,-2.464247,S12000034,Aberdeenshire,S12000034,Aberdeenshire
AB30 9,56.833436,-2.465011,S12000034,Aberdeenshire,S12000034,Aberdeenshire
AB31 3,57.079174,-2.349046,S12000034,Aberdeenshire,S12000034,Aberdeenshire
AB31 4,57.054587,-2.517789,S12000034,Aberdeenshire,S12000034,Aberdeenshire
AB31 5,57.079796,-2.348243,S12000034,Aberdeenshire,S12000034,Aberdeenshire
AB31 6,57.053394,-2.351342,S12000034,Aberdeenshire,S12000034,Aberdeenshire
AB31 9,57.05732,-2.485893,S12000034,Aberdeenshire,S12000034,Aberdeenshire
AB32 6,57.156919,-2.290038,S12000034,Aberdeenshire,S12000034,Aberdeenshire
AB32 7,57.140329,-2.433064,S12000034,Aberdeenshire,S12000034,Aberdeenshire
AB32 9,57.148532,-2.288831,S12000034,Aberdeenshire,S12000034,Aberdeenshire
AB33 8,57.231198,-2.699072,S12000034,Aberdeenshire,S12000034,Aberdeenshire
AB34 4,57.100176,-2.6422,S12000034,Aberdeenshire,S12000034,Aberdeenshire
AB34 5,57.085843,-2.673945,S12000034,Aberdeenshire,S12000034,Aberdeenshire
AB35 5,57.04821,-3.043668,S12000034,Aberdeenshire,S12000034,Aberdeenshire
AB36 8,57.196076,-3.03875,S12000034,Aberdeenshire,S12000034,Aberdeenshire
AB37 9,57.406653,-3.36228,S12000020,Moray,S12000020,Moray
AB38 7,57.526659,-3.210313,S12000020,Moray,S12000020,Moray
AB38 9,57.47061,-3.226367,S12000020,Moray,S12000020,Moray
AB39 2,56.964717,-2.208073,S12000034,Aberdeenshire,S12000034,Aberdeenshire
AB39 3,56.965535,-2.315189,S12000034,Aberdeenshire,S12000034,Aberdeenshire
AB39 8,57.032833,-2.175783,S12000034,Aberdeenshire,S12000034,Aberdeenshire
AB39 9,56.96523,-2.207895,S12000034,Aberdeenshire,S12000034,Aberdeenshire
AB4  0,57.324893,-2.000985,S12000034,Aberdeenshire,S12000034,Aberdeenshire
AB4  1,57.664707,-2.52042,S12000034,Aberdeenshire,S12000034,Aberdeenshire
AB4  2,57.656651,-2.614314,S12000034,Aberdeenshire,S12000034,Aberdeenshire
AB4  3,57.661833,-2.541831,S12000034,Aberdeenshire,S12000034,Aberdeenshire
AB4  4,57.678713,-2.016928,S12000034,Aberdeenshire,S12000034,Aberdeenshire
AB4  5,57.691289,-2.005696,S12000034,Aberdeenshire,S12000034,Aberdeenshire
AB4  6,57.505252,-1.779209,S12000034,Aberdeenshire,S12000034,Aberdeenshire
AB4  7,57.489028,-1.79949,S12000034,Aberdeenshire,S12000034,Aberdeenshire
AB4  8,57.482988,-2.000989,S12000034,Aberdeenshire,S12000034,Aberdeenshire
AB4  9,57.364395,-2.074131,S12000034,Aberdeenshire,S12000034,Aberdeenshire
AB41 0,57.325082,-2.00072,S12000034,Aberdeenshire,S12000034,Aberdeenshire
AB41 1,57.366518,-2.084027,S12000034,Aberdeenshire,S12000034,Aberdeenshire
AB41 6,57.325091,-2.001417,S12000034,Aberdeenshire,S12000034,Aberdeenshire
AB41 7,57.368824,-2.229775,S12000034,Aberdeenshire,S12000034,Aberdeenshire
AB41 8,57.374157,-2.062095,S12000034,Aberdeenshire,S12000034,Aberdeenshire
AB41 9,57.364521,-2.074214,S12000034,Aberdeenshire,S12000034,Aberdeenshire
AB42 0,57.423361,-1.916053,S12000034,Aberdeenshire,S12000034,Aberdeenshire
AB42 1,57.505714,-1.786432,S12000034,Aberdeenshire,S12000034,Aberdeenshire
AB42 2,57.506458,-1.802082,S12000034,Aberdeenshire,S12000034,Aberdeenshire
AB42 3,57.486095,-1.796771,S12000034,Aberdeenshire,S12000034,Aberdeenshire
AB42 4,57.530568,-2.009675,S12000034,Aberdeenshire,S12000034,Aberdeenshire
AB42 5,57.483428,-1.997887,S12000034,Aberdeenshire,S12000034,Aberdeenshire
AB42 6,57.505252,-1.779209,S12000034,Aberdeenshire,S12000034,Aberdeenshire
AB42 7,57.486095,-1.796771,S12000034,Aberdeenshire,S12000034,Aberdeenshire
AB42 8,57.483168,-2.000389,S12000034,Aberdeenshire,S12000034,Aberdeenshire
AB42 9,57.505714,-1.786432,S12000034,Aberdeenshire,S12000034,Aberdeenshire
AB43 1,57.691208,-2.005863,S12000034,Aberdeenshire,S12000034,Aberdeenshire
AB43 4,57.678173,-2.020952,S12000034,Aberdeenshire,S12000034,Aberdeenshire
AB43 5,57.691208,-2.005863,S12000034,Aberdeenshire,S12000034,Aberdeenshire
AB43 6,57.584709,-2.090051,S12000034,Aberdeenshire,S12000034,Aberdeenshire
AB43 7,57.676169,-2.028931,S12000034,Aberdeenshire,S12000034,Aberdeenshire
AB43 8,57.600636,-1.91021,S12000034,Aberdeenshire,S12000034,Aberdeenshire
AB43 9,57.69102,-2.00593,S12000034,Aberdeenshire,S12000034,Aberdeenshire
AB44 1,57.661927,-2.490162,S12000034,Aberdeenshire,S12000034,Aberdeenshire
AB45 1,57.664652,-2.520704,S12000034,Aberdeenshire,S12000034,Aberdeenshire
AB45 2,57.655567,-2.61567,S12000034,Aberdeenshire,S12000034,Aberdeenshire
AB45 3,57.659932,-2.545306,S12000034,Aberdeenshire,S12000034,Aberdeenshire
AB45 9,57.664652,-2.520704,S12000034,Aberdeenshire,S12000034,Aberdeenshire
AB5  0,57.334817,-2.319575,S12000034,Aberdeenshire,S12000034,Aberdeenshire
AB5  1,57.67172,-2.963443,S12000020,Moray,S12000020,Moray
AB5  2,57.666851,-2.965829,S12000020,Moray,S12000020,Moray
AB5  3,57.540582,-2.949958,S12000020,Moray,S12000020,Moray
AB5  4,57.445853,-3.130114,S12000020,Moray,S12000020,Moray
AB5  5,57.447572,-2.785754,S12000034,Aberdeenshire,S12000034,Aberdeenshire
AB5  6,57.431368,-2.747101,S12000034,Aberdeenshire,S12000034,Aberdeenshire
AB5  7,57.537752,-2.459648,S12000034,Aberdeenshire,S12000034,Aberdeenshire
AB5  8,57.532432,-2.465259,S12000034,Aberdeenshire,S12000034,Aberdeenshire
AB5  9,57.368062,-2.461514,S12000034,Aberdeenshire,S12000034,Aberdeenshire
AB51 0,57.33522,-2.319794,S12000034,Aberdeenshire,S12000034,Aberdeenshire
AB51 1,57.286936,-2.375712,S12000034,Aberdeenshire,S12000034,Aberdeenshire
AB51 3,57.283559,-2.390423,S12000034,Aberdeenshire,S12000034,Aberdeenshire
AB51 4,57.286936,-2.375712,S12000034,Aberdeenshire,S12000034,Aberdeenshire
AB51 5,57.367559,-2.463919,S12000034,Aberdeenshire,S12000034,Aberdeenshire
AB51 6,57.295957,-2.362944,S12000034,Aberdeenshire,S12000034,Aberdeenshire
AB51 7,57.189284,-2.494556,S12000034,Aberdeenshire,S12000034,Aberdeenshire
AB51 8,57.410264,-2.468636,S12000034,Aberdeenshire,S12000034,Aberdeenshire
AB51 9,57.368062,-2.461514,S12000034,Aberdeenshire,S12000034,Aberdeenshire
AB52 6,57.344386,-2.540055,S12000034,Aberdeenshire,S12000034,Aberdeenshire
AB53 4,57.537732,-2.460132,S12000034,Aberdeenshire,S12000034,Aberdeenshire
AB53 5,57.543882,-2.325547,S12000034,Aberdeenshire,S12000034,Aberdeenshire
AB53 6,57.514623,-2.19679,S12000034,Aberdeenshire,S12000034,Aberdeenshire
AB53 7,57.537813,-2.46015,S12000034,Aberdeenshire,S12000034,Aberdeenshire
AB53 8,57.532198,-2.465256,S12000034,Aberdeenshire,S12000034,Aberdeenshire
AB53 9,57.537286,-2.461847,S12000034,Aberdeenshire,S12000034,Aberdeenshire
AB54 4,57.431196,-2.745898,S12000034,Aberdeenshire,S12000034,Aberdeenshire
AB54 5,57.4477,-2.78529,S12000034,Aberdeenshire,S12000034,Aberdeenshire
AB54 6,57.431196,-2.745898,S12000034,Aberdeenshire,S12000034,Aberdeenshire
AB54 7,57.561817,-2.631787,S12000034,Aberdeenshire,S12000034,Aberdeenshire
AB54 8,57.447708,-2.785407,S12000034,Aberdeenshire,S12000034,Aberdeenshire
AB54 9,57.447708,-2.785407,S12000034,Aberdeenshire,S12000034,Aberdeenshire
AB55 3,57.540502,-2.949906,S12000020,Moray,S12000020,Moray
AB55 4,57.445776,-3.129645,S12000020,Moray,S12000020,Moray
AB55 5,57.540509,-2.95019,S12000020,Moray,S12000020,Moray
AB55 6,57.558331,-2.951356,S12000020,Moray,S12000020,Moray
AB56 1,57.671698,-2.962806,S12000020,Moray,S12000020,Moray
AB56 2,57.666851,-2.965829,S12000020,Moray,S12000020,Moray
AB56 4,57.667411,-2.961955,S12000020,Moray,S12000020,Moray
AB56 5,57.667129,-2.965836,S12000020,Moray,S12000020,Moray
AB56 9,57.677218,-2.961007,S12000020,Moray,S12000020,Moray
AB9  1,57.14415,-2.103651,S12000033,Aberdeen City,S12000033,Aberdeen City
AB9  2,57.145104,-2.101456,S12000033,Aberdeen City,S12000033,Aberdeen City
AB9  5,57.14573,-2.104432,S12000033,Aberdeen City,S12000033,Aberdeen City
AB9  6,57.157354,-2.115689,S12000033,Aberdeen City,S12000033,Aberdeen City
AB9  8,57.157354,-2.115689,S12000033,Aberdeen City,S12000033,Aberdeen City
AB99 8,57.111325,-2.094001,S12000033,Aberdeen City,S12000033,Aberdeen City
AL1  1,51.74909,-0.341314,E07000240,St Albans,E10000015,Hertfordshire
AL1  2,51.740797,-0.350077,E07000240,St Albans,E10000015,Hertfordshire
AL1  3,51.752888,-0.337684,E07000240,St Albans,E10000015,Hertfordshire
AL1  4,51.758492,-0.332174,E07000240,St Albans,E10000015,Hertfordshire
AL1  5,51.738272,-0.312846,E07000240,St Albans,E10000015,Hertfordshire
AL1  9,51.747655,-0.301949,E07000240,St Albans,E10000015,Hertfordshire
AL10 0,51.76427,-0.22623,E07000241,Welwyn Hatfield,E10000015,Hertfordshire
AL10 1,51.764314,-0.22617,E07000241,Welwyn Hatfield,E10000015,Hertfordshire
AL10 8,51.761427,-0.218401,E07000241,Welwyn Hatfield,E10000015,Hertfordshire
AL10 9,51.752901,-0.242859,E07000241,Welwyn Hatfield,E10000015,Hertfordshire
AL2  1,51.721108,-0.312341,E07000240,St Albans,E10000015,Hertfordshire
AL2  2,51.72309,-0.357033,E07000240,St Albans,E10000015,Hertfordshire
AL2  3,51.732619,-0.358122,E07000240,St Albans,E10000015,Hertfordshire
AL3  4,51.741019,-0.354385,E07000240,St Albans,E10000015,Hertfordshire
AL3  5,51.757975,-0.333744,E07000240,St Albans,E10000015,Hertfordshire
AL3  6,51.749072,-0.366928,E07000240,St Albans,E10000015,Hertfordshire
AL3  7,51.787887,-0.387564,E07000240,St Albans,E10000015,Hertfordshire
AL3  8,51.830797,-0.469654,E07000096,Dacorum,E10000015,Hertfordshire
AL4  0,51.740203,-0.305836,E07000240,St Albans,E10000015,Hertfordshire
AL4  8,51.812919,-0.293738,E07000240,St Albans,E10000015,Hertfordshire
AL4  9,51.761231,-0.306149,E07000240,St Albans,E10000015,Hertfordshire
AL5  1,51.811043,-0.33476,E07000240,St Albans,E10000015,Hertfordshire
AL5  2,51.793111,-0.354446,E07000240,St Albans,E10000015,Hertfordshire
AL5  3,51.820668,-0.370999,E07000240,St Albans,E10000015,Hertfordshire
AL5  4,51.814623,-0.353982,E07000240,St Albans,E10000015,Hertfordshire
AL5  5,51.820794,-0.338231,E07000240,St Albans,E10000015,Hertfordshire
AL5  9,51.814769,-0.353498,E07000240,St Albans,E10000015,Hertfordshire
AL6  0,51.815486,-0.178982,E07000242,East Hertfordshire,E10000015,Hertfordshire
AL6  9,51.809523,-0.229502,E07000241,Welwyn Hatfield,E10000015,Hertfordshire
AL7  1,51.804489,-0.195874,E07000241,Welwyn Hatfield,E10000015,Hertfordshire
AL7  2,51.797674,-0.181976,E07000241,Welwyn Hatfield,E10000015,Hertfordshire
AL7  3,51.795575,-0.200392,E07000241,Welwyn Hatfield,E10000015,Hertfordshire
AL7  4,51.785891,-0.171865,E07000241,Welwyn Hatfield,E10000015,Hertfordshire
AL7  9,51.804489,-0.195874,E07000241,Welwyn Hatfield,E10000015,Hertfordshire
AL8  6,51.802063,-0.207168,E07000241,Welwyn Hatfield,E10000015,Hertfordshire
AL8  7,51.812629,-0.200758,E07000241,Welwyn Hatfield,E10000015,Hertfordshire
AL9  5,51.764314,-0.22617,E07000241,Welwyn Hatfield,E10000015,Hertfordshire
AL9  6,51.767179,-0.142766,E07000242,East Hertfordshire,E10000015,Hertfordshire
AL9  7,51.722467,-0.186358,E07000241,Welwyn Hatfield,E10000015,Hertfordshire
B1   1,52.476674,-1.90353,E08000025,Birmingham,E08000025,Birmingham
B1   2,52.479938,-1.914905,E08000025,Birmingham,E08000025,Birmingham
B1   3,52.484171,-1.914396,E08000025,Birmingham,E08000025,Birmingham
B1   9,52.47857,-1.912979,E08000025,Birmingham,E08000025,Birmingham
B10  0,52.470086,-1.876297,E08000025,Birmingham,E08000025,Birmingham
B10  9,52.473266,-1.850672,E08000025,Birmingham,E08000025,Birmingham
B11  1,52.459527,-1.871381,E08000025,Birmingham,E08000025,Birmingham
B11  2,52.456269,-1.839191,E08000025,Birmingham,E08000025,Birmingham
B11  3,52.447826,-1.859394,E08000025,Birmingham,E08000025,Birmingham
B11  4,52.458537,-1.870412,E08000025,Birmingham,E08000025,Birmingham
B11  9,52.458716,-1.869691,E08000025,Birmingham,E08000025,Birmingham
B12  0,52.47291,-1.88599,E08000025,Birmingham,E08000025,Birmingham
B12  8,52.455821,-1.878323,E08000025,Birmingham,E08000025,Birmingham
B12  9,52.45484,-1.886257,E08000025,Birmingham,E08000025,Birmingham
B13  0,52.431759,-1.882198,E08000025,Birmingham,E08000025,Birmingham
B13  3,52.427533,-1.891092,E08000025,Birmingham,E08000025,Birmingham
B13  8,52.451013,-1.889033,E08000025,Birmingham,E08000025,Birmingham
B13  9,52.447142,-1.883923,E08000025,Birmingham,E08000025,Birmingham
B14  4,52.421552,-1.888812,E08000025,Birmingham,E08000025,Birmingham
B14  5,52.413607,-1.901034,E08000025,Birmingham,E08000025,Birmingham
B14  6,52.427292,-1.893004,E08000025,Birmingham,E08000025,Birmingham
B14  7,52.436164,-1.891659,E08000025,Birmingham,E08000025,Birmingham
B15  1,52.475514,-1.91456,E08000025,Birmingham,E08000025,Birmingham
B15  2,52.470719,-1.909844,E08000025,Birmingham,E08000025,Birmingham
B15  3,52.470827,-1.922239,E08000025,Birmingham,E08000025,Birmingham
B16  0,52.481595,-1.933366,E08000025,Birmingham,E08000025,Birmingham
B16  6,52.473358,-1.930228,E08000025,Birmingham,E08000025,Birmingham
B16  8,52.473189,-1.91957,E08000025,Birmingham,E08000025,Birmingham
B16  9,52.473116,-1.931907,E08000025,Birmingham,E08000025,Birmingham
B17  0,52.456327,-1.962159,E08000025,Birmingham,E08000025,Birmingham
B17  8,52.460721,-1.995226,E08000025,Birmingham,E08000025,Birmingham
B17  9,52.460042,-1.968631,E08000025,Birmingham,E08000025,Birmingham
B18  4,52.488115,-1.938098,E08000025,Birmingham,E08000025,Birmingham
B18  5,52.491667,-1.911775,E08000025,Birmingham,E08000025,Birmingham
B18  6,52.489894,-1.908597,E08000025,Birmingham,E08000025,Birmingham
B18  7,52.485456,-1.925497,E08000025,Birmingham,E08000025,Birmingham
B18  9,52.492639,-1.912907,E08000025,Birmingham,E08000025,Birmingham
B19  1,52.496345,-1.916022,E08000025,Birmingham,E08000025,Birmingham
B19  2,52.500826,-1.908575,E08000025,Birmingham,E08000025,Birmingham
B19  3,52.494389,-1.908632,E08000025,Birmingham,E08000025,Birmingham
B2   2,52.495968,-1.894209,E08000025,Birmingham,E08000025,Birmingham
B2   4,52.479074,-1.902318,E08000025,Birmingham,E08000025,Birmingham
B2   5,52.480895,-1.898353,E08000025,Birmingham,E08000025,Birmingham
B20  1,52.519559,-1.932808,E08000025,Birmingham,E08000025,Birmingham
B20  2,52.515417,-1.922263,E08000025,Birmingham,E08000025,Birmingham
B20  3,52.511858,-1.899711,E08000025,Birmingham,E08000025,Birmingham
B21  0,52.508801,-1.958696,E08000025,Birmingham,E08000025,Birmingham
B21  1,52.500079,-1.920434,E08000025,Birmingham,E08000025,Birmingham
B21  8,52.507178,-1.94616,E08000025,Birmingham,E08000025,Birmingham
B21  9,52.510353,-1.93263,E08000025,Birmingham,E08000025,Birmingham
B22  1,52.411739,-1.928824,E08000025,Birmingham,E08000025,Birmingham
B23  3,52.524865,-1.840679,E08000025,Birmingham,E08000025,Birmingham
B23  5,52.536079,-1.873147,E08000025,Birmingham,E08000025,Birmingham
B23  6,52.51958,-1.848333,E08000025,Birmingham,E08000025,Birmingham
B23  7,52.531614,-1.859893,E08000025,Birmingham,E08000025,Birmingham
B24  0,52.529352,-1.829091,E08000025,Birmingham,E08000025,Birmingham
B24  8,52.520778,-1.843568,E08000025,Birmingham,E08000025,Birmingham
B24  9,52.521996,-1.839997,E08000025,Birmingham,E08000025,Birmingham
B25  8,52.462594,-1.817591,E08000025,Birmingham,E08000025,Birmingham
B25  9,52.454958,-1.833869,E08000025,Birmingham,E08000025,Birmingham
B26  1,52.46231,-1.814045,E08000025,Birmingham,E08000025,Birmingham
B26  2,52.472072,-1.802742,E08000025,Birmingham,E08000025,Birmingham
B26  3,52.460392,-1.785927,E08000025,Birmingham,E08000025,Birmingham
B27  6,52.449433,-1.823781,E08000025,Birmingham,E08000025,Birmingham
B27  7,52.442343,-1.814187,E08000025,Birmingham,E08000025,Birmingham
B28  0,52.434375,-1.850214,E08000025,Birmingham,E08000025,Birmingham
B28  1,52.429098,-1.843628,E08000025,Birmingham,E08000025,Birmingham
B28  8,52.437168,-1.847733,E08000025,Birmingham,E08000025,Birmingham
B28  9,52.433165,-1.845952,E08000025,Birmingham,E08000025,Birmingham
B29  4,52.435907,-1.950232,E08000025,Birmingham,E08000025,Birmingham
B29  5,52.440091,-1.959481,E08000025,Birmingham,E08000025,Birmingham
B29  6,52.442535,-1.937764,E08000025,Birmingham,E08000025,Birmingham
B29  7,52.442594,-1.93085,E08000025,Birmingham,E08000025,Birmingham
B29  9,52.438282,-1.935799,E08000025,Birmingham,E08000025,Birmingham
B3   1,52.476674,-1.90353,E08000025,Birmingham,E08000025,Birmingham
B3   2,52.481661,-1.899735,E08000025,Birmingham,E08000025,Birmingham
B3   3,52.480594,-1.903183,E08000025,Birmingham,E08000025,Birmingham
B30  1,52.415175,-1.931877,E08000025,Birmingham,E08000025,Birmingham
B30  2,52.431142,-1.933132,E08000025,Birmingham,E08000025,Birmingham
B30  3,52.425069,-1.912127,E08000025,Birmingham,E08000025,Birmingham
B30  9,52.417179,-1.930139,E08000025,Birmingham,E08000025,Birmingham
B31  1,52.434189,-1.979358,E08000025,Birmingham,E08000025,Birmingham
B31  2,52.421186,-1.962703,E08000025,Birmingham,E08000025,Birmingham
B31  3,52.410243,-1.957067,E08000025,Birmingham,E08000025,Birmingham
B31  4,52.403898,-1.964304,E08000025,Birmingham,E08000025,Birmingham
B31  5,52.412666,-1.974383,E08000025,Birmingham,E08000025,Birmingham
B31  9,52.415381,-1.971147,E08000025,Birmingham,E08000025,Birmingham
B32  1,52.46179,-2.012887,E08000025,Birmingham,E08000025,Birmingham
B32  2,52.464119,-1.992149,E08000025,Birmingham,E08000025,Birmingham
B32  3,52.442228,-1.989387,E08000025,Birmingham,E08000025,Birmingham
B32  4,52.439387,-2.009865,E08000025,Birmingham,E08000025,Birmingham
B32  9,52.460721,-1.995226,E08000025,Birmingham,E08000025,Birmingham
B33  0,52.479785,-1.78199,E08000025,Birmingham,E08000025,Birmingham
B33  3,52.485746,-1.786864,E08000025,Birmingham,E08000025,Birmingham
B33  8,52.484884,-1.814657,E08000025,Birmingham,E08000025,Birmingham
B33  9,52.486651,-1.811616,E08000025,Birmingham,E08000025,Birmingham
B34  6,52.491114,-1.814085,E08000025,Birmingham,E08000025,Birmingham
B34  7,52.492011,-1.776921,E08000025,Birmingham,E08000025,Birmingham
B35  6,52.519751,-1.800095,E08000025,Birmingham,E08000025,Birmingham
B35  7,52.515198,-1.797876,E08000025,Birmingham,E08000025,Birmingham
B35  9,52.509779,-1.793628,E08000025,Birmingham,E08000025,Birmingham
B36  0,52.502492,-1.771505,E08000029,Solihull,E08000029,Solihull
B36  8,52.494173,-1.816223,E08000025,Birmingham,E08000025,Birmingham
B36  9,52.501522,-1.781086,E08000029,Solihull,E08000029,Solihull
B37  5,52.482178,-1.750731,E08000029,Solihull,E08000029,Solihull
B37  6,52.495093,-1.753029,E08000029,Solihull,E08000029,Solihull
B37  7,52.466431,-1.752131,E08000029,Solihull,E08000029,Solihull
B37  9,52.480323,-1.740891,E08000029,Solihull,E08000029,Solihull
B38  0,52.407281,-1.915954,E08000025,Birmingham,E08000025,Birmingham
B38  8,52.409662,-1.944851,E08000025,Birmingham,E08000025,Birmingham
B38  9,52.40559,-1.928202,E08000025,Birmingham,E08000025,Birmingham
B4   6,52.48262,-1.89642,E08000025,Birmingham,E08000025,Birmingham
B4   7,52.480443,-1.894953,E08000025,Birmingham,E08000025,Birmingham
B40  1,52.464587,-1.727472,E08000029,Solihull,E08000029,Solihull
B42  1,52.517615,-1.90294,E08000025,Birmingham,E08000025,Birmingham
B42  2,52.542755,-1.907942,E08000025,Birmingham,E08000025,Birmingham
B42  9,52.540094,-1.887438,E08000025,Birmingham,E08000025,Birmingham
B43  5,52.536611,-1.945668,E08000028,Sandwell,E08000028,Sandwell
B43  6,52.545722,-1.936941,E08000028,Sandwell,E08000028,Sandwell
B43  7,52.551709,-1.93649,E08000028,Sandwell,E08000028,Sandwell
B44  0,52.541756,-1.869297,E08000025,Birmingham,E08000025,Birmingham
B44  8,52.530335,-1.891856,E08000025,Birmingham,E08000025,Birmingham
B44  9,52.547986,-1.896428,E08000025,Birmingham,E08000025,Birmingham
B45  0,52.403614,-2.046984,E07000234,Bromsgrove,E10000034,Worcestershire
B45  5,52.385949,-2.0029,E08000025,Birmingham,E08000025,Birmingham
B45  8,52.37989,-1.995422,E07000234,Bromsgrove,E10000034,Worcestershire
B45  9,52.388542,-2.03458,E07000234,Bromsgrove,E10000034,Worcestershire
B46  1,52.499587,-1.709033,E07000218,North Warwickshire,E10000031,Warwickshire
B46  2,52.505681,-1.687188,E07000218,North Warwickshire,E10000031,Warwickshire
B46  3,52.499507,-1.705528,E07000218,North Warwickshire,E10000031,Warwickshire
B46  9,52.498159,-1.705787,E07000218,North Warwickshire,E10000031,Warwickshire
B47  5,52.396671,-1.882995,E07000234,Bromsgrove,E10000034,Worcestershire
B47  6,52.374314,-1.883861,E07000234,Bromsgrove,E10000034,Worcestershire
B48  7,52.371676,-1.960319,E07000234,Bromsgrove,E10000034,Worcestershire
B49  5,52.214002,-1.870214,E07000221,Stratford-on-Avon,E10000031,Warwickshire
B49  6,52.218753,-1.865311,E07000221,Stratford-on-Avon,E10000031,Warwickshire
B49  9,52.214002,-1.870038,E07000221,Stratford-on-Avon,E10000031,Warwickshire
B5   4,52.477491,-1.902233,E08000025,Birmingham,E08000025,Birmingham
B5   5,52.481535,-1.889443,E08000025,Birmingham,E08000025,Birmingham
B5   6,52.471861,-1.898933,E08000025,Birmingham,E08000025,Birmingham
B5   7,52.47294,-1.899107,E08000025,Birmingham,E08000025,Birmingham
B50  4,52.165337,-1.854652,E07000221,Stratford-on-Avon,E10000031,Warwickshire
B6   4,52.495968,-1.894209,E08000025,Birmingham,E08000025,Birmingham
B6   5,52.499765,-1.887998,E08000025,Birmingham,E08000025,Birmingham
B6   6,52.505161,-1.90064,E08000025,Birmingham,E08000025,Birmingham
B6   7,52.529941,-1.884486,E08000025,Birmingham,E08000025,Birmingham
B6   9,52.495968,-1.894209,E08000025,Birmingham,E08000025,Birmingham
B60  1,52.340385,-2.050646,E07000234,Bromsgrove,E10000034,Worcestershire
B60  2,52.330887,-2.06013,E07000234,Bromsgrove,E10000034,Worcestershire
B60  3,52.327917,-2.017117,E07000234,Bromsgrove,E10000034,Worcestershire
B60  4,52.299972,-2.073241,E07000234,Bromsgrove,E10000034,Worcestershire
B60  9,52.319247,-2.056711,E07000234,Bromsgrove,E10000034,Worcestershire
B61  0,52.319247,-2.056711,E07000234,Bromsgrove,E10000034,Worcestershire
B61  7,52.333537,-2.062555,E07000234,Bromsgrove,E10000034,Worcestershire
B61  8,52.348884,-2.062871,E07000234,Bromsgrove,E10000034,Worcestershire
B61  9,52.337483,-2.080011,E07000234,Bromsgrove,E10000034,Worcestershire
B62  0,52.448716,-2.028038,E08000027,Dudley,E08000027,Dudley
B62  2,52.46892,-2.045819,E08000027,Dudley,E08000027,Dudley
B62  8,52.460594,-2.048607,E08000027,Dudley,E08000027,Dudley
B62  9,52.462228,-2.026546,E08000027,Dudley,E08000027,Dudley
B63  1,52.446316,-2.069925,E08000027,Dudley,E08000027,Dudley
B63  2,52.45656,-2.076872,E08000027,Dudley,E08000027,Dudley
B63  3,52.448843,-2.050697,E08000027,Dudley,E08000027,Dudley
B63  4,52.449652,-2.051184,E08000027,Dudley,E08000027,Dudley
B64  5,52.470974,-2.085671,E08000028,Sandwell,E08000028,Sandwell
B64  6,52.469616,-2.087023,E08000028,Sandwell,E08000028,Sandwell
B64  7,52.468518,-2.088493,E08000028,Sandwell,E08000028,Sandwell
B65  0,52.476138,-2.048109,E08000028,Sandwell,E08000028,Sandwell
B65  8,52.476788,-2.041558,E08000028,Sandwell,E08000028,Sandwell
B65  9,52.488139,-2.049874,E08000028,Sandwell,E08000028,Sandwell
B66  1,52.496435,-1.972642,E08000028,Sandwell,E08000028,Sandwell
B66  2,52.496991,-1.968561,E08000028,Sandwell,E08000028,Sandwell
B66  3,52.49532,-1.970492,E08000028,Sandwell,E08000028,Sandwell
B66  4,52.476944,-1.969091,E08000028,Sandwell,E08000028,Sandwell
B67  5,52.479632,-1.971459,E08000028,Sandwell,E08000028,Sandwell
B67  6,52.492281,-1.969257,E08000028,Sandwell,E08000028,Sandwell
B67  7,52.495086,-1.97195,E08000028,Sandwell,E08000028,Sandwell
B67  9,52.495203,-1.971818,E08000028,Sandwell,E08000028,Sandwell
B68  0,52.466338,-1.982346,E08000028,Sandwell,E08000028,Sandwell
B68  8,52.480714,-2.015411,E08000028,Sandwell,E08000028,Sandwell
B68  9,52.481928,-1.995533,E08000028,Sandwell,E08000028,Sandwell
B69  1,52.509171,-2.058091,E08000028,Sandwell,E08000028,Sandwell
B69  2,52.505085,-2.017114,E08000028,Sandwell,E08000028,Sandwell
B69  3,52.504492,-2.015729,E08000028,Sandwell,E08000028,Sandwell
B69  4,52.504007,-2.009055,E08000028,Sandwell,E08000028,Sandwell
B69  9,52.504007,-2.009055,E08000028,Sandwell,E08000028,Sandwell
B7   4,52.492704,-1.884172,E08000025,Birmingham,E08000025,Birmingham
B7   5,52.495968,-1.894209,E08000025,Birmingham,E08000025,Birmingham
B70  0,52.526967,-2.017182,E08000028,Sandwell,E08000028,Sandwell
B70  1,52.515056,-1.996252,E08000028,Sandwell,E08000028,Sandwell
B70  6,52.51555,-1.990313,E08000028,Sandwell,E08000028,Sandwell
B70  7,52.518275,-1.995751,E08000028,Sandwell,E08000028,Sandwell
B70  8,52.520495,-1.998477,E08000028,Sandwell,E08000028,Sandwell
B70  9,52.523687,-1.998934,E08000028,Sandwell,E08000028,Sandwell
B71  1,52.533818,-1.987155,E08000028,Sandwell,E08000028,Sandwell
B71  2,52.541072,-2.010641,E08000028,Sandwell,E08000028,Sandwell
B71  3,52.535651,-1.984516,E08000028,Sandwell,E08000028,Sandwell
B71  4,52.51973,-1.985243,E08000028,Sandwell,E08000028,Sandwell
B72  1,52.561721,-1.825779,E08000025,Birmingham,E08000025,Birmingham
B73  5,52.544105,-1.85565,E08000025,Birmingham,E08000025,Birmingham
B73  6,52.56384,-1.824311,E08000025,Birmingham,E08000025,Birmingham
B73  9,52.568657,-1.82916,E08000025,Birmingham,E08000025,Birmingham
B74  2,52.563525,-1.882494,E08000025,Birmingham,E08000025,Birmingham
B74  3,52.590319,-1.868533,E07000194,Lichfield,E10000028,Staffordshire
B74  4,52.587296,-1.83139,E08000025,Birmingham,E08000025,Birmingham
B75  5,52.582625,-1.827689,E08000025,Birmingham,E08000025,Birmingham
B75  6,52.567061,-1.808276,E08000025,Birmingham,E08000025,Birmingham
B75  7,52.562356,-1.817826,E08000025,Birmingham,E08000025,Birmingham
B76  0,52.528127,-1.73038,E07000218,North Warwickshire,E10000031,Warwickshire
B76  1,52.569081,-1.83,E08000025,Birmingham,E08000025,Birmingham
B76  2,52.533269,-1.778437,E08000025,Birmingham,E08000025,Birmingham
B76  8,52.533269,-1.778437,E08000025,Birmingham,E08000025,Birmingham
B76  9,52.540647,-1.776719,E08000025,Birmingham,E08000025,Birmingham
B77  1,52.629023,-1.687036,E07000199,Tamworth,E10000028,Staffordshire
B77  2,52.629476,-1.685111,E07000199,Tamworth,E10000028,Staffordshire
B77  3,52.636952,-1.657911,E07000199,Tamworth,E10000028,Staffordshire
B77  4,52.63654,-1.655107,E07000199,Tamworth,E10000028,Staffordshire
B77  5,52.609978,-1.685399,E07000199,Tamworth,E10000028,Staffordshire
B77  9,52.628182,-1.685195,E07000199,Tamworth,E10000028,Staffordshire
B78  1,52.613411,-1.631688,E07000218,North Warwickshire,E10000031,Warwickshire
B78  2,52.597287,-1.730563,E07000194,Lichfield,E10000028,Staffordshire
B78  3,52.64125,-1.735731,E07000194,Lichfield,E10000028,Staffordshire
B79  0,52.654277,-1.674599,E07000194,Lichfield,E10000028,Staffordshire
B79  7,52.633374,-1.694097,E07000199,Tamworth,E10000028,Staffordshire
B79  8,52.639819,-1.693801,E07000199,Tamworth,E10000028,Staffordshire
B79  9,52.651019,-1.70401,E07000194,Lichfield,E10000028,Staffordshire
B8   1,52.482656,-1.861537,E08000025,Birmingham,E08000025,Birmingham
B8   2,52.488427,-1.826792,E08000025,Birmingham,E08000025,Birmingham
B8   3,52.485083,-1.846906,E08000025,Birmingham,E08000025,Birmingham
B80  7,52.274015,-1.889003,E07000221,Stratford-on-Avon,E10000031,Warwickshire
B9   4,52.475443,-1.884158,E08000025,Birmingham,E08000025,Birmingham
B9   5,52.475043,-1.855583,E08000025,Birmingham,E08000025,Birmingham
B9   9,52.477997,-1.851952,E08000025,Birmingham,E08000025,Birmingham
B90  1,52.403165,-1.845982,E08000029,Solihull,E08000029,Solihull
B90  2,52.403931,-1.827503,E08000029,Solihull,E08000029,Solihull
B90  3,52.408091,-1.825723,E08000029,Solihull,E08000029,Solihull
B90  4,52.4043,-1.822019,E08000029,Solihull,E08000029,Solihull
B90  8,52.377513,-1.791027,E08000029,Solihull,E08000029,Solihull
B90  9,52.408118,-1.825943,E08000029,Solihull,E08000029,Solihull
B91  1,52.416684,-1.781786,E08000029,Solihull,E08000029,Solihull
B91  2,52.415876,-1.777467,E08000029,Solihull,E08000029,Solihull
B91  3,52.413697,-1.775317,E08000029,Solihull,E08000029,Solihull
B91  9,52.413696,-1.775229,E08000029,Solihull,E08000029,Solihull
B92  0,52.425222,-1.702184,E08000029,Solihull,E08000029,Solihull
B92  7,52.430396,-1.798221,E08000029,Solihull,E08000029,Solihull
B92  8,52.43485,-1.795347,E08000029,Solihull,E08000029,Solihull
B92  9,52.449175,-1.77755,E08000029,Solihull,E08000029,Solihull
B93  0,52.390137,-1.717907,E08000029,Solihull,E08000029,Solihull
B93  3,52.388948,-1.736532,E08000029,Solihull,E08000029,Solihull
B93  8,52.381632,-1.754279,E08000029,Solihull,E08000029,Solihull
B93  9,52.388179,-1.764073,E08000029,Solihull,E08000029,Solihull
B94  5,52.342282,-1.813151,E07000221,Stratford-on-Avon,E10000031,Warwickshire
B94  6,52.364882,-1.830341,E07000221,Stratford-on-Avon,E10000031,Warwickshire
B95  5,52.296021,-1.778212,E07000221,Stratford-on-Avon,E10000031,Warwickshire
B95  6,52.28329,-1.792641,E07000221,Stratford-on-Avon,E10000031,Warwickshire
B95  8,52.294003,-1.781037,E07000221,Stratford-on-Avon,E10000031,Warwickshire
B96  6,52.259,-1.93755,E07000236,Redditch,E10000034,Worcestershire
B97  4,52.307416,-1.942747,E07000236,Redditch,E10000034,Worcestershire
B97  5,52.294772,-1.953995,E07000236,Redditch,E10000034,Worcestershire
B97  6,52.3119,-1.937607,E07000236,Redditch,E10000034,Worcestershire
B97  9,52.311873,-1.937622,E07000236,Redditch,E10000034,Worcestershire
B98  0,52.293491,-1.891638,E07000236,Redditch,E10000034,Worcestershire
B98  7,52.304896,-1.936576,E07000236,Redditch,E10000034,Worcestershire
B98  8,52.306606,-1.940973,E07000236,Redditch,E10000034,Worcestershire
B98  9,52.31642,-1.906647,E07000236,Redditch,E10000034,Worcestershire
B99  1,52.495968,-1.894209,E08000025,Birmingham,E08000025,Birmingham
BA1  0,51.378846,-2.35556,E06000022,Bath and North East Somerset,E06000022,Bath and North East Somerset
BA1  1,51.378846,-2.35556,E06000022,Bath and North East Somerset,E06000022,Bath and North East Somerset
BA1  2,51.381464,-2.363642,E06000022,Bath and North East Somerset,E06000022,Bath and North East Somerset
BA1  3,51.383602,-2.370024,E06000022,Bath and North East Somerset,E06000022,Bath and North East Somerset
BA1  4,51.392289,-2.38668,E06000022,Bath and North East Somerset,E06000022,Bath and North East Somerset
BA1  5,51.381694,-2.359174,E06000022,Bath and North East Somerset,E06000022,Bath and North East Somerset
BA1  6,51.390264,-2.355951,E06000022,Bath and North East Somerset,E06000022,Bath and North East Somerset
BA1  7,51.403455,-2.328178,E06000022,Bath and North East Somerset,E06000022,Bath and North East Somerset
BA1  8,51.416305,-2.346619,E06000022,Bath and North East Somerset,E06000022,Bath and North East Somerset
BA1  9,51.398284,-2.405978,E06000022,Bath and North East Somerset,E06000022,Bath and North East Somerset
BA10 0,51.112261,-2.45388,E06000066,Somerset,E06000066,Somerset
BA11 1,51.231621,-2.321194,E06000066,Somerset,E06000066,Somerset
BA11 2,51.236448,-2.321916,E06000066,Somerset,E06000066,Somerset
BA11 3,51.232711,-2.324023,E06000066,Somerset,E06000066,Somerset
BA11 4,51.225204,-2.326806,E06000066,Somerset,E06000066,Somerset
BA11 5,51.223357,-2.321623,E06000066,Somerset,E06000066,Somerset
BA11 6,51.277153,-2.280654,E06000066,Somerset,E06000066,Somerset
BA11 9,51.234284,-2.333903,E06000066,Somerset,E06000066,Somerset
BA12 0,51.209472,-2.179717,E06000054,Wiltshire,E06000054,Wiltshire
BA12 2,51.204312,-2.178365,E06000054,Wiltshire,E06000054,Wiltshire
BA12 6,51.072088,-2.222645,E06000054,Wiltshire,E06000054,Wiltshire
BA12 7,51.16773,-2.106296,E06000054,Wiltshire,E06000054,Wiltshire
BA12 8,51.180444,-2.20793,E06000054,Wiltshire,E06000054,Wiltshire
BA12 9,51.206317,-2.17853,E06000054,Wiltshire,E06000054,Wiltshire
BA13 2,51.257579,-2.196643,E06000054,Wiltshire,E06000054,Wiltshire
BA13 3,51.266858,-2.185775,E06000054,Wiltshire,E06000054,Wiltshire
BA13 4,51.238755,-2.23256,E06000054,Wiltshire,E06000054,Wiltshire
BA13 9,51.270277,-2.205972,E06000054,Wiltshire,E06000054,Wiltshire
BA14 0,51.317325,-2.214822,E06000054,Wiltshire,E06000054,Wiltshire
BA14 4,51.320795,-2.205309,E06000054,Wiltshire,E06000054,Wiltshire
BA14 6,51.294346,-2.192068,E06000054,Wiltshire,E06000054,Wiltshire
BA14 7,51.315691,-2.208745,E06000054,Wiltshire,E06000054,Wiltshire
BA14 8,51.320569,-2.206126,E06000054,Wiltshire,E06000054,Wiltshire
BA14 9,51.318964,-2.21338,E06000054,Wiltshire,E06000054,Wiltshire
BA15 1,51.347487,-2.249208,E06000054,Wiltshire,E06000054,Wiltshire
BA15 2,51.33636,-2.251172,E06000054,Wiltshire,E06000054,Wiltshire
BA15 5,51.336378,-2.251114,E06000054,Wiltshire,E06000054,Wiltshire
BA16 0,51.130733,-2.734729,E06000066,Somerset,E06000066,Somerset
BA16 9,51.124034,-2.776447,E06000066,Somerset,E06000066,Somerset
BA2  0,51.33663,-2.481042,E06000022,Bath and North East Somerset,E06000022,Bath and North East Somerset
BA2  1,51.375929,-2.38229,E06000022,Bath and North East Somerset,E06000022,Bath and North East Somerset
BA2  2,51.373057,-2.366707,E06000022,Bath and North East Somerset,E06000022,Bath and North East Somerset
BA2  3,51.373171,-2.370199,E06000022,Bath and North East Somerset,E06000022,Bath and North East Somerset
BA2  4,51.380193,-2.356203,E06000022,Bath and North East Somerset,E06000022,Bath and North East Somerset
BA2  5,51.362814,-2.346473,E06000022,Bath and North East Somerset,E06000022,Bath and North East Somerset
BA2  6,51.376247,-2.352638,E06000022,Bath and North East Somerset,E06000022,Bath and North East Somerset
BA2  7,51.36257,-2.337423,E06000022,Bath and North East Somerset,E06000022,Bath and North East Somerset
BA2  8,51.316204,-2.434123,E06000022,Bath and North East Somerset,E06000022,Bath and North East Somerset
BA2  9,51.391488,-2.440325,E06000022,Bath and North East Somerset,E06000022,Bath and North East Somerset
BA20 1,50.941519,-2.639336,E06000066,Somerset,E06000066,Somerset
BA20 2,50.938055,-2.639587,E06000066,Somerset,E06000066,Somerset
BA20 9,50.941529,-2.639066,E06000066,Somerset,E06000066,Somerset
BA21 3,50.946265,-2.63812,E06000066,Somerset,E06000066,Somerset
BA21 4,50.946543,-2.636487,E06000066,Somerset,E06000066,Somerset
BA21 5,50.945644,-2.618112,E06000066,Somerset,E06000066,Somerset
BA22 7,51.070387,-2.520396,E06000066,Somerset,E06000066,Somerset
BA22 8,51.000165,-2.548154,E06000066,Somerset,E06000066,Somerset
BA22 9,50.926446,-2.668441,E06000066,Somerset,E06000066,Somerset
BA3  1,51.336639,-2.481028,E06000022,Bath and North East Somerset,E06000022,Bath and North East Somerset
BA3  2,51.291345,-2.466013,E06000022,Bath and North East Somerset,E06000022,Bath and North East Somerset
BA3  3,51.292808,-2.448015,E06000022,Bath and North East Somerset,E06000022,Bath and North East Somerset
BA3  4,51.291464,-2.446783,E06000022,Bath and North East Somerset,E06000022,Bath and North East Somerset
BA3  5,51.235063,-2.505234,E06000066,Somerset,E06000066,Somerset
BA3  6,51.323829,-2.329403,E06000022,Bath and North East Somerset,E06000022,Bath and North East Somerset
BA3  9,51.291455,-2.446783,E06000022,Bath and North East Somerset,E06000022,Bath and North East Somerset
BA4  4,51.174734,-2.624407,E06000066,Somerset,E06000066,Somerset
BA4  5,51.190248,-2.546785,E06000066,Somerset,E06000066,Somerset
BA4  6,51.151046,-2.44408,E06000066,Somerset,E06000066,Somerset
BA4  9,51.190759,-2.547077,E06000066,Somerset,E06000066,Somerset
BA5  1,51.216178,-2.663926,E06000066,Somerset,E06000066,Somerset
BA5  2,51.208804,-2.646355,E06000066,Somerset,E06000066,Somerset
BA5  3,51.221415,-2.637453,E06000066,Somerset,E06000066,Somerset
BA5  9,51.206407,-2.653665,E06000066,Somerset,E06000066,Somerset
BA6  0,51.148246,-2.714991,E06000066,Somerset,E06000066,Somerset
BA6  8,51.138346,-2.735293,E06000066,Somerset,E06000066,Somerset
BA6  9,51.157586,-2.711103,E06000066,Somerset,E06000066,Somerset
BA7  7,51.089801,-2.514302,E06000066,Somerset,E06000066,Somerset
BA8  0,51.027293,-2.461234,E06000066,Somerset,E06000066,Somerset
BA9  0,51.057347,-2.409923,E06000066,Somerset,E06000066,Somerset
BA9  8,51.049812,-2.419871,E06000066,Somerset,E06000066,Somerset
BA9  9,51.055713,-2.411692,E06000066,Somerset,E06000066,Somerset
BB0  1,53.753464,-2.464231,E06000008,Blackburn with Darwen,E06000008,Blackburn with Darwen
BB1  1,53.749214,-2.482184,E06000008,Blackburn with Darwen,E06000008,Blackburn with Darwen
BB1  2,53.749025,-2.456873,E06000008,Blackburn with Darwen,E06000008,Blackburn with Darwen
BB1  3,53.748387,-2.463978,E06000008,Blackburn with Darwen,E06000008,Blackburn with Darwen
BB1  4,53.770563,-2.460961,E06000008,Blackburn with Darwen,E06000008,Blackburn with Darwen
BB1  5,53.746897,-2.481566,E06000008,Blackburn with Darwen,E06000008,Blackburn with Darwen
BB1  6,53.742938,-2.484901,E06000008,Blackburn with Darwen,E06000008,Blackburn with Darwen
BB1  7,53.749208,-2.4837,E06000008,Blackburn with Darwen,E06000008,Blackburn with Darwen
BB1  8,53.751678,-2.486155,E06000008,Blackburn with Darwen,E06000008,Blackburn with Darwen
BB1  9,53.76739,-2.479131,E06000008,Blackburn with Darwen,E06000008,Blackburn with Darwen
BB10 1,53.796531,-2.242955,E07000117,Burnley,E10000017,Lancashire
BB10 2,53.811562,-2.236634,E07000117,Burnley,E10000017,Lancashire
BB10 3,53.794199,-2.231177,E07000117,Burnley,E10000017,Lancashire
BB10 4,53.785893,-2.232011,E07000117,Burnley,E10000017,Lancashire
BB11 1,53.790889,-2.241632,E07000117,Burnley,E10000017,Lancashire
BB11 2,53.795647,-2.240066,E07000117,Burnley,E10000017,Lancashire
BB11 3,53.788482,-2.236397,E07000117,Burnley,E10000017,Lancashire
BB11 4,53.788709,-2.256813,E07000117,Burnley,E10000017,Lancashire
BB11 5,53.785477,-2.283202,E07000117,Burnley,E10000017,Lancashire
BB11 9,53.790944,-2.240889,E07000117,Burnley,E10000017,Lancashire
BB12 0,53.796662,-2.248937,E07000117,Burnley,E10000017,Lancashire
BB12 6,53.793807,-2.28388,E07000117,Burnley,E10000017,Lancashire
BB12 7,53.78462,-2.313504,E07000117,Burnley,E10000017,Lancashire
BB12 8,53.796,-2.272555,E07000117,Burnley,E10000017,Lancashire
BB12 9,53.809301,-2.316696,E07000117,Burnley,E10000017,Lancashire
BB18 5,53.916403,-2.187063,E07000122,Pendle,E10000017,Lancashire
BB18 6,53.916544,-2.183211,E07000122,Pendle,E10000017,Lancashire
BB18 9,53.920014,-2.182572,E07000122,Pendle,E10000017,Lancashire
BB2  1,53.749763,-2.48636,E06000008,Blackburn with Darwen,E06000008,Blackburn with Darwen
BB2  2,53.745313,-2.484322,E06000008,Blackburn with Darwen,E06000008,Blackburn with Darwen
BB2  3,53.72627,-2.465628,E06000008,Blackburn with Darwen,E06000008,Blackburn with Darwen
BB2  4,53.738731,-2.489583,E06000008,Blackburn with Darwen,E06000008,Blackburn with Darwen
BB2  5,53.726975,-2.523502,E06000008,Blackburn with Darwen,E06000008,Blackburn with Darwen
BB2  6,53.751522,-2.487063,E06000008,Blackburn with Darwen,E06000008,Blackburn with Darwen
BB2  7,53.753326,-2.511319,E06000008,Blackburn with Darwen,E06000008,Blackburn with Darwen
BB2  9,53.742947,-2.484902,E06000008,Blackburn with Darwen,E06000008,Blackburn with Darwen
BB3  0,53.709616,-2.481245,E06000008,Blackburn with Darwen,E06000008,Blackburn with Darwen
BB3  1,53.696359,-2.469932,E06000008,Blackburn with Darwen,E06000008,Blackburn with Darwen
BB3  2,53.694657,-2.466187,E06000008,Blackburn with Darwen,E06000008,Blackburn with Darwen
BB3  3,53.699357,-2.459211,E06000008,Blackburn with Darwen,E06000008,Blackburn with Darwen
BB3  9,53.695026,-2.468206,E06000008,Blackburn with Darwen,E06000008,Blackburn with Darwen
BB4  0,53.702021,-2.284442,E07000125,Rossendale,E10000017,Lancashire
BB4  4,53.697607,-2.327108,E07000125,Rossendale,E10000017,Lancashire
BB4  5,53.709297,-2.325047,E07000125,Rossendale,E10000017,Lancashire
BB4  6,53.70017,-2.287959,E07000125,Rossendale,E10000017,Lancashire
BB4  7,53.688027,-2.247945,E07000125,Rossendale,E10000017,Lancashire
BB4  8,53.724556,-2.287322,E07000125,Rossendale,E10000017,Lancashire
BB4  9,53.692734,-2.253637,E07000125,Rossendale,E10000017,Lancashire
BB5  0,53.753543,-2.369097,E07000120,Hyndburn,E10000017,Lancashire
BB5  1,53.754371,-2.362841,E07000120,Hyndburn,E10000017,Lancashire
BB5  2,53.751472,-2.358646,E07000120,Hyndburn,E10000017,Lancashire
BB5  3,53.744379,-2.38797,E07000120,Hyndburn,E10000017,Lancashire
BB5  4,53.756784,-2.381942,E07000120,Hyndburn,E10000017,Lancashire
BB5  5,53.761676,-2.369457,E07000120,Hyndburn,E10000017,Lancashire
BB5  6,53.755682,-2.366159,E07000120,Hyndburn,E10000017,Lancashire
BB5  9,53.753716,-2.362547,E07000120,Hyndburn,E10000017,Lancashire
BB6  7,53.784378,-2.406112,E07000120,Hyndburn,E10000017,Lancashire
BB6  8,53.807183,-2.443444,E07000124,Ribble Valley,E10000017,Lancashire
BB6  9,53.824438,-2.405755,E07000124,Ribble Valley,E10000017,Lancashire
BB7  0,53.874514,-2.393845,E07000124,Ribble Valley,E10000017,Lancashire
BB7  1,53.872216,-2.390082,E07000124,Ribble Valley,E10000017,Lancashire
BB7  2,53.874266,-2.389797,E07000124,Ribble Valley,E10000017,Lancashire
BB7  3,53.915043,-2.42976,E07000124,Ribble Valley,E10000017,Lancashire
BB7  4,53.891447,-2.356284,E07000124,Ribble Valley,E10000017,Lancashire
BB7  9,53.824321,-2.405845,E07000124,Ribble Valley,E10000017,Lancashire
BB8  0,53.856495,-2.171957,E07000122,Pendle,E10000017,Lancashire
BB8  5,53.916448,-2.187093,E07000122,Pendle,E10000017,Lancashire
BB8  6,53.916499,-2.183348,E07000122,Pendle,E10000017,Lancashire
BB8  7,53.861414,-2.142936,E07000122,Pendle,E10000017,Lancashire
BB8  8,53.853385,-2.178769,E07000122,Pendle,E10000017,Lancashire
BB8  9,53.857005,-2.17357,E07000122,Pendle,E10000017,Lancashire
BB9  0,53.832885,-2.215574,E07000122,Pendle,E10000017,Lancashire
BB9  4,53.83413,-2.218087,E07000122,Pendle,E10000017,Lancashire
BB9  5,53.822947,-2.233675,E07000122,Pendle,E10000017,Lancashire
BB9  6,53.856954,-2.211289,E07000122,Pendle,E10000017,Lancashire
BB9  7,53.834967,-2.217423,E07000122,Pendle,E10000017,Lancashire
BB9  8,53.839702,-2.203406,E07000122,Pendle,E10000017,Lancashire
BB9  9,53.833774,-2.216323,E07000122,Pendle,E10000017,Lancashire
BB94 0,53.915257,-2.138036,E07000122,Pendle,E10000017,Lancashire
BD1  1,53.796034,-1.750602,E08000032,Bradford,E08000032,Bradford
BD1  2,53.793723,-1.754699,E08000032,Bradford,E08000032,Bradford
BD1  3,53.797324,-1.761905,E08000032,Bradford,E08000032,Bradford
BD1  4,53.798084,-1.750985,E08000032,Bradford,E08000032,Bradford
BD1  5,53.792836,-1.746932,E08000032,Bradford,E08000032,Bradford
BD1  9,53.802228,-1.75588,E08000032,Bradford,E08000032,Bradford
BD10 0,53.843674,-1.735502,E08000032,Bradford,E08000032,Bradford
BD10 8,53.819983,-1.728071,E08000032,Bradford,E08000032,Bradford
BD10 9,53.842908,-1.730552,E08000032,Bradford,E08000032,Bradford
BD11 1,53.755895,-1.659415,E08000035,Leeds,E08000035,Leeds
BD11 2,53.751694,-1.694814,E08000034,Kirklees,E08000034,Kirklees
BD12 0,53.756735,-1.766745,E08000032,Bradford,E08000032,Bradford
BD12 7,53.747533,-1.741275,E08000032,Bradford,E08000032,Bradford
BD12 8,53.742375,-1.768098,E08000032,Bradford,E08000032,Bradford
BD12 9,53.73162,-1.774932,E08000032,Bradford,E08000032,Bradford
BD13 1,53.770268,-1.842361,E08000032,Bradford,E08000032,Bradford
BD13 2,53.768009,-1.84733,E08000032,Bradford,E08000032,Bradford
BD13 3,53.790638,-1.838323,E08000032,Bradford,E08000032,Bradford
BD13 4,53.801165,-1.896934,E08000032,Bradford,E08000032,Bradford
BD13 5,53.827067,-1.896537,E08000032,Bradford,E08000032,Bradford
BD13 9,53.794338,-1.811288,E08000032,Bradford,E08000032,Bradford
BD14 6,53.781775,-1.818371,E08000032,Bradford,E08000032,Bradford
BD15 0,53.82358,-1.861013,E08000032,Bradford,E08000032,Bradford
BD15 7,53.803319,-1.812812,E08000032,Bradford,E08000032,Bradford
BD15 8,53.802308,-1.834225,E08000032,Bradford,E08000032,Bradford
BD15 9,53.811186,-1.853765,E08000032,Bradford,E08000032,Bradford
BD16 1,53.845803,-1.835953,E08000032,Bradford,E08000032,Bradford
BD16 2,53.858669,-1.845983,E08000032,Bradford,E08000032,Bradford
BD16 3,53.865608,-1.832759,E08000032,Bradford,E08000032,Bradford
BD16 4,53.856103,-1.829148,E08000032,Bradford,E08000032,Bradford
BD16 9,53.802651,-1.755847,E08000032,Bradford,E08000032,Bradford
BD17 5,53.850246,-1.771728,E08000032,Bradford,E08000032,Bradford
BD17 6,53.840757,-1.768193,E08000032,Bradford,E08000032,Bradford
BD17 7,53.836966,-1.773761,E08000032,Bradford,E08000032,Bradford
BD18 1,53.828268,-1.761061,E08000032,Bradford,E08000032,Bradford
BD18 2,53.82743,-1.778947,E08000032,Bradford,E08000032,Bradford
BD18 3,53.822852,-1.776951,E08000032,Bradford,E08000032,Bradford
BD18 4,53.8339,-1.809742,E08000032,Bradford,E08000032,Bradford
BD18 9,53.833401,-1.775451,E08000032,Bradford,E08000032,Bradford
BD19 3,53.723749,-1.724371,E08000034,Kirklees,E08000034,Kirklees
BD19 4,53.724642,-1.702981,E08000034,Kirklees,E08000034,Kirklees
BD19 5,53.72412,-1.713715,E08000034,Kirklees,E08000034,Kirklees
BD19 6,53.722959,-1.728665,E08000034,Kirklees,E08000034,Kirklees
BD19 9,53.723086,-1.713616,E08000034,Kirklees,E08000034,Kirklees
BD2  1,53.809647,-1.757431,E08000032,Bradford,E08000032,Bradford
BD2  2,53.817846,-1.733006,E08000032,Bradford,E08000032,Bradford
BD2  3,53.809599,-1.730902,E08000032,Bradford,E08000032,Bradford
BD2  4,53.811114,-1.745502,E08000032,Bradford,E08000032,Bradford
BD20 0,53.913748,-1.939072,E08000032,Bradford,E08000032,Bradford
BD20 5,53.877464,-1.888352,E08000032,Bradford,E08000032,Bradford
BD20 6,53.877097,-1.911244,E08000032,Bradford,E08000032,Bradford
BD20 7,53.90552,-1.981474,E06000065,North Yorkshire,E06000065,North Yorkshire
BD20 8,53.902753,-1.990789,E06000065,North Yorkshire,E06000065,North Yorkshire
BD20 9,53.914824,-1.953868,E08000032,Bradford,E08000032,Bradford
BD21 1,53.865097,-1.910722,E08000032,Bradford,E08000032,Bradford
BD21 2,53.865816,-1.910386,E08000032,Bradford,E08000032,Bradford
BD21 3,53.869015,-1.909877,E08000032,Bradford,E08000032,Bradford
BD21 4,53.869961,-1.900112,E08000032,Bradford,E08000032,Bradford
BD21 5,53.855608,-1.913555,E08000032,Bradford,E08000032,Bradford
BD21 9,53.865154,-1.914341,E08000032,Bradford,E08000032,Bradford
BD22 0,53.887909,-2.0375,E06000065,North Yorkshire,E06000065,North Yorkshire
BD22 6,53.861977,-1.920703,E08000032,Bradford,E08000032,Bradford
BD22 7,53.852218,-1.925054,E08000032,Bradford,E08000032,Bradford
BD22 8,53.834691,-1.939809,E08000032,Bradford,E08000032,Bradford
BD22 9,53.840399,-1.924923,E08000032,Bradford,E08000032,Bradford
BD23 0,53.957729,-2.025891,E06000065,North Yorkshire,E06000065,North Yorkshire
BD23 1,53.962862,-2.015515,E06000065,North Yorkshire,E06000065,North Yorkshire
BD23 2,53.957513,-2.027064,E06000065,North Yorkshire,E06000065,North Yorkshire
BD23 3,53.959565,-2.047229,E06000065,North Yorkshire,E06000065,North Yorkshire
BD23 4,54.019048,-2.136381,E06000065,North Yorkshire,E06000065,North Yorkshire
BD23 5,54.07298,-1.996882,E06000065,North Yorkshire,E06000065,North Yorkshire
BD23 6,53.968139,-2.002163,E06000065,North Yorkshire,E06000065,North Yorkshire
BD23 9,53.957729,-2.025891,E06000065,North Yorkshire,E06000065,North Yorkshire
BD24 0,54.065375,-2.286452,E06000065,North Yorkshire,E06000065,North Yorkshire
BD24 4,54.064612,-2.282092,E06000065,North Yorkshire,E06000065,North Yorkshire
BD24 5,54.064612,-2.282092,E06000065,North Yorkshire,E06000065,North Yorkshire
BD24 9,54.067496,-2.278857,E06000065,North Yorkshire,E06000065,North Yorkshire
BD3  0,53.798796,-1.739382,E08000032,Bradford,E08000032,Bradford
BD3  7,53.799913,-1.70898,E08000032,Bradford,E08000032,Bradford
BD3  8,53.797936,-1.720349,E08000032,Bradford,E08000032,Bradford
BD3  9,53.797053,-1.743567,E08000032,Bradford,E08000032,Bradford
BD4  0,53.774532,-1.709534,E08000032,Bradford,E08000032,Bradford
BD4  6,53.768753,-1.732634,E08000032,Bradford,E08000032,Bradford
BD4  7,53.788565,-1.746487,E08000032,Bradford,E08000032,Bradford
BD4  8,53.791973,-1.722483,E08000032,Bradford,E08000032,Bradford
BD4  9,53.773691,-1.718401,E08000032,Bradford,E08000032,Bradford
BD5  0,53.790824,-1.756447,E08000032,Bradford,E08000032,Bradford
BD5  5,53.781898,-1.75624,E08000032,Bradford,E08000032,Bradford
BD5  7,53.780179,-1.759224,E08000032,Bradford,E08000032,Bradford
BD5  8,53.767913,-1.734991,E08000032,Bradford,E08000032,Bradford
BD5  9,53.769575,-1.764625,E08000032,Bradford,E08000032,Bradford
BD6  1,53.766132,-1.75536,E08000032,Bradford,E08000032,Bradford
BD6  2,53.763716,-1.794754,E08000032,Bradford,E08000032,Bradford
BD6  3,53.769145,-1.779814,E08000032,Bradford,E08000032,Bradford
BD7  1,53.791259,-1.758372,E08000032,Bradford,E08000032,Bradford
BD7  2,53.791191,-1.779077,E08000032,Bradford,E08000032,Bradford
BD7  3,53.787766,-1.773797,E08000032,Bradford,E08000032,Bradford
BD7  4,53.780427,-1.78578,E08000032,Bradford,E08000032,Bradford
BD8  0,53.804369,-1.806399,E08000032,Bradford,E08000032,Bradford
BD8  7,53.80893,-1.763388,E08000032,Bradford,E08000032,Bradford
BD8  8,53.805407,-1.76813,E08000032,Bradford,E08000032,Bradford
BD8  9,53.79841,-1.77998,E08000032,Bradford,E08000032,Bradford
BD9  4,53.813354,-1.78335,E08000032,Bradford,E08000032,Bradford
BD9  5,53.806615,-1.784341,E08000032,Bradford,E08000032,Bradford
BD9  6,53.808462,-1.802797,E08000032,Bradford,E08000032,Bradford
BD97 1,53.850964,-1.837757,E08000032,Bradford,E08000032,Bradford
BD98 8,53.838408,-1.780591,E08000032,Bradford,E08000032,Bradford
BD99 2,53.792504,-1.78417,E08000032,Bradford,E08000032,Bradford
BD99 4,53.796673,-1.751175,E08000032,Bradford,E08000032,Bradford
BD99 9,53.793955,-1.744937,E08000032,Bradford,E08000032,Bradford
BH1  1,50.727898,-1.863614,E06000058,"Bournemouth, Christchurch and Poole",E06000058,"Bournemouth, Christchurch and Poole"
BH1  2,50.719891,-1.876967,E06000058,"Bournemouth, Christchurch and Poole",E06000058,"Bournemouth, Christchurch and Poole"
BH1  3,50.717573,-1.87084,E06000058,"Bournemouth, Christchurch and Poole",E06000058,"Bournemouth, Christchurch and Poole"
BH1  4,50.723392,-1.848753,E06000058,"Bournemouth, Christchurch and Poole",E06000058,"Bournemouth, Christchurch and Poole"
BH1  9,50.727898,-1.863614,E06000058,"Bournemouth, Christchurch and Poole",E06000058,"Bournemouth, Christchurch and Poole"
BH10 4,50.745834,-1.904778,E06000058,"Bournemouth, Christchurch and Poole",E06000058,"Bournemouth, Christchurch and Poole"
BH10 5,50.753866,-1.886305,E06000058,"Bournemouth, Christchurch and Poole",E06000058,"Bournemouth, Christchurch and Poole"
BH10 6,50.755502,-1.885224,E06000058,"Bournemouth, Christchurch and Poole",E06000058,"Bournemouth, Christchurch and Poole"
BH10 7,50.760677,-1.871984,E06000058,"Bournemouth, Christchurch and Poole",E06000058,"Bournemouth, Christchurch and Poole"
BH11 0,50.758178,-1.924375,E06000058,"Bournemouth, Christchurch and Poole",E06000058,"Bournemouth, Christchurch and Poole"
BH11 8,50.760464,-1.903133,E06000058,"Bournemouth, Christchurch and Poole",E06000058,"Bournemouth, Christchurch and Poole"
BH11 9,50.768728,-1.902024,E06000058,"Bournemouth, Christchurch and Poole",E06000058,"Bournemouth, Christchurch and Poole"
BH12 1,50.724156,-1.90927,E06000058,"Bournemouth, Christchurch and Poole",E06000058,"Bournemouth, Christchurch and Poole"
BH12 2,50.728888,-1.924506,E06000058,"Bournemouth, Christchurch and Poole",E06000058,"Bournemouth, Christchurch and Poole"
BH12 3,50.731848,-1.941208,E06000058,"Bournemouth, Christchurch and Poole",E06000058,"Bournemouth, Christchurch and Poole"
BH12 4,50.73571,-1.919762,E06000058,"Bournemouth, Christchurch and Poole",E06000058,"Bournemouth, Christchurch and Poole"
BH12 5,50.748454,-1.92045,E06000058,"Bournemouth, Christchurch and Poole",E06000058,"Bournemouth, Christchurch and Poole"
BH12 9,50.740373,-1.913646,E06000058,"Bournemouth, Christchurch and Poole",E06000058,"Bournemouth, Christchurch and Poole"
BH13 6,50.721079,-1.907038,E06000058,"Bournemouth, Christchurch and Poole",E06000058,"Bournemouth, Christchurch and Poole"
BH13 7,50.721497,-1.925553,E06000058,"Bournemouth, Christchurch and Poole",E06000058,"Bournemouth, Christchurch and Poole"
BH14 0,50.729105,-1.940914,E06000058,"Bournemouth, Christchurch and Poole",E06000058,"Bournemouth, Christchurch and Poole"
BH14 4,50.725242,-1.949221,E06000058,"Bournemouth, Christchurch and Poole",E06000058,"Bournemouth, Christchurch and Poole"
BH14 8,50.722143,-1.956988,E06000058,"Bournemouth, Christchurch and Poole",E06000058,"Bournemouth, Christchurch and Poole"
BH14 9,50.726369,-1.92274,E06000058,"Bournemouth, Christchurch and Poole",E06000058,"Bournemouth, Christchurch and Poole"
BH15 1,50.71555,-1.985649,E06000058,"Bournemouth, Christchurch and Poole",E06000058,"Bournemouth, Christchurch and Poole"
BH15 2,50.726513,-1.990761,E06000058,"Bournemouth, Christchurch and Poole",E06000058,"Bournemouth, Christchurch and Poole"
BH15 3,50.734919,-1.981392,E06000058,"Bournemouth, Christchurch and Poole",E06000058,"Bournemouth, Christchurch and Poole"
BH15 4,50.711423,-1.994276,E06000058,"Bournemouth, Christchurch and Poole",E06000058,"Bournemouth, Christchurch and Poole"
BH15 5,50.718527,-2.012266,E06000058,"Bournemouth, Christchurch and Poole",E06000058,"Bournemouth, Christchurch and Poole"
BH15 9,50.71555,-1.985649,E06000058,"Bournemouth, Christchurch and Poole",E06000058,"Bournemouth, Christchurch and Poole"
BH16 5,50.726242,-2.018657,E06000058,"Bournemouth, Christchurch and Poole",E06000058,"Bournemouth, Christchurch and Poole"
BH16 6,50.741706,-2.032199,E06000059,Dorset,E06000059,Dorset
BH17 0,50.746653,-1.973932,E06000058,"Bournemouth, Christchurch and Poole",E06000058,"Bournemouth, Christchurch and Poole"
BH17 7,50.737987,-1.992162,E06000058,"Bournemouth, Christchurch and Poole",E06000058,"Bournemouth, Christchurch and Poole"
BH17 8,50.742332,-1.959209,E06000058,"Bournemouth, Christchurch and Poole",E06000058,"Bournemouth, Christchurch and Poole"
BH17 9,50.751798,-1.977856,E06000058,"Bournemouth, Christchurch and Poole",E06000058,"Bournemouth, Christchurch and Poole"
BH18 0,50.746653,-1.973918,E06000058,"Bournemouth, Christchurch and Poole",E06000058,"Bournemouth, Christchurch and Poole"
BH18 8,50.762412,-1.994795,E06000058,"Bournemouth, Christchurch and Poole",E06000058,"Bournemouth, Christchurch and Poole"
BH18 9,50.763734,-1.996468,E06000058,"Bournemouth, Christchurch and Poole",E06000058,"Bournemouth, Christchurch and Poole"
BH19 1,50.609392,-1.959183,E06000059,Dorset,E06000059,Dorset
BH19 2,50.60609,-1.955102,E06000059,Dorset,E06000059,Dorset
BH19 3,50.634245,-1.982958,E06000059,Dorset,E06000059,Dorset
BH19 9,50.609374,-1.959183,E06000059,Dorset,E06000059,Dorset
BH2  5,50.715853,-1.876922,E06000058,"Bournemouth, Christchurch and Poole",E06000058,"Bournemouth, Christchurch and Poole"
BH2  6,50.720767,-1.889488,E06000058,"Bournemouth, Christchurch and Poole",E06000058,"Bournemouth, Christchurch and Poole"
BH20 4,50.696536,-2.106415,E06000059,Dorset,E06000059,Dorset
BH20 5,50.677881,-2.109798,E06000059,Dorset,E06000059,Dorset
BH20 6,50.687579,-2.124062,E06000059,Dorset,E06000059,Dorset
BH20 7,50.702399,-2.106782,E06000059,Dorset,E06000059,Dorset
BH20 9,50.696563,-2.106387,E06000059,Dorset,E06000059,Dorset
BH21 1,50.797941,-1.984901,E06000059,Dorset,E06000059,Dorset
BH21 2,50.79802,-1.976884,E06000059,Dorset,E06000059,Dorset
BH21 3,50.784776,-1.988409,E06000058,"Bournemouth, Christchurch and Poole",E06000058,"Bournemouth, Christchurch and Poole"
BH21 4,50.78699,-2.077143,E06000059,Dorset,E06000059,Dorset
BH21 5,50.851736,-1.998037,E06000059,Dorset,E06000059,Dorset
BH21 6,50.880415,-1.872013,E06000059,Dorset,E06000059,Dorset
BH21 7,50.808965,-1.979035,E06000059,Dorset,E06000059,Dorset
BH21 8,50.878496,-1.918596,E06000059,Dorset,E06000059,Dorset
BH21 9,50.797986,-1.985,E06000059,Dorset,E06000059,Dorset
BH22 0,50.808882,-1.893127,E06000059,Dorset,E06000059,Dorset
BH22 2,50.808882,-1.893127,E06000059,Dorset,E06000059,Dorset
BH22 8,50.810293,-1.874532,E06000059,Dorset,E06000059,Dorset
BH22 9,50.778743,-1.909194,E06000059,Dorset,E06000059,Dorset
BH23 1,50.733448,-1.776683,E06000058,"Bournemouth, Christchurch and Poole",E06000058,"Bournemouth, Christchurch and Poole"
BH23 2,50.739632,-1.784603,E06000058,"Bournemouth, Christchurch and Poole",E06000058,"Bournemouth, Christchurch and Poole"
BH23 3,50.737469,-1.759205,E06000058,"Bournemouth, Christchurch and Poole",E06000058,"Bournemouth, Christchurch and Poole"
BH23 4,50.727319,-1.739252,E06000058,"Bournemouth, Christchurch and Poole",E06000058,"Bournemouth, Christchurch and Poole"
BH23 5,50.740503,-1.708978,E06000058,"Bournemouth, Christchurch and Poole",E06000058,"Bournemouth, Christchurch and Poole"
BH23 6,50.771899,-1.822915,E06000058,"Bournemouth, Christchurch and Poole",E06000058,"Bournemouth, Christchurch and Poole"
BH23 7,50.759489,-1.74568,E06000058,"Bournemouth, Christchurch and Poole",E06000058,"Bournemouth, Christchurch and Poole"
BH23 8,50.780932,-1.735351,E07000091,New Forest,E10000014,Hampshire
BH23 9,50.733448,-1.776683,E06000058,"Bournemouth, Christchurch and Poole",E06000058,"Bournemouth, Christchurch and Poole"
BH24 1,50.846126,-1.791145,E07000091,New Forest,E10000014,Hampshire
BH24 2,50.845835,-1.799186,E07000091,New Forest,E10000014,Hampshire
BH24 3,50.841723,-1.788111,E07000091,New Forest,E10000014,Hampshire
BH24 4,50.826435,-1.701147,E07000091,New Forest,E10000014,Hampshire
BH24 9,50.860084,-1.786735,E07000091,New Forest,E10000014,Hampshire
BH25 5,50.756387,-1.636054,E07000091,New Forest,E10000014,Hampshire
BH25 6,50.757316,-1.645815,E07000091,New Forest,E10000014,Hampshire
BH25 7,50.744986,-1.651506,E07000091,New Forest,E10000014,Hampshire
BH25 9,50.751983,-1.654871,E07000091,New Forest,E10000014,Hampshire
BH3  7,50.732532,-1.874157,E06000058,"Bournemouth, Christchurch and Poole",E06000058,"Bournemouth, Christchurch and Poole"
BH31 6,50.881335,-1.88324,E06000059,Dorset,E06000059,Dorset
BH31 7,50.881824,-1.878064,E06000059,Dorset,E06000059,Dorset
BH31 9,50.868367,-1.851341,E06000059,Dorset,E06000059,Dorset
BH4  0,50.721911,-1.90239,E06000058,"Bournemouth, Christchurch and Poole",E06000058,"Bournemouth, Christchurch and Poole"
BH4  8,50.71461,-1.892972,E06000058,"Bournemouth, Christchurch and Poole",E06000058,"Bournemouth, Christchurch and Poole"
BH4  9,50.722306,-1.901964,E06000058,"Bournemouth, Christchurch and Poole",E06000058,"Bournemouth, Christchurch and Poole"
BH5  1,50.722444,-1.845767,E06000058,"Bournemouth, Christchurch and Poole",E06000058,"Bournemouth, Christchurch and Poole"
BH5  2,50.728833,-1.829056,E06000058,"Bournemouth, Christchurch and Poole",E06000058,"Bournemouth, Christchurch and Poole"
BH5  4,50.723113,-2.016942,E06000058,"Bournemouth, Christchurch and Poole",E06000058,"Bournemouth, Christchurch and Poole"
BH6  3,50.72826,-1.791513,E06000058,"Bournemouth, Christchurch and Poole",E06000058,"Bournemouth, Christchurch and Poole"
BH6  4,50.721029,-1.796149,E06000058,"Bournemouth, Christchurch and Poole",E06000058,"Bournemouth, Christchurch and Poole"
BH6  5,50.727233,-1.817501,E06000058,"Bournemouth, Christchurch and Poole",E06000058,"Bournemouth, Christchurch and Poole"
BH7  6,50.727296,-1.836003,E06000058,"Bournemouth, Christchurch and Poole",E06000058,"Bournemouth, Christchurch and Poole"
BH7  7,50.734897,-1.843898,E06000058,"Bournemouth, Christchurch and Poole",E06000058,"Bournemouth, Christchurch and Poole"
BH8  0,50.755793,-1.855595,E06000058,"Bournemouth, Christchurch and Poole",E06000058,"Bournemouth, Christchurch and Poole"
BH8  8,50.722199,-1.865855,E06000058,"Bournemouth, Christchurch and Poole",E06000058,"Bournemouth, Christchurch and Poole"
BH8  9,50.733643,-1.848224,E06000058,"Bournemouth, Christchurch and Poole",E06000058,"Bournemouth, Christchurch and Poole"
BH9  1,50.739839,-1.878616,E06000058,"Bournemouth, Christchurch and Poole",E06000058,"Bournemouth, Christchurch and Poole"
BH9  2,50.73948,-1.879297,E06000058,"Bournemouth, Christchurch and Poole",E06000058,"Bournemouth, Christchurch and Poole"
BH9  3,50.754051,-1.87298,E06000058,"Bournemouth, Christchurch and Poole",E06000058,"Bournemouth, Christchurch and Poole"
BL0  0,53.647771,-2.31238,E08000002,Bury,E08000002,Bury
BL0  9,53.647266,-2.316612,E08000002,Bury,E08000002,Bury
BL1  1,53.57957,-2.432885,E08000001,Bolton,E08000001,Bolton
BL1  2,53.579913,-2.432556,E08000001,Bolton,E08000001,Bolton
BL1  3,53.582831,-2.440894,E08000001,Bolton,E08000001,Bolton
BL1  4,53.578852,-2.434992,E08000001,Bolton,E08000001,Bolton
BL1  5,53.580178,-2.462691,E08000001,Bolton,E08000001,Bolton
BL1  6,53.588446,-2.465365,E08000001,Bolton,E08000001,Bolton
BL1  7,53.602562,-2.432924,E08000001,Bolton,E08000001,Bolton
BL1  8,53.593581,-2.438317,E08000001,Bolton,E08000001,Bolton
BL1  9,53.578247,-2.430772,E08000001,Bolton,E08000001,Bolton
BL11 1,53.572039,-2.425137,E08000001,Bolton,E08000001,Bolton
BL2  1,53.578977,-2.420132,E08000001,Bolton,E08000001,Bolton
BL2  2,53.582706,-2.417949,E08000001,Bolton,E08000001,Bolton
BL2  3,53.596691,-2.407918,E08000001,Bolton,E08000001,Bolton
BL2  4,53.606043,-2.396099,E08000001,Bolton,E08000001,Bolton
BL2  5,53.588897,-2.397631,E08000001,Bolton,E08000001,Bolton
BL2  6,53.582141,-2.41246,E08000001,Bolton,E08000001,Bolton
BL3  1,53.564456,-2.372882,E08000001,Bolton,E08000001,Bolton
BL3  2,53.570568,-2.424277,E08000001,Bolton,E08000001,Bolton
BL3  3,53.564769,-2.439513,E08000001,Bolton,E08000001,Bolton
BL3  4,53.566775,-2.446404,E08000001,Bolton,E08000001,Bolton
BL3  5,53.573204,-2.435916,E08000001,Bolton,E08000001,Bolton
BL3  6,53.575051,-2.427342,E08000001,Bolton,E08000001,Bolton
BL4  0,53.549398,-2.409515,E08000001,Bolton,E08000001,Bolton
BL4  4,53.538614,-2.392768,E08000001,Bolton,E08000001,Bolton
BL4  7,53.548766,-2.39416,E08000001,Bolton,E08000001,Bolton
BL4  8,53.549238,-2.39267,E08000001,Bolton,E08000001,Bolton
BL4  9,53.548201,-2.393868,E08000001,Bolton,E08000001,Bolton
BL5  1,53.550185,-2.469277,E08000001,Bolton,E08000001,Bolton
BL5  2,53.544763,-2.525871,E08000001,Bolton,E08000001,Bolton
BL5  3,53.548801,-2.523476,E08000001,Bolton,E08000001,Bolton
BL6  4,53.579842,-2.503589,E08000001,Bolton,E08000001,Bolton
BL6  5,53.591441,-2.579856,E08000001,Bolton,E08000001,Bolton
BL6  6,53.598933,-2.540535,E08000001,Bolton,E08000001,Bolton
BL6  7,53.599228,-2.546795,E08000001,Bolton,E08000001,Bolton
BL6  9,53.588218,-2.538918,E08000001,Bolton,E08000001,Bolton
BL7  0,53.640569,-2.395258,E06000008,Blackburn with Darwen,E06000008,Blackburn with Darwen
BL7  8,53.638306,-2.494061,E06000008,Blackburn with Darwen,E06000008,Blackburn with Darwen
BL7  9,53.612581,-2.413483,E08000001,Bolton,E08000001,Bolton
BL78 1,53.554973,-2.403486,E08000001,Bolton,E08000001,Bolton
BL78 7,53.588504,-2.425423,E08000001,Bolton,E08000001,Bolton
BL8  1,53.597527,-2.305526,E08000002,Bury,E08000002,Bury
BL8  2,53.593394,-2.308171,E08000002,Bury,E08000002,Bury
BL8  3,53.599595,-2.332136,E08000002,Bury,E08000002,Bury
BL8  4,53.614294,-2.340747,E08000002,Bury,E08000002,Bury
BL8  9,53.592643,-2.310205,E08000002,Bury,E08000002,Bury
BL9  0,53.592812,-2.296503,E08000002,Bury,E08000002,Bury
BL9  5,53.600267,-2.29527,E08000002,Bury,E08000002,Bury
BL9  6,53.597073,-2.288977,E08000002,Bury,E08000002,Bury
BL9  7,53.5953,-2.289872,E08000002,Bury,E08000002,Bury
BL9  8,53.564614,-2.274836,E08000002,Bury,E08000002,Bury
BL9  9,53.585479,-2.292297,E08000002,Bury,E08000002,Bury
BN1  1,50.826328,-0.140791,E06000043,Brighton and Hove,E06000043,Brighton and Hove
BN1  2,50.824879,-0.153812,E06000043,Brighton and Hove,E06000043,Brighton and Hove
BN1  3,50.82596,-0.154465,E06000043,Brighton and Hove,E06000043,Brighton and Hove
BN1  4,50.826276,-0.13588,E06000043,Brighton and Hove,E06000043,Brighton and Hove
BN1  5,50.837262,-0.153153,E06000043,Brighton and Hove,E06000043,Brighton and Hove
BN1  6,50.836796,-0.141909,E06000043,Brighton and Hove,E06000043,Brighton and Hove
BN1  7,50.852626,-0.133011,E06000043,Brighton and Hove,E06000043,Brighton and Hove
BN1  8,50.857183,-0.132843,E06000043,Brighton and Hove,E06000043,Brighton and Hove
BN1  9,50.85834,-0.105288,E06000043,Brighton and Hove,E06000043,Brighton and Hove
BN10 7,50.794971,-0.018072,E07000063,Lewes,E10000011,East Sussex
BN10 8,50.810954,0.008639,E07000063,Lewes,E10000011,East Sussex
BN10 9,50.794474,0.004171,E07000063,Lewes,E10000011,East Sussex
BN11 1,50.814132,-0.37069,E07000229,Worthing,E10000032,West Sussex
BN11 2,50.819326,-0.364575,E07000229,Worthing,E10000032,West Sussex
BN11 3,50.810836,-0.369684,E07000229,Worthing,E10000032,West Sussex
BN11 4,50.813744,-0.377021,E07000229,Worthing,E10000032,West Sussex
BN11 5,50.814697,-0.393242,E07000229,Worthing,E10000032,West Sussex
BN11 9,50.814132,-0.37069,E07000229,Worthing,E10000032,West Sussex
BN12 4,50.813206,-0.407871,E07000229,Worthing,E10000032,West Sussex
BN12 5,50.81663,-0.432243,E07000229,Worthing,E10000032,West Sussex
BN12 6,50.818204,-0.424226,E07000229,Worthing,E10000032,West Sussex
BN12 9,50.81433,-0.423051,E07000229,Worthing,E10000032,West Sussex
BN13 1,50.818735,-0.393273,E07000229,Worthing,E10000032,West Sussex
BN13 2,50.836324,-0.39372,E07000229,Worthing,E10000032,West Sussex
BN13 3,50.841653,-0.402627,E07000229,Worthing,E10000032,West Sussex
BN14 0,50.839067,-0.393754,E07000229,Worthing,E10000032,West Sussex
BN14 7,50.818222,-0.378285,E07000229,Worthing,E10000032,West Sussex
BN14 8,50.819869,-0.373188,E07000229,Worthing,E10000032,West Sussex
BN14 9,50.828175,-0.373538,E07000229,Worthing,E10000032,West Sussex
BN15 0,50.832228,-0.333165,E07000223,Adur,E10000032,West Sussex
BN15 5,50.828051,-0.32221,E07000223,Adur,E10000032,West Sussex
BN15 8,50.826778,-0.322511,E07000223,Adur,E10000032,West Sussex
BN15 9,50.828031,-0.32204,E07000223,Adur,E10000032,West Sussex
BN16 1,50.817394,-0.487427,E07000224,Arun,E10000032,West Sussex
BN16 2,50.811188,-0.494342,E07000224,Arun,E10000032,West Sussex
BN16 3,50.816311,-0.488498,E07000224,Arun,E10000032,West Sussex
BN16 4,50.82943,-0.481429,E07000224,Arun,E10000032,West Sussex
BN16 9,50.820393,-0.509421,E07000224,Arun,E10000032,West Sussex
BN17 5,50.808895,-0.541113,E07000224,Arun,E10000032,West Sussex
BN17 6,50.810865,-0.526843,E07000224,Arun,E10000032,West Sussex
BN17 7,50.810222,-0.545145,E07000224,Arun,E10000032,West Sussex
BN18 0,50.858856,-0.569748,E07000224,Arun,E10000032,West Sussex
BN18 8,50.854152,-0.5529,E07000224,Arun,E10000032,West Sussex
BN18 9,50.854152,-0.5529,E07000224,Arun,E10000032,West Sussex
BN2  0,50.820699,-0.119533,E06000043,Brighton and Hove,E06000043,Brighton and Hove
BN2  1,50.819145,-0.124167,E06000043,Brighton and Hove,E06000043,Brighton and Hove
BN2  2,50.820699,-0.119533,E06000043,Brighton and Hove,E06000043,Brighton and Hove
BN2  3,50.832452,-0.126729,E06000043,Brighton and Hove,E06000043,Brighton and Hove
BN2  4,50.837942,-0.126964,E06000043,Brighton and Hove,E06000043,Brighton and Hove
BN2  5,50.817638,-0.110968,E06000043,Brighton and Hove,E06000043,Brighton and Hove
BN2  6,50.836649,-0.105357,E06000043,Brighton and Hove,E06000043,Brighton and Hove
BN2  7,50.822054,-0.069785,E06000043,Brighton and Hove,E06000043,Brighton and Hove
BN2  8,50.801827,-0.047089,E06000043,Brighton and Hove,E06000043,Brighton and Hove
BN2  9,50.826513,-0.133229,E06000043,Brighton and Hove,E06000043,Brighton and Hove
BN20 0,50.752009,0.206722,E07000065,Wealden,E10000011,East Sussex
BN20 7,50.759845,0.281833,E07000061,Eastbourne,E10000011,East Sussex
BN20 8,50.768598,0.270672,E07000061,Eastbourne,E10000011,East Sussex
BN20 9,50.789032,0.254947,E07000061,Eastbourne,E10000011,East Sussex
BN21 1,50.769348,0.278792,E07000061,Eastbourne,E10000011,East Sussex
BN21 2,50.771072,0.278493,E07000061,Eastbourne,E10000011,East Sussex
BN21 3,50.768252,0.284214,E07000061,Eastbourne,E10000011,East Sussex
BN21 4,50.766079,0.285413,E07000061,Eastbourne,E10000011,East Sussex
BN21 9,50.769348,0.278792,E07000061,Eastbourne,E10000011,East Sussex
BN22 0,50.793336,0.263966,E07000061,Eastbourne,E10000011,East Sussex
BN22 7,50.77692,0.304907,E07000061,Eastbourne,E10000011,East Sussex
BN22 8,50.770229,0.293941,E07000061,Eastbourne,E10000011,East Sussex
BN22 9,50.79658,0.281621,E07000061,Eastbourne,E10000011,East Sussex
BN23 5,50.794213,0.33218,E07000061,Eastbourne,E10000011,East Sussex
BN23 6,50.789486,0.314847,E07000061,Eastbourne,E10000011,East Sussex
BN23 7,50.798708,0.322796,E07000061,Eastbourne,E10000011,East Sussex
BN23 8,50.804639,0.306285,E07000061,Eastbourne,E10000011,East Sussex
BN24 5,50.819487,0.314981,E07000065,Wealden,E10000011,East Sussex
BN24 6,50.817479,0.343916,E07000065,Wealden,E10000011,East Sussex
BN24 9,50.812555,0.322574,E07000065,Wealden,E10000011,East Sussex
BN25 1,50.772006,0.104308,E07000063,Lewes,E10000011,East Sussex
BN25 2,50.773513,0.101043,E07000063,Lewes,E10000011,East Sussex
BN25 3,50.778738,0.115533,E07000063,Lewes,E10000011,East Sussex
BN25 4,50.776333,0.135439,E07000063,Lewes,E10000011,East Sussex
BN25 9,50.771654,0.100888,E07000063,Lewes,E10000011,East Sussex
BN26 5,50.820613,0.244017,E07000065,Wealden,E10000011,East Sussex
BN26 6,50.823413,0.244833,E07000065,Wealden,E10000011,East Sussex
BN26 9,50.823412,0.244847,E07000065,Wealden,E10000011,East Sussex
BN27 1,50.861813,0.258059,E07000065,Wealden,E10000011,East Sussex
BN27 2,50.862381,0.260758,E07000065,Wealden,E10000011,East Sussex
BN27 3,50.870486,0.249083,E07000065,Wealden,E10000011,East Sussex
BN27 4,50.88991,0.20109,E07000065,Wealden,E10000011,East Sussex
BN27 9,50.862671,0.257432,E07000065,Wealden,E10000011,East Sussex
BN3  1,50.825307,-0.157543,E06000043,Brighton and Hove,E06000043,Brighton and Hove
BN3  2,50.828043,-0.171366,E06000043,Brighton and Hove,E06000043,Brighton and Hove
BN3  3,50.828361,-0.163543,E06000043,Brighton and Hove,E06000043,Brighton and Hove
BN3  4,50.829165,-0.179288,E06000043,Brighton and Hove,E06000043,Brighton and Hove
BN3  5,50.835079,-0.181941,E06000043,Brighton and Hove,E06000043,Brighton and Hove
BN3  6,50.836561,-0.171431,E06000043,Brighton and Hove,E06000043,Brighton and Hove
BN3  7,50.836684,-0.177618,E06000043,Brighton and Hove,E06000043,Brighton and Hove
BN3  8,50.843155,-0.202266,E06000043,Brighton and Hove,E06000043,Brighton and Hove
BN4  1,50.830781,-0.209345,E06000043,Brighton and Hove,E06000043,Brighton and Hove
BN4  2,50.839943,-0.220357,E06000043,Brighton and Hove,E06000043,Brighton and Hove
BN4  3,50.917084,-0.328386,E07000227,Horsham,E10000032,West Sussex
BN4  4,50.832946,-0.233404,E07000223,Adur,E10000032,West Sussex
BN4  5,50.83444,-0.273113,E07000223,Adur,E10000032,West Sussex
BN4  6,50.84161,-0.271428,E07000223,Adur,E10000032,West Sussex
BN4  7,50.891922,-0.208424,E07000228,Mid Sussex,E10000032,West Sussex
BN41 1,50.832066,-0.207521,E06000043,Brighton and Hove,E06000043,Brighton and Hove
BN41 2,50.839671,-0.219032,E06000043,Brighton and Hove,E06000043,Brighton and Hove
BN41 9,50.832066,-0.207521,E06000043,Brighton and Hove,E06000043,Brighton and Hove
BN42 4,50.833734,-0.232537,E07000223,Adur,E10000032,West Sussex
BN43 5,50.83542,-0.273133,E07000223,Adur,E10000032,West Sussex
BN43 6,50.843231,-0.269791,E07000223,Adur,E10000032,West Sussex
BN43 9,50.833701,-0.27304,E07000223,Adur,E10000032,West Sussex
BN44 3,50.907116,-0.330692,E07000227,Horsham,E10000032,West Sussex
BN44 4,50.831256,-0.240568,E07000223,Adur,E10000032,West Sussex
BN45 7,50.892709,-0.20754,E07000228,Mid Sussex,E10000032,West Sussex
BN5  0,50.916216,-0.264568,E07000227,Horsham,E10000032,West Sussex
BN5  9,50.944256,-0.274785,E07000227,Horsham,E10000032,West Sussex
BN50 8,50.826328,-0.140791,E06000043,Brighton and Hove,E06000043,Brighton and Hove
BN50 9,50.826328,-0.140791,E06000043,Brighton and Hove,E06000043,Brighton and Hove
BN51 9,50.804817,-0.058645,E06000043,Brighton and Hove,E06000043,Brighton and Hove
BN52 9,50.834403,-0.168035,E06000043,Brighton and Hove,E06000043,Brighton and Hove
BN6  0,50.924216,-0.142156,E07000228,Mid Sussex,E10000032,West Sussex
BN6  6,50.830577,0.267799,E07000065,Wealden,E10000011,East Sussex
BN6  8,50.92418,-0.142129,E07000228,Mid Sussex,E10000032,West Sussex
BN6  9,50.928945,-0.166473,E07000228,Mid Sussex,E10000032,West Sussex
BN7  1,50.872391,0.009061,E07000063,Lewes,E10000011,East Sussex
BN7  2,50.876327,0.008732,E07000063,Lewes,E10000011,East Sussex
BN7  3,50.899958,-0.046101,E07000063,Lewes,E10000011,East Sussex
BN7  9,50.879391,0.016199,E07000063,Lewes,E10000011,East Sussex
BN8  4,50.971746,-0.018962,E07000063,Lewes,E10000011,East Sussex
BN8  5,50.884208,0.022094,E07000063,Lewes,E10000011,East Sussex
BN8  6,50.858756,0.044837,E07000063,Lewes,E10000011,East Sussex
BN88 1,50.823135,-0.132895,E06000043,Brighton and Hove,E06000043,Brighton and Hove
BN88 3,50.826328,-0.140791,E06000043,Brighton and Hove,E06000043,Brighton and Hove
BN88 4,50.826328,-0.140791,E06000043,Brighton and Hove,E06000043,Brighton and Hove
BN9  0,50.792775,0.056301,E07000063,Lewes,E10000011,East Sussex
BN9  1,50.793811,0.047478,E07000063,Lewes,E10000011,East Sussex
BN9  7,50.794432,-0.019173,E07000063,Lewes,E10000011,East Sussex
BN9  8,50.810099,0.011299,E07000063,Lewes,E10000011,East Sussex
BN9  9,50.799344,0.03868,E07000063,Lewes,E10000011,East Sussex
BN95 1,50.823154,-0.330024,E07000223,Adur,E10000032,West Sussex
BN99 3,50.814132,-0.37069,E07000229,Worthing,E10000032,West Sussex
BN99 4,50.825373,-0.428287,E07000229,Worthing,E10000032,West Sussex
BN99 6,50.814132,-0.37069,E07000229,Worthing,E10000032,West Sussex
BN99 8,50.825222,-0.330646,E07000223,Adur,E10000032,West Sussex
BN99 9,50.825386,-0.330158,E07000223,Adur,E10000032,West Sussex
BR1  1,51.401545,0.01544,E09000006,Bromley,E09000006,Bromley
BR1  2,51.403386,0.043644,E09000006,Bromley,E09000006,Bromley
BR1  3,51.406881,0.020463,E09000006,Bromley,E09000006,Bromley
BR1  4,51.410171,0.006962,E09000006,Bromley,E09000006,Bromley
BR1  5,51.420289,0.019444,E09000006,Bromley,E09000006,Bromley
BR1  9,51.408226,0.017604,E09000006,Bromley,E09000006,Bromley
BR2  0,51.407774,-0.003294,E09000006,Bromley,E09000006,Bromley
BR2  6,51.347723,0.043539,E09000006,Bromley,E09000006,Bromley
BR2  7,51.371663,0.024819,E09000006,Bromley,E09000006,Bromley
BR2  8,51.389874,0.056812,E09000006,Bromley,E09000006,Bromley
BR2  9,51.395915,0.014977,E09000006,Bromley,E09000006,Bromley
BR3  1,51.407681,-0.032358,E09000006,Bromley,E09000006,Bromley
BR3  2,51.416113,-0.024173,E09000006,Bromley,E09000006,Bromley
BR3  3,51.398424,-0.016669,E09000006,Bromley,E09000006,Bromley
BR3  4,51.396704,-0.048154,E09000006,Bromley,E09000006,Bromley
BR3  5,51.416132,-0.023669,E09000006,Bromley,E09000006,Bromley
BR3  6,51.406075,-0.013951,E09000006,Bromley,E09000006,Bromley
BR3  9,51.39636,-0.048025,E09000006,Bromley,E09000006,Bromley
BR4  0,51.380973,-0.011588,E09000006,Bromley,E09000006,Bromley
BR4  4,51.376166,-0.015001,E09000006,Bromley,E09000006,Bromley
BR4  9,51.376082,-0.006886,E09000006,Bromley,E09000006,Bromley
BR5  1,51.38637,0.064776,E09000006,Bromley,E09000006,Bromley
BR5  2,51.385947,0.100745,E09000006,Bromley,E09000006,Bromley
BR5  3,51.39398,0.108085,E09000006,Bromley,E09000006,Bromley
BR5  4,51.384879,0.107092,E09000006,Bromley,E09000006,Bromley
BR6  0,51.374645,0.093101,E09000006,Bromley,E09000006,Bromley
BR6  1,51.37683,0.099164,E09000006,Bromley,E09000006,Bromley
BR6  6,51.352043,0.090219,E09000006,Bromley,E09000006,Bromley
BR6  7,51.366729,0.06079,E09000006,Bromley,E09000006,Bromley
BR6  8,51.371956,0.088079,E09000006,Bromley,E09000006,Bromley
BR6  9,51.37211,0.101089,E09000006,Bromley,E09000006,Bromley
BR7  5,51.416161,0.067987,E09000006,Bromley,E09000006,Bromley
BR7  6,51.417424,0.071798,E09000006,Bromley,E09000006,Bromley
BR7  9,51.408226,0.017604,E09000006,Bromley,E09000006,Bromley
BR8  6,51.366942,0.054277,E09000006,Bromley,E09000006,Bromley
BR8  7,51.395918,0.175193,E07000111,Sevenoaks,E10000016,Kent
BR8  8,51.392975,0.185476,E07000111,Sevenoaks,E10000016,Kent
BR8  9,51.395891,0.175221,E07000111,Sevenoaks,E10000016,Kent
BS0  1,51.343878,-2.957029,E06000024,North Somerset,E06000024,North Somerset
BS1  1,51.449515,-2.578372,E06000023,"Bristol, City of",E06000023,"Bristol, City of"
BS1  2,51.457558,-2.5936,E06000023,"Bristol, City of",E06000023,"Bristol, City of"
BS1  3,51.45569,-2.586121,E06000023,"Bristol, City of",E06000023,"Bristol, City of"
BS1  4,51.453005,-2.596002,E06000023,"Bristol, City of",E06000023,"Bristol, City of"
BS1  5,51.454099,-2.598362,E06000023,"Bristol, City of",E06000023,"Bristol, City of"
BS1  6,51.452695,-2.589709,E06000023,"Bristol, City of",E06000023,"Bristol, City of"
BS1  9,51.458455,-2.574166,E06000023,"Bristol, City of",E06000023,"Bristol, City of"
BS10 5,51.491352,-2.594832,E06000023,"Bristol, City of",E06000023,"Bristol, City of"
BS10 6,51.511486,-2.601492,E06000023,"Bristol, City of",E06000023,"Bristol, City of"
BS10 7,51.50164,-2.625466,E06000023,"Bristol, City of",E06000023,"Bristol, City of"
BS11 0,51.495218,-2.682307,E06000023,"Bristol, City of",E06000023,"Bristol, City of"
BS11 1,51.499643,-2.695786,E06000023,"Bristol, City of",E06000023,"Bristol, City of"
BS11 8,51.517952,-2.683152,E06000023,"Bristol, City of",E06000023,"Bristol, City of"
BS11 9,51.50049,-2.700005,E06000023,"Bristol, City of",E06000023,"Bristol, City of"
BS12 0,51.539254,-2.545971,E06000025,South Gloucestershire,E06000025,South Gloucestershire
BS12 1,51.609642,-2.522077,E06000025,South Gloucestershire,E06000025,South Gloucestershire
BS12 2,51.607256,-2.524721,E06000025,South Gloucestershire,E06000025,South Gloucestershire
BS12 3,51.592031,-2.575085,E06000025,South Gloucestershire,E06000025,South Gloucestershire
BS12 4,51.551685,-2.569702,E06000025,South Gloucestershire,E06000025,South Gloucestershire
BS12 5,51.534813,-2.568539,E06000025,South Gloucestershire,E06000025,South Gloucestershire
BS12 6,51.536912,-2.565783,E06000025,South Gloucestershire,E06000025,South Gloucestershire
BS12 7,51.511672,-2.571392,E06000025,South Gloucestershire,E06000025,South Gloucestershire
BS12 8,51.523034,-2.547665,E06000025,South Gloucestershire,E06000025,South Gloucestershire
BS12 9,51.54194,-2.561649,E06000025,South Gloucestershire,E06000025,South Gloucestershire
BS13 0,51.409807,-2.601766,E06000023,"Bristol, City of",E06000023,"Bristol, City of"
BS13 7,51.433758,-2.609333,E06000023,"Bristol, City of",E06000023,"Bristol, City of"
BS13 8,51.412638,-2.62589,E06000023,"Bristol, City of",E06000023,"Bristol, City of"
BS13 9,51.409883,-2.619769,E06000023,"Bristol, City of",E06000023,"Bristol, City of"
BS14 0,51.420732,-2.58038,E06000023,"Bristol, City of",E06000023,"Bristol, City of"
BS14 8,51.424736,-2.557447,E06000023,"Bristol, City of",E06000023,"Bristol, City of"
BS14 9,51.430109,-2.563899,E06000023,"Bristol, City of",E06000023,"Bristol, City of"
BS15 0,51.461324,-2.505743,E06000025,South Gloucestershire,E06000025,South Gloucestershire
BS15 1,51.462862,-2.511734,E06000025,South Gloucestershire,E06000025,South Gloucestershire
BS15 2,51.461799,-2.518401,E06000023,"Bristol, City of",E06000023,"Bristol, City of"
BS15 3,51.4498,-2.519243,E06000025,South Gloucestershire,E06000025,South Gloucestershire
BS15 4,51.462613,-2.504937,E06000025,South Gloucestershire,E06000025,South Gloucestershire
BS15 5,51.446167,-2.485791,E06000025,South Gloucestershire,E06000025,South Gloucestershire
BS15 6,51.434038,-2.492092,E06000025,South Gloucestershire,E06000025,South Gloucestershire
BS15 7,51.447285,-2.493732,E06000025,South Gloucestershire,E06000025,South Gloucestershire
BS15 8,51.461799,-2.518401,E06000023,"Bristol, City of",E06000023,"Bristol, City of"
BS15 9,51.456676,-2.503332,E06000025,South Gloucestershire,E06000025,South Gloucestershire
BS16 0,51.47846,-2.526524,E06000023,"Bristol, City of",E06000023,"Bristol, City of"
BS16 1,51.484646,-2.552144,E06000023,"Bristol, City of",E06000023,"Bristol, City of"
BS16 2,51.476652,-2.5406,E06000023,"Bristol, City of",E06000023,"Bristol, City of"
BS16 3,51.477197,-2.537525,E06000023,"Bristol, City of",E06000023,"Bristol, City of"
BS16 4,51.480735,-2.518458,E06000023,"Bristol, City of",E06000023,"Bristol, City of"
BS16 5,51.481843,-2.5222,E06000023,"Bristol, City of",E06000023,"Bristol, City of"
BS16 6,51.488331,-2.502326,E06000025,South Gloucestershire,E06000025,South Gloucestershire
BS16 7,51.486623,-2.482994,E06000025,South Gloucestershire,E06000025,South Gloucestershire
BS16 9,51.480557,-2.433868,E06000025,South Gloucestershire,E06000025,South Gloucestershire
BS17 1,51.512398,-2.496956,E06000025,South Gloucestershire,E06000025,South Gloucestershire
BS17 2,51.536976,-2.481061,E06000025,South Gloucestershire,E06000025,South Gloucestershire
BS17 3,51.488375,-2.483488,E06000025,South Gloucestershire,E06000025,South Gloucestershire
BS17 4,51.539646,-2.415136,E06000025,South Gloucestershire,E06000025,South Gloucestershire
BS17 5,51.539968,-2.402955,E06000025,South Gloucestershire,E06000025,South Gloucestershire
BS17 6,51.539048,-2.390388,E06000025,South Gloucestershire,E06000025,South Gloucestershire
BS18 1,51.410905,-2.497838,E06000022,Bath and North East Somerset,E06000022,Bath and North East Somerset
BS18 2,51.417803,-2.510079,E06000022,Bath and North East Somerset,E06000022,Bath and North East Somerset
BS18 3,51.39782,-2.458555,E06000022,Bath and North East Somerset,E06000022,Bath and North East Somerset
BS18 4,51.373076,-2.550268,E06000022,Bath and North East Somerset,E06000022,Bath and North East Somerset
BS18 5,51.314035,-2.536463,E06000022,Bath and North East Somerset,E06000022,Bath and North East Somerset
BS18 6,51.300719,-2.621783,E06000022,Bath and North East Somerset,E06000022,Bath and North East Somerset
BS18 7,51.33151,-2.747494,E06000024,North Somerset,E06000024,North Somerset
BS18 8,51.383662,-2.662511,E06000024,North Somerset,E06000024,North Somerset
BS18 9,51.428913,-2.665049,E06000024,North Somerset,E06000024,North Somerset
BS19 1,51.434834,-2.753495,E06000024,North Somerset,E06000024,North Somerset
BS19 2,51.43295,-2.768079,E06000024,North Somerset,E06000024,North Somerset
BS19 3,51.411657,-2.76952,E06000024,North Somerset,E06000024,North Somerset
BS19 4,51.391464,-2.824587,E06000024,North Somerset,E06000024,North Somerset
BS19 5,51.37543,-2.810564,E06000024,North Somerset,E06000024,North Somerset
BS2  0,51.455572,-2.580866,E06000023,"Bristol, City of",E06000023,"Bristol, City of"
BS2  2,51.458639,-2.575162,E06000023,"Bristol, City of",E06000023,"Bristol, City of"
BS2  8,51.458455,-2.574166,E06000023,"Bristol, City of",E06000023,"Bristol, City of"
BS2  9,51.459002,-2.587199,E06000023,"Bristol, City of",E06000023,"Bristol, City of"
BS20 0,51.480546,-2.686537,E06000024,North Somerset,E06000024,North Somerset
BS20 1,51.482604,-2.769186,E06000024,North Somerset,E06000024,North Somerset
BS20 6,51.483165,-2.768721,E06000024,North Somerset,E06000024,North Somerset
BS20 7,51.490488,-2.755636,E06000024,North Somerset,E06000024,North Somerset
BS20 8,51.48199,-2.783188,E06000024,North Somerset,E06000024,North Somerset
BS20 9,51.483165,-2.768721,E06000024,North Somerset,E06000024,North Somerset
BS21 5,51.428128,-2.846765,E06000024,North Somerset,E06000024,North Somerset
BS21 6,51.439699,-2.839483,E06000024,North Somerset,E06000024,North Somerset
BS21 7,51.45286,-2.843668,E06000024,North Somerset,E06000024,North Somerset
BS21 9,51.44009,-2.857518,E06000024,North Somerset,E06000024,North Somerset
BS22 0,51.355221,-2.933123,E06000024,North Somerset,E06000024,North Somerset
BS22 6,51.355248,-2.93311,E06000024,North Somerset,E06000024,North Somerset
BS22 7,51.360781,-2.902945,E06000024,North Somerset,E06000024,North Somerset
BS22 8,51.352457,-2.953617,E06000024,North Somerset,E06000024,North Somerset
BS22 9,51.359402,-2.945431,E06000024,North Somerset,E06000024,North Somerset
BS23 1,51.346993,-2.977181,E06000024,North Somerset,E06000024,North Somerset
BS23 2,51.351252,-2.979771,E06000024,North Somerset,E06000024,North Somerset
BS23 3,51.349032,-2.973147,E06000024,North Somerset,E06000024,North Somerset
BS23 4,51.337575,-2.974397,E06000024,North Somerset,E06000024,North Somerset
BS23 9,51.344635,-2.960074,E06000024,North Somerset,E06000024,North Somerset
BS24 0,51.314298,-2.949842,E06000024,North Somerset,E06000024,North Somerset
BS24 6,51.32719,-2.865544,E06000024,North Somerset,E06000024,North Somerset
BS24 7,51.334848,-2.906427,E06000024,North Somerset,E06000024,North Somerset
BS24 8,51.334259,-2.920813,E06000024,North Somerset,E06000024,North Somerset
BS24 9,51.332144,-2.955794,E06000024,North Somerset,E06000024,North Somerset
BS25 1,51.313551,-2.831842,E06000024,North Somerset,E06000024,North Somerset
BS25 5,51.331635,-2.839231,E06000024,North Somerset,E06000024,North Somerset
BS25 9,51.321349,-2.834064,E06000024,North Somerset,E06000024,North Somerset
BS26 2,51.287576,-2.821191,E06000066,Somerset,E06000066,Somerset
BS27 3,51.275465,-2.777522,E06000066,Somerset,E06000066,Somerset
BS27 9,51.275127,-2.778233,E06000066,Somerset,E06000066,Somerset
BS28 4,51.22732,-2.81081,E06000066,Somerset,E06000066,Somerset
BS29 6,51.327209,-2.865429,E06000024,North Somerset,E06000024,North Somerset
BS3  1,51.445504,-2.592739,E06000023,"Bristol, City of",E06000023,"Bristol, City of"
BS3  2,51.4416,-2.61407,E06000023,"Bristol, City of",E06000023,"Bristol, City of"
BS3  3,51.440342,-2.603651,E06000023,"Bristol, City of",E06000023,"Bristol, City of"
BS3  4,51.444729,-2.587808,E06000023,"Bristol, City of",E06000023,"Bristol, City of"
BS3  5,51.440631,-2.582058,E06000023,"Bristol, City of",E06000023,"Bristol, City of"
BS3  9,51.438707,-2.601529,E06000023,"Bristol, City of",E06000023,"Bristol, City of"
BS30 5,51.448125,-2.464269,E06000025,South Gloucestershire,E06000025,South Gloucestershire
BS30 6,51.426611,-2.458758,E06000025,South Gloucestershire,E06000025,South Gloucestershire
BS30 7,51.445837,-2.489414,E06000025,South Gloucestershire,E06000025,South Gloucestershire
BS30 8,51.44614,-2.485747,E06000025,South Gloucestershire,E06000025,South Gloucestershire
BS30 9,51.434029,-2.492121,E06000025,South Gloucestershire,E06000025,South Gloucestershire
BS31 1,51.411183,-2.497899,E06000022,Bath and North East Somerset,E06000022,Bath and North East Somerset
BS31 2,51.417874,-2.510238,E06000022,Bath and North East Somerset,E06000022,Bath and North East Somerset
BS31 3,51.397919,-2.458613,E06000022,Bath and North East Somerset,E06000022,Bath and North East Somerset
BS31 9,51.415585,-2.498925,E06000022,Bath and North East Somerset,E06000022,Bath and North East Somerset
BS32 0,51.53349,-2.570584,E06000025,South Gloucestershire,E06000025,South Gloucestershire
BS32 4,51.551738,-2.569717,E06000025,South Gloucestershire,E06000025,South Gloucestershire
BS32 8,51.533041,-2.549688,E06000025,South Gloucestershire,E06000025,South Gloucestershire
BS32 9,51.534761,-2.547344,E06000025,South Gloucestershire,E06000025,South Gloucestershire
BS34 4,51.521656,-2.581707,E06000025,South Gloucestershire,E06000025,South Gloucestershire
BS34 5,51.527711,-2.575658,E06000025,South Gloucestershire,E06000025,South Gloucestershire
BS34 6,51.536912,-2.565783,E06000025,South Gloucestershire,E06000025,South Gloucestershire
BS34 7,51.511672,-2.571392,E06000025,South Gloucestershire,E06000025,South Gloucestershire
BS34 8,51.514198,-2.543265,E06000025,South Gloucestershire,E06000025,South Gloucestershire
BS34 9,51.53349,-2.570584,E06000025,South Gloucestershire,E06000025,South Gloucestershire
BS35 1,51.640556,-2.557172,E06000025,South Gloucestershire,E06000025,South Gloucestershire
BS35 2,51.607481,-2.524738,E06000025,South Gloucestershire,E06000025,South Gloucestershire
BS35 3,51.582968,-2.496211,E06000025,South Gloucestershire,E06000025,South Gloucestershire
BS35 4,51.592031,-2.575085,E06000025,South Gloucestershire,E06000025,South Gloucestershire
BS35 5,51.541067,-2.620745,E06000025,South Gloucestershire,E06000025,South Gloucestershire
BS35 9,51.603391,-2.522395,E06000025,South Gloucestershire,E06000025,South Gloucestershire
BS36 1,51.512361,-2.497186,E06000025,South Gloucestershire,E06000025,South Gloucestershire
BS36 2,51.537192,-2.480962,E06000025,South Gloucestershire,E06000025,South Gloucestershire
BS36 9,51.530397,-2.501679,E06000025,South Gloucestershire,E06000025,South Gloucestershire
BS37 0,51.53947,-2.414053,E06000025,South Gloucestershire,E06000025,South Gloucestershire
BS37 4,51.539619,-2.415136,E06000025,South Gloucestershire,E06000025,South Gloucestershire
BS37 5,51.545661,-2.442403,E06000025,South Gloucestershire,E06000025,South Gloucestershire
BS37 6,51.539048,-2.390388,E06000025,South Gloucestershire,E06000025,South Gloucestershire
BS37 7,51.539977,-2.402955,E06000025,South Gloucestershire,E06000025,South Gloucestershire
BS37 8,51.525483,-2.423108,E06000025,South Gloucestershire,E06000025,South Gloucestershire
BS37 9,51.559699,-2.469645,E06000025,South Gloucestershire,E06000025,South Gloucestershire
BS39 4,51.373175,-2.550255,E06000022,Bath and North East Somerset,E06000022,Bath and North East Somerset
BS39 5,51.314035,-2.536463,E06000022,Bath and North East Somerset,E06000022,Bath and North East Somerset
BS39 6,51.323348,-2.510883,E06000022,Bath and North East Somerset,E06000022,Bath and North East Somerset
BS39 7,51.308523,-2.5061,E06000022,Bath and North East Somerset,E06000022,Bath and North East Somerset
BS4  1,51.427664,-2.575059,E06000023,"Bristol, City of",E06000023,"Bristol, City of"
BS4  2,51.441029,-2.577833,E06000023,"Bristol, City of",E06000023,"Bristol, City of"
BS4  3,51.438831,-2.562123,E06000023,"Bristol, City of",E06000023,"Bristol, City of"
BS4  4,51.450758,-2.55172,E06000023,"Bristol, City of",E06000023,"Bristol, City of"
BS4  5,51.434217,-2.550903,E06000023,"Bristol, City of",E06000023,"Bristol, City of"
BS4  9,51.44592,-2.583435,E06000023,"Bristol, City of",E06000023,"Bristol, City of"
BS40 5,51.359194,-2.786378,E06000024,North Somerset,E06000024,North Somerset
BS40 6,51.30072,-2.621682,E06000022,Bath and North East Somerset,E06000022,Bath and North East Somerset
BS40 7,51.331429,-2.747564,E06000024,North Somerset,E06000024,North Somerset
BS40 8,51.383662,-2.662511,E06000024,North Somerset,E06000024,North Somerset
BS40 9,51.393809,-2.689895,E06000024,North Somerset,E06000024,North Somerset
BS41 8,51.409593,-2.651613,E06000024,North Somerset,E06000024,North Somerset
BS41 9,51.428913,-2.665049,E06000024,North Somerset,E06000024,North Somerset
BS48 1,51.435121,-2.754996,E06000024,North Somerset,E06000024,North Somerset
BS48 2,51.43305,-2.767966,E06000024,North Somerset,E06000024,North Somerset
BS48 3,51.429321,-2.732389,E06000024,North Somerset,E06000024,North Somerset
BS48 4,51.411735,-2.769881,E06000024,North Somerset,E06000024,North Somerset
BS48 9,51.432481,-2.758563,E06000024,North Somerset,E06000024,North Somerset
BS49 4,51.391446,-2.824572,E06000024,North Somerset,E06000024,North Somerset
BS49 5,51.375828,-2.810326,E06000024,North Somerset,E06000024,North Somerset
BS5  0,51.456084,-2.568164,E06000023,"Bristol, City of",E06000023,"Bristol, City of"
BS5  5,51.46353,-2.556696,E06000023,"Bristol, City of",E06000023,"Bristol, City of"
BS5  6,51.463921,-2.561509,E06000023,"Bristol, City of",E06000023,"Bristol, City of"
BS5  7,51.461164,-2.551241,E06000023,"Bristol, City of",E06000023,"Bristol, City of"
BS5  8,51.459577,-2.548444,E06000023,"Bristol, City of",E06000023,"Bristol, City of"
BS5  9,51.463153,-2.556605,E06000023,"Bristol, City of",E06000023,"Bristol, City of"
BS6  5,51.47034,-2.592831,E06000023,"Bristol, City of",E06000023,"Bristol, City of"
BS6  6,51.468668,-2.594465,E06000023,"Bristol, City of",E06000023,"Bristol, City of"
BS6  7,51.469617,-2.596982,E06000023,"Bristol, City of",E06000023,"Bristol, City of"
BS6  9,51.468133,-2.590038,E06000023,"Bristol, City of",E06000023,"Bristol, City of"
BS7  0,51.488819,-2.583463,E06000023,"Bristol, City of",E06000023,"Bristol, City of"
BS7  8,51.470761,-2.593052,E06000023,"Bristol, City of",E06000023,"Bristol, City of"
BS7  9,51.475051,-2.589263,E06000023,"Bristol, City of",E06000023,"Bristol, City of"
BS77 1,51.438707,-2.601529,E06000023,"Bristol, City of",E06000023,"Bristol, City of"
BS8  1,51.455322,-2.614067,E06000023,"Bristol, City of",E06000023,"Bristol, City of"
BS8  2,51.46206,-2.606427,E06000023,"Bristol, City of",E06000023,"Bristol, City of"
BS8  3,51.456759,-2.617684,E06000023,"Bristol, City of",E06000023,"Bristol, City of"
BS8  4,51.455362,-2.618313,E06000023,"Bristol, City of",E06000023,"Bristol, City of"
BS8  9,51.454485,-2.614142,E06000023,"Bristol, City of",E06000023,"Bristol, City of"
BS80 8,51.343869,-2.957014,E06000024,North Somerset,E06000024,North Somerset
BS9  0,51.494022,-2.619182,E06000023,"Bristol, City of",E06000023,"Bristol, City of"
BS9  1,51.480709,-2.621897,E06000023,"Bristol, City of",E06000023,"Bristol, City of"
BS9  2,51.485967,-2.63071,E06000023,"Bristol, City of",E06000023,"Bristol, City of"
BS9  3,51.493005,-2.617685,E06000023,"Bristol, City of",E06000023,"Bristol, City of"
BS9  4,51.492651,-2.616513,E06000023,"Bristol, City of",E06000023,"Bristol, City of"
BS98 1,51.459749,-2.588965,E06000023,"Bristol, City of",E06000023,"Bristol, City of"
BS99 1,51.458428,-2.57418,E06000023,"Bristol, City of",E06000023,"Bristol, City of"
BS99 2,51.458428,-2.57418,E06000023,"Bristol, City of",E06000023,"Bristol, City of"
BS99 3,51.458428,-2.57418,E06000023,"Bristol, City of",E06000023,"Bristol, City of"
BS99 5,51.458455,-2.574166,E06000023,"Bristol, City of",E06000023,"Bristol, City of"
BS99 6,51.423232,-2.630551,E06000023,"Bristol, City of",E06000023,"Bristol, City of"
BS99 7,51.458428,-2.57418,E06000023,"Bristol, City of",E06000023,"Bristol, City of"
BT1  1,54.602438,-5.922291,N09000003,Belfast,N09000003,Belfast
BT1  2,54.599653,-5.927509,N09000003,Belfast,N09000003,Belfast
BT1  3,54.607816,-5.918891,N09000003,Belfast,N09000003,Belfast
BT1  4,54.599131,-5.928542,N09000003,Belfast,N09000003,Belfast
BT1  5,54.598652,-5.930965,N09000003,Belfast,N09000003,Belfast
BT1  6,54.599026,-5.934985,N09000003,Belfast,N09000003,Belfast
BT10 0,54.5657,-5.973734,N09000003,Belfast,N09000003,Belfast
BT11 8,54.58485,-5.979838,N09000003,Belfast,N09000003,Belfast
BT11 9,54.582769,-5.979523,N09000003,Belfast,N09000003,Belfast
BT12 4,54.59844,-5.936964,N09000003,Belfast,N09000003,Belfast
BT12 5,54.595246,-5.936197,N09000003,Belfast,N09000003,Belfast
BT12 6,54.595634,-5.955381,N09000003,Belfast,N09000003,Belfast
BT12 7,54.595774,-5.956194,N09000003,Belfast,N09000003,Belfast
BT13 1,54.605629,-5.933335,N09000003,Belfast,N09000003,Belfast
BT13 2,54.603039,-5.93636,N09000003,Belfast,N09000003,Belfast
BT13 3,54.604663,-5.955857,N09000003,Belfast,N09000003,Belfast
BT14 6,54.607763,-5.937328,N09000003,Belfast,N09000003,Belfast
BT14 7,54.609917,-5.947745,N09000003,Belfast,N09000003,Belfast
BT14 8,54.621523,-5.976379,N09000003,Belfast,N09000003,Belfast
BT15 1,54.604622,-5.929656,N09000003,Belfast,N09000003,Belfast
BT15 2,54.60815,-5.936814,N09000003,Belfast,N09000003,Belfast
BT15 3,54.614159,-5.924605,N09000003,Belfast,N09000003,Belfast
BT15 4,54.632846,-5.931335,N09000003,Belfast,N09000003,Belfast
BT15 5,54.620809,-5.938325,N09000003,Belfast,N09000003,Belfast
BT16 0,54.593461,-5.813135,N09000007,Lisburn and Castlereagh,N09000007,Lisburn and Castlereagh
BT16 1,54.58656,-5.821565,N09000007,Lisburn and Castlereagh,N09000007,Lisburn and Castlereagh
BT16 2,54.593421,-5.812874,N09000007,Lisburn and Castlereagh,N09000007,Lisburn and Castlereagh
BT17 0,54.553662,-6.005201,N09000003,Belfast,N09000003,Belfast
BT17 9,54.551779,-6.001104,N09000003,Belfast,N09000003,Belfast
BT18 0,54.646347,-5.817562,N09000011,Ards and North Down,N09000011,Ards and North Down
BT18 9,54.636943,-5.837754,N09000011,Ards and North Down,N09000011,Ards and North Down
BT19 1,54.645543,-5.690434,N09000011,Ards and North Down,N09000011,Ards and North Down
BT19 2,54.667024,-5.630291,N09000011,Ards and North Down,N09000011,Ards and North Down
BT19 6,54.667078,-5.630257,N09000011,Ards and North Down,N09000011,Ards and North Down
BT19 7,54.650611,-5.6923,N09000011,Ards and North Down,N09000011,Ards and North Down
BT2  7,54.595586,-5.935051,N09000003,Belfast,N09000003,Belfast
BT2  8,54.595351,-5.93025,N09000003,Belfast,N09000003,Belfast
BT20 3,54.659598,-5.670836,N09000011,Ards and North Down,N09000011,Ards and North Down
BT20 4,54.659301,-5.668915,N09000011,Ards and North Down,N09000011,Ards and North Down
BT20 5,54.66147,-5.668187,N09000011,Ards and North Down,N09000011,Ards and North Down
BT20 9,54.668404,-5.654999,N09000011,Ards and North Down,N09000011,Ards and North Down
BT21 0,54.642341,-5.537097,N09000011,Ards and North Down,N09000011,Ards and North Down
BT22 1,54.455455,-5.488822,N09000011,Ards and North Down,N09000011,Ards and North Down
BT22 2,54.591355,-5.608771,N09000011,Ards and North Down,N09000011,Ards and North Down
BT23 3,54.593154,-5.694933,N09000011,Ards and North Down,N09000011,Ards and North Down
BT23 4,54.594009,-5.696448,N09000011,Ards and North Down,N09000011,Ards and North Down
BT23 5,54.549456,-5.74442,N09000011,Ards and North Down,N09000011,Ards and North Down
BT23 6,54.504575,-5.712462,N09000011,Ards and North Down,N09000011,Ards and North Down
BT23 7,54.593109,-5.694936,N09000011,Ards and North Down,N09000011,Ards and North Down
BT23 8,54.59095,-5.682107,N09000011,Ards and North Down,N09000011,Ards and North Down
BT24 7,54.460353,-5.831593,N09000010,"Newry, Mourne and Down",N09000010,"Newry, Mourne and Down"
BT24 8,54.401805,-5.897675,N09000010,"Newry, Mourne and Down",N09000010,"Newry, Mourne and Down"
BT25 1,54.414999,-6.152224,N09000002,"Armagh City, Banbridge and Craigavon",N09000002,"Armagh City, Banbridge and Craigavon"
BT25 2,54.383158,-6.021918,N09000007,Lisburn and Castlereagh,N09000007,Lisburn and Castlereagh
BT26 6,54.466373,-6.083506,N09000007,Lisburn and Castlereagh,N09000007,Lisburn and Castlereagh
BT27 4,54.513027,-6.042298,N09000007,Lisburn and Castlereagh,N09000007,Lisburn and Castlereagh
BT27 5,54.504391,-6.036119,N09000007,Lisburn and Castlereagh,N09000007,Lisburn and Castlereagh
BT27 6,54.493716,-5.9474,N09000007,Lisburn and Castlereagh,N09000007,Lisburn and Castlereagh
BT28 1,54.509923,-6.044763,N09000007,Lisburn and Castlereagh,N09000007,Lisburn and Castlereagh
BT28 2,54.514126,-6.054121,N09000007,Lisburn and Castlereagh,N09000007,Lisburn and Castlereagh
BT28 3,54.531735,-6.051831,N09000007,Lisburn and Castlereagh,N09000007,Lisburn and Castlereagh
BT29 4,54.661548,-6.216259,N09000001,Antrim and Newtownabbey,N09000001,Antrim and Newtownabbey
BT3  9,54.612259,-5.915986,N09000003,Belfast,N09000003,Belfast
BT30 0,54.339789,-5.708832,N09000010,"Newry, Mourne and Down",N09000010,"Newry, Mourne and Down"
BT30 6,54.320147,-5.720745,N09000010,"Newry, Mourne and Down",N09000010,"Newry, Mourne and Down"
BT30 7,54.327031,-5.661145,N09000010,"Newry, Mourne and Down",N09000010,"Newry, Mourne and Down"
BT30 8,54.307265,-5.728541,N09000010,"Newry, Mourne and Down",N09000010,"Newry, Mourne and Down"
BT30 9,54.352023,-5.721857,N09000010,"Newry, Mourne and Down",N09000010,"Newry, Mourne and Down"
BT31 9,54.256366,-5.969985,N09000010,"Newry, Mourne and Down",N09000010,"Newry, Mourne and Down"
BT32 3,54.361263,-6.228439,N09000002,"Armagh City, Banbridge and Craigavon",N09000002,"Armagh City, Banbridge and Craigavon"
BT32 4,54.352898,-6.267407,N09000002,"Armagh City, Banbridge and Craigavon",N09000002,"Armagh City, Banbridge and Craigavon"
BT32 5,54.264462,-6.238426,N09000002,"Armagh City, Banbridge and Craigavon",N09000002,"Armagh City, Banbridge and Craigavon"
BT33 0,54.209398,-5.891444,N09000010,"Newry, Mourne and Down",N09000010,"Newry, Mourne and Down"
BT34 1,54.232827,-6.352194,N09000010,"Newry, Mourne and Down",N09000010,"Newry, Mourne and Down"
BT34 2,54.172859,-6.33951,N09000010,"Newry, Mourne and Down",N09000010,"Newry, Mourne and Down"
BT34 3,54.094747,-6.189697,N09000010,"Newry, Mourne and Down",N09000010,"Newry, Mourne and Down"
BT34 4,54.063332,-6.006636,N09000010,"Newry, Mourne and Down",N09000010,"Newry, Mourne and Down"
BT34 5,54.237042,-6.17163,N09000002,"Armagh City, Banbridge and Craigavon",N09000002,"Armagh City, Banbridge and Craigavon"
BT35 0,54.190784,-6.575974,N09000010,"Newry, Mourne and Down",N09000010,"Newry, Mourne and Down"
BT35 6,54.176947,-6.342761,N09000010,"Newry, Mourne and Down",N09000010,"Newry, Mourne and Down"
BT35 7,54.196553,-6.395271,N09000010,"Newry, Mourne and Down",N09000010,"Newry, Mourne and Down"
BT35 8,54.170216,-6.340749,N09000010,"Newry, Mourne and Down",N09000010,"Newry, Mourne and Down"
BT35 9,54.077189,-6.608773,N09000010,"Newry, Mourne and Down",N09000010,"Newry, Mourne and Down"
BT36 4,54.67417,-5.992303,N09000001,Antrim and Newtownabbey,N09000001,Antrim and Newtownabbey
BT36 5,54.676926,-5.95618,N09000001,Antrim and Newtownabbey,N09000001,Antrim and Newtownabbey
BT36 6,54.674748,-5.913855,N09000001,Antrim and Newtownabbey,N09000001,Antrim and Newtownabbey
BT36 7,54.674136,-5.967126,N09000001,Antrim and Newtownabbey,N09000001,Antrim and Newtownabbey
BT36 8,54.677005,-5.956099,N09000001,Antrim and Newtownabbey,N09000001,Antrim and Newtownabbey
BT36 9,54.684883,-5.884831,N09000001,Antrim and Newtownabbey,N09000001,Antrim and Newtownabbey
BT37 0,54.672094,-5.900116,N09000001,Antrim and Newtownabbey,N09000001,Antrim and Newtownabbey
BT37 9,54.663839,-5.914786,N09000001,Antrim and Newtownabbey,N09000001,Antrim and Newtownabbey
BT38 7,54.716599,-5.810389,N09000008,Mid and East Antrim,N09000008,Mid and East Antrim
BT38 8,54.71469,-5.8097,N09000008,Mid and East Antrim,N09000008,Mid and East Antrim
BT38 9,54.728663,-5.843831,N09000008,Mid and East Antrim,N09000008,Mid and East Antrim
BT39 0,54.702296,-6.093804,N09000001,Antrim and Newtownabbey,N09000001,Antrim and Newtownabbey
BT39 9,54.751434,-5.999617,N09000001,Antrim and Newtownabbey,N09000001,Antrim and Newtownabbey
BT4  1,54.599797,-5.907198,N09000003,Belfast,N09000003,Belfast
BT4  2,54.600322,-5.876993,N09000003,Belfast,N09000003,Belfast
BT4  3,54.597707,-5.886693,N09000003,Belfast,N09000003,Belfast
BT40 1,54.851719,-5.817057,N09000008,Mid and East Antrim,N09000008,Mid and East Antrim
BT40 2,54.85153,-5.82859,N09000008,Mid and East Antrim,N09000008,Mid and East Antrim
BT40 3,54.849468,-5.821803,N09000008,Mid and East Antrim,N09000008,Mid and East Antrim
BT41 1,54.719616,-6.208479,N09000001,Antrim and Newtownabbey,N09000001,Antrim and Newtownabbey
BT41 2,54.746808,-6.311489,N09000001,Antrim and Newtownabbey,N09000001,Antrim and Newtownabbey
BT41 3,54.74897,-6.318388,N09000001,Antrim and Newtownabbey,N09000001,Antrim and Newtownabbey
BT41 4,54.716724,-6.212192,N09000001,Antrim and Newtownabbey,N09000001,Antrim and Newtownabbey
BT41 9,54.725152,-6.209151,N09000001,Antrim and Newtownabbey,N09000001,Antrim and Newtownabbey
BT42 1,54.862934,-6.286905,N09000008,Mid and East Antrim,N09000008,Mid and East Antrim
BT42 2,54.861841,-6.278883,N09000008,Mid and East Antrim,N09000008,Mid and East Antrim
BT42 3,54.861557,-6.27849,N09000008,Mid and East Antrim,N09000008,Mid and East Antrim
BT42 4,54.858737,-6.269703,N09000008,Mid and East Antrim,N09000008,Mid and East Antrim
BT43 5,54.86459,-6.276367,N09000008,Mid and East Antrim,N09000008,Mid and East Antrim
BT43 6,54.865056,-6.276285,N09000008,Mid and East Antrim,N09000008,Mid and East Antrim
BT43 7,54.866572,-6.272326,N09000008,Mid and East Antrim,N09000008,Mid and East Antrim
BT44 0,54.967971,-5.95215,N09000008,Mid and East Antrim,N09000008,Mid and East Antrim
BT44 8,54.873184,-6.475566,N09000008,Mid and East Antrim,N09000008,Mid and East Antrim
BT44 9,55.011554,-6.411886,N09000004,Causeway Coast and Glens,N09000004,Causeway Coast and Glens
BT45 5,54.755672,-6.609845,N09000009,Mid Ulster,N09000009,Mid Ulster
BT45 6,54.754793,-6.609114,N09000009,Mid Ulster,N09000009,Mid Ulster
BT45 7,54.793978,-6.781934,N09000009,Mid Ulster,N09000009,Mid Ulster
BT45 8,54.778311,-6.558293,N09000009,Mid Ulster,N09000009,Mid Ulster
BT46 5,54.844421,-6.671508,N09000009,Mid Ulster,N09000009,Mid Ulster
BT47 1,54.989554,-7.314167,N09000005,Derry City and Strabane,N09000005,Derry City and Strabane
BT47 2,54.985049,-7.326209,N09000005,Derry City and Strabane,N09000005,Derry City and Strabane
BT47 3,55.026606,-7.177792,N09000005,Derry City and Strabane,N09000005,Derry City and Strabane
BT47 4,54.911398,-7.15373,N09000005,Derry City and Strabane,N09000005,Derry City and Strabane
BT47 5,54.992519,-7.278698,N09000005,Derry City and Strabane,N09000005,Derry City and Strabane
BT47 6,54.989572,-7.314261,N09000005,Derry City and Strabane,N09000005,Derry City and Strabane
BT48 0,55.011268,-7.319486,N09000005,Derry City and Strabane,N09000005,Derry City and Strabane
BT48 4,55.005042,-7.320873,N09000005,Derry City and Strabane,N09000005,Derry City and Strabane
BT48 6,54.998023,-7.320242,N09000005,Derry City and Strabane,N09000005,Derry City and Strabane
BT48 7,55.002089,-7.322986,N09000005,Derry City and Strabane,N09000005,Derry City and Strabane
BT48 8,55.016993,-7.324814,N09000005,Derry City and Strabane,N09000005,Derry City and Strabane
BT48 9,54.998508,-7.325155,N09000005,Derry City and Strabane,N09000005,Derry City and Strabane
BT49 0,55.051149,-6.95126,N09000004,Causeway Coast and Glens,N09000004,Causeway Coast and Glens
BT49 4,55.051498,-6.949076,N09000004,Causeway Coast and Glens,N09000004,Causeway Coast and Glens
BT49 9,55.048898,-6.949676,N09000004,Causeway Coast and Glens,N09000004,Causeway Coast and Glens
BT5  4,54.599613,-5.917344,N09000003,Belfast,N09000003,Belfast
BT5  5,54.596531,-5.889322,N09000003,Belfast,N09000003,Belfast
BT5  6,54.584125,-5.887953,N09000003,Belfast,N09000003,Belfast
BT5  7,54.594095,-5.853054,N09000003,Belfast,N09000003,Belfast
BT51 3,55.131508,-6.676177,N09000004,Causeway Coast and Glens,N09000004,Causeway Coast and Glens
BT51 4,55.045818,-6.641207,N09000004,Causeway Coast and Glens,N09000004,Causeway Coast and Glens
BT51 5,54.984271,-6.68684,N09000004,Causeway Coast and Glens,N09000004,Causeway Coast and Glens
BT52 1,55.131001,-6.669248,N09000004,Causeway Coast and Glens,N09000004,Causeway Coast and Glens
BT52 2,55.137692,-6.664149,N09000004,Causeway Coast and Glens,N09000004,Causeway Coast and Glens
BT53 6,55.071069,-6.517928,N09000004,Causeway Coast and Glens,N09000004,Causeway Coast and Glens
BT53 7,55.070692,-6.502553,N09000004,Causeway Coast and Glens,N09000004,Causeway Coast and Glens
BT53 8,55.119308,-6.487066,N09000004,Causeway Coast and Glens,N09000004,Causeway Coast and Glens
BT53 9,55.072028,-6.517767,N09000004,Causeway Coast and Glens,N09000004,Causeway Coast and Glens
BT54 6,55.20174,-6.248869,N09000004,Causeway Coast and Glens,N09000004,Causeway Coast and Glens
BT55 7,55.1823,-6.718308,N09000004,Causeway Coast and Glens,N09000004,Causeway Coast and Glens
BT56 8,55.204978,-6.651309,N09000004,Causeway Coast and Glens,N09000004,Causeway Coast and Glens
BT57 8,55.199062,-6.549911,N09000004,Causeway Coast and Glens,N09000004,Causeway Coast and Glens
BT6  0,54.583053,-5.909526,N09000003,Belfast,N09000003,Belfast
BT6  8,54.593413,-5.906907,N09000003,Belfast,N09000003,Belfast
BT6  9,54.589947,-5.899797,N09000003,Belfast,N09000003,Belfast
BT60 1,54.33507,-6.628228,N09000002,"Armagh City, Banbridge and Craigavon",N09000002,"Armagh City, Banbridge and Craigavon"
BT60 2,54.316456,-6.601018,N09000002,"Armagh City, Banbridge and Craigavon",N09000002,"Armagh City, Banbridge and Craigavon"
BT60 3,54.32033,-6.664528,N09000002,"Armagh City, Banbridge and Craigavon",N09000002,"Armagh City, Banbridge and Craigavon"
BT60 4,54.340144,-6.660856,N09000002,"Armagh City, Banbridge and Craigavon",N09000002,"Armagh City, Banbridge and Craigavon"
BT61 0,54.350159,-6.650949,N09000002,"Armagh City, Banbridge and Craigavon",N09000002,"Armagh City, Banbridge and Craigavon"
BT61 7,54.349351,-6.655005,N09000002,"Armagh City, Banbridge and Craigavon",N09000002,"Armagh City, Banbridge and Craigavon"
BT61 8,54.351608,-6.661606,N09000002,"Armagh City, Banbridge and Craigavon",N09000002,"Armagh City, Banbridge and Craigavon"
BT61 9,54.348868,-6.652821,N09000002,"Armagh City, Banbridge and Craigavon",N09000002,"Armagh City, Banbridge and Craigavon"
BT62 1,54.42451,-6.443122,N09000002,"Armagh City, Banbridge and Craigavon",N09000002,"Armagh City, Banbridge and Craigavon"
BT62 2,54.353803,-6.414957,N09000002,"Armagh City, Banbridge and Craigavon",N09000002,"Armagh City, Banbridge and Craigavon"
BT62 3,54.420625,-6.440095,N09000002,"Armagh City, Banbridge and Craigavon",N09000002,"Armagh City, Banbridge and Craigavon"
BT62 4,54.425607,-6.460045,N09000002,"Armagh City, Banbridge and Craigavon",N09000002,"Armagh City, Banbridge and Craigavon"
BT63 5,54.426004,-6.43778,N09000002,"Armagh City, Banbridge and Craigavon",N09000002,"Armagh City, Banbridge and Craigavon"
BT63 6,54.393673,-6.319716,N09000002,"Armagh City, Banbridge and Craigavon",N09000002,"Armagh City, Banbridge and Craigavon"
BT64 1,54.4494,-6.389912,N09000002,"Armagh City, Banbridge and Craigavon",N09000002,"Armagh City, Banbridge and Craigavon"
BT64 2,54.443767,-6.391952,N09000002,"Armagh City, Banbridge and Craigavon",N09000002,"Armagh City, Banbridge and Craigavon"
BT64 3,54.449193,-6.398045,N09000002,"Armagh City, Banbridge and Craigavon",N09000002,"Armagh City, Banbridge and Craigavon"
BT64 9,54.449624,-6.386511,N09000002,"Armagh City, Banbridge and Craigavon",N09000002,"Armagh City, Banbridge and Craigavon"
BT65 4,54.446548,-6.378261,N09000002,"Armagh City, Banbridge and Craigavon",N09000002,"Armagh City, Banbridge and Craigavon"
BT65 5,54.452184,-6.357161,N09000002,"Armagh City, Banbridge and Craigavon",N09000002,"Armagh City, Banbridge and Craigavon"
BT66 6,54.461808,-6.33173,N09000002,"Armagh City, Banbridge and Craigavon",N09000002,"Armagh City, Banbridge and Craigavon"
BT66 7,54.446905,-6.322763,N09000002,"Armagh City, Banbridge and Craigavon",N09000002,"Armagh City, Banbridge and Craigavon"
BT66 8,54.461058,-6.33008,N09000002,"Armagh City, Banbridge and Craigavon",N09000002,"Armagh City, Banbridge and Craigavon"
BT67 0,54.506616,-6.298964,N09000002,"Armagh City, Banbridge and Craigavon",N09000002,"Armagh City, Banbridge and Craigavon"
BT67 9,54.464522,-6.333039,N09000002,"Armagh City, Banbridge and Craigavon",N09000002,"Armagh City, Banbridge and Craigavon"
BT68 4,54.350144,-6.834827,N09000009,Mid Ulster,N09000009,Mid Ulster
BT69 6,54.413979,-6.974941,N09000009,Mid Ulster,N09000009,Mid Ulster
BT7  1,54.590355,-5.932345,N09000003,Belfast,N09000003,Belfast
BT7  2,54.595784,-5.923017,N09000003,Belfast,N09000003,Belfast
BT7  3,54.581593,-5.922811,N09000003,Belfast,N09000003,Belfast
BT70 1,54.504623,-6.76782,N09000009,Mid Ulster,N09000009,Mid Ulster
BT70 2,54.465199,-7.039807,N09000009,Mid Ulster,N09000009,Mid Ulster
BT70 3,54.497472,-6.849839,N09000009,Mid Ulster,N09000009,Mid Ulster
BT71 4,54.510866,-6.767725,N09000009,Mid Ulster,N09000009,Mid Ulster
BT71 5,54.572158,-6.669742,N09000009,Mid Ulster,N09000009,Mid Ulster
BT71 6,54.503626,-6.767866,N09000009,Mid Ulster,N09000009,Mid Ulster
BT71 7,54.50159,-6.770844,N09000009,Mid Ulster,N09000009,Mid Ulster
BT74 0,54.356201,-7.59399,N09000006,Fermanagh and Omagh,N09000006,Fermanagh and Omagh
BT74 4,54.385375,-7.584667,N09000006,Fermanagh and Omagh,N09000006,Fermanagh and Omagh
BT74 5,54.350174,-7.792062,N09000006,Fermanagh and Omagh,N09000006,Fermanagh and Omagh
BT74 6,54.344225,-7.632964,N09000006,Fermanagh and Omagh,N09000006,Fermanagh and Omagh
BT74 7,54.34823,-7.650458,N09000006,Fermanagh and Omagh,N09000006,Fermanagh and Omagh
BT74 8,54.355277,-7.808124,N09000006,Fermanagh and Omagh,N09000006,Fermanagh and Omagh
BT74 9,54.292901,-7.756891,N09000006,Fermanagh and Omagh,N09000006,Fermanagh and Omagh
BT75 0,54.331302,-7.302314,N09000006,Fermanagh and Omagh,N09000006,Fermanagh and Omagh
BT76 0,54.411656,-7.17082,N09000009,Mid Ulster,N09000009,Mid Ulster
BT77 0,54.428376,-7.127648,N09000009,Mid Ulster,N09000009,Mid Ulster
BT78 1,54.59973,-7.303858,N09000006,Fermanagh and Omagh,N09000006,Fermanagh and Omagh
BT78 2,54.498475,-7.31586,N09000006,Fermanagh and Omagh,N09000006,Fermanagh and Omagh
BT78 3,54.513978,-7.458977,N09000006,Fermanagh and Omagh,N09000006,Fermanagh and Omagh
BT78 4,54.717948,-7.377931,N09000005,Derry City and Strabane,N09000005,Derry City and Strabane
BT78 5,54.593509,-7.314066,N09000006,Fermanagh and Omagh,N09000006,Fermanagh and Omagh
BT78 9,54.611963,-7.297241,N09000006,Fermanagh and Omagh,N09000006,Fermanagh and Omagh
BT79 0,54.600623,-7.296663,N09000006,Fermanagh and Omagh,N09000006,Fermanagh and Omagh
BT79 7,54.601173,-7.301651,N09000006,Fermanagh and Omagh,N09000006,Fermanagh and Omagh
BT79 8,54.768474,-7.248805,N09000005,Derry City and Strabane,N09000005,Derry City and Strabane
BT79 9,54.637841,-7.043841,N09000006,Fermanagh and Omagh,N09000006,Fermanagh and Omagh
BT8  4,54.566379,-5.912777,N09000003,Belfast,N09000003,Belfast
BT8  6,54.566143,-5.912603,N09000003,Belfast,N09000003,Belfast
BT8  7,54.549907,-5.913649,N09000007,Lisburn and Castlereagh,N09000007,Lisburn and Castlereagh
BT8  8,54.5333,-5.890255,N09000007,Lisburn and Castlereagh,N09000007,Lisburn and Castlereagh
BT80 0,54.658157,-6.617238,N09000009,Mid Ulster,N09000009,Mid Ulster
BT80 8,54.64622,-6.745368,N09000009,Mid Ulster,N09000009,Mid Ulster
BT80 9,54.613203,-6.739977,N09000009,Mid Ulster,N09000009,Mid Ulster
BT81 7,54.70922,-7.592329,N09000005,Derry City and Strabane,N09000005,Derry City and Strabane
BT82 0,54.844851,-7.421572,N09000005,Derry City and Strabane,N09000005,Derry City and Strabane
BT82 1,54.835085,-7.458128,N09000005,Derry City and Strabane,N09000005,Derry City and Strabane
BT82 8,54.826712,-7.463872,N09000005,Derry City and Strabane,N09000005,Derry City and Strabane
BT82 9,54.824816,-7.465811,N09000005,Derry City and Strabane,N09000005,Derry City and Strabane
BT9  5,54.580565,-5.935161,N09000003,Belfast,N09000003,Belfast
BT9  6,54.587445,-5.937164,N09000003,Belfast,N09000003,Belfast
BT9  7,54.587404,-5.938404,N09000003,Belfast,N09000003,Belfast
BT92 0,54.244275,-7.430072,N09000006,Fermanagh and Omagh,N09000006,Fermanagh and Omagh
BT92 1,54.264853,-7.730676,N09000006,Fermanagh and Omagh,N09000006,Fermanagh and Omagh
BT92 2,54.289147,-7.666991,N09000006,Fermanagh and Omagh,N09000006,Fermanagh and Omagh
BT92 3,54.255009,-7.680292,N09000006,Fermanagh and Omagh,N09000006,Fermanagh and Omagh
BT92 4,54.203559,-7.633002,N09000006,Fermanagh and Omagh,N09000006,Fermanagh and Omagh
BT92 5,54.279526,-7.340097,N09000006,Fermanagh and Omagh,N09000006,Fermanagh and Omagh
BT92 6,54.205634,-7.323775,N09000006,Fermanagh and Omagh,N09000006,Fermanagh and Omagh
BT92 7,54.292334,-7.273918,N09000006,Fermanagh and Omagh,N09000006,Fermanagh and Omagh
BT92 8,54.173792,-7.404964,N09000006,Fermanagh and Omagh,N09000006,Fermanagh and Omagh
BT92 9,54.188227,-7.569,N09000006,Fermanagh and Omagh,N09000006,Fermanagh and Omagh
BT93 0,54.53787,-7.612255,N09000006,Fermanagh and Omagh,N09000006,Fermanagh and Omagh
BT93 1,54.540323,-7.748437,N09000006,Fermanagh and Omagh,N09000006,Fermanagh and Omagh
BT93 2,54.483416,-8.007073,N09000006,Fermanagh and Omagh,N09000006,Fermanagh and Omagh
BT93 3,54.460454,-7.992467,N09000006,Fermanagh and Omagh,N09000006,Fermanagh and Omagh
BT93 4,54.419241,-8.078985,N09000006,Fermanagh and Omagh,N09000006,Fermanagh and Omagh
BT93 5,54.37168,-7.984067,N09000006,Fermanagh and Omagh,N09000006,Fermanagh and Omagh
BT93 6,54.414356,-7.965198,N09000006,Fermanagh and Omagh,N09000006,Fermanagh and Omagh
BT93 7,54.379303,-7.718984,N09000006,Fermanagh and Omagh,N09000006,Fermanagh and Omagh
BT93 8,54.508494,-7.873895,N09000006,Fermanagh and Omagh,N09000006,Fermanagh and Omagh
BT94 1,54.452441,-7.660871,N09000006,Fermanagh and Omagh,N09000006,Fermanagh and Omagh
BT94 2,54.426013,-7.59447,N09000006,Fermanagh and Omagh,N09000006,Fermanagh and Omagh
BT94 3,54.354661,-7.561953,N09000006,Fermanagh and Omagh,N09000006,Fermanagh and Omagh
BT94 4,54.295469,-7.502193,N09000006,Fermanagh and Omagh,N09000006,Fermanagh and Omagh
BT94 5,54.32756,-7.560366,N09000006,Fermanagh and Omagh,N09000006,Fermanagh and Omagh
BT99 1,54.602712,-5.922494,N09000003,Belfast,N09000003,Belfast
CA1  1,54.890566,-2.943795,E06000063,Cumberland,E06000063,Cumberland
CA1  2,54.891795,-2.925426,E06000063,Cumberland,E06000063,Cumberland
CA1  3,54.876776,-2.911461,E06000063,Cumberland,E06000063,Cumberland
CA1  9,54.890925,-2.94385,E06000063,Cumberland,E06000063,Cumberland
CA10 1,54.7487,-2.706151,E06000064,Westmorland and Furness,E06000064,Westmorland and Furness
CA10 2,54.655624,-2.718346,E06000064,Westmorland and Furness,E06000064,Westmorland and Furness
CA10 3,54.616768,-2.639182,E06000064,Westmorland and Furness,E06000064,Westmorland and Furness
CA11 0,54.67175,-2.788455,E06000064,Westmorland and Furness,E06000064,Westmorland and Furness
CA11 1,54.662453,-2.751006,E06000064,Westmorland and Furness,E06000064,Westmorland and Furness
CA11 7,54.662453,-2.751006,E06000064,Westmorland and Furness,E06000064,Westmorland and Furness
CA11 8,54.666079,-2.748965,E06000064,Westmorland and Furness,E06000064,Westmorland and Furness
CA11 9,54.663401,-2.75907,E06000064,Westmorland and Furness,E06000064,Westmorland and Furness
CA12 4,54.598806,-3.130474,E06000063,Cumberland,E06000063,Cumberland
CA12 5,54.599102,-3.134336,E06000063,Cumberland,E06000063,Cumberland
CA12 9,54.602844,-3.126344,E06000063,Cumberland,E06000063,Cumberland
CA13 0,54.659914,-3.370288,E06000063,Cumberland,E06000063,Cumberland
CA13 3,54.662733,-3.366616,E06000063,Cumberland,E06000063,Cumberland
CA13 9,54.660737,-3.356301,E06000063,Cumberland,E06000063,Cumberland
CA14 1,54.649069,-3.544192,E06000063,Cumberland,E06000063,Cumberland
CA14 2,54.643334,-3.561765,E06000063,Cumberland,E06000063,Cumberland
CA14 3,54.644455,-3.54583,E06000063,Cumberland,E06000063,Cumberland
CA14 4,54.646913,-3.532796,E06000063,Cumberland,E06000063,Cumberland
CA14 5,54.628575,-3.563213,E06000063,Cumberland,E06000063,Cumberland
CA14 9,54.643343,-3.561796,E06000063,Cumberland,E06000063,Cumberland
CA15 6,54.715206,-3.49931,E06000063,Cumberland,E06000063,Cumberland
CA15 7,54.711927,-3.48823,E06000063,Cumberland,E06000063,Cumberland
CA15 8,54.685862,-3.474307,E06000063,Cumberland,E06000063,Cumberland
CA15 9,54.705253,-3.50318,E06000063,Cumberland,E06000063,Cumberland
CA16 6,54.584628,-2.496279,E06000064,Westmorland and Furness,E06000064,Westmorland and Furness
CA17 4,54.471122,-2.347593,E06000064,Westmorland and Furness,E06000064,Westmorland and Furness
CA18 1,54.357956,-3.387564,E06000063,Cumberland,E06000063,Cumberland
CA19 1,54.402721,-3.435632,E06000063,Cumberland,E06000063,Cumberland
CA2  4,54.88531,-2.923781,E06000063,Cumberland,E06000063,Cumberland
CA2  5,54.889014,-2.939908,E06000063,Cumberland,E06000063,Cumberland
CA2  6,54.88439,-2.945178,E06000063,Cumberland,E06000063,Cumberland
CA2  7,54.894244,-2.950367,E06000063,Cumberland,E06000063,Cumberland
CA2  8,54.893336,-2.93544,E06000063,Cumberland,E06000063,Cumberland
CA20 1,54.41909,-3.443771,E06000063,Cumberland,E06000063,Cumberland
CA21 2,54.4463,-3.509639,E06000063,Cumberland,E06000063,Cumberland
CA22 2,54.482036,-3.528923,E06000063,Cumberland,E06000063,Cumberland
CA22 9,54.477667,-3.526167,E06000063,Cumberland,E06000063,Cumberland
CA23 3,54.508595,-3.528972,E06000063,Cumberland,E06000063,Cumberland
CA24 3,54.514846,-3.54555,E06000063,Cumberland,E06000063,Cumberland
CA25 5,54.521606,-3.517037,E06000063,Cumberland,E06000063,Cumberland
CA26 3,54.559833,-3.474705,E06000063,Cumberland,E06000063,Cumberland
CA27 0,54.49021,-3.589299,E06000063,Cumberland,E06000063,Cumberland
CA28 0,54.544642,-3.590427,E06000063,Cumberland,E06000063,Cumberland
CA28 6,54.553763,-3.579509,E06000063,Cumberland,E06000063,Cumberland
CA28 7,54.544549,-3.590655,E06000063,Cumberland,E06000063,Cumberland
CA28 8,54.542931,-3.58042,E06000063,Cumberland,E06000063,Cumberland
CA28 9,54.54594,-3.591467,E06000063,Cumberland,E06000063,Cumberland
CA3  0,54.913054,-2.942137,E06000063,Cumberland,E06000063,Cumberland
CA3  8,54.892437,-2.935419,E06000063,Cumberland,E06000063,Cumberland
CA3  9,54.904371,-2.914268,E06000063,Cumberland,E06000063,Cumberland
CA4  0,54.863652,-2.885131,E06000063,Cumberland,E06000063,Cumberland
CA4  8,54.895825,-2.885025,E06000063,Cumberland,E06000063,Cumberland
CA4  9,54.886296,-2.786249,E06000063,Cumberland,E06000063,Cumberland
CA5  1,54.765019,-3.226182,E06000063,Cumberland,E06000063,Cumberland
CA5  2,54.758146,-3.334133,E06000063,Cumberland,E06000063,Cumberland
CA5  3,54.76409,-3.328096,E06000063,Cumberland,E06000063,Cumberland
CA5  4,54.869258,-3.387479,E06000063,Cumberland,E06000063,Cumberland
CA5  5,54.909009,-3.210154,E06000063,Cumberland,E06000063,Cumberland
CA5  6,54.921556,-3.104275,E06000063,Cumberland,E06000063,Cumberland
CA5  7,54.834281,-2.976842,E06000063,Cumberland,E06000063,Cumberland
CA6  4,54.945339,-3.001171,E06000063,Cumberland,E06000063,Cumberland
CA6  5,54.996046,-3.0671,S12000006,Dumfries and Galloway,S12000006,Dumfries and Galloway
CA6  6,54.971464,-2.951784,E06000063,Cumberland,E06000063,Cumberland
CA6  7,54.989584,-2.578473,E06000063,Cumberland,E06000063,Cumberland
CA7  0,54.81927,-3.181322,E06000063,Cumberland,E06000063,Cumberland
CA7  1,54.765001,-3.226228,E06000063,Cumberland,E06000063,Cumberland
CA7  2,54.758146,-3.334133,E06000063,Cumberland,E06000063,Cumberland
CA7  3,54.764098,-3.328174,E06000063,Cumberland,E06000063,Cumberland
CA7  4,54.868948,-3.387889,E06000063,Cumberland,E06000063,Cumberland
CA7  5,54.908973,-3.210122,E06000063,Cumberland,E06000063,Cumberland
CA7  7,54.890925,-2.94385,E06000063,Cumberland,E06000063,Cumberland
CA7  8,54.821148,-3.141019,E06000063,Cumberland,E06000063,Cumberland
CA7  9,54.824507,-3.160135,E06000063,Cumberland,E06000063,Cumberland
CA8  0,54.94201,-2.730406,E06000063,Cumberland,E06000063,Cumberland
CA8  1,54.947952,-2.731685,E06000063,Cumberland,E06000063,Cumberland
CA8  2,54.944972,-2.748725,E06000063,Cumberland,E06000063,Cumberland
CA8  7,54.989584,-2.578473,E06000063,Cumberland,E06000063,Cumberland
CA8  9,54.886667,-2.785945,E06000063,Cumberland,E06000063,Cumberland
CA9  3,54.810426,-2.448105,E06000064,Westmorland and Furness,E06000064,Westmorland and Furness
CA95 1,54.645713,-3.56618,E06000063,Cumberland,E06000063,Cumberland
CA99 1,54.890925,-2.94385,E06000063,Cumberland,E06000063,Cumberland
CB1  0,52.192267,0.137207,E07000008,Cambridge,E10000003,Cambridgeshire
CB1  1,52.202763,0.132121,E07000008,Cambridge,E10000003,Cambridgeshire
CB1  2,52.192433,0.134523,E07000008,Cambridge,E10000003,Cambridgeshire
CB1  3,52.198337,0.142664,E07000008,Cambridge,E10000003,Cambridgeshire
CB1  4,52.188282,0.13728,E07000008,Cambridge,E10000003,Cambridgeshire
CB1  5,52.202244,0.189435,E07000012,South Cambridgeshire,E10000003,Cambridgeshire
CB1  6,52.115784,0.23829,E07000012,South Cambridgeshire,E10000003,Cambridgeshire
CB1  7,52.188768,0.138795,E07000008,Cambridge,E10000003,Cambridgeshire
CB1  8,52.182166,0.157626,E07000008,Cambridge,E10000003,Cambridgeshire
CB1  9,52.188523,0.179163,E07000008,Cambridge,E10000003,Cambridgeshire
CB10 1,52.021525,0.23922,E07000077,Uttlesford,E10000012,Essex
CB10 2,52.025229,0.245892,E07000077,Uttlesford,E10000012,Essex
CB10 4,51.97482,0.156224,E07000077,Uttlesford,E10000012,Essex
CB10 9,52.022958,0.238592,E07000077,Uttlesford,E10000012,Essex
CB11 3,52.021583,0.249411,E07000077,Uttlesford,E10000012,Essex
CB11 4,52.019606,0.239882,E07000077,Uttlesford,E10000012,Essex
CB2  0,52.174455,0.135139,E07000008,Cambridge,E10000003,Cambridgeshire
CB2  1,52.200456,0.126918,E07000008,Cambridge,E10000003,Cambridgeshire
CB2  2,52.194114,0.122079,E07000008,Cambridge,E10000003,Cambridgeshire
CB2  3,52.204377,0.121895,E07000008,Cambridge,E10000003,Cambridgeshire
CB2  4,52.166773,0.157993,E07000012,South Cambridgeshire,E10000003,Cambridgeshire
CB2  5,52.152649,0.141113,E07000012,South Cambridgeshire,E10000003,Cambridgeshire
CB2  6,52.114957,0.059689,E07000012,South Cambridgeshire,E10000003,Cambridgeshire
CB2  7,52.194111,0.122254,E07000008,Cambridge,E10000003,Cambridgeshire
CB2  8,52.189577,0.131329,E07000008,Cambridge,E10000003,Cambridgeshire
CB2  9,52.168047,0.118484,E07000008,Cambridge,E10000003,Cambridgeshire
CB21 4,52.098393,0.288391,E07000012,South Cambridgeshire,E10000003,Cambridgeshire
CB21 5,52.186953,0.206078,E07000012,South Cambridgeshire,E10000003,Cambridgeshire
CB21 6,52.11582,0.238277,E07000012,South Cambridgeshire,E10000003,Cambridgeshire
CB22 3,52.166764,0.158037,E07000012,South Cambridgeshire,E10000003,Cambridgeshire
CB22 4,52.113147,0.149473,E07000012,South Cambridgeshire,E10000003,Cambridgeshire
CB22 5,52.152797,0.140886,E07000012,South Cambridgeshire,E10000003,Cambridgeshire
CB22 6,52.116152,0.060255,E07000012,South Cambridgeshire,E10000003,Cambridgeshire
CB22 7,52.130951,0.042777,E07000012,South Cambridgeshire,E10000003,Cambridgeshire
CB23 1,52.156823,0.005468,E07000012,South Cambridgeshire,E10000003,Cambridgeshire
CB23 2,52.187927,-0.060182,E07000012,South Cambridgeshire,E10000003,Cambridgeshire
CB23 3,52.244363,-0.116463,E07000012,South Cambridgeshire,E10000003,Cambridgeshire
CB23 4,52.270817,-0.014984,E07000012,South Cambridgeshire,E10000003,Cambridgeshire
CB23 5,52.209359,0.148259,E07000008,Cambridge,E10000003,Cambridgeshire
CB23 6,52.214443,-0.066156,E07000012,South Cambridgeshire,E10000003,Cambridgeshire
CB23 7,52.207684,-0.025058,E07000012,South Cambridgeshire,E10000003,Cambridgeshire
CB23 8,52.225387,0.044223,E07000012,South Cambridgeshire,E10000003,Cambridgeshire
CB24 1,52.286399,0.053966,E07000012,South Cambridgeshire,E10000003,Cambridgeshire
CB24 3,52.26091,0.064584,E07000012,South Cambridgeshire,E10000003,Cambridgeshire
CB24 4,52.293971,-0.00166,E07000012,South Cambridgeshire,E10000003,Cambridgeshire
CB24 5,52.315734,0.01725,E07000012,South Cambridgeshire,E10000003,Cambridgeshire
CB24 6,52.245629,0.166595,E07000012,South Cambridgeshire,E10000003,Cambridgeshire
CB24 8,52.284085,0.114705,E07000012,South Cambridgeshire,E10000003,Cambridgeshire
CB24 9,52.251237,0.125728,E07000012,South Cambridgeshire,E10000003,Cambridgeshire
CB25 0,52.278157,0.329379,E07000009,East Cambridgeshire,E10000003,Cambridgeshire
CB25 9,52.220209,0.22411,E07000012,South Cambridgeshire,E10000003,Cambridgeshire
CB3  0,52.21055,0.112148,E07000008,Cambridge,E10000003,Cambridgeshire
CB3  1,52.218834,0.088721,E07000008,Cambridge,E10000003,Cambridgeshire
CB3  6,52.214378,-0.066584,E07000012,South Cambridgeshire,E10000003,Cambridgeshire
CB3  7,52.17703,0.059631,E07000012,South Cambridgeshire,E10000003,Cambridgeshire
CB3  8,52.225387,0.044223,E07000012,South Cambridgeshire,E10000003,Cambridgeshire
CB3  9,52.20941,0.105976,E07000008,Cambridge,E10000003,Cambridgeshire
CB4  0,52.23743,0.144855,E07000012,South Cambridgeshire,E10000003,Cambridgeshire
CB4  1,52.214557,0.125849,E07000008,Cambridge,E10000003,Cambridgeshire
CB4  2,52.220019,0.128131,E07000008,Cambridge,E10000003,Cambridgeshire
CB4  3,52.212065,0.115923,E07000008,Cambridge,E10000003,Cambridgeshire
CB4  4,52.236182,0.173267,E07000012,South Cambridgeshire,E10000003,Cambridgeshire
CB4  5,52.260915,0.064321,E07000012,South Cambridgeshire,E10000003,Cambridgeshire
CB4  6,52.245629,0.166595,E07000012,South Cambridgeshire,E10000003,Cambridgeshire
CB4  8,52.285571,0.126593,E07000012,South Cambridgeshire,E10000003,Cambridgeshire
CB4  9,52.251951,0.106466,E07000012,South Cambridgeshire,E10000003,Cambridgeshire
CB5  0,52.278148,0.329394,E07000009,East Cambridgeshire,E10000003,Cambridgeshire
CB5  8,52.21148,0.181107,E07000012,South Cambridgeshire,E10000003,Cambridgeshire
CB5  9,52.220201,0.22408,E07000012,South Cambridgeshire,E10000003,Cambridgeshire
CB6  1,52.401075,0.262945,E07000009,East Cambridgeshire,E10000003,Cambridgeshire
CB6  2,52.390153,0.151572,E07000009,East Cambridgeshire,E10000003,Cambridgeshire
CB6  3,52.40192,0.252595,E07000009,East Cambridgeshire,E10000003,Cambridgeshire
CB7  4,52.398357,0.267804,E07000009,East Cambridgeshire,E10000003,Cambridgeshire
CB7  5,52.330022,0.340409,E07000009,East Cambridgeshire,E10000003,Cambridgeshire
CB7  6,52.314312,0.378242,E07000009,East Cambridgeshire,E10000003,Cambridgeshire
CB7  7,52.338028,0.406482,E07000009,East Cambridgeshire,E10000003,Cambridgeshire
CB7  9,52.398218,0.271295,E07000009,East Cambridgeshire,E10000003,Cambridgeshire
CB8  0,52.24757,0.401394,E07000245,West Suffolk,E10000029,Suffolk
CB8  1,52.242763,0.404313,E07000245,West Suffolk,E10000029,Suffolk
CB8  7,52.24946,0.407518,E07000245,West Suffolk,E10000029,Suffolk
CB8  8,52.243367,0.416592,E07000245,West Suffolk,E10000029,Suffolk
CB8  9,52.241856,0.403825,E07000245,West Suffolk,E10000029,Suffolk
CB9  0,52.089163,0.44485,E07000245,West Suffolk,E10000029,Suffolk
CB9  1,52.08298,0.439024,E07000245,West Suffolk,E10000029,Suffolk
CB9  7,52.071146,0.435504,E07000245,West Suffolk,E10000029,Suffolk
CB9  8,52.082414,0.43854,E07000245,West Suffolk,E10000029,Suffolk
CB9  9,52.081691,0.426109,E07000245,West Suffolk,E10000029,Suffolk
CF1  1,51.469744,-3.187701,W06000015,Cardiff,W06000015,Cardiff
CF1  2,51.478821,-3.179296,W06000015,Cardiff,W06000015,Cardiff
CF1  3,51.48333,-3.177972,W06000015,Cardiff,W06000015,Cardiff
CF1  4,51.481532,-3.177926,W06000015,Cardiff,W06000015,Cardiff
CF1  5,51.476167,-3.174908,W06000015,Cardiff,W06000015,Cardiff
CF1  6,51.463668,-3.16595,W06000015,Cardiff,W06000015,Cardiff
CF1  7,51.468874,-3.184799,W06000015,Cardiff,W06000015,Cardiff
CF1  8,51.467887,-3.193411,W06000015,Cardiff,W06000015,Cardiff
CF1  9,51.480532,-3.187981,W06000015,Cardiff,W06000015,Cardiff
CF10 1,51.479103,-3.178094,W06000015,Cardiff,W06000015,Cardiff
CF10 2,51.47947,-3.172876,W06000015,Cardiff,W06000015,Cardiff
CF10 3,51.486806,-3.175657,W06000015,Cardiff,W06000015,Cardiff
CF10 4,51.4654,-3.161747,W06000015,Cardiff,W06000015,Cardiff
CF10 5,51.463668,-3.16595,W06000015,Cardiff,W06000015,Cardiff
CF11 0,51.452845,-3.190702,W06000015,Cardiff,W06000015,Cardiff
CF11 1,51.465736,-3.193643,W06000015,Cardiff,W06000015,Cardiff
CF11 6,51.476559,-3.187834,W06000015,Cardiff,W06000015,Cardiff
CF11 7,51.469954,-3.183819,W06000015,Cardiff,W06000015,Cardiff
CF11 8,51.467947,-3.192837,W06000015,Cardiff,W06000015,Cardiff
CF11 9,51.480532,-3.187981,W06000015,Cardiff,W06000015,Cardiff
CF14 0,51.53574,-3.162169,W06000015,Cardiff,W06000015,Cardiff
CF14 1,51.513947,-3.219446,W06000015,Cardiff,W06000015,Cardiff
CF14 2,51.51393,-3.221117,W06000015,Cardiff,W06000015,Cardiff
CF14 3,51.503037,-3.197023,W06000015,Cardiff,W06000015,Cardiff
CF14 4,51.509595,-3.201994,W06000015,Cardiff,W06000015,Cardiff
CF14 5,51.531103,-3.189745,W06000015,Cardiff,W06000015,Cardiff
CF14 6,51.518982,-3.207301,W06000015,Cardiff,W06000015,Cardiff
CF14 7,51.517104,-3.224561,W06000015,Cardiff,W06000015,Cardiff
CF14 8,51.522155,-3.194282,W06000015,Cardiff,W06000015,Cardiff
CF14 9,51.538673,-3.204823,W06000015,Cardiff,W06000015,Cardiff
CF15 5,51.53586,-3.261138,W06000015,Cardiff,W06000015,Cardiff
CF15 7,51.529086,-3.23692,W06000015,Cardiff,W06000015,Cardiff
CF15 8,51.515465,-3.250314,W06000015,Cardiff,W06000015,Cardiff
CF15 9,51.535913,-3.261183,W06000015,Cardiff,W06000015,Cardiff
CF2  1,51.483417,-3.169333,W06000015,Cardiff,W06000015,Cardiff
CF2  2,51.479907,-3.160604,W06000015,Cardiff,W06000015,Cardiff
CF2  3,51.484301,-3.170796,W06000015,Cardiff,W06000015,Cardiff
CF2  4,51.486969,-3.173745,W06000015,Cardiff,W06000015,Cardiff
CF2  5,51.494333,-3.156648,W06000015,Cardiff,W06000015,Cardiff
CF2  6,51.502395,-3.159734,W06000015,Cardiff,W06000015,Cardiff
CF2  7,51.518605,-3.157264,W06000015,Cardiff,W06000015,Cardiff
CF23 0,51.502015,-3.117366,W06000015,Cardiff,W06000015,Cardiff
CF23 5,51.494617,-3.155157,W06000015,Cardiff,W06000015,Cardiff
CF23 6,51.507932,-3.171748,W06000015,Cardiff,W06000015,Cardiff
CF23 7,51.519594,-3.156323,W06000015,Cardiff,W06000015,Cardiff
CF23 8,51.53852,-3.13343,W06000015,Cardiff,W06000015,Cardiff
CF23 9,51.496059,-3.143813,W06000015,Cardiff,W06000015,Cardiff
CF24 0,51.48415,-3.167912,W06000015,Cardiff,W06000015,Cardiff
CF24 1,51.48719,-3.158801,W06000015,Cardiff,W06000015,Cardiff
CF24 2,51.48021,-3.15907,W06000015,Cardiff,W06000015,Cardiff
CF24 3,51.484591,-3.169666,W06000015,Cardiff,W06000015,Cardiff
CF24 4,51.487653,-3.173748,W06000015,Cardiff,W06000015,Cardiff
CF24 5,51.47486,-3.155393,W06000015,Cardiff,W06000015,Cardiff
CF3  0,51.52431,-3.109436,W06000015,Cardiff,W06000015,Cardiff
CF3  1,51.517671,-3.108756,W06000015,Cardiff,W06000015,Cardiff
CF3  2,51.530619,-3.090589,W06000015,Cardiff,W06000015,Cardiff
CF3  3,51.501311,-3.137347,W06000015,Cardiff,W06000015,Cardiff
CF3  4,51.509514,-3.133301,W06000015,Cardiff,W06000015,Cardiff
CF3  5,51.5268,-3.107565,W06000015,Cardiff,W06000015,Cardiff
CF3  6,51.550035,-3.122611,W06000018,Caerphilly,W06000018,Caerphilly
CF3  7,51.495345,-3.145149,W06000015,Cardiff,W06000015,Cardiff
CF3  8,51.500795,-3.139524,W06000015,Cardiff,W06000015,Cardiff
CF3  9,51.508955,-3.132523,W06000015,Cardiff,W06000015,Cardiff
CF30 0,51.519636,-3.119571,W06000015,Cardiff,W06000015,Cardiff
CF31 1,51.507151,-3.576091,W06000013,Bridgend,W06000013,Bridgend
CF31 2,51.504115,-3.562412,W06000013,Bridgend,W06000013,Bridgend
CF31 3,51.503789,-3.576681,W06000013,Bridgend,W06000013,Bridgend
CF31 4,51.505039,-3.580024,W06000013,Bridgend,W06000013,Bridgend
CF31 5,51.506181,-3.604473,W06000013,Bridgend,W06000013,Bridgend
CF31 9,51.504666,-3.57027,W06000013,Bridgend,W06000013,Bridgend
CF32 0,51.531637,-3.641021,W06000013,Bridgend,W06000013,Bridgend
CF32 7,51.601719,-3.542223,W06000013,Bridgend,W06000013,Bridgend
CF32 8,51.625312,-3.587981,W06000013,Bridgend,W06000013,Bridgend
CF32 9,51.535479,-3.595841,W06000013,Bridgend,W06000013,Bridgend
CF33 4,51.520818,-3.671681,W06000013,Bridgend,W06000013,Bridgend
CF33 6,51.529443,-3.691056,W06000013,Bridgend,W06000013,Bridgend
CF34 0,51.609073,-3.650427,W06000013,Bridgend,W06000013,Bridgend
CF34 4,51.609341,-3.657543,W06000013,Bridgend,W06000013,Bridgend
CF34 9,51.608395,-3.657696,W06000013,Bridgend,W06000013,Bridgend
CF35 5,51.485258,-3.585144,W06000013,Bridgend,W06000013,Bridgend
CF35 6,51.506293,-3.539085,W06000013,Bridgend,W06000013,Bridgend
CF36 3,51.478661,-3.706661,W06000013,Bridgend,W06000013,Bridgend
CF36 5,51.487388,-3.672677,W06000013,Bridgend,W06000013,Bridgend
CF36 9,51.478994,-3.705996,W06000013,Bridgend,W06000013,Bridgend
CF37 1,51.595929,-3.34898,W06000016,Rhondda Cynon Taf,W06000016,Rhondda Cynon Taf
CF37 2,51.60751,-3.338116,W06000016,Rhondda Cynon Taf,W06000016,Rhondda Cynon Taf
CF37 3,51.622391,-3.33347,W06000016,Rhondda Cynon Taf,W06000016,Rhondda Cynon Taf
CF37 4,51.60602,-3.327648,W06000016,Rhondda Cynon Taf,W06000016,Rhondda Cynon Taf
CF37 5,51.581002,-3.308545,W06000016,Rhondda Cynon Taf,W06000016,Rhondda Cynon Taf
CF37 9,51.596002,-3.348924,W06000016,Rhondda Cynon Taf,W06000016,Rhondda Cynon Taf
CF38 1,51.556822,-3.307792,W06000016,Rhondda Cynon Taf,W06000016,Rhondda Cynon Taf
CF38 2,51.558349,-3.359408,W06000016,Rhondda Cynon Taf,W06000016,Rhondda Cynon Taf
CF39 0,51.614722,-3.412466,W06000016,Rhondda Cynon Taf,W06000016,Rhondda Cynon Taf
CF39 8,51.582847,-3.431007,W06000016,Rhondda Cynon Taf,W06000016,Rhondda Cynon Taf
CF39 9,51.610677,-3.409351,W06000016,Rhondda Cynon Taf,W06000016,Rhondda Cynon Taf
CF4  1,51.512569,-3.220519,W06000015,Cardiff,W06000015,Cardiff
CF4  2,51.513453,-3.221984,W06000015,Cardiff,W06000015,Cardiff
CF4  3,51.493987,-3.191211,W06000015,Cardiff,W06000015,Cardiff
CF4  4,51.508253,-3.203111,W06000015,Cardiff,W06000015,Cardiff
CF4  5,51.529061,-3.190686,W06000015,Cardiff,W06000015,Cardiff
CF4  6,51.518097,-3.207695,W06000015,Cardiff,W06000015,Cardiff
CF4  7,51.516105,-3.226378,W06000015,Cardiff,W06000015,Cardiff
CF4  8,51.514932,-3.252288,W06000015,Cardiff,W06000015,Cardiff
CF4  9,51.537919,-3.203895,W06000015,Cardiff,W06000015,Cardiff
CF40 1,51.619623,-3.453065,W06000016,Rhondda Cynon Taf,W06000016,Rhondda Cynon Taf
CF40 2,51.62598,-3.459668,W06000016,Rhondda Cynon Taf,W06000016,Rhondda Cynon Taf
CF40 9,51.623143,-3.471597,W06000016,Rhondda Cynon Taf,W06000016,Rhondda Cynon Taf
CF41 7,51.646153,-3.488602,W06000016,Rhondda Cynon Taf,W06000016,Rhondda Cynon Taf
CF42 5,51.67119,-3.529626,W06000016,Rhondda Cynon Taf,W06000016,Rhondda Cynon Taf
CF42 6,51.65978,-3.50527,W06000016,Rhondda Cynon Taf,W06000016,Rhondda Cynon Taf
CF42 9,51.659837,-3.504332,W06000016,Rhondda Cynon Taf,W06000016,Rhondda Cynon Taf
CF43 3,51.647511,-3.432926,W06000016,Rhondda Cynon Taf,W06000016,Rhondda Cynon Taf
CF43 4,51.667063,-3.470489,W06000016,Rhondda Cynon Taf,W06000016,Rhondda Cynon Taf
CF43 9,51.65802,-3.44199,W06000016,Rhondda Cynon Taf,W06000016,Rhondda Cynon Taf
CF44 0,51.706309,-3.416766,W06000016,Rhondda Cynon Taf,W06000016,Rhondda Cynon Taf
CF44 4,51.698252,-3.418323,W06000016,Rhondda Cynon Taf,W06000016,Rhondda Cynon Taf
CF44 6,51.69155,-3.415538,W06000016,Rhondda Cynon Taf,W06000016,Rhondda Cynon Taf
CF44 7,51.7135,-3.447894,W06000016,Rhondda Cynon Taf,W06000016,Rhondda Cynon Taf
CF44 8,51.715221,-3.449729,W06000016,Rhondda Cynon Taf,W06000016,Rhondda Cynon Taf
CF44 9,51.723711,-3.466274,W06000016,Rhondda Cynon Taf,W06000016,Rhondda Cynon Taf
CF45 3,51.678694,-3.378342,W06000016,Rhondda Cynon Taf,W06000016,Rhondda Cynon Taf
CF45 4,51.684314,-3.379105,W06000016,Rhondda Cynon Taf,W06000016,Rhondda Cynon Taf
CF45 9,51.682456,-3.379526,W06000016,Rhondda Cynon Taf,W06000016,Rhondda Cynon Taf
CF46 5,51.66306,-3.3065,W06000024,Merthyr Tydfil,W06000024,Merthyr Tydfil
CF46 6,51.664629,-3.296322,W06000024,Merthyr Tydfil,W06000024,Merthyr Tydfil
CF46 9,51.664208,-3.304349,W06000024,Merthyr Tydfil,W06000024,Merthyr Tydfil
CF47 0,51.74274,-3.367732,W06000024,Merthyr Tydfil,W06000024,Merthyr Tydfil
CF47 7,51.742322,-3.375816,W06000024,Merthyr Tydfil,W06000024,Merthyr Tydfil
CF47 8,51.74734,-3.379589,W06000024,Merthyr Tydfil,W06000024,Merthyr Tydfil
CF47 9,51.753881,-3.374588,W06000024,Merthyr Tydfil,W06000024,Merthyr Tydfil
CF48 1,51.725984,-3.368906,W06000024,Merthyr Tydfil,W06000024,Merthyr Tydfil
CF48 2,51.769328,-3.355347,W06000024,Merthyr Tydfil,W06000024,Merthyr Tydfil
CF48 3,51.761871,-3.340676,W06000024,Merthyr Tydfil,W06000024,Merthyr Tydfil
CF48 4,51.729512,-3.359267,W06000024,Merthyr Tydfil,W06000024,Merthyr Tydfil
CF5  1,51.485361,-3.227266,W06000015,Cardiff,W06000015,Cardiff
CF5  2,51.490717,-3.211062,W06000015,Cardiff,W06000015,Cardiff
CF5  3,51.48559,-3.229375,W06000015,Cardiff,W06000015,Cardiff
CF5  4,51.485044,-3.231737,W06000015,Cardiff,W06000015,Cardiff
CF5  5,51.483416,-3.23008,W06000015,Cardiff,W06000015,Cardiff
CF5  6,51.458728,-3.258435,W06000014,Vale of Glamorgan,W06000014,Vale of Glamorgan
CF5  9,51.483555,-3.223617,W06000015,Cardiff,W06000015,Cardiff
CF6  1,51.438606,-3.172376,W06000014,Vale of Glamorgan,W06000014,Vale of Glamorgan
CF6  2,51.437511,-3.173916,W06000014,Vale of Glamorgan,W06000014,Vale of Glamorgan
CF6  3,51.418585,-3.245152,W06000014,Vale of Glamorgan,W06000014,Vale of Glamorgan
CF6  4,51.434506,-3.218164,W06000014,Vale of Glamorgan,W06000014,Vale of Glamorgan
CF6  5,51.417072,-3.290252,W06000014,Vale of Glamorgan,W06000014,Vale of Glamorgan
CF6  6,51.404198,-3.272638,W06000014,Vale of Glamorgan,W06000014,Vale of Glamorgan
CF6  7,51.412344,-3.269456,W06000014,Vale of Glamorgan,W06000014,Vale of Glamorgan
CF6  8,51.399112,-3.283882,W06000014,Vale of Glamorgan,W06000014,Vale of Glamorgan
CF6  9,51.415022,-3.30807,W06000014,Vale of Glamorgan,W06000014,Vale of Glamorgan
CF61 1,51.410269,-3.482855,W06000014,Vale of Glamorgan,W06000014,Vale of Glamorgan
CF61 2,51.410674,-3.479978,W06000014,Vale of Glamorgan,W06000014,Vale of Glamorgan
CF62 3,51.416021,-3.314383,W06000014,Vale of Glamorgan,W06000014,Vale of Glamorgan
CF62 4,51.397613,-3.414796,W06000014,Vale of Glamorgan,W06000014,Vale of Glamorgan
CF62 5,51.399947,-3.27574,W06000014,Vale of Glamorgan,W06000014,Vale of Glamorgan
CF62 6,51.397868,-3.286664,W06000014,Vale of Glamorgan,W06000014,Vale of Glamorgan
CF62 7,51.398997,-3.283763,W06000014,Vale of Glamorgan,W06000014,Vale of Glamorgan
CF62 8,51.417242,-3.291134,W06000014,Vale of Glamorgan,W06000014,Vale of Glamorgan
CF62 9,51.412353,-3.269442,W06000014,Vale of Glamorgan,W06000014,Vale of Glamorgan
CF63 1,51.411603,-3.258967,W06000014,Vale of Glamorgan,W06000014,Vale of Glamorgan
CF63 2,51.418567,-3.245194,W06000014,Vale of Glamorgan,W06000014,Vale of Glamorgan
CF63 3,51.399295,-3.243635,W06000014,Vale of Glamorgan,W06000014,Vale of Glamorgan
CF63 4,51.404055,-3.27259,W06000014,Vale of Glamorgan,W06000014,Vale of Glamorgan
CF63 9,51.404055,-3.27259,W06000014,Vale of Glamorgan,W06000014,Vale of Glamorgan
CF64 1,51.438614,-3.172491,W06000014,Vale of Glamorgan,W06000014,Vale of Glamorgan
CF64 2,51.438153,-3.173587,W06000014,Vale of Glamorgan,W06000014,Vale of Glamorgan
CF64 3,51.434834,-3.169157,W06000014,Vale of Glamorgan,W06000014,Vale of Glamorgan
CF64 4,51.43448,-3.218134,W06000014,Vale of Glamorgan,W06000014,Vale of Glamorgan
CF64 5,51.398924,-3.237918,W06000014,Vale of Glamorgan,W06000014,Vale of Glamorgan
CF64 9,51.439487,-3.17329,W06000014,Vale of Glamorgan,W06000014,Vale of Glamorgan
CF7  7,51.461093,-3.444815,W06000014,Vale of Glamorgan,W06000014,Vale of Glamorgan
CF7  8,51.53617,-3.386633,W06000016,Rhondda Cynon Taf,W06000016,Rhondda Cynon Taf
CF7  9,51.524496,-3.391395,W06000016,Rhondda Cynon Taf,W06000016,Rhondda Cynon Taf
CF71 7,51.460961,-3.444566,W06000014,Vale of Glamorgan,W06000014,Vale of Glamorgan
CF71 9,51.439952,-3.499874,W06000014,Vale of Glamorgan,W06000014,Vale of Glamorgan
CF72 0,51.530168,-3.390833,W06000016,Rhondda Cynon Taf,W06000016,Rhondda Cynon Taf
CF72 4,51.531254,-3.467753,W06000016,Rhondda Cynon Taf,W06000016,Rhondda Cynon Taf
CF72 8,51.536179,-3.386633,W06000016,Rhondda Cynon Taf,W06000016,Rhondda Cynon Taf
CF72 9,51.524444,-3.391249,W06000016,Rhondda Cynon Taf,W06000016,Rhondda Cynon Taf
CF8  1,51.57437,-3.22141,W06000018,Caerphilly,W06000018,Caerphilly
CF8  2,51.58987,-3.249744,W06000018,Caerphilly,W06000018,Caerphilly
CF8  3,51.579332,-3.218079,W06000018,Caerphilly,W06000018,Caerphilly
CF8  7,51.642215,-3.235964,W06000018,Caerphilly,W06000018,Caerphilly
CF8  8,51.642605,-3.233026,W06000018,Caerphilly,W06000018,Caerphilly
CF8  9,51.695012,-3.230992,W06000018,Caerphilly,W06000018,Caerphilly
CF81 8,51.687091,-3.231009,W06000018,Caerphilly,W06000018,Caerphilly
CF81 9,51.695012,-3.230992,W06000018,Caerphilly,W06000018,Caerphilly
CF82 6,51.653793,-3.24569,W06000018,Caerphilly,W06000018,Caerphilly
CF82 7,51.642132,-3.236135,W06000018,Caerphilly,W06000018,Caerphilly
CF82 8,51.642531,-3.233227,W06000018,Caerphilly,W06000018,Caerphilly
CF82 9,51.628646,-3.228198,W06000018,Caerphilly,W06000018,Caerphilly
CF83 1,51.574377,-3.22167,W06000018,Caerphilly,W06000018,Caerphilly
CF83 2,51.58987,-3.249759,W06000018,Caerphilly,W06000018,Caerphilly
CF83 3,51.579296,-3.21815,W06000018,Caerphilly,W06000018,Caerphilly
CF83 4,51.599756,-3.274503,W06000018,Caerphilly,W06000018,Caerphilly
CF83 8,51.590154,-3.196658,W06000018,Caerphilly,W06000018,Caerphilly
CF83 9,51.577938,-3.231117,W06000018,Caerphilly,W06000018,Caerphilly
CF91 1,51.465745,-3.193643,W06000015,Cardiff,W06000015,Cardiff
CF91 5,51.465745,-3.193643,W06000015,Cardiff,W06000015,Cardiff
CF95 1,51.481197,-3.171048,W06000015,Cardiff,W06000015,Cardiff
CF99 1,51.464505,-3.16135,W06000015,Cardiff,W06000015,Cardiff
CH1  1,53.190362,-2.888221,E06000050,Cheshire West and Chester,E06000050,Cheshire West and Chester
CH1  2,53.189448,-2.893844,E06000050,Cheshire West and Chester,E06000050,Cheshire West and Chester
CH1  3,53.197786,-2.884632,E06000050,Cheshire West and Chester,E06000050,Cheshire West and Chester
CH1  4,53.195856,-2.903438,E06000050,Cheshire West and Chester,E06000050,Cheshire West and Chester
CH1  5,53.205663,-2.938469,E06000050,Cheshire West and Chester,E06000050,Cheshire West and Chester
CH1  6,53.221018,-2.960791,E06000050,Cheshire West and Chester,E06000050,Cheshire West and Chester
CH1  9,53.197786,-2.884632,E06000050,Cheshire West and Chester,E06000050,Cheshire West and Chester
CH2  1,53.196876,-2.894568,E06000050,Cheshire West and Chester,E06000050,Cheshire West and Chester
CH2  2,53.203502,-2.893283,E06000050,Cheshire West and Chester,E06000050,Cheshire West and Chester
CH2  3,53.199474,-2.880101,E06000050,Cheshire West and Chester,E06000050,Cheshire West and Chester
CH2  4,53.225296,-2.895114,E06000050,Cheshire West and Chester,E06000050,Cheshire West and Chester
CH25 9,53.396989,-3.011914,E08000015,Wirral,E08000015,Wirral
CH26 9,53.365713,-3.065921,E08000015,Wirral,E08000015,Wirral
CH27 9,53.415715,-3.023251,E08000015,Wirral,E08000015,Wirral
CH28 9,53.40045,-3.111955,E08000015,Wirral,E08000015,Wirral
CH29 9,53.390356,-3.17939,E08000015,Wirral,E08000015,Wirral
CH3  5,53.192571,-2.855263,E06000050,Cheshire West and Chester,E06000050,Cheshire West and Chester
CH3  6,53.175655,-2.825826,E06000050,Cheshire West and Chester,E06000050,Cheshire West and Chester
CH3  7,53.187497,-2.83427,E06000050,Cheshire West and Chester,E06000050,Cheshire West and Chester
CH3  8,53.21473,-2.745305,E06000050,Cheshire West and Chester,E06000050,Cheshire West and Chester
CH3  9,53.123547,-2.770506,E06000050,Cheshire West and Chester,E06000050,Cheshire West and Chester
CH30 9,53.379073,-3.098455,E08000015,Wirral,E08000015,Wirral
CH31 9,53.329754,-3.098884,E08000015,Wirral,E08000015,Wirral
CH32 9,53.361962,-2.99765,E08000015,Wirral,E08000015,Wirral
CH33 9,53.290566,-3.062638,E06000050,Cheshire West and Chester,E06000050,Cheshire West and Chester
CH34 9,53.286369,-2.912845,E06000050,Cheshire West and Chester,E06000050,Cheshire West and Chester
CH4  0,53.149273,-3.048396,W06000005,Flintshire,W06000005,Flintshire
CH4  7,53.182583,-2.886205,E06000050,Cheshire West and Chester,E06000050,Cheshire West and Chester
CH4  8,53.180381,-2.902948,E06000050,Cheshire West and Chester,E06000050,Cheshire West and Chester
CH4  9,53.146629,-3.003641,W06000005,Flintshire,W06000005,Flintshire
CH41 0,53.399493,-3.050927,E08000015,Wirral,E08000015,Wirral
CH41 1,53.399985,-3.022152,E08000015,Wirral,E08000015,Wirral
CH41 2,53.39075,-3.024638,E08000015,Wirral,E08000015,Wirral
CH41 3,53.393919,-3.026142,E08000015,Wirral,E08000015,Wirral
CH41 4,53.397074,-3.01145,E08000015,Wirral,E08000015,Wirral
CH41 5,53.392258,-3.015486,E08000015,Wirral,E08000015,Wirral
CH41 6,53.392825,-3.017515,E08000015,Wirral,E08000015,Wirral
CH41 7,53.399988,-3.055948,E08000015,Wirral,E08000015,Wirral
CH41 8,53.397449,-3.045132,E08000015,Wirral,E08000015,Wirral
CH41 9,53.384279,-3.020303,E08000015,Wirral,E08000015,Wirral
CH42 0,53.382709,-3.027256,E08000015,Wirral,E08000015,Wirral
CH42 1,53.36782,-2.998012,E08000015,Wirral,E08000015,Wirral
CH42 2,53.371977,-3.008165,E08000015,Wirral,E08000015,Wirral
CH42 3,53.378501,-3.016888,E08000015,Wirral,E08000015,Wirral
CH42 4,53.36495,-3.01425,E08000015,Wirral,E08000015,Wirral
CH42 5,53.381082,-3.02412,E08000015,Wirral,E08000015,Wirral
CH42 6,53.373321,-3.028744,E08000015,Wirral,E08000015,Wirral
CH42 7,53.381855,-3.027296,E08000015,Wirral,E08000015,Wirral
CH42 8,53.367717,-3.036394,E08000015,Wirral,E08000015,Wirral
CH42 9,53.372245,-3.040787,E08000015,Wirral,E08000015,Wirral
CH43 0,53.368199,-3.046024,E08000015,Wirral,E08000015,Wirral
CH43 1,53.386263,-3.04558,E08000015,Wirral,E08000015,Wirral
CH43 2,53.378815,-3.055244,E08000015,Wirral,E08000015,Wirral
CH43 3,53.365704,-3.065906,E08000015,Wirral,E08000015,Wirral
CH43 4,53.390815,-3.040022,E08000015,Wirral,E08000015,Wirral
CH43 5,53.384865,-3.036795,E08000015,Wirral,E08000015,Wirral
CH43 6,53.386807,-3.056283,E08000015,Wirral,E08000015,Wirral
CH43 7,53.408014,-3.070211,E08000015,Wirral,E08000015,Wirral
CH43 8,53.392977,-3.046706,E08000015,Wirral,E08000015,Wirral
CH43 9,53.383203,-3.072266,E08000015,Wirral,E08000015,Wirral
CH44 0,53.417129,-3.035443,E08000015,Wirral,E08000015,Wirral
CH44 1,53.420846,-3.043237,E08000015,Wirral,E08000015,Wirral
CH44 2,53.419441,-3.049748,E08000015,Wirral,E08000015,Wirral
CH44 3,53.415543,-3.050329,E08000015,Wirral,E08000015,Wirral
CH44 4,53.410088,-3.041966,E08000015,Wirral,E08000015,Wirral
CH44 5,53.414805,-3.046339,E08000015,Wirral,E08000015,Wirral
CH44 6,53.411518,-3.021135,E08000015,Wirral,E08000015,Wirral
CH44 7,53.40983,-3.021997,E08000015,Wirral,E08000015,Wirral
CH44 8,53.416116,-3.03101,E08000015,Wirral,E08000015,Wirral
CH44 9,53.414704,-3.031081,E08000015,Wirral,E08000015,Wirral
CH45 0,53.431052,-3.059185,E08000015,Wirral,E08000015,Wirral
CH45 1,53.432753,-3.038426,E08000015,Wirral,E08000015,Wirral
CH45 2,53.43833,-3.048302,E08000015,Wirral,E08000015,Wirral
CH45 3,53.428133,-3.066999,E08000015,Wirral,E08000015,Wirral
CH45 4,53.421543,-3.043706,E08000015,Wirral,E08000015,Wirral
CH45 5,53.421751,-3.043515,E08000015,Wirral,E08000015,Wirral
CH45 6,53.422312,-3.058457,E08000015,Wirral,E08000015,Wirral
CH45 7,53.426744,-3.03062,E08000015,Wirral,E08000015,Wirral
CH45 8,53.422369,-3.076245,E08000015,Wirral,E08000015,Wirral
CH45 9,53.434094,-3.052593,E08000015,Wirral,E08000015,Wirral
CH46 0,53.400095,-3.111509,E08000015,Wirral,E08000015,Wirral
CH46 1,53.41018,-3.097931,E08000015,Wirral,E08000015,Wirral
CH46 2,53.415454,-3.092425,E08000015,Wirral,E08000015,Wirral
CH46 3,53.416688,-3.10481,E08000015,Wirral,E08000015,Wirral
CH46 4,53.413106,-3.123553,E08000015,Wirral,E08000015,Wirral
CH46 5,53.396408,-3.133611,E08000015,Wirral,E08000015,Wirral
CH46 6,53.400531,-3.111897,E08000015,Wirral,E08000015,Wirral
CH46 7,53.402772,-3.112602,E08000015,Wirral,E08000015,Wirral
CH46 8,53.409963,-3.10975,E08000015,Wirral,E08000015,Wirral
CH46 9,53.40045,-3.111955,E08000015,Wirral,E08000015,Wirral
CH47 0,53.397849,-3.169685,E08000015,Wirral,E08000015,Wirral
CH47 1,53.392075,-3.183648,E08000015,Wirral,E08000015,Wirral
CH47 2,53.390175,-3.17943,E08000015,Wirral,E08000015,Wirral
CH47 3,53.398272,-3.172389,E08000015,Wirral,E08000015,Wirral
CH47 4,53.389768,-3.179764,E08000015,Wirral,E08000015,Wirral
CH47 5,53.395141,-3.174529,E08000015,Wirral,E08000015,Wirral
CH47 6,53.401421,-3.160187,E08000015,Wirral,E08000015,Wirral
CH47 7,53.40484,-3.155165,E08000015,Wirral,E08000015,Wirral
CH47 8,53.405507,-3.148475,E08000015,Wirral,E08000015,Wirral
CH47 9,53.399285,-3.155211,E08000015,Wirral,E08000015,Wirral
CH48 0,53.372793,-3.185473,E08000015,Wirral,E08000015,Wirral
CH48 1,53.366361,-3.163969,E08000015,Wirral,E08000015,Wirral
CH48 2,53.365333,-3.174491,E08000015,Wirral,E08000015,Wirral
CH48 3,53.367948,-3.179147,E08000015,Wirral,E08000015,Wirral
CH48 4,53.372969,-3.179511,E08000015,Wirral,E08000015,Wirral
CH48 5,53.37448,-3.182153,E08000015,Wirral,E08000015,Wirral
CH48 6,53.378008,-3.164391,E08000015,Wirral,E08000015,Wirral
CH48 7,53.37195,-3.17075,E08000015,Wirral,E08000015,Wirral
CH48 8,53.365155,-3.154919,E08000015,Wirral,E08000015,Wirral
CH48 9,53.372909,-3.159939,E08000015,Wirral,E08000015,Wirral
CH49 0,53.377085,-3.100478,E08000015,Wirral,E08000015,Wirral
CH49 1,53.376322,-3.102353,E08000015,Wirral,E08000015,Wirral
CH49 2,53.385028,-3.111523,E08000015,Wirral,E08000015,Wirral
CH49 3,53.378296,-3.122006,E08000015,Wirral,E08000015,Wirral
CH49 4,53.387155,-3.118721,E08000015,Wirral,E08000015,Wirral
CH49 5,53.375324,-3.095472,E08000015,Wirral,E08000015,Wirral
CH49 6,53.387358,-3.101675,E08000015,Wirral,E08000015,Wirral
CH49 7,53.37442,-3.083274,E08000015,Wirral,E08000015,Wirral
CH49 8,53.377187,-3.084411,E08000015,Wirral,E08000015,Wirral
CH49 9,53.378956,-3.098392,E08000015,Wirral,E08000015,Wirral
CH5  1,53.211462,-3.037005,W06000005,Flintshire,W06000005,Flintshire
CH5  2,53.202309,-3.016304,W06000005,Flintshire,W06000005,Flintshire
CH5  3,53.195902,-3.040087,W06000005,Flintshire,W06000005,Flintshire
CH5  4,53.221184,-3.061968,W06000005,Flintshire,W06000005,Flintshire
CH5  9,53.208675,-3.017188,W06000005,Flintshire,W06000005,Flintshire
CH6  5,53.249624,-3.134374,W06000005,Flintshire,W06000005,Flintshire
CH6  6,53.271946,-3.176939,W06000005,Flintshire,W06000005,Flintshire
CH6  9,53.246462,-3.141754,W06000005,Flintshire,W06000005,Flintshire
CH60 0,53.329682,-3.098807,E08000015,Wirral,E08000015,Wirral
CH60 1,53.329754,-3.098884,E08000015,Wirral,E08000015,Wirral
CH60 2,53.322736,-3.085762,E08000015,Wirral,E08000015,Wirral
CH60 3,53.315593,-3.083435,E08000015,Wirral,E08000015,Wirral
CH60 4,53.325951,-3.10284,E08000015,Wirral,E08000015,Wirral
CH60 5,53.329408,-3.097359,E08000015,Wirral,E08000015,Wirral
CH60 6,53.335846,-3.113698,E08000015,Wirral,E08000015,Wirral
CH60 7,53.329811,-3.098495,E08000015,Wirral,E08000015,Wirral
CH60 8,53.323446,-3.088738,E08000015,Wirral,E08000015,Wirral
CH60 9,53.332287,-3.120288,E08000015,Wirral,E08000015,Wirral
CH61 0,53.352547,-3.121466,E08000015,Wirral,E08000015,Wirral
CH61 1,53.346133,-3.088986,E08000015,Wirral,E08000015,Wirral
CH61 2,53.348526,-3.114991,E08000015,Wirral,E08000015,Wirral
CH61 3,53.352248,-3.118829,E08000015,Wirral,E08000015,Wirral
CH61 4,53.329754,-3.098884,E08000015,Wirral,E08000015,Wirral
CH61 5,53.34423,-3.106226,E08000015,Wirral,E08000015,Wirral
CH61 6,53.339033,-3.101526,E08000015,Wirral,E08000015,Wirral
CH61 7,53.352441,-3.095096,E08000015,Wirral,E08000015,Wirral
CH61 8,53.343345,-3.108667,E08000015,Wirral,E08000015,Wirral
CH61 9,53.329754,-3.098884,E08000015,Wirral,E08000015,Wirral
CH62 0,53.312447,-2.964119,E08000015,Wirral,E08000015,Wirral
CH62 1,53.361585,-2.997566,E08000015,Wirral,E08000015,Wirral
CH62 2,53.36198,-2.997605,E08000015,Wirral,E08000015,Wirral
CH62 3,53.327511,-2.970945,E08000015,Wirral,E08000015,Wirral
CH62 4,53.348545,-2.980977,E08000015,Wirral,E08000015,Wirral
CH62 5,53.36382,-3.000158,E08000015,Wirral,E08000015,Wirral
CH62 6,53.324629,-2.973882,E08000015,Wirral,E08000015,Wirral
CH62 7,53.332469,-2.979106,E08000015,Wirral,E08000015,Wirral
CH62 8,53.316665,-2.963808,E08000015,Wirral,E08000015,Wirral
CH62 9,53.312045,-2.967096,E08000015,Wirral,E08000015,Wirral
CH63 0,53.324253,-2.992235,E08000015,Wirral,E08000015,Wirral
CH63 1,53.322644,-3.046861,E08000015,Wirral,E08000015,Wirral
CH63 2,53.349618,-3.019174,E08000015,Wirral,E08000015,Wirral
CH63 3,53.345909,-3.012371,E08000015,Wirral,E08000015,Wirral
CH63 4,53.317863,-3.041565,E08000015,Wirral,E08000015,Wirral
CH63 5,53.361733,-3.023611,E08000015,Wirral,E08000015,Wirral
CH63 6,53.351924,-3.044574,E08000015,Wirral,E08000015,Wirral
CH63 7,53.34845,-2.998881,E08000015,Wirral,E08000015,Wirral
CH63 8,53.355387,-3.025652,E08000015,Wirral,E08000015,Wirral
CH63 9,53.338725,-3.009407,E08000015,Wirral,E08000015,Wirral
CH64 0,53.290368,-3.062663,E06000050,Cheshire West and Chester,E06000050,Cheshire West and Chester
CH64 1,53.294885,-2.992229,E06000050,Cheshire West and Chester,E06000050,Cheshire West and Chester
CH64 2,53.292316,-3.009198,E06000050,Cheshire West and Chester,E06000050,Cheshire West and Chester
CH64 3,53.303659,-3.05393,E06000050,Cheshire West and Chester,E06000050,Cheshire West and Chester
CH64 4,53.290566,-3.062638,E06000050,Cheshire West and Chester,E06000050,Cheshire West and Chester
CH64 5,53.259572,-3.029729,E06000050,Cheshire West and Chester,E06000050,Cheshire West and Chester
CH64 6,53.289908,-3.069808,E06000050,Cheshire West and Chester,E06000050,Cheshire West and Chester
CH64 7,53.29349,-3.040912,E06000050,Cheshire West and Chester,E06000050,Cheshire West and Chester
CH64 8,53.273418,-3.03363,E06000050,Cheshire West and Chester,E06000050,Cheshire West and Chester
CH64 9,53.290285,-3.063861,E06000050,Cheshire West and Chester,E06000050,Cheshire West and Chester
CH65 0,53.279103,-2.901292,E06000050,Cheshire West and Chester,E06000050,Cheshire West and Chester
CH65 1,53.298945,-2.913984,E06000050,Cheshire West and Chester,E06000050,Cheshire West and Chester
CH65 2,53.285342,-2.897688,E06000050,Cheshire West and Chester,E06000050,Cheshire West and Chester
CH65 3,53.289823,-2.907788,E06000050,Cheshire West and Chester,E06000050,Cheshire West and Chester
CH65 4,53.280218,-2.894101,E06000050,Cheshire West and Chester,E06000050,Cheshire West and Chester
CH65 5,53.286297,-2.912829,E06000050,Cheshire West and Chester,E06000050,Cheshire West and Chester
CH65 6,53.268233,-2.90874,E06000050,Cheshire West and Chester,E06000050,Cheshire West and Chester
CH65 7,53.273977,-2.911036,E06000050,Cheshire West and Chester,E06000050,Cheshire West and Chester
CH65 8,53.280781,-2.898132,E06000050,Cheshire West and Chester,E06000050,Cheshire West and Chester
CH65 9,53.275247,-2.900161,E06000050,Cheshire West and Chester,E06000050,Cheshire West and Chester
CH66 0,53.271554,-2.967651,E06000050,Cheshire West and Chester,E06000050,Cheshire West and Chester
CH66 1,53.298187,-2.940915,E06000050,Cheshire West and Chester,E06000050,Cheshire West and Chester
CH66 2,53.274569,-2.92528,E06000050,Cheshire West and Chester,E06000050,Cheshire West and Chester
CH66 3,53.277928,-2.927917,E06000050,Cheshire West and Chester,E06000050,Cheshire West and Chester
CH66 4,53.279597,-2.95228,E06000050,Cheshire West and Chester,E06000050,Cheshire West and Chester
CH66 5,53.291739,-2.955866,E06000050,Cheshire West and Chester,E06000050,Cheshire West and Chester
CH66 6,53.297677,-2.975219,E06000050,Cheshire West and Chester,E06000050,Cheshire West and Chester
CH66 7,53.297685,-2.975309,E06000050,Cheshire West and Chester,E06000050,Cheshire West and Chester
CH66 8,53.275639,-2.98244,E06000050,Cheshire West and Chester,E06000050,Cheshire West and Chester
CH66 9,53.264235,-2.975567,E06000050,Cheshire West and Chester,E06000050,Cheshire West and Chester
CH7  1,53.167513,-3.14398,W06000005,Flintshire,W06000005,Flintshire
CH7  2,53.166474,-3.071073,W06000005,Flintshire,W06000005,Flintshire
CH7  3,53.167338,-3.060923,W06000005,Flintshire,W06000005,Flintshire
CH7  4,53.158392,-3.168669,W06000005,Flintshire,W06000005,Flintshire
CH7  5,53.246783,-3.307339,W06000005,Flintshire,W06000005,Flintshire
CH7  6,53.212011,-3.144851,W06000005,Flintshire,W06000005,Flintshire
CH7  9,53.167522,-3.14401,W06000005,Flintshire,W06000005,Flintshire
CH70 8,53.192761,-2.922591,E06000050,Cheshire West and Chester,E06000050,Cheshire West and Chester
CH8  7,53.272841,-3.221113,W06000005,Flintshire,W06000005,Flintshire
CH8  8,53.241421,-3.270328,W06000005,Flintshire,W06000005,Flintshire
CH8  9,53.32749,-3.304955,W06000005,Flintshire,W06000005,Flintshire
CH88 3,53.194607,-2.874553,E06000050,Cheshire West and Chester,E06000050,Cheshire West and Chester
CH99 1,53.197743,-2.884482,E06000050,Cheshire West and Chester,E06000050,Cheshire West and Chester
CH99 3,53.195425,-2.880572,E06000050,Cheshire West and Chester,E06000050,Cheshire West and Chester
CH99 9,53.163553,-2.902879,E06000050,Cheshire West and Chester,E06000050,Cheshire West and Chester
CM0  7,51.662386,0.828765,E07000074,Maldon,E10000012,Essex
CM0  8,51.625502,0.819015,E07000074,Maldon,E10000012,Essex
CM1  1,51.73722,0.476016,E07000070,Chelmsford,E10000012,Essex
CM1  2,51.740881,0.456646,E07000070,Chelmsford,E10000012,Essex
CM1  3,51.721737,0.447948,E07000070,Chelmsford,E10000012,Essex
CM1  4,51.756136,0.467734,E07000070,Chelmsford,E10000012,Essex
CM1  5,51.758458,0.474063,E07000070,Chelmsford,E10000012,Essex
CM1  6,51.752373,0.496449,E07000070,Chelmsford,E10000012,Essex
CM1  7,51.758343,0.47397,E07000070,Chelmsford,E10000012,Essex
CM1  9,51.73722,0.476016,E07000070,Chelmsford,E10000012,Essex
CM11 1,51.634316,0.426952,E07000066,Basildon,E10000012,Essex
CM11 2,51.627664,0.419879,E07000066,Basildon,E10000012,Essex
CM12 0,51.629175,0.419005,E07000066,Basildon,E10000012,Essex
CM12 2,51.622864,0.41672,E07000066,Basildon,E10000012,Essex
CM12 9,51.622864,0.41672,E07000066,Basildon,E10000012,Essex
CM13 1,51.631313,0.33201,E07000068,Brentwood,E10000012,Essex
CM13 2,51.612776,0.318956,E07000068,Brentwood,E10000012,Essex
CM13 3,51.603068,0.294459,E07000068,Brentwood,E10000012,Essex
CM14 4,51.620399,0.303583,E07000068,Brentwood,E10000012,Essex
CM14 5,51.612404,0.310906,E07000068,Brentwood,E10000012,Essex
CM14 9,51.620308,0.303621,E07000068,Brentwood,E10000012,Essex
CM15 0,51.665983,0.269495,E07000068,Brentwood,E10000012,Essex
CM15 8,51.62141,0.307029,E07000068,Brentwood,E10000012,Essex
CM15 9,51.626827,0.315106,E07000068,Brentwood,E10000012,Essex
CM16 4,51.70001,0.113003,E07000072,Epping Forest,E10000012,Essex
CM16 5,51.700825,0.112173,E07000072,Epping Forest,E10000012,Essex
CM16 6,51.714876,0.155013,E07000072,Epping Forest,E10000012,Essex
CM16 7,51.692907,0.115942,E07000072,Epping Forest,E10000012,Essex
CM16 9,51.700045,0.113034,E07000072,Epping Forest,E10000012,Essex
CM17 0,51.783177,0.132285,E07000073,Harlow,E10000012,Essex
CM17 9,51.763139,0.126965,E07000073,Harlow,E10000012,Essex
CM18 6,51.764247,0.103843,E07000073,Harlow,E10000012,Essex
CM18 7,51.755829,0.11842,E07000073,Harlow,E10000012,Essex
CM19 4,51.767866,0.09004,E07000073,Harlow,E10000012,Essex
CM19 5,51.768821,0.070082,E07000073,Harlow,E10000012,Essex
CM2  0,51.728353,0.467016,E07000070,Chelmsford,E10000012,Essex
CM2  5,51.751993,0.518467,E07000070,Chelmsford,E10000012,Essex
CM2  6,51.735685,0.495442,E07000070,Chelmsford,E10000012,Essex
CM2  7,51.711321,0.509807,E07000070,Chelmsford,E10000012,Essex
CM2  8,51.712503,0.463764,E07000070,Chelmsford,E10000012,Essex
CM2  9,51.724741,0.462127,E07000070,Chelmsford,E10000012,Essex
CM20 1,51.771744,0.093959,E07000073,Harlow,E10000012,Essex
CM20 2,51.782409,0.119549,E07000073,Harlow,E10000012,Essex
CM20 3,51.776263,0.112781,E07000073,Harlow,E10000012,Essex
CM20 9,51.771752,0.093973,E07000073,Harlow,E10000012,Essex
CM21 0,51.803621,0.137514,E07000242,East Hertfordshire,E10000015,Hertfordshire
CM21 1,51.812473,0.159507,E07000072,Epping Forest,E10000012,Essex
CM21 9,51.812631,0.148879,E07000242,East Hertfordshire,E10000015,Hertfordshire
CM22 6,51.924549,0.24585,E07000077,Uttlesford,E10000012,Essex
CM22 7,51.816265,0.202795,E07000077,Uttlesford,E10000012,Essex
CM23 0,51.883817,0.149832,E07000242,East Hertfordshire,E10000015,Hertfordshire
CM23 1,51.937093,0.151549,E07000077,Uttlesford,E10000012,Essex
CM23 2,51.87176,0.166398,E07000242,East Hertfordshire,E10000015,Hertfordshire
CM23 3,51.866763,0.160362,E07000242,East Hertfordshire,E10000015,Hertfordshire
CM23 4,51.853235,0.160063,E07000242,East Hertfordshire,E10000015,Hertfordshire
CM23 5,51.876177,0.171667,E07000242,East Hertfordshire,E10000015,Hertfordshire
CM23 9,51.866763,0.160362,E07000242,East Hertfordshire,E10000015,Hertfordshire
CM24 1,51.881189,0.220643,E07000077,Uttlesford,E10000012,Essex
CM24 8,51.902817,0.195179,E07000077,Uttlesford,E10000012,Essex
CM3  1,51.785648,0.468738,E07000070,Chelmsford,E10000012,Essex
CM3  2,51.787767,0.586425,E07000067,Braintree,E10000012,Essex
CM3  3,51.7654,0.550665,E07000070,Chelmsford,E10000012,Essex
CM3  4,51.718116,0.566579,E07000070,Chelmsford,E10000012,Essex
CM3  5,51.679844,0.560247,E07000070,Chelmsford,E10000012,Essex
CM3  6,51.680936,0.762041,E07000074,Maldon,E10000012,Essex
CM3  7,51.642645,0.60367,E07000070,Chelmsford,E10000012,Essex
CM3  8,51.679944,0.560615,E07000070,Chelmsford,E10000012,Essex
CM3  9,51.64338,0.616316,E07000070,Chelmsford,E10000012,Essex
CM4  0,51.670161,0.382701,E07000068,Brentwood,E10000012,Essex
CM4  9,51.663093,0.371557,E07000068,Brentwood,E10000012,Essex
CM5  0,51.710733,0.244217,E07000072,Epping Forest,E10000012,Essex
CM5  5,51.703816,0.245191,E07000072,Epping Forest,E10000012,Essex
CM5  9,51.706408,0.244611,E07000072,Epping Forest,E10000012,Essex
CM6  1,51.87234,0.362767,E07000077,Uttlesford,E10000012,Essex
CM6  2,51.877562,0.36201,E07000077,Uttlesford,E10000012,Essex
CM6  3,51.880614,0.407577,E07000077,Uttlesford,E10000012,Essex
CM6  4,51.867056,0.288001,E07000077,Uttlesford,E10000012,Essex
CM6  9,51.876275,0.566485,E07000067,Braintree,E10000012,Essex
CM7  0,51.876275,0.566485,E07000067,Braintree,E10000012,Essex
CM7  1,51.867989,0.55506,E07000067,Braintree,E10000012,Essex
CM7  2,51.879034,0.542551,E07000067,Braintree,E10000012,Essex
CM7  3,51.878483,0.578206,E07000067,Braintree,E10000012,Essex
CM7  4,51.913317,0.53745,E07000067,Braintree,E10000012,Essex
CM7  5,51.899777,0.515491,E07000067,Braintree,E10000012,Essex
CM7  6,51.880845,0.552345,E07000067,Braintree,E10000012,Essex
CM7  7,51.867632,0.555374,E07000067,Braintree,E10000012,Essex
CM7  8,51.880789,0.582916,E07000067,Braintree,E10000012,Essex
CM7  9,51.881115,0.552767,E07000067,Braintree,E10000012,Essex
CM77 6,51.87821,0.508039,E07000067,Braintree,E10000012,Essex
CM77 7,51.865932,0.520342,E07000067,Braintree,E10000012,Essex
CM77 8,51.881079,0.582816,E07000067,Braintree,E10000012,Essex
CM8  1,51.798676,0.639006,E07000067,Braintree,E10000012,Essex
CM8  2,51.799095,0.641569,E07000067,Braintree,E10000012,Essex
CM8  3,51.811241,0.653741,E07000067,Braintree,E10000012,Essex
CM8  9,51.800759,0.641579,E07000067,Braintree,E10000012,Essex
CM9  4,51.741581,0.689974,E07000074,Maldon,E10000012,Essex
CM9  5,51.727872,0.682976,E07000074,Maldon,E10000012,Essex
CM9  6,51.730714,0.675091,E07000074,Maldon,E10000012,Essex
CM9  7,51.741552,0.690059,E07000074,Maldon,E10000012,Essex
CM9  8,51.759712,0.804614,E07000074,Maldon,E10000012,Essex
CM9  9,51.734929,0.677586,E07000074,Maldon,E10000012,Essex
CM92 1,51.769363,0.06128,E07000073,Harlow,E10000012,Essex
CM98 1,51.752191,0.518869,E07000070,Chelmsford,E10000012,Essex
CM99 1,51.717504,0.500753,E07000070,Chelmsford,E10000012,Essex
CM99 2,51.742762,0.50054,E07000070,Chelmsford,E10000012,Essex
CO1  1,51.890906,0.900864,E07000071,Colchester,E10000012,Essex
CO1  2,51.8854,0.905683,E07000071,Colchester,E10000012,Essex
CO1  9,51.817005,0.745426,E07000071,Colchester,E10000012,Essex
CO10 0,52.052864,0.751717,E07000200,Babergh,E10000029,Suffolk
CO10 1,52.04513,0.737022,E07000200,Babergh,E10000029,Suffolk
CO10 2,52.037354,0.729124,E07000200,Babergh,E10000029,Suffolk
CO10 3,52.044786,0.754882,E07000200,Babergh,E10000029,Suffolk
CO10 5,52.029558,0.855378,E07000200,Babergh,E10000029,Suffolk
CO10 6,52.036675,0.729331,E07000200,Babergh,E10000029,Suffolk
CO10 7,52.05461,0.692496,E07000067,Braintree,E10000012,Essex
CO10 8,52.087215,0.647043,E07000245,West Suffolk,E10000029,Suffolk
CO10 9,52.082632,0.722675,E07000200,Babergh,E10000029,Suffolk
CO11 1,51.945737,1.060762,E07000076,Tendring,E10000012,Essex
CO11 2,51.942454,1.064933,E07000076,Tendring,E10000012,Essex
CO11 3,51.932259,1.13035,E07000076,Tendring,E10000012,Essex
CO11 9,51.945243,1.062795,E07000076,Tendring,E10000012,Essex
CO12 3,51.937695,1.279793,E07000076,Tendring,E10000012,Essex
CO12 4,51.935302,1.272706,E07000076,Tendring,E10000012,Essex
CO12 5,51.907549,1.198982,E07000076,Tendring,E10000012,Essex
CO12 9,51.937695,1.279793,E07000076,Tendring,E10000012,Essex
CO13 0,51.838231,1.246492,E07000076,Tendring,E10000012,Essex
CO13 3,51.833551,1.245313,E07000076,Tendring,E10000012,Essex
CO13 9,51.834554,1.245153,E07000076,Tendring,E10000012,Essex
CO14 8,51.849359,1.271749,E07000076,Tendring,E10000012,Essex
CO15 1,51.786583,1.139001,E07000076,Tendring,E10000012,Essex
CO15 2,51.795627,1.13377,E07000076,Tendring,E10000012,Essex
CO15 3,51.793299,1.148533,E07000076,Tendring,E10000012,Essex
CO15 4,51.820145,1.166356,E07000076,Tendring,E10000012,Essex
CO15 5,51.794886,1.17278,E07000076,Tendring,E10000012,Essex
CO15 6,51.792859,1.154536,E07000076,Tendring,E10000012,Essex
CO15 9,51.799801,1.15859,E07000076,Tendring,E10000012,Essex
CO16 0,51.865181,1.150865,E07000076,Tendring,E10000012,Essex
CO16 7,51.79493,1.130255,E07000076,Tendring,E10000012,Essex
CO16 8,51.805344,1.134662,E07000076,Tendring,E10000012,Essex
CO16 9,51.863678,1.09162,E07000076,Tendring,E10000012,Essex
CO2  0,51.860474,0.908418,E07000071,Colchester,E10000012,Essex
CO2  7,51.887592,0.896682,E07000071,Colchester,E10000012,Essex
CO2  8,51.876917,0.91955,E07000071,Colchester,E10000012,Essex
CO2  9,51.877235,0.873798,E07000071,Colchester,E10000012,Essex
CO3  0,51.889135,0.844165,E07000071,Colchester,E10000012,Essex
CO3  3,51.887906,0.894159,E07000071,Colchester,E10000012,Essex
CO3  4,51.888106,0.863213,E07000071,Colchester,E10000012,Essex
CO3  5,51.890453,0.853246,E07000071,Colchester,E10000012,Essex
CO3  8,51.887174,0.830379,E07000071,Colchester,E10000012,Essex
CO3  9,51.890453,0.853246,E07000071,Colchester,E10000012,Essex
CO4  0,51.894487,0.917884,E07000071,Colchester,E10000012,Essex
CO4  1,51.88953,0.916124,E07000071,Colchester,E10000012,Essex
CO4  3,51.882766,0.933532,E07000071,Colchester,E10000012,Essex
CO4  4,51.894506,0.917856,E07000071,Colchester,E10000012,Essex
CO4  5,51.902097,0.894185,E07000071,Colchester,E10000012,Essex
CO4  6,51.916396,0.88798,E07000071,Colchester,E10000012,Essex
CO4  7,51.956097,0.919222,E07000071,Colchester,E10000012,Essex
CO4  9,51.919462,0.928421,E07000071,Colchester,E10000012,Essex
CO5  0,51.810137,0.753366,E07000071,Colchester,E10000012,Essex
CO5  1,51.817005,0.745426,E07000071,Colchester,E10000012,Essex
CO5  7,51.843228,0.939351,E07000071,Colchester,E10000012,Essex
CO5  8,51.775362,0.914335,E07000071,Colchester,E10000012,Essex
CO5  9,51.8373,0.701323,E07000067,Braintree,E10000012,Essex
CO6  1,51.900339,0.746611,E07000071,Colchester,E10000012,Essex
CO6  2,51.920491,0.763201,E07000071,Colchester,E10000012,Essex
CO6  3,51.953163,0.793334,E07000071,Colchester,E10000012,Essex
CO6  4,51.940013,0.875543,E07000071,Colchester,E10000012,Essex
CO6  5,52.005046,0.899355,E07000200,Babergh,E10000029,Suffolk
CO7  0,51.811539,1.024914,E07000076,Tendring,E10000012,Essex
CO7  1,51.857358,0.959402,E07000071,Colchester,E10000012,Essex
CO7  5,51.811539,1.024914,E07000076,Tendring,E10000012,Essex
CO7  6,51.958636,0.993934,E07000071,Colchester,E10000012,Essex
CO7  7,51.880475,0.996219,E07000076,Tendring,E10000012,Essex
CO7  8,51.85352,0.997637,E07000076,Tendring,E10000012,Essex
CO7  9,51.856216,0.959399,E07000071,Colchester,E10000012,Essex
CO8  5,51.970897,0.775887,E07000200,Babergh,E10000029,Suffolk
CO9  1,51.940042,0.628516,E07000067,Braintree,E10000012,Essex
CO9  2,51.944758,0.638004,E07000067,Braintree,E10000012,Essex
CO9  3,51.981497,0.599122,E07000067,Braintree,E10000012,Essex
CO9  4,52.045593,0.509441,E07000067,Braintree,E10000012,Essex
CO9  9,51.944603,0.63651,E07000067,Braintree,E10000012,Essex
CR0  0,51.340341,-0.005032,E09000008,Croydon,E09000008,Croydon
CR0  1,51.367674,-0.100591,E09000008,Croydon,E09000008,Croydon
CR0  2,51.374553,-0.09887,E09000008,Croydon,E09000008,Croydon
CR0  3,51.388937,-0.128773,E09000008,Croydon,E09000008,Croydon
CR0  4,51.371552,-0.120804,E09000008,Croydon,E09000008,Croydon
CR0  5,51.369903,-0.045328,E09000008,Croydon,E09000008,Croydon
CR0  6,51.380444,-0.087862,E09000008,Croydon,E09000008,Croydon
CR0  7,51.379938,-0.073455,E09000008,Croydon,E09000008,Croydon
CR0  8,51.373033,-0.042666,E09000008,Croydon,E09000008,Croydon
CR0  9,51.337607,-0.020989,E09000008,Croydon,E09000008,Croydon
CR2  0,51.347926,-0.089546,E09000008,Croydon,E09000008,Croydon
CR2  1,51.378068,-0.113266,E09000008,Croydon,E09000008,Croydon
CR2  2,51.337413,-0.115021,E09000008,Croydon,E09000008,Croydon
CR2  3,51.337459,-0.117891,E09000008,Croydon,E09000008,Croydon
CR2  4,51.326697,-0.119767,E09000008,Croydon,E09000008,Croydon
CR2  5,51.325498,-0.101156,E09000008,Croydon,E09000008,Croydon
CR2  6,51.363335,-0.098616,E09000008,Croydon,E09000008,Croydon
CR2  7,51.355237,-0.090606,E09000008,Croydon,E09000008,Croydon
CR2  8,51.348237,-0.052196,E09000008,Croydon,E09000008,Croydon
CR2  9,51.334715,-0.075222,E09000008,Croydon,E09000008,Croydon
CR3  0,51.307713,-0.08318,E07000215,Tandridge,E10000030,Surrey
CR3  1,51.315266,-0.136019,E09000008,Croydon,E09000008,Croydon
CR3  2,51.321648,-0.141501,E09000008,Croydon,E09000008,Croydon
CR3  3,51.317336,-0.153156,E09000008,Croydon,E09000008,Croydon
CR3  4,51.279549,-0.073973,E07000215,Tandridge,E10000030,Surrey
CR3  5,51.28237,-0.104641,E07000215,Tandridge,E10000030,Surrey
CR3  6,51.280789,-0.087615,E07000215,Tandridge,E10000030,Surrey
CR3  7,51.277296,-0.033131,E07000215,Tandridge,E10000030,Surrey
CR3  9,51.318922,-0.02967,E07000215,Tandridge,E10000030,Surrey
CR4  1,51.410382,-0.147295,E09000024,Merton,E09000024,Merton
CR4  2,51.413306,-0.156496,E09000024,Merton,E09000024,Merton
CR4  3,51.406172,-0.16495,E09000024,Merton,E09000024,Merton
CR4  4,51.402848,-0.164594,E09000024,Merton,E09000024,Merton
CR4  6,51.394076,-0.115568,E09000008,Croydon,E09000008,Croydon
CR4  7,51.394627,-0.093984,E09000008,Croydon,E09000008,Croydon
CR4  8,51.401979,-0.103742,E09000008,Croydon,E09000008,Croydon
CR4  9,51.405203,-0.174895,E09000024,Merton,E09000024,Merton
CR44 1,51.382347,-0.13285,E09000029,Sutton,E09000029,Sutton
CR44 2,51.382347,-0.13285,E09000029,Sutton,E09000029,Sutton
CR5  1,51.313814,-0.136351,E09000008,Croydon,E09000008,Croydon
CR5  2,51.322326,-0.140024,E09000008,Croydon,E09000008,Croydon
CR5  3,51.317289,-0.153617,E09000008,Croydon,E09000008,Croydon
CR5  9,51.319802,-0.140815,E09000008,Croydon,E09000008,Croydon
CR6  0,51.279513,-0.073974,E07000215,Tandridge,E10000030,Surrey
CR6  9,51.318715,-0.063119,E07000215,Tandridge,E10000030,Surrey
CR7  6,51.393784,-0.115839,E09000008,Croydon,E09000008,Croydon
CR7  7,51.394961,-0.09466,E09000008,Croydon,E09000008,Croydon
CR7  8,51.402362,-0.103496,E09000008,Croydon,E09000008,Croydon
CR7  9,51.375716,-0.091838,E09000008,Croydon,E09000008,Croydon
CR8  1,51.338529,-0.110625,E09000008,Croydon,E09000008,Croydon
CR8  2,51.338191,-0.115334,E09000008,Croydon,E09000008,Croydon
CR8  3,51.33776,-0.118166,E09000008,Croydon,E09000008,Croydon
CR8  4,51.326532,-0.118424,E09000008,Croydon,E09000008,Croydon
CR8  5,51.325658,-0.100475,E09000008,Croydon,E09000008,Croydon
CR8  9,51.346587,-0.103401,E09000008,Croydon,E09000008,Croydon
CR9  0,51.333333,-0.003843,E09000008,Croydon,E09000008,Croydon
CR9  1,51.378068,-0.113266,E09000008,Croydon,E09000008,Croydon
CR9  2,51.37508,-0.098115,E09000008,Croydon,E09000008,Croydon
CR9  3,51.389377,-0.137767,E09000029,Sutton,E09000029,Sutton
CR9  4,51.382347,-0.13285,E09000029,Sutton,E09000029,Sutton
CR9  5,51.373062,-0.091259,E09000008,Croydon,E09000008,Croydon
CR9  6,51.378068,-0.113266,E09000008,Croydon,E09000008,Croydon
CR9  7,51.375716,-0.091838,E09000008,Croydon,E09000008,Croydon
CR9  8,51.375716,-0.091838,E09000008,Croydon,E09000008,Croydon
CR9  9,51.375716,-0.091838,E09000008,Croydon,E09000008,Croydon
CR90 9,51.378068,-0.113266,E09000008,Croydon,E09000008,Croydon
CT1  1,51.284442,1.094478,E07000106,Canterbury,E10000016,Kent
CT1  2,51.282506,1.081612,E07000106,Canterbury,E10000016,Kent
CT1  3,51.270046,1.106515,E07000106,Canterbury,E10000016,Kent
CT1  9,51.284442,1.094478,E07000106,Canterbury,E10000016,Kent
CT10 1,51.360207,1.436827,E07000114,Thanet,E10000016,Kent
CT10 2,51.360197,1.432875,E07000114,Thanet,E10000016,Kent
CT10 3,51.365939,1.429094,E07000114,Thanet,E10000016,Kent
CT10 9,51.360206,1.43289,E07000114,Thanet,E10000016,Kent
CT11 0,51.332515,1.404988,E07000114,Thanet,E10000016,Kent
CT11 1,51.33992,1.405853,E07000114,Thanet,E10000016,Kent
CT11 7,51.343708,1.416618,E07000114,Thanet,E10000016,Kent
CT11 8,51.339992,1.426495,E07000114,Thanet,E10000016,Kent
CT11 9,51.33424,1.418039,E07000114,Thanet,E10000016,Kent
CT12 4,51.334191,1.314663,E07000114,Thanet,E10000016,Kent
CT12 5,51.359917,1.391274,E07000114,Thanet,E10000016,Kent
CT12 6,51.345292,1.407946,E07000114,Thanet,E10000016,Kent
CT13 0,51.273629,1.333933,E07000108,Dover,E10000016,Kent
CT13 3,51.274056,1.340718,E07000108,Dover,E10000016,Kent
CT13 6,51.244799,1.304115,E07000108,Dover,E10000016,Kent
CT13 9,51.274026,1.340816,E07000108,Dover,E10000016,Kent
CT14 0,51.220422,1.374718,E07000108,Dover,E10000016,Kent
CT14 4,51.225069,1.402176,E07000108,Dover,E10000016,Kent
CT14 6,51.22499,1.402099,E07000108,Dover,E10000016,Kent
CT14 7,51.222637,1.402598,E07000108,Dover,E10000016,Kent
CT14 8,51.195855,1.403316,E07000108,Dover,E10000016,Kent
CT14 9,51.221407,1.398483,E07000108,Dover,E10000016,Kent
CT15 4,51.196655,1.267067,E07000108,Dover,E10000016,Kent
CT15 5,51.162496,1.277198,E07000108,Dover,E10000016,Kent
CT15 6,51.153599,1.370567,E07000108,Dover,E10000016,Kent
CT15 7,51.11723,1.277937,E07000108,Dover,E10000016,Kent
CT16 1,51.132197,1.307033,E07000108,Dover,E10000016,Kent
CT16 2,51.135599,1.30027,E07000108,Dover,E10000016,Kent
CT16 3,51.147526,1.27568,E07000108,Dover,E10000016,Kent
CT16 9,51.13222,1.304618,E07000108,Dover,E10000016,Kent
CT17 0,51.128308,1.306826,E07000108,Dover,E10000016,Kent
CT17 9,51.126634,1.310352,E07000108,Dover,E10000016,Kent
CT18 7,51.100909,1.165103,E07000112,Folkestone and Hythe,E10000016,Kent
CT18 8,51.113342,1.141373,E07000112,Folkestone and Hythe,E10000016,Kent
CT19 4,51.084862,1.155782,E07000112,Folkestone and Hythe,E10000016,Kent
CT19 5,51.084524,1.178238,E07000112,Folkestone and Hythe,E10000016,Kent
CT19 6,51.080278,1.186515,E07000112,Folkestone and Hythe,E10000016,Kent
CT2  0,51.295957,1.112712,E07000106,Canterbury,E10000016,Kent
CT2  7,51.290851,1.077925,E07000106,Canterbury,E10000016,Kent
CT2  8,51.281397,1.074854,E07000106,Canterbury,E10000016,Kent
CT2  9,51.28257,1.054466,E07000106,Canterbury,E10000016,Kent
CT20 1,51.078616,1.177176,E07000112,Folkestone and Hythe,E10000016,Kent
CT20 2,51.07831,1.177512,E07000112,Folkestone and Hythe,E10000016,Kent
CT20 3,51.074495,1.152949,E07000112,Folkestone and Hythe,E10000016,Kent
CT20 9,51.078586,1.177288,E07000112,Folkestone and Hythe,E10000016,Kent
CT21 4,51.058064,1.042246,E07000112,Folkestone and Hythe,E10000016,Kent
CT21 5,51.071716,1.0876,E07000112,Folkestone and Hythe,E10000016,Kent
CT21 6,51.069836,1.092015,E07000112,Folkestone and Hythe,E10000016,Kent
CT21 9,51.072313,1.087811,E07000112,Folkestone and Hythe,E10000016,Kent
CT3  1,51.273662,1.21537,E07000108,Dover,E10000016,Kent
CT3  2,51.278609,1.281515,E07000108,Dover,E10000016,Kent
CT3  3,51.224371,1.202893,E07000108,Dover,E10000016,Kent
CT3  4,51.273487,1.114778,E07000106,Canterbury,E10000016,Kent
CT4  5,51.256728,1.111451,E07000106,Canterbury,E10000016,Kent
CT4  6,51.180416,1.064448,E07000112,Folkestone and Hythe,E10000016,Kent
CT4  7,51.254318,1.085631,E07000106,Canterbury,E10000016,Kent
CT4  8,51.250084,0.983904,E07000105,Ashford,E10000016,Kent
CT5  1,51.358991,1.025229,E07000106,Canterbury,E10000016,Kent
CT5  2,51.358688,1.030668,E07000106,Canterbury,E10000016,Kent
CT5  3,51.329119,0.993069,E07000106,Canterbury,E10000016,Kent
CT5  4,51.347512,1.000861,E07000106,Canterbury,E10000016,Kent
CT5  6,51.277787,1.084193,E07000106,Canterbury,E10000016,Kent
CT5  9,51.358688,1.030668,E07000106,Canterbury,E10000016,Kent
CT50 1,51.080974,1.141509,E07000112,Folkestone and Hythe,E10000016,Kent
CT6  5,51.357982,1.119203,E07000106,Canterbury,E10000016,Kent
CT6  6,51.368318,1.133972,E07000106,Canterbury,E10000016,Kent
CT6  7,51.356408,1.168111,E07000106,Canterbury,E10000016,Kent
CT6  8,51.36646,1.096631,E07000106,Canterbury,E10000016,Kent
CT6  9,51.362136,1.12095,E07000106,Canterbury,E10000016,Kent
CT7  0,51.350921,1.259232,E07000114,Thanet,E10000016,Kent
CT7  9,51.373369,1.306183,E07000114,Thanet,E10000016,Kent
CT8  8,51.383773,1.344926,E07000114,Thanet,E10000016,Kent
CT9  1,51.387857,1.382803,E07000114,Thanet,E10000016,Kent
CT9  2,51.387201,1.389943,E07000114,Thanet,E10000016,Kent
CT9  3,51.390599,1.404284,E07000114,Thanet,E10000016,Kent
CT9  4,51.379616,1.388132,E07000114,Thanet,E10000016,Kent
CT9  5,51.386248,1.371241,E07000114,Thanet,E10000016,Kent
CT9  9,51.386926,1.385768,E07000114,Thanet,E10000016,Kent
CV1  1,52.412235,-1.510767,E08000026,Coventry,E08000026,Coventry
CV1  2,52.403439,-1.499238,E08000026,Coventry,E08000026,Coventry
CV1  3,52.410046,-1.520612,E08000026,Coventry,E08000026,Coventry
CV1  4,52.410727,-1.511357,E08000026,Coventry,E08000026,Coventry
CV1  5,52.414964,-1.503224,E08000026,Coventry,E08000026,Coventry
CV1  9,52.412235,-1.510767,E08000026,Coventry,E08000026,Coventry
CV10 0,52.526768,-1.460751,E07000219,Nuneaton and Bedworth,E10000031,Warwickshire
CV10 7,52.510708,-1.467991,E07000219,Nuneaton and Bedworth,E10000031,Warwickshire
CV10 8,52.52458,-1.488385,E07000219,Nuneaton and Bedworth,E10000031,Warwickshire
CV10 9,52.5265,-1.493817,E07000219,Nuneaton and Bedworth,E10000031,Warwickshire
CV11 4,52.522758,-1.464633,E07000219,Nuneaton and Bedworth,E10000031,Warwickshire
CV11 5,52.521799,-1.467327,E07000219,Nuneaton and Bedworth,E10000031,Warwickshire
CV11 6,52.526144,-1.458135,E07000219,Nuneaton and Bedworth,E10000031,Warwickshire
CV11 7,52.540739,-1.43398,E07000219,Nuneaton and Bedworth,E10000031,Warwickshire
CV11 8,52.517657,-1.442383,E07000219,Nuneaton and Bedworth,E10000031,Warwickshire
CV11 9,52.522758,-1.464633,E07000219,Nuneaton and Bedworth,E10000031,Warwickshire
CV12 0,52.480012,-1.489551,E07000219,Nuneaton and Bedworth,E10000031,Warwickshire
CV12 2,52.479703,-1.470398,E07000219,Nuneaton and Bedworth,E10000031,Warwickshire
CV12 8,52.479694,-1.470398,E07000219,Nuneaton and Bedworth,E10000031,Warwickshire
CV12 9,52.487036,-1.467762,E07000219,Nuneaton and Bedworth,E10000031,Warwickshire
CV13 0,52.605723,-1.42012,E07000132,Hinckley and Bosworth,E10000018,Leicestershire
CV13 6,52.556223,-1.446098,E07000132,Hinckley and Bosworth,E10000018,Leicestershire
CV2  1,52.447387,-1.445419,E08000026,Coventry,E08000026,Coventry
CV2  2,52.4402,-1.458132,E08000026,Coventry,E08000026,Coventry
CV2  3,52.419692,-1.457912,E08000026,Coventry,E08000026,Coventry
CV2  4,52.408041,-1.473843,E08000026,Coventry,E08000026,Coventry
CV2  5,52.418519,-1.455044,E08000026,Coventry,E08000026,Coventry
CV21 1,52.37982,-1.25043,E07000220,Rugby,E10000031,Warwickshire
CV21 2,52.373494,-1.259586,E07000220,Rugby,E10000031,Warwickshire
CV21 3,52.36657,-1.242268,E07000220,Rugby,E10000031,Warwickshire
CV21 4,52.365993,-1.230866,E07000220,Rugby,E10000031,Warwickshire
CV21 9,52.37982,-1.25043,E07000220,Rugby,E10000031,Warwickshire
CV22 5,52.369696,-1.256095,E07000220,Rugby,E10000031,Warwickshire
CV22 6,52.370129,-1.26493,E07000220,Rugby,E10000031,Warwickshire
CV22 7,52.370383,-1.266674,E07000220,Rugby,E10000031,Warwickshire
CV23 0,52.41101,-1.238258,E07000220,Rugby,E10000031,Warwickshire
CV23 1,52.357063,-1.186324,E07000220,Rugby,E10000031,Warwickshire
CV23 8,52.311027,-1.312876,E07000220,Rugby,E10000031,Warwickshire
CV23 9,52.381834,-1.305006,E07000220,Rugby,E10000031,Warwickshire
CV3  1,52.405348,-1.483135,E08000026,Coventry,E08000026,Coventry
CV3  2,52.394673,-1.448283,E08000026,Coventry,E08000026,Coventry
CV3  3,52.384297,-1.471715,E08000026,Coventry,E08000026,Coventry
CV3  4,52.395888,-1.495179,E08000026,Coventry,E08000026,Coventry
CV3  5,52.379976,-1.505819,E08000026,Coventry,E08000026,Coventry
CV3  6,52.381773,-1.525442,E08000026,Coventry,E08000026,Coventry
CV3  9,52.412235,-1.510767,E08000026,Coventry,E08000026,Coventry
CV31 1,52.286522,-1.532762,E07000222,Warwick,E10000031,Warwickshire
CV31 2,52.281703,-1.53057,E07000222,Warwick,E10000031,Warwickshire
CV31 3,52.286436,-1.533775,E07000222,Warwick,E10000031,Warwickshire
CV31 9,52.286494,-1.532455,E07000222,Warwick,E10000031,Warwickshire
CV32 4,52.287077,-1.534398,E07000222,Warwick,E10000031,Warwickshire
CV32 5,52.288198,-1.536029,E07000222,Warwick,E10000031,Warwickshire
CV32 6,52.289827,-1.555115,E07000222,Warwick,E10000031,Warwickshire
CV32 7,52.301747,-1.526927,E07000222,Warwick,E10000031,Warwickshire
CV33 0,52.146073,-1.384029,E07000221,Stratford-on-Avon,E10000031,Warwickshire
CV33 8,52.207587,-1.491576,E07000221,Stratford-on-Avon,E10000031,Warwickshire
CV33 9,52.298694,-1.491179,E07000222,Warwick,E10000031,Warwickshire
CV34 0,52.260938,-1.566494,E07000222,Warwick,E10000031,Warwickshire
CV34 4,52.282407,-1.589211,E07000222,Warwick,E10000031,Warwickshire
CV34 5,52.288118,-1.592354,E07000222,Warwick,E10000031,Warwickshire
CV34 6,52.279851,-1.590862,E07000222,Warwick,E10000031,Warwickshire
CV34 7,52.264071,-1.548515,E07000222,Warwick,E10000031,Warwickshire
CV34 8,52.278126,-1.553913,E07000222,Warwick,E10000031,Warwickshire
CV34 9,52.291889,-1.601468,E07000222,Warwick,E10000031,Warwickshire
CV35 0,52.220363,-1.515276,E07000221,Stratford-on-Avon,E10000031,Warwickshire
CV35 7,52.31395,-1.691105,E07000222,Warwick,E10000031,Warwickshire
CV35 8,52.253494,-1.613079,E07000222,Warwick,E10000031,Warwickshire
CV35 9,52.213201,-1.536254,E07000221,Stratford-on-Avon,E10000031,Warwickshire
CV36 4,52.062913,-1.624877,E07000221,Stratford-on-Avon,E10000031,Warwickshire
CV36 5,52.080108,-1.615234,E07000221,Stratford-on-Avon,E10000031,Warwickshire
CV37 0,52.195189,-1.709734,E07000221,Stratford-on-Avon,E10000031,Warwickshire
CV37 1,52.198884,-1.717158,E07000221,Stratford-on-Avon,E10000031,Warwickshire
CV37 5,52.134191,-1.750642,E07000221,Stratford-on-Avon,E10000031,Warwickshire
CV37 6,52.198224,-1.683919,E07000221,Stratford-on-Avon,E10000031,Warwickshire
CV37 7,52.199213,-1.683722,E07000221,Stratford-on-Avon,E10000031,Warwickshire
CV37 8,52.168652,-1.726501,E07000221,Stratford-on-Avon,E10000031,Warwickshire
CV37 9,52.188081,-1.715119,E07000221,Stratford-on-Avon,E10000031,Warwickshire
CV4  0,52.412235,-1.510767,E08000026,Coventry,E08000026,Coventry
CV4  7,52.384627,-1.551843,E08000026,Coventry,E08000026,Coventry
CV4  8,52.388382,-1.596224,E08000026,Coventry,E08000026,Coventry
CV4  9,52.399011,-1.56397,E08000026,Coventry,E08000026,Coventry
CV47 0,52.246889,-1.402146,E07000221,Stratford-on-Avon,E10000031,Warwickshire
CV47 1,52.260941,-1.389811,E07000221,Stratford-on-Avon,E10000031,Warwickshire
CV47 2,52.152218,-1.39001,E07000221,Stratford-on-Avon,E10000031,Warwickshire
CV47 4,52.244567,-1.396319,E07000221,Stratford-on-Avon,E10000031,Warwickshire
CV47 7,52.212672,-1.287551,E07000221,Stratford-on-Avon,E10000031,Warwickshire
CV47 8,52.280548,-1.352354,E07000220,Rugby,E10000031,Warwickshire
CV47 9,52.281618,-1.38274,E07000221,Stratford-on-Avon,E10000031,Warwickshire
CV5  6,52.397605,-1.534693,E08000026,Coventry,E08000026,Coventry
CV5  7,52.405372,-1.550752,E08000026,Coventry,E08000026,Coventry
CV5  8,52.408179,-1.558558,E08000026,Coventry,E08000026,Coventry
CV5  9,52.421998,-1.55642,E08000026,Coventry,E08000026,Coventry
CV6  1,52.416903,-1.526786,E08000026,Coventry,E08000026,Coventry
CV6  2,52.422248,-1.534846,E08000026,Coventry,E08000026,Coventry
CV6  3,52.424133,-1.522915,E08000026,Coventry,E08000026,Coventry
CV6  4,52.437837,-1.512559,E08000026,Coventry,E08000026,Coventry
CV6  5,52.42556,-1.508944,E08000026,Coventry,E08000026,Coventry
CV6  6,52.454187,-1.490349,E08000026,Coventry,E08000026,Coventry
CV6  7,52.436716,-1.491801,E08000026,Coventry,E08000026,Coventry
CV6  9,52.433881,-1.493128,E08000026,Coventry,E08000026,Coventry
CV7  7,52.390983,-1.660151,E08000029,Solihull,E08000029,Solihull
CV7  8,52.45945,-1.556103,E07000218,North Warwickshire,E10000031,Warwickshire
CV7  9,52.463157,-1.500519,E07000219,Nuneaton and Bedworth,E10000031,Warwickshire
CV8  1,52.341815,-1.578724,E07000222,Warwick,E10000031,Warwickshire
CV8  2,52.332754,-1.566644,E07000222,Warwick,E10000031,Warwickshire
CV8  3,52.371354,-1.493019,E07000222,Warwick,E10000031,Warwickshire
CV8  5,52.350942,-1.515758,E07000222,Warwick,E10000031,Warwickshire
CV8  9,52.341815,-1.578783,E07000222,Warwick,E10000031,Warwickshire
CV9  1,52.576618,-1.546658,E07000218,North Warwickshire,E10000031,Warwickshire
CV9  2,52.574974,-1.551707,E07000218,North Warwickshire,E10000031,Warwickshire
CV9  3,52.582516,-1.54704,E07000218,North Warwickshire,E10000031,Warwickshire
CV9  9,52.576618,-1.546644,E07000218,North Warwickshire,E10000031,Warwickshire
CW1  1,53.089348,-2.431668,E06000049,Cheshire East,E06000049,Cheshire East
CW1  2,53.097729,-2.433051,E06000049,Cheshire East,E06000049,Cheshire East
CW1  3,53.103091,-2.446487,E06000049,Cheshire East,E06000049,Cheshire East
CW1  4,53.098931,-2.431539,E06000049,Cheshire East,E06000049,Cheshire East
CW1  5,53.103634,-2.386494,E06000049,Cheshire East,E06000049,Cheshire East
CW1  6,53.08813,-2.430356,E06000049,Cheshire East,E06000049,Cheshire East
CW1  9,53.089348,-2.431668,E06000049,Cheshire East,E06000049,Cheshire East
CW10 0,53.187379,-2.444487,E06000049,Cheshire East,E06000049,Cheshire East
CW10 9,53.192954,-2.448975,E06000049,Cheshire East,E06000049,Cheshire East
CW11 0,53.144376,-2.3656,E06000049,Cheshire East,E06000049,Cheshire East
CW11 1,53.143974,-2.361844,E06000049,Cheshire East,E06000049,Cheshire East
CW11 2,53.157106,-2.318017,E06000049,Cheshire East,E06000049,Cheshire East
CW11 3,53.141442,-2.397492,E06000049,Cheshire East,E06000049,Cheshire East
CW11 4,53.138417,-2.353187,E06000049,Cheshire East,E06000049,Cheshire East
CW11 5,53.143857,-2.361708,E06000049,Cheshire East,E06000049,Cheshire East
CW11 9,53.144916,-2.365111,E06000049,Cheshire East,E06000049,Cheshire East
CW12 1,53.164842,-2.215346,E06000049,Cheshire East,E06000049,Cheshire East
CW12 2,53.168425,-2.20232,E06000049,Cheshire East,E06000049,Cheshire East
CW12 3,53.161635,-2.209407,E06000049,Cheshire East,E06000049,Cheshire East
CW12 4,53.162514,-2.210473,E06000049,Cheshire East,E06000049,Cheshire East
CW12 9,53.167136,-2.228999,E06000049,Cheshire East,E06000049,Cheshire East
CW2  5,53.080142,-2.434337,E06000049,Cheshire East,E06000049,Cheshire East
CW2  6,53.08873,-2.435947,E06000049,Cheshire East,E06000049,Cheshire East
CW2  7,53.089973,-2.437527,E06000049,Cheshire East,E06000049,Cheshire East
CW2  8,53.086453,-2.453362,E06000049,Cheshire East,E06000049,Cheshire East
CW3  0,52.988934,-2.507592,E06000049,Cheshire East,E06000049,Cheshire East
CW3  9,53.033477,-2.368449,E07000195,Newcastle-under-Lyme,E10000028,Staffordshire
CW4  7,53.202628,-2.35819,E06000049,Cheshire East,E06000049,Cheshire East
CW4  8,53.19939,-2.349915,E06000049,Cheshire East,E06000049,Cheshire East
CW5  5,53.068232,-2.521507,E06000049,Cheshire East,E06000049,Cheshire East
CW5  6,53.070671,-2.535059,E06000049,Cheshire East,E06000049,Cheshire East
CW5  7,53.061605,-2.524039,E06000049,Cheshire East,E06000049,Cheshire East
CW5  8,53.053782,-2.52648,E06000049,Cheshire East,E06000049,Cheshire East
CW5  9,53.068232,-2.521507,E06000049,Cheshire East,E06000049,Cheshire East
CW6  0,53.158773,-2.668241,E06000050,Cheshire West and Chester,E06000050,Cheshire West and Chester
CW6  6,53.158773,-2.668241,E06000050,Cheshire West and Chester,E06000050,Cheshire West and Chester
CW6  9,53.162255,-2.643227,E06000050,Cheshire West and Chester,E06000050,Cheshire West and Chester
CW7  1,53.190163,-2.524512,E06000050,Cheshire West and Chester,E06000050,Cheshire West and Chester
CW7  2,53.194809,-2.520707,E06000050,Cheshire West and Chester,E06000050,Cheshire West and Chester
CW7  3,53.193281,-2.516497,E06000050,Cheshire West and Chester,E06000050,Cheshire West and Chester
CW7  4,53.1913,-2.519437,E06000050,Cheshire West and Chester,E06000050,Cheshire West and Chester
CW7  9,53.194836,-2.520722,E06000050,Cheshire West and Chester,E06000050,Cheshire West and Chester
CW8  1,53.171108,-2.516066,E06000050,Cheshire West and Chester,E06000050,Cheshire West and Chester
CW8  2,53.241596,-2.554794,E06000050,Cheshire West and Chester,E06000050,Cheshire West and Chester
CW8  3,53.252242,-2.540334,E06000050,Cheshire West and Chester,E06000050,Cheshire West and Chester
CW8  4,53.254726,-2.527745,E06000050,Cheshire West and Chester,E06000050,Cheshire West and Chester
CW9  5,53.261344,-2.508697,E06000050,Cheshire West and Chester,E06000050,Cheshire West and Chester
CW9  6,53.27299,-2.536188,E06000050,Cheshire West and Chester,E06000050,Cheshire West and Chester
CW9  7,53.260682,-2.497221,E06000050,Cheshire West and Chester,E06000050,Cheshire West and Chester
CW9  8,53.253654,-2.513882,E06000050,Cheshire West and Chester,E06000050,Cheshire West and Chester
CW9  9,53.261281,-2.508697,E06000050,Cheshire West and Chester,E06000050,Cheshire West and Chester
CW98 1,53.08705,-2.430555,E06000049,Cheshire East,E06000049,Cheshire East
DA1  1,51.4447,0.209648,E07000107,Dartford,E10000016,Kent
DA1  2,51.446314,0.214691,E07000107,Dartford,E10000016,Kent
DA1  3,51.449038,0.208101,E07000107,Dartford,E10000016,Kent
DA1  4,51.449701,0.189983,E09000004,Bexley,E09000004,Bexley
DA1  5,51.455944,0.201424,E09000004,Bexley,E09000004,Bexley
DA1  9,51.4447,0.209648,E07000107,Dartford,E10000016,Kent
DA10 0,51.449904,0.308261,E07000107,Dartford,E10000016,Kent
DA10 1,51.438291,0.306107,E07000107,Dartford,E10000016,Kent
DA10 9,51.447685,0.310395,E07000107,Dartford,E10000016,Kent
DA11 0,51.442612,0.367717,E07000109,Gravesham,E10000016,Kent
DA11 7,51.416614,0.372068,E07000109,Gravesham,E10000016,Kent
DA11 8,51.430224,0.325196,E07000109,Gravesham,E10000016,Kent
DA11 9,51.444051,0.347586,E07000109,Gravesham,E10000016,Kent
DA12 1,51.441275,0.370223,E07000109,Gravesham,E10000016,Kent
DA12 2,51.441222,0.373329,E07000109,Gravesham,E10000016,Kent
DA12 3,51.385369,0.385413,E07000109,Gravesham,E10000016,Kent
DA12 4,51.410285,0.404183,E07000109,Gravesham,E10000016,Kent
DA12 5,51.431604,0.369953,E07000109,Gravesham,E10000016,Kent
DA12 9,51.441221,0.373343,E07000109,Gravesham,E10000016,Kent
DA13 0,51.372245,0.362488,E07000109,Gravesham,E10000016,Kent
DA13 9,51.396506,0.358592,E07000109,Gravesham,E10000016,Kent
DA14 4,51.426481,0.105064,E09000004,Bexley,E09000004,Bexley
DA14 5,51.412062,0.111246,E09000006,Bromley,E09000006,Bromley
DA14 6,51.425454,0.100629,E09000004,Bexley,E09000004,Bexley
DA15 0,51.43585,0.101149,E09000004,Bexley,E09000004,Bexley
DA15 7,51.435326,0.101773,E09000004,Bexley,E09000004,Bexley
DA15 8,51.438048,0.082315,E09000004,Bexley,E09000004,Bexley
DA15 9,51.434559,0.106457,E09000004,Bexley,E09000004,Bexley
DA16 1,51.462949,0.114474,E09000004,Bexley,E09000004,Bexley
DA16 2,51.461623,0.105213,E09000004,Bexley,E09000004,Bexley
DA16 3,51.462923,0.108397,E09000004,Bexley,E09000004,Bexley
DA17 5,51.49077,0.147281,E09000004,Bexley,E09000004,Bexley
DA17 6,51.491001,0.159695,E09000004,Bexley,E09000004,Bexley
DA17 9,51.490523,0.148033,E09000004,Bexley,E09000004,Bexley
DA18 4,51.496327,0.1493,E09000004,Bexley,E09000004,Bexley
DA2  6,51.440498,0.239621,E07000107,Dartford,E10000016,Kent
DA2  7,51.430796,0.199193,E07000107,Dartford,E10000016,Kent
DA2  8,51.430086,0.261973,E07000107,Dartford,E10000016,Kent
DA3  7,51.387832,0.302332,E07000111,Sevenoaks,E10000016,Kent
DA3  8,51.389037,0.314208,E07000111,Sevenoaks,E10000016,Kent
DA3  9,51.39671,0.301801,E07000107,Dartford,E10000016,Kent
DA4  0,51.369484,0.213754,E07000111,Sevenoaks,E10000016,Kent
DA4  4,51.402236,0.238455,E07000107,Dartford,E10000016,Kent
DA4  9,51.40395,0.242435,E07000107,Dartford,E10000016,Kent
DA5  1,51.44178,0.150017,E09000004,Bexley,E09000004,Bexley
DA5  2,51.436646,0.172408,E07000107,Dartford,E10000016,Kent
DA5  3,51.446481,0.12747,E09000004,Bexley,E09000004,Bexley
DA5  9,51.442072,0.151297,E09000004,Bexley,E09000004,Bexley
DA6  7,51.450268,0.138786,E09000004,Bexley,E09000004,Bexley
DA6  8,51.458487,0.132434,E09000004,Bexley,E09000004,Bexley
DA7  4,51.463461,0.133832,E09000004,Bexley,E09000004,Bexley
DA7  5,51.46419,0.15251,E09000004,Bexley,E09000004,Bexley
DA7  6,51.455248,0.159502,E09000004,Bexley,E09000004,Bexley
DA7  9,51.463202,0.134756,E09000004,Bexley,E09000004,Bexley
DA8  1,51.49237,0.165911,E09000004,Bexley,E09000004,Bexley
DA8  2,51.476455,0.195729,E09000004,Bexley,E09000004,Bexley
DA8  3,51.465907,0.179327,E09000004,Bexley,E09000004,Bexley
DA8  9,51.476455,0.195729,E09000004,Bexley,E09000004,Bexley
DA9  9,51.448678,0.277096,E07000107,Dartford,E10000016,Kent
DD1  1,56.462179,-2.973626,S12000042,Dundee City,S12000042,Dundee City
DD1  2,56.461664,-2.968338,S12000042,Dundee City,S12000042,Dundee City
DD1  3,56.460529,-2.968683,S12000042,Dundee City,S12000042,Dundee City
DD1  4,56.459267,-2.970322,S12000042,Dundee City,S12000042,Dundee City
DD1  5,56.458073,-2.986194,S12000042,Dundee City,S12000042,Dundee City
DD1  9,56.461643,-2.991366,S12000042,Dundee City,S12000042,Dundee City
DD10 0,56.756225,-2.469028,S12000034,Aberdeenshire,S12000034,Aberdeenshire
DD10 1,56.709306,-2.4706,S12000041,Angus,S12000041,Angus
DD10 8,56.709306,-2.4706,S12000041,Angus,S12000041,Angus
DD10 9,56.720201,-2.468644,S12000041,Angus,S12000041,Angus
DD11 1,56.558614,-2.580413,S12000041,Angus,S12000041,Angus
DD11 2,56.55911,-2.600855,S12000041,Angus,S12000041,Angus
DD11 3,56.559939,-2.592831,S12000041,Angus,S12000041,Angus
DD11 4,56.571954,-2.578778,S12000041,Angus,S12000041,Angus
DD11 5,56.564982,-2.573058,S12000041,Angus,S12000041,Angus
DD11 9,56.558614,-2.580413,S12000041,Angus,S12000041,Angus
DD2  1,56.455404,-2.993053,S12000042,Dundee City,S12000042,Dundee City
DD2  2,56.461342,-2.997622,S12000042,Dundee City,S12000042,Dundee City
DD2  3,56.470338,-3.006153,S12000042,Dundee City,S12000042,Dundee City
DD2  4,56.467206,-3.045007,S12000042,Dundee City,S12000042,Dundee City
DD2  5,56.460831,-3.058269,S12000048,Perth and Kinross,S12000048,Perth and Kinross
DD2  9,56.483363,-3.012019,S12000042,Dundee City,S12000042,Dundee City
DD3  0,56.487267,-2.989144,S12000042,Dundee City,S12000042,Dundee City
DD3  6,56.470015,-3.002817,S12000042,Dundee City,S12000042,Dundee City
DD3  7,56.465373,-2.970786,S12000042,Dundee City,S12000042,Dundee City
DD3  8,56.474827,-2.978496,S12000042,Dundee City,S12000042,Dundee City
DD3  9,56.488896,-2.997778,S12000042,Dundee City,S12000042,Dundee City
DD4  0,56.48534,-2.93161,S12000042,Dundee City,S12000042,Dundee City
DD4  6,56.464878,-2.961717,S12000042,Dundee City,S12000042,Dundee City
DD4  7,56.473466,-2.957211,S12000042,Dundee City,S12000042,Dundee City
DD4  8,56.479655,-2.944492,S12000042,Dundee City,S12000042,Dundee City
DD4  9,56.478108,-2.966761,S12000042,Dundee City,S12000042,Dundee City
DD5  1,56.46838,-2.877079,S12000042,Dundee City,S12000042,Dundee City
DD5  2,56.467082,-2.876417,S12000042,Dundee City,S12000042,Dundee City
DD5  3,56.469801,-2.876755,S12000042,Dundee City,S12000042,Dundee City
DD5  4,56.481917,-2.818112,S12000041,Angus,S12000041,Angus
DD5  9,56.484478,-2.88734,S12000042,Dundee City,S12000042,Dundee City
DD6  8,56.440063,-2.941806,S12000047,Fife,S12000047,Fife
DD6  9,56.447678,-2.87983,S12000047,Fife,S12000047,Fife
DD7  6,56.502626,-2.711649,S12000041,Angus,S12000041,Angus
DD7  7,56.501285,-2.711949,S12000041,Angus,S12000041,Angus
DD7  9,56.501285,-2.711949,S12000041,Angus,S12000041,Angus
DD8  0,56.643745,-2.890719,S12000041,Angus,S12000041,Angus
DD8  1,56.643736,-2.890703,S12000041,Angus,S12000041,Angus
DD8  2,56.643945,-2.887854,S12000041,Angus,S12000041,Angus
DD8  3,56.646031,-2.888914,S12000041,Angus,S12000041,Angus
DD8  4,56.673848,-3.004343,S12000041,Angus,S12000041,Angus
DD8  5,56.672343,-3.009345,S12000041,Angus,S12000041,Angus
DD8  9,56.673929,-3.004361,S12000041,Angus,S12000041,Angus
DD9  6,56.733607,-2.659064,S12000041,Angus,S12000041,Angus
DD9  7,56.732267,-2.654072,S12000041,Angus,S12000041,Angus
DD9  9,56.73358,-2.659047,S12000041,Angus,S12000041,Angus
DE1  0,52.915058,-1.466135,E06000015,Derby,E06000015,Derby
DE1  1,52.914939,-1.465616,E06000015,Derby,E06000015,Derby
DE1  2,52.921107,-1.475967,E06000015,Derby,E06000015,Derby
DE1  3,52.92383,-1.477898,E06000015,Derby,E06000015,Derby
DE1  5,53.14612,-1.337629,E07000033,Bolsover,E10000007,Derbyshire
DE1  9,52.914939,-1.465616,E06000015,Derby,E06000015,Derby
DE11 0,52.774551,-1.557906,E07000039,South Derbyshire,E10000007,Derbyshire
DE11 1,52.774613,-1.557772,E07000039,South Derbyshire,E10000007,Derbyshire
DE11 7,52.790566,-1.538007,E07000039,South Derbyshire,E10000007,Derbyshire
DE11 8,52.765186,-1.508322,E07000134,North West Leicestershire,E10000018,Leicestershire
DE11 9,52.770465,-1.554464,E07000039,South Derbyshire,E10000007,Derbyshire
DE12 6,52.734891,-1.532848,E07000134,North West Leicestershire,E10000018,Leicestershire
DE12 7,52.685576,-1.533315,E07000134,North West Leicestershire,E10000018,Leicestershire
DE12 8,52.690301,-1.548888,E07000134,North West Leicestershire,E10000018,Leicestershire
DE13 0,52.820921,-1.665792,E07000193,East Staffordshire,E10000028,Staffordshire
DE13 7,52.732332,-1.742927,E07000194,Lichfield,E10000028,Staffordshire
DE13 8,52.76484,-1.723707,E07000193,East Staffordshire,E10000028,Staffordshire
DE13 9,52.846447,-1.645819,E07000193,East Staffordshire,E10000028,Staffordshire
DE14 1,52.802919,-1.636486,E07000193,East Staffordshire,E10000028,Staffordshire
DE14 2,52.798927,-1.657536,E07000193,East Staffordshire,E10000028,Staffordshire
DE14 3,52.797845,-1.638115,E07000193,East Staffordshire,E10000028,Staffordshire
DE14 9,52.815625,-1.629214,E07000193,East Staffordshire,E10000028,Staffordshire
DE15 0,52.814794,-1.608286,E07000193,East Staffordshire,E10000028,Staffordshire
DE15 9,52.803985,-1.618084,E07000193,East Staffordshire,E10000028,Staffordshire
DE2  0,52.891361,-1.442585,E06000015,Derby,E06000015,Derby
DE2  2,52.947372,-1.441942,E06000015,Derby,E06000015,Derby
DE2  3,52.874975,-1.495169,E07000039,South Derbyshire,E10000007,Derbyshire
DE2  4,52.934939,-1.471322,E06000015,Derby,E06000015,Derby
DE2  5,52.97212,-1.459582,E07000036,Erewash,E10000007,Derbyshire
DE2  6,52.926096,-1.46002,E06000015,Derby,E06000015,Derby
DE2  7,52.922253,-1.409884,E06000015,Derby,E06000015,Derby
DE2  8,52.90871,-1.461782,E06000015,Derby,E06000015,Derby
DE2  9,52.89086,-1.452743,E06000015,Derby,E06000015,Derby
DE21 2,52.948998,-1.435997,E06000015,Derby,E06000015,Derby
DE21 4,52.934622,-1.470909,E06000015,Derby,E06000015,Derby
DE21 5,52.972271,-1.459103,E07000036,Erewash,E10000007,Derbyshire
DE21 6,52.926133,-1.460109,E06000015,Derby,E06000015,Derby
DE21 7,52.922253,-1.409884,E06000015,Derby,E06000015,Derby
DE22 1,52.930832,-1.484077,E06000015,Derby,E06000015,Derby
DE22 2,52.946055,-1.484922,E06000015,Derby,E06000015,Derby
DE22 3,52.925413,-1.490612,E06000015,Derby,E06000015,Derby
DE22 4,52.928936,-1.505387,E06000015,Derby,E06000015,Derby
DE22 5,52.963758,-1.504767,E07000032,Amber Valley,E10000007,Derbyshire
DE23 1,52.877993,-1.505313,E07000039,South Derbyshire,E10000007,Derbyshire
DE23 2,52.888271,-1.510472,E06000015,Derby,E06000015,Derby
DE23 3,52.886891,-1.534013,E07000039,South Derbyshire,E10000007,Derbyshire
DE23 4,52.897588,-1.540721,E06000015,Derby,E06000015,Derby
DE23 6,52.913236,-1.485267,E06000015,Derby,E06000015,Derby
DE23 7,52.897462,-1.540663,E06000015,Derby,E06000015,Derby
DE23 8,52.897682,-1.486625,E06000015,Derby,E06000015,Derby
DE24 0,52.890982,-1.444166,E06000015,Derby,E06000015,Derby
DE24 1,52.908168,-1.445567,E06000015,Derby,E06000015,Derby
DE24 3,52.874957,-1.495155,E07000039,South Derbyshire,E10000007,Derbyshire
DE24 5,52.883351,-1.412446,E07000039,South Derbyshire,E10000007,Derbyshire
DE24 8,52.908538,-1.461561,E06000015,Derby,E06000015,Derby
DE24 9,52.890887,-1.452698,E06000015,Derby,E06000015,Derby
DE3  0,52.901725,-1.557923,E07000039,South Derbyshire,E10000007,Derbyshire
DE3  1,52.930599,-1.484198,E06000015,Derby,E06000015,Derby
DE3  2,52.946055,-1.484878,E06000015,Derby,E06000015,Derby
DE3  3,52.925449,-1.490552,E06000015,Derby,E06000015,Derby
DE3  4,52.928882,-1.505373,E06000015,Derby,E06000015,Derby
DE3  5,52.907962,-1.53392,E06000015,Derby,E06000015,Derby
DE3  6,52.913273,-1.485371,E06000015,Derby,E06000015,Derby
DE3  7,52.897462,-1.540663,E06000015,Derby,E06000015,Derby
DE3  8,52.897682,-1.486625,E06000015,Derby,E06000015,Derby
DE3  9,52.90798,-1.533891,E06000015,Derby,E06000015,Derby
DE4  1,53.217652,-1.673202,E07000035,Derbyshire Dales,E10000007,Derbyshire
DE4  2,53.120098,-1.584602,E07000035,Derbyshire Dales,E10000007,Derbyshire
DE4  3,53.138812,-1.554525,E07000035,Derbyshire Dales,E10000007,Derbyshire
DE4  4,53.076824,-1.571867,E07000035,Derbyshire Dales,E10000007,Derbyshire
DE4  5,53.101232,-1.529537,E07000032,Amber Valley,E10000007,Derbyshire
DE4  9,53.138784,-1.554241,E07000035,Derbyshire Dales,E10000007,Derbyshire
DE45 1,53.21633,-1.672897,E07000035,Derbyshire Dales,E10000007,Derbyshire
DE45 9,53.213692,-1.674564,E07000035,Derbyshire Dales,E10000007,Derbyshire
DE5  0,53.02483,-1.454884,E07000032,Amber Valley,E10000007,Derbyshire
DE5  1,53.021882,-1.48116,E07000032,Amber Valley,E10000007,Derbyshire
DE5  2,53.039739,-1.4541,E07000032,Amber Valley,E10000007,Derbyshire
DE5  3,53.049409,-1.406629,E07000032,Amber Valley,E10000007,Derbyshire
DE5  4,53.050243,-1.408019,E07000032,Amber Valley,E10000007,Derbyshire
DE5  5,53.141692,-1.346443,E07000033,Bolsover,E10000007,Derbyshire
DE5  6,53.120994,-1.40923,E07000038,North East Derbyshire,E10000007,Derbyshire
DE5  7,53.096624,-1.387805,E07000032,Amber Valley,E10000007,Derbyshire
DE5  8,53.032867,-1.406184,E07000032,Amber Valley,E10000007,Derbyshire
DE5  9,53.035213,-1.376281,E07000032,Amber Valley,E10000007,Derbyshire
DE55 1,53.076236,-1.400006,E07000032,Amber Valley,E10000007,Derbyshire
DE55 2,53.104495,-1.343137,E07000033,Bolsover,E10000007,Derbyshire
DE55 3,53.097578,-1.332744,E07000033,Bolsover,E10000007,Derbyshire
DE55 4,53.069511,-1.360161,E07000032,Amber Valley,E10000007,Derbyshire
DE55 5,53.117149,-1.369226,E07000033,Bolsover,E10000007,Derbyshire
DE55 6,53.120993,-1.409036,E07000038,North East Derbyshire,E10000007,Derbyshire
DE55 7,53.099081,-1.37969,E07000032,Amber Valley,E10000007,Derbyshire
DE55 9,53.085334,-1.372229,E07000032,Amber Valley,E10000007,Derbyshire
DE56 0,53.0078,-1.429047,E07000032,Amber Valley,E10000007,Derbyshire
DE56 1,53.027809,-1.486098,E07000032,Amber Valley,E10000007,Derbyshire
DE56 2,53.039596,-1.454206,E07000032,Amber Valley,E10000007,Derbyshire
DE56 4,52.996429,-1.498985,E07000032,Amber Valley,E10000007,Derbyshire
DE56 9,53.017388,-1.485417,E07000032,Amber Valley,E10000007,Derbyshire
DE6  1,53.01496,-1.735113,E07000035,Derbyshire Dales,E10000007,Derbyshire
DE6  2,53.018249,-1.743202,E07000035,Derbyshire Dales,E10000007,Derbyshire
DE6  3,52.972072,-1.639314,E07000035,Derbyshire Dales,E10000007,Derbyshire
DE6  4,52.996691,-1.499324,E07000032,Amber Valley,E10000007,Derbyshire
DE6  5,52.915279,-1.739692,E07000035,Derbyshire Dales,E10000007,Derbyshire
DE6  6,52.871007,-1.543216,E07000039,South Derbyshire,E10000007,Derbyshire
DE6  9,53.006348,-1.711992,E07000035,Derbyshire Dales,E10000007,Derbyshire
DE65 5,52.86509,-1.627739,E07000039,South Derbyshire,E10000007,Derbyshire
DE65 6,52.870971,-1.543202,E07000039,South Derbyshire,E10000007,Derbyshire
DE65 9,52.865009,-1.683502,E07000039,South Derbyshire,E10000007,Derbyshire
DE7  0,52.975446,-1.317825,E07000036,Erewash,E10000007,Derbyshire
DE7  1,52.819389,-1.421468,E07000039,South Derbyshire,E10000007,Derbyshire
DE7  2,52.861608,-1.384652,E07000039,South Derbyshire,E10000007,Derbyshire
DE7  3,52.899974,-1.310714,E07000036,Erewash,E10000007,Derbyshire
DE7  4,52.960319,-1.304174,E07000036,Erewash,E10000007,Derbyshire
DE7  5,52.97609,-1.300213,E07000036,Erewash,E10000007,Derbyshire
DE7  6,52.95512,-1.447528,E07000036,Erewash,E10000007,Derbyshire
DE7  7,53.013876,-1.353292,E07000032,Amber Valley,E10000007,Derbyshire
DE7  8,52.971788,-1.310155,E07000036,Erewash,E10000007,Derbyshire
DE7  9,52.985852,-1.32505,E07000036,Erewash,E10000007,Derbyshire
DE72 2,52.861545,-1.384638,E07000039,South Derbyshire,E10000007,Derbyshire
DE72 3,52.900065,-1.310802,E07000036,Erewash,E10000007,Derbyshire
DE73 1,52.819389,-1.421468,E07000039,South Derbyshire,E10000007,Derbyshire
DE73 5,52.872689,-1.450045,E06000015,Derby,E06000015,Derby
DE73 6,52.862731,-1.431395,E07000039,South Derbyshire,E10000007,Derbyshire
DE73 7,52.852811,-1.515622,E07000039,South Derbyshire,E10000007,Derbyshire
DE73 8,52.81938,-1.421454,E07000039,South Derbyshire,E10000007,Derbyshire
DE74 0,52.843399,-1.358139,E07000134,North West Leicestershire,E10000018,Leicestershire
DE74 2,52.841396,-1.284368,E07000134,North West Leicestershire,E10000018,Leicestershire
DE75 7,53.013894,-1.353351,E07000032,Amber Valley,E10000007,Derbyshire
DE75 9,53.013829,-1.349655,E07000032,Amber Valley,E10000007,Derbyshire
DE99 3,52.914939,-1.465616,E06000015,Derby,E06000015,Derby
DG1  1,55.069639,-3.609728,S12000006,Dumfries and Galloway,S12000006,Dumfries and Galloway
DG1  2,55.070067,-3.613378,S12000006,Dumfries and Galloway,S12000006,Dumfries and Galloway
DG1  3,55.069945,-3.604916,S12000006,Dumfries and Galloway,S12000006,Dumfries and Galloway
DG1  4,55.065753,-3.592236,S12000006,Dumfries and Galloway,S12000006,Dumfries and Galloway
DG1  9,55.069713,-3.609574,S12000006,Dumfries and Galloway,S12000006,Dumfries and Galloway
DG10 0,55.333681,-3.444115,S12000006,Dumfries and Galloway,S12000006,Dumfries and Galloway
DG10 9,55.33458,-3.444841,S12000006,Dumfries and Galloway,S12000006,Dumfries and Galloway
DG11 1,55.092909,-3.331172,S12000006,Dumfries and Galloway,S12000006,Dumfries and Galloway
DG11 2,55.12276,-3.355952,S12000006,Dumfries and Galloway,S12000006,Dumfries and Galloway
DG11 3,55.055308,-3.191582,S12000006,Dumfries and Galloway,S12000006,Dumfries and Galloway
DG11 9,55.120212,-3.355584,S12000006,Dumfries and Galloway,S12000006,Dumfries and Galloway
DG12 5,54.987755,-3.264597,S12000006,Dumfries and Galloway,S12000006,Dumfries and Galloway
DG12 6,54.986907,-3.262242,S12000006,Dumfries and Galloway,S12000006,Dumfries and Galloway
DG12 9,54.983865,-3.26274,S12000006,Dumfries and Galloway,S12000006,Dumfries and Galloway
DG13 0,55.150728,-3.000722,S12000006,Dumfries and Galloway,S12000006,Dumfries and Galloway
DG14 0,55.075042,-3.006522,S12000006,Dumfries and Galloway,S12000006,Dumfries and Galloway
DG16 5,54.996155,-3.067009,S12000006,Dumfries and Galloway,S12000006,Dumfries and Galloway
DG2  0,55.07092,-3.619552,S12000006,Dumfries and Galloway,S12000006,Dumfries and Galloway
DG2  7,55.068541,-3.618,S12000006,Dumfries and Galloway,S12000006,Dumfries and Galloway
DG2  8,54.911381,-3.597477,S12000006,Dumfries and Galloway,S12000006,Dumfries and Galloway
DG2  9,55.068577,-3.621368,S12000006,Dumfries and Galloway,S12000006,Dumfries and Galloway
DG3  4,55.240979,-3.791485,S12000006,Dumfries and Galloway,S12000006,Dumfries and Galloway
DG3  5,55.234948,-3.765595,S12000006,Dumfries and Galloway,S12000006,Dumfries and Galloway
DG3  9,55.241891,-3.765856,S12000006,Dumfries and Galloway,S12000006,Dumfries and Galloway
DG4  6,55.364672,-3.918595,S12000006,Dumfries and Galloway,S12000006,Dumfries and Galloway
DG5  4,54.93246,-3.822166,S12000006,Dumfries and Galloway,S12000006,Dumfries and Galloway
DG6  4,54.835996,-4.049789,S12000006,Dumfries and Galloway,S12000006,Dumfries and Galloway
DG7  1,54.942865,-3.927194,S12000006,Dumfries and Galloway,S12000006,Dumfries and Galloway
DG7  2,54.927392,-3.98175,S12000006,Dumfries and Galloway,S12000006,Dumfries and Galloway
DG7  3,54.959939,-3.853976,S12000006,Dumfries and Galloway,S12000006,Dumfries and Galloway
DG7  9,54.941075,-3.929607,S12000006,Dumfries and Galloway,S12000006,Dumfries and Galloway
DG8  0,54.883045,-4.816202,S12000006,Dumfries and Galloway,S12000006,Dumfries and Galloway
DG8  1,54.953717,-4.491274,S12000006,Dumfries and Galloway,S12000006,Dumfries and Galloway
DG8  6,54.968432,-4.483357,S12000006,Dumfries and Galloway,S12000006,Dumfries and Galloway
DG8  7,55.000715,-4.450842,S12000006,Dumfries and Galloway,S12000006,Dumfries and Galloway
DG8  8,54.789354,-4.374708,S12000006,Dumfries and Galloway,S12000006,Dumfries and Galloway
DG8  9,54.862536,-4.446952,S12000006,Dumfries and Galloway,S12000006,Dumfries and Galloway
DG9  0,54.905104,-5.034954,S12000006,Dumfries and Galloway,S12000006,Dumfries and Galloway
DG9  1,54.903686,-5.023676,S12000006,Dumfries and Galloway,S12000006,Dumfries and Galloway
DG9  7,54.902963,-5.027429,S12000006,Dumfries and Galloway,S12000006,Dumfries and Galloway
DG9  8,54.902988,-5.01562,S12000006,Dumfries and Galloway,S12000006,Dumfries and Galloway
DG9  9,54.837086,-5.103753,S12000006,Dumfries and Galloway,S12000006,Dumfries and Galloway
DH1  1,54.777574,-1.574008,E06000047,County Durham,E06000047,County Durham
DH1  2,54.786279,-1.524889,E06000047,County Durham,E06000047,County Durham
DH1  3,54.776326,-1.574332,E06000047,County Durham,E06000047,County Durham
DH1  4,54.775587,-1.594767,E06000047,County Durham,E06000047,County Durham
DH1  5,54.790701,-1.599826,E06000047,County Durham,E06000047,County Durham
DH1  9,54.792717,-1.535125,E06000047,County Durham,E06000047,County Durham
DH2  1,54.876596,-1.576987,E06000047,County Durham,E06000047,County Durham
DH2  2,54.854375,-1.612764,E06000047,County Durham,E06000047,County Durham
DH2  3,54.850847,-1.583876,E06000047,County Durham,E06000047,County Durham
DH3  1,54.896444,-1.576046,E08000037,Gateshead,E08000037,Gateshead
DH3  2,54.876682,-1.575896,E06000047,County Durham,E06000047,County Durham
DH3  3,54.853931,-1.573985,E06000047,County Durham,E06000047,County Durham
DH3  4,54.863784,-1.567478,E06000047,County Durham,E06000047,County Durham
DH3  9,54.853931,-1.573985,E06000047,County Durham,E06000047,County Durham
DH4  4,54.84323,-1.471247,E08000024,Sunderland,E08000024,Sunderland
DH4  5,54.851386,-1.485158,E08000024,Sunderland,E08000024,Sunderland
DH4  6,54.847117,-1.506641,E08000024,Sunderland,E08000024,Sunderland
DH4  7,54.866729,-1.481784,E08000024,Sunderland,E08000024,Sunderland
DH4  9,54.843275,-1.471324,E08000024,Sunderland,E08000024,Sunderland
DH5  0,54.81409,-1.447742,E08000024,Sunderland,E08000024,Sunderland
DH5  8,54.842354,-1.466338,E08000024,Sunderland,E08000024,Sunderland
DH5  9,54.825973,-1.45228,E08000024,Sunderland,E08000024,Sunderland
DH6  1,54.783827,-1.50713,E06000047,County Durham,E06000047,County Durham
DH6  2,54.789091,-1.434397,E06000047,County Durham,E06000047,County Durham
DH6  3,54.75068,-1.428143,E06000047,County Durham,E06000047,County Durham
DH6  4,54.715033,-1.502314,E06000047,County Durham,E06000047,County Durham
DH6  5,54.735541,-1.527268,E06000047,County Durham,E06000047,County Durham
DH7  0,54.828427,-1.707699,E06000047,County Durham,E06000047,County Durham
DH7  6,54.820895,-1.631137,E06000047,County Durham,E06000047,County Durham
DH7  7,54.782323,-1.630353,E06000047,County Durham,E06000047,County Durham
DH7  8,54.745525,-1.610554,E06000047,County Durham,E06000047,County Durham
DH7  9,54.766741,-1.710039,E06000047,County Durham,E06000047,County Durham
DH8  0,54.861141,-1.847107,E06000047,County Durham,E06000047,County Durham
DH8  1,54.792717,-1.535125,E06000047,County Durham,E06000047,County Durham
DH8  5,54.853565,-1.833273,E06000047,County Durham,E06000047,County Durham
DH8  6,54.854521,-1.829111,E06000047,County Durham,E06000047,County Durham
DH8  7,54.841782,-1.81909,E06000047,County Durham,E06000047,County Durham
DH8  8,54.844727,-1.850486,E06000047,County Durham,E06000047,County Durham
DH8  9,54.836663,-1.848134,E06000047,County Durham,E06000047,County Durham
DH9  0,54.86908,-1.695922,E06000047,County Durham,E06000047,County Durham
DH9  6,54.858797,-1.695127,E06000047,County Durham,E06000047,County Durham
DH9  7,54.865971,-1.706976,E06000047,County Durham,E06000047,County Durham
DH9  8,54.869405,-1.700282,E06000047,County Durham,E06000047,County Durham
DH9  9,54.877088,-1.761161,E06000047,County Durham,E06000047,County Durham
DH97 1,54.792726,-1.535031,E06000047,County Durham,E06000047,County Durham
DH98 1,54.934648,-1.615115,E08000037,Gateshead,E08000037,Gateshead
DH99 1,54.792726,-1.535031,E06000047,County Durham,E06000047,County Durham
DL1  1,54.522106,-1.55076,E06000005,Darlington,E06000005,Darlington
DL1  2,54.538338,-1.527553,E06000005,Darlington,E06000005,Darlington
DL1  3,54.555332,-1.548787,E06000005,Darlington,E06000005,Darlington
DL1  4,54.521021,-1.54674,E06000005,Darlington,E06000005,Darlington
DL1  5,54.520761,-1.549199,E06000005,Darlington,E06000005,Darlington
DL1  9,54.522106,-1.55076,E06000005,Darlington,E06000005,Darlington
DL10 4,54.406898,-1.735671,E06000065,North Yorkshire,E06000065,North Yorkshire
DL10 5,54.408461,-1.727541,E06000065,North Yorkshire,E06000065,North Yorkshire
DL10 6,54.400097,-1.636025,E06000065,North Yorkshire,E06000065,North Yorkshire
DL10 7,54.404398,-1.735055,E06000065,North Yorkshire,E06000065,North Yorkshire
DL10 9,54.410469,-1.745755,E06000065,North Yorkshire,E06000065,North Yorkshire
DL11 6,54.401405,-1.811538,E06000065,North Yorkshire,E06000065,North Yorkshire
DL11 7,54.485063,-1.668351,E06000065,North Yorkshire,E06000065,North Yorkshire
DL12 0,54.608024,-2.00171,E06000047,County Durham,E06000047,County Durham
DL12 2,54.554294,-1.922067,E06000047,County Durham,E06000047,County Durham
DL12 8,54.544968,-1.925856,E06000047,County Durham,E06000047,County Durham
DL12 9,54.538289,-1.923086,E06000047,County Durham,E06000047,County Durham
DL13 1,54.765204,-2.220714,E06000047,County Durham,E06000047,County Durham
DL13 2,54.741653,-2.081134,E06000047,County Durham,E06000047,County Durham
DL13 3,54.730151,-1.884573,E06000047,County Durham,E06000047,County Durham
DL13 4,54.746699,-1.814978,E06000047,County Durham,E06000047,County Durham
DL13 5,54.613526,-1.803286,E06000047,County Durham,E06000047,County Durham
DL14 0,54.660332,-1.725971,E06000047,County Durham,E06000047,County Durham
DL14 4,54.657346,-1.680901,E06000047,County Durham,E06000047,County Durham
DL14 6,54.656761,-1.676953,E06000047,County Durham,E06000047,County Durham
DL14 7,54.663536,-1.676838,E06000047,County Durham,E06000047,County Durham
DL14 8,54.67389,-1.609952,E06000047,County Durham,E06000047,County Durham
DL14 9,54.637873,-1.688166,E06000047,County Durham,E06000047,County Durham
DL15 0,54.710321,-1.690839,E06000047,County Durham,E06000047,County Durham
DL15 8,54.703475,-1.750139,E06000047,County Durham,E06000047,County Durham
DL15 9,54.712581,-1.73034,E06000047,County Durham,E06000047,County Durham
DL16 6,54.698885,-1.602591,E06000047,County Durham,E06000047,County Durham
DL16 7,54.693231,-1.61605,E06000047,County Durham,E06000047,County Durham
DL16 9,54.699325,-1.602369,E06000047,County Durham,E06000047,County Durham
DL17 0,54.6823,-1.537766,E06000047,County Durham,E06000047,County Durham
DL17 8,54.687346,-1.548443,E06000047,County Durham,E06000047,County Durham
DL17 9,54.677028,-1.513293,E06000047,County Durham,E06000047,County Durham
DL2  1,54.512402,-1.467183,E06000005,Darlington,E06000005,Darlington
DL2  2,54.486101,-1.528727,E06000005,Darlington,E06000005,Darlington
DL2  3,54.549862,-1.748557,E06000047,County Durham,E06000047,County Durham
DL3  0,54.551231,-1.548106,E06000005,Darlington,E06000005,Darlington
DL3  6,54.530237,-1.557439,E06000005,Darlington,E06000005,Darlington
DL3  7,54.525505,-1.558772,E06000005,Darlington,E06000005,Darlington
DL3  8,54.517585,-1.580793,E06000005,Darlington,E06000005,Darlington
DL3  9,54.533485,-1.578668,E06000005,Darlington,E06000005,Darlington
DL4  1,54.631978,-1.651807,E06000047,County Durham,E06000047,County Durham
DL4  2,54.631901,-1.637882,E06000047,County Durham,E06000047,County Durham
DL5  4,54.625088,-1.563799,E06000047,County Durham,E06000047,County Durham
DL5  5,54.618833,-1.561218,E06000047,County Durham,E06000047,County Durham
DL5  6,54.596404,-1.584799,E06000047,County Durham,E06000047,County Durham
DL5  7,54.618633,-1.578255,E06000047,County Durham,E06000047,County Durham
DL5  9,54.610444,-1.570118,E06000047,County Durham,E06000047,County Durham
DL6  1,54.338061,-1.429634,E06000065,North Yorkshire,E06000065,North Yorkshire
DL6  2,54.435703,-1.399204,E06000065,North Yorkshire,E06000065,North Yorkshire
DL6  3,54.368834,-1.30138,E06000065,North Yorkshire,E06000065,North Yorkshire
DL7  0,54.389615,-1.490702,E06000065,North Yorkshire,E06000065,North Yorkshire
DL7  7,54.337256,-1.434244,E06000065,North Yorkshire,E06000065,North Yorkshire
DL7  8,54.332179,-1.440218,E06000065,North Yorkshire,E06000065,North Yorkshire
DL7  9,54.305343,-1.559714,E06000065,North Yorkshire,E06000065,North Yorkshire
DL8  1,54.290158,-1.594026,E06000065,North Yorkshire,E06000065,North Yorkshire
DL8  2,54.288917,-1.591166,E06000065,North Yorkshire,E06000065,North Yorkshire
DL8  3,54.289302,-1.989079,E06000065,North Yorkshire,E06000065,North Yorkshire
DL8  4,54.309398,-1.86781,E06000065,North Yorkshire,E06000065,North Yorkshire
DL8  5,54.31185,-1.830944,E06000065,North Yorkshire,E06000065,North Yorkshire
DL8  9,54.522106,-1.55076,E06000005,Darlington,E06000005,Darlington
DL9  3,54.37937,-1.743791,E06000065,North Yorkshire,E06000065,North Yorkshire
DL9  4,54.379315,-1.722761,E06000065,North Yorkshire,E06000065,North Yorkshire
DL98 1,54.527522,-1.559709,E06000005,Darlington,E06000005,Darlington
DN1  1,53.522995,-1.134899,E08000017,Doncaster,E08000017,Doncaster
DN1  2,53.520962,-1.128499,E08000017,Doncaster,E08000017,Doncaster
DN1  3,53.520796,-1.137824,E08000017,Doncaster,E08000017,Doncaster
DN1  9,53.512942,-1.125723,E08000017,Doncaster,E08000017,Doncaster
DN10 4,53.445119,-0.849433,E07000171,Bassetlaw,E10000024,Nottinghamshire
DN10 5,53.407068,-0.923672,E07000171,Bassetlaw,E10000024,Nottinghamshire
DN10 6,53.424777,-1.023181,E08000017,Doncaster,E08000017,Doncaster
DN11 0,53.475935,-1.065039,E08000017,Doncaster,E08000017,Doncaster
DN11 8,53.416323,-1.059696,E07000171,Bassetlaw,E10000024,Nottinghamshire
DN11 9,53.455106,-1.126639,E08000017,Doncaster,E08000017,Doncaster
DN12 1,53.483701,-1.189421,E08000017,Doncaster,E08000017,Doncaster
DN12 2,53.483452,-1.216777,E08000017,Doncaster,E08000017,Doncaster
DN12 3,53.481828,-1.226949,E08000017,Doncaster,E08000017,Doncaster
DN12 4,53.490752,-1.246365,E08000017,Doncaster,E08000017,Doncaster
DN14 0,53.693016,-1.030798,E06000011,East Riding of Yorkshire,E06000011,East Riding of Yorkshire
DN14 4,53.70173,-0.895222,E06000011,East Riding of Yorkshire,E06000011,East Riding of Yorkshire
DN14 5,53.703517,-0.869923,E06000011,East Riding of Yorkshire,E06000011,East Riding of Yorkshire
DN14 6,53.704732,-0.875844,E06000011,East Riding of Yorkshire,E06000011,East Riding of Yorkshire
DN14 7,53.746536,-0.866085,E06000011,East Riding of Yorkshire,E06000011,East Riding of Yorkshire
DN14 8,53.692075,-0.864308,E06000011,East Riding of Yorkshire,E06000011,East Riding of Yorkshire
DN14 9,53.682323,-1.007091,E06000011,East Riding of Yorkshire,E06000011,East Riding of Yorkshire
DN15 0,53.621006,-0.566371,E06000013,North Lincolnshire,E06000013,North Lincolnshire
DN15 2,53.550302,-0.656653,E06000013,North Lincolnshire,E06000013,North Lincolnshire
DN15 5,53.585903,-0.654589,E06000013,North Lincolnshire,E06000013,North Lincolnshire
DN15 6,53.593367,-0.649245,E06000013,North Lincolnshire,E06000013,North Lincolnshire
DN15 7,53.585903,-0.654589,E06000013,North Lincolnshire,E06000013,North Lincolnshire
DN15 8,53.590852,-0.67924,E06000013,North Lincolnshire,E06000013,North Lincolnshire
DN15 9,53.69535,-0.628339,E06000013,North Lincolnshire,E06000013,North Lincolnshire
DN16 1,53.58255,-0.65542,E06000013,North Lincolnshire,E06000013,North Lincolnshire
DN16 2,53.573929,-0.656162,E06000013,North Lincolnshire,E06000013,North Lincolnshire
DN16 3,53.565459,-0.63449,E06000013,North Lincolnshire,E06000013,North Lincolnshire
DN17 1,53.584648,-0.658118,E06000013,North Lincolnshire,E06000013,North Lincolnshire
DN17 2,53.564959,-0.691899,E06000013,North Lincolnshire,E06000013,North Lincolnshire
DN17 3,53.56583,-0.732792,E06000013,North Lincolnshire,E06000013,North Lincolnshire
DN17 4,53.663655,-0.714955,E06000013,North Lincolnshire,E06000013,North Lincolnshire
DN18 5,53.685646,-0.448999,E06000013,North Lincolnshire,E06000013,North Lincolnshire
DN18 6,53.68215,-0.435167,E06000013,North Lincolnshire,E06000013,North Lincolnshire
DN18 9,53.688483,-0.426648,E06000013,North Lincolnshire,E06000013,North Lincolnshire
DN19 7,53.676799,-0.380166,E06000013,North Lincolnshire,E06000013,North Lincolnshire
DN19 9,53.688483,-0.426648,E06000013,North Lincolnshire,E06000013,North Lincolnshire
DN2  4,53.529221,-1.125796,E08000017,Doncaster,E08000017,Doncaster
DN2  5,53.53199,-1.110003,E08000017,Doncaster,E08000017,Doncaster
DN2  6,53.520041,-1.120585,E08000017,Doncaster,E08000017,Doncaster
DN20 0,53.565556,-0.549566,E06000013,North Lincolnshire,E06000013,North Lincolnshire
DN20 2,53.5516,-0.488215,E06000013,North Lincolnshire,E06000013,North Lincolnshire
DN20 8,53.553547,-0.489338,E06000013,North Lincolnshire,E06000013,North Lincolnshire
DN20 9,53.541074,-0.521307,E06000013,North Lincolnshire,E06000013,North Lincolnshire
DN21 1,53.389656,-0.773516,E07000142,West Lindsey,E10000019,Lincolnshire
DN21 2,53.396506,-0.771786,E07000142,West Lindsey,E10000019,Lincolnshire
DN21 3,53.414302,-0.78295,E07000142,West Lindsey,E10000019,Lincolnshire
DN21 4,53.463466,-0.654862,E07000142,West Lindsey,E10000019,Lincolnshire
DN21 5,53.329602,-0.741017,E07000142,West Lindsey,E10000019,Lincolnshire
DN21 9,53.400863,-0.774127,E07000142,West Lindsey,E10000019,Lincolnshire
DN22 0,53.328877,-0.822288,E07000171,Bassetlaw,E10000024,Nottinghamshire
DN22 1,53.33628,-0.955084,E07000171,Bassetlaw,E10000024,Nottinghamshire
DN22 4,53.326885,-0.944683,E07000171,Bassetlaw,E10000024,Nottinghamshire
DN22 5,53.307632,-0.924746,E07000171,Bassetlaw,E10000024,Nottinghamshire
DN22 6,53.32371,-0.94356,E07000171,Bassetlaw,E10000024,Nottinghamshire
DN22 7,53.311923,-0.935115,E07000171,Bassetlaw,E10000024,Nottinghamshire
DN22 8,53.272913,-0.978762,E07000171,Bassetlaw,E10000024,Nottinghamshire
DN22 9,53.386767,-0.910366,E07000171,Bassetlaw,E10000024,Nottinghamshire
DN3  1,53.578714,-1.0677,E08000017,Doncaster,E08000017,Doncaster
DN3  2,53.540095,-1.0671,E08000017,Doncaster,E08000017,Doncaster
DN3  3,53.535853,-1.061505,E08000017,Doncaster,E08000017,Doncaster
DN31 1,53.565833,-0.084148,E06000012,North East Lincolnshire,E06000012,North East Lincolnshire
DN31 2,53.563674,-0.093622,E06000012,North East Lincolnshire,E06000012,North East Lincolnshire
DN31 3,53.573251,-0.05634,E06000012,North East Lincolnshire,E06000012,North East Lincolnshire
DN31 9,53.572197,-0.077381,E06000012,North East Lincolnshire,E06000012,North East Lincolnshire
DN32 0,53.553019,-0.082764,E06000012,North East Lincolnshire,E06000012,North East Lincolnshire
DN32 7,53.574797,-0.073049,E06000012,North East Lincolnshire,E06000012,North East Lincolnshire
DN32 8,53.565128,-0.070499,E06000012,North East Lincolnshire,E06000012,North East Lincolnshire
DN32 9,53.566967,-0.075232,E06000012,North East Lincolnshire,E06000012,North East Lincolnshire
DN33 1,53.549205,-0.096733,E06000012,North East Lincolnshire,E06000012,North East Lincolnshire
DN33 2,53.549446,-0.090956,E06000012,North East Lincolnshire,E06000012,North East Lincolnshire
DN33 3,53.532696,-0.094214,E06000012,North East Lincolnshire,E06000012,North East Lincolnshire
DN34 4,53.564842,-0.103204,E06000012,North East Lincolnshire,E06000012,North East Lincolnshire
DN34 5,53.554855,-0.090245,E06000012,North East Lincolnshire,E06000012,North East Lincolnshire
DN35 0,53.552092,-0.018679,E06000012,North East Lincolnshire,E06000012,North East Lincolnshire
DN35 7,53.564577,-0.039357,E06000012,North East Lincolnshire,E06000012,North East Lincolnshire
DN35 8,53.561541,-0.040056,E06000012,North East Lincolnshire,E06000012,North East Lincolnshire
DN35 9,53.551816,-0.035207,E06000012,North East Lincolnshire,E06000012,North East Lincolnshire
DN36 4,53.534632,-0.02891,E06000012,North East Lincolnshire,E06000012,North East Lincolnshire
DN36 5,53.504803,-0.063031,E07000137,East Lindsey,E10000019,Lincolnshire
DN37 0,53.544518,-0.125017,E06000012,North East Lincolnshire,E06000012,North East Lincolnshire
DN37 7,53.54199,-0.169546,E06000012,North East Lincolnshire,E06000012,North East Lincolnshire
DN37 8,53.587497,-0.19337,E06000012,North East Lincolnshire,E06000012,North East Lincolnshire
DN37 9,53.569758,-0.119113,E06000012,North East Lincolnshire,E06000012,North East Lincolnshire
DN38 6,53.598035,-0.392111,E06000013,North Lincolnshire,E06000013,North Lincolnshire
DN39 6,53.616299,-0.330218,E06000013,North Lincolnshire,E06000013,North Lincolnshire
DN4  0,53.517849,-1.139196,E08000017,Doncaster,E08000017,Doncaster
DN4  5,53.514935,-1.130282,E08000017,Doncaster,E08000017,Doncaster
DN4  6,53.51275,-1.087997,E08000017,Doncaster,E08000017,Doncaster
DN4  7,53.511493,-1.08932,E08000017,Doncaster,E08000017,Doncaster
DN4  8,53.51105,-1.141279,E08000017,Doncaster,E08000017,Doncaster
DN4  9,53.501653,-1.157179,E08000017,Doncaster,E08000017,Doncaster
DN40 1,53.620087,-0.200114,E06000012,North East Lincolnshire,E06000012,North East Lincolnshire
DN40 2,53.617361,-0.210798,E06000012,North East Lincolnshire,E06000012,North East Lincolnshire
DN40 3,53.601258,-0.266203,E06000012,North East Lincolnshire,E06000012,North East Lincolnshire
DN40 9,53.621108,-0.196925,E06000012,North East Lincolnshire,E06000012,North East Lincolnshire
DN41 7,53.578618,-0.17461,E06000012,North East Lincolnshire,E06000012,North East Lincolnshire
DN41 8,53.587542,-0.193368,E06000012,North East Lincolnshire,E06000012,North East Lincolnshire
DN5  0,53.545471,-1.14674,E08000017,Doncaster,E08000017,Doncaster
DN5  7,53.519568,-1.16625,E08000017,Doncaster,E08000017,Doncaster
DN5  8,53.526882,-1.141668,E08000017,Doncaster,E08000017,Doncaster
DN5  9,53.547267,-1.156711,E08000017,Doncaster,E08000017,Doncaster
DN55 1,53.512942,-1.125723,E08000017,Doncaster,E08000017,Doncaster
DN6  0,53.612642,-1.151857,E08000017,Doncaster,E08000017,Doncaster
DN6  7,53.571809,-1.185806,E08000017,Doncaster,E08000017,Doncaster
DN6  8,53.583141,-1.184138,E08000017,Doncaster,E08000017,Doncaster
DN6  9,53.624091,-1.177361,E08000017,Doncaster,E08000017,Doncaster
DN7  4,53.58359,-1.01977,E08000017,Doncaster,E08000017,Doncaster
DN7  5,53.596606,-1.031949,E08000017,Doncaster,E08000017,Doncaster
DN7  6,53.573359,-1.00649,E08000017,Doncaster,E08000017,Doncaster
DN8  4,53.614058,-0.970178,E08000017,Doncaster,E08000017,Doncaster
DN8  5,53.612276,-0.965656,E08000017,Doncaster,E08000017,Doncaster
DN9  1,53.521467,-0.80504,E06000013,North Lincolnshire,E06000013,North Lincolnshire
DN9  2,53.489261,-0.862255,E06000013,North Lincolnshire,E06000013,North Lincolnshire
DN9  3,53.489186,-0.990113,E08000017,Doncaster,E08000017,Doncaster
DT1  1,50.71527,-2.44428,E06000059,Dorset,E06000059,Dorset
DT1  2,50.715181,-2.44408,E06000059,Dorset,E06000059,Dorset
DT1  3,50.713944,-2.472864,E06000059,Dorset,E06000059,Dorset
DT1  9,50.715181,-2.44408,E06000059,Dorset,E06000059,Dorset
DT10 1,50.930238,-2.29791,E06000059,Dorset,E06000059,Dorset
DT10 2,50.915553,-2.311544,E06000059,Dorset,E06000059,Dorset
DT10 9,50.929456,-2.301235,E06000059,Dorset,E06000059,Dorset
DT11 0,50.802161,-2.228297,E06000059,Dorset,E06000059,Dorset
DT11 1,50.85726,-2.163455,E06000059,Dorset,E06000059,Dorset
DT11 7,50.857259,-2.164407,E06000059,Dorset,E06000059,Dorset
DT11 8,50.866662,-2.123287,E06000059,Dorset,E06000059,Dorset
DT11 9,50.851338,-2.166701,E06000059,Dorset,E06000059,Dorset
DT2  0,50.778187,-2.573194,E06000059,Dorset,E06000059,Dorset
DT2  7,50.755335,-2.475479,E06000059,Dorset,E06000059,Dorset
DT2  8,50.710287,-2.394619,E06000059,Dorset,E06000059,Dorset
DT2  9,50.718645,-2.613929,E06000059,Dorset,E06000059,Dorset
DT3  4,50.613879,-2.494671,E06000059,Dorset,E06000059,Dorset
DT3  5,50.62976,-2.452619,E06000059,Dorset,E06000059,Dorset
DT3  6,50.644898,-2.435553,E06000059,Dorset,E06000059,Dorset
DT4  0,50.612135,-2.45922,E06000059,Dorset,E06000059,Dorset
DT4  4,50.609135,-2.456039,E06000059,Dorset,E06000059,Dorset
DT4  7,50.612308,-2.454077,E06000059,Dorset,E06000059,Dorset
DT4  8,50.608553,-2.45544,E06000059,Dorset,E06000059,Dorset
DT4  9,50.594799,-2.47657,E06000059,Dorset,E06000059,Dorset
DT5  1,50.560551,-2.445489,E06000059,Dorset,E06000059,Dorset
DT5  2,50.547443,-2.43725,E06000059,Dorset,E06000059,Dorset
DT5  9,50.550473,-2.444632,E06000059,Dorset,E06000059,Dorset
DT6  3,50.734342,-2.759607,E06000059,Dorset,E06000059,Dorset
DT6  4,50.732487,-2.748949,E06000059,Dorset,E06000059,Dorset
DT6  5,50.733756,-2.766669,E06000059,Dorset,E06000059,Dorset
DT6  6,50.734813,-2.783492,E06000059,Dorset,E06000059,Dorset
DT6  9,50.734226,-2.759407,E06000059,Dorset,E06000059,Dorset
DT7  3,50.727043,-2.938083,E06000059,Dorset,E06000059,Dorset
DT8  3,50.809777,-2.74096,E06000059,Dorset,E06000059,Dorset
DT9  3,50.948641,-2.514021,E06000059,Dorset,E06000059,Dorset
DT9  4,50.953843,-2.508982,E06000059,Dorset,E06000059,Dorset
DT9  5,50.964617,-2.485389,E06000059,Dorset,E06000059,Dorset
DT9  6,50.942898,-2.525302,E06000059,Dorset,E06000059,Dorset
DT9  9,50.948695,-2.515958,E06000059,Dorset,E06000059,Dorset
DY1  1,52.511903,-2.088433,E08000027,Dudley,E08000027,Dudley
DY1  2,52.511029,-2.09157,E08000027,Dudley,E08000027,Dudley
DY1  3,52.511505,-2.092396,E08000027,Dudley,E08000027,Dudley
DY1  4,52.512841,-2.084958,E08000027,Dudley,E08000027,Dudley
DY1  9,52.511651,-2.089184,E08000027,Dudley,E08000027,Dudley
DY10 1,52.386978,-2.25044,E07000239,Wyre Forest,E10000034,Worcestershire
DY10 2,52.388526,-2.2497,E07000239,Wyre Forest,E10000034,Worcestershire
DY10 3,52.391152,-2.231464,E07000239,Wyre Forest,E10000034,Worcestershire
DY10 4,52.376548,-2.224424,E07000239,Wyre Forest,E10000034,Worcestershire
DY11 5,52.391565,-2.261796,E07000239,Wyre Forest,E10000034,Worcestershire
DY11 6,52.391203,-2.266937,E07000239,Wyre Forest,E10000034,Worcestershire
DY11 7,52.378633,-2.255549,E07000239,Wyre Forest,E10000034,Worcestershire
DY11 9,52.392518,-2.253866,E07000239,Wyre Forest,E10000034,Worcestershire
DY12 1,52.395598,-2.32156,E07000239,Wyre Forest,E10000034,Worcestershire
DY12 2,52.364693,-2.360958,E07000239,Wyre Forest,E10000034,Worcestershire
DY12 3,52.385331,-2.331417,E07000239,Wyre Forest,E10000034,Worcestershire
DY12 9,52.392518,-2.253866,E07000239,Wyre Forest,E10000034,Worcestershire
DY13 0,52.335398,-2.283831,E07000239,Wyre Forest,E10000034,Worcestershire
DY13 3,52.339694,-2.280658,E07000239,Wyre Forest,E10000034,Worcestershire
DY13 8,52.344037,-2.2764,E07000239,Wyre Forest,E10000034,Worcestershire
DY13 9,52.340028,-2.276022,E07000239,Wyre Forest,E10000034,Worcestershire
DY14 0,52.368752,-2.504397,E06000051,Shropshire,E06000051,Shropshire
DY14 8,52.380783,-2.478031,E06000051,Shropshire,E06000051,Shropshire
DY14 9,52.347971,-2.494956,E06000051,Shropshire,E06000051,Shropshire
DY2  0,52.480766,-2.082613,E08000027,Dudley,E08000027,Dudley
DY2  7,52.505324,-2.073408,E08000027,Dudley,E08000027,Dudley
DY2  8,52.503966,-2.073597,E08000027,Dudley,E08000027,Dudley
DY2  9,52.498884,-2.09128,E08000027,Dudley,E08000027,Dudley
DY3  1,52.535238,-2.103665,E08000027,Dudley,E08000027,Dudley
DY3  2,52.524378,-2.113043,E08000027,Dudley,E08000027,Dudley
DY3  3,52.521399,-2.1417,E08000027,Dudley,E08000027,Dudley
DY3  4,52.535946,-2.147231,E07000196,South Staffordshire,E10000028,Staffordshire
DY4  0,52.544552,-2.046474,E08000028,Sandwell,E08000028,Sandwell
DY4  4,52.53076,-2.048744,E08000028,Sandwell,E08000028,Sandwell
DY4  7,52.52812,-2.042521,E08000028,Sandwell,E08000028,Sandwell
DY4  8,52.529558,-2.078018,E08000028,Sandwell,E08000028,Sandwell
DY4  9,52.527922,-2.043154,E08000028,Sandwell,E08000028,Sandwell
DY5  1,52.475177,-2.102242,E08000027,Dudley,E08000027,Dudley
DY5  2,52.472469,-2.103855,E08000027,Dudley,E08000027,Dudley
DY5  3,52.479211,-2.12338,E08000027,Dudley,E08000027,Dudley
DY5  4,52.493243,-2.132919,E08000027,Dudley,E08000027,Dudley
DY5  9,52.484817,-2.118109,E08000027,Dudley,E08000027,Dudley
DY6  0,52.491549,-2.188631,E07000196,South Staffordshire,E10000028,Staffordshire
DY6  6,52.499066,-2.170147,E08000027,Dudley,E08000027,Dudley
DY6  7,52.498962,-2.167421,E08000027,Dudley,E08000027,Dudley
DY6  8,52.497676,-2.167357,E08000027,Dudley,E08000027,Dudley
DY6  9,52.506027,-2.174181,E08000027,Dudley,E08000027,Dudley
DY7  5,52.461908,-2.20518,E07000196,South Staffordshire,E10000028,Staffordshire
DY7  6,52.453074,-2.232656,E07000196,South Staffordshire,E10000028,Staffordshire
DY8  1,52.45713,-2.147645,E08000027,Dudley,E08000027,Dudley
DY8  2,52.449672,-2.15227,E08000027,Dudley,E08000027,Dudley
DY8  3,52.441701,-2.162982,E08000027,Dudley,E08000027,Dudley
DY8  4,52.475672,-2.158248,E08000027,Dudley,E08000027,Dudley
DY8  5,52.477916,-2.160597,E08000027,Dudley,E08000027,Dudley
DY8  9,52.457008,-2.145216,E08000027,Dudley,E08000027,Dudley
DY9  0,52.379382,-2.117754,E07000234,Bromsgrove,E10000034,Worcestershire
DY9  7,52.454794,-2.13195,E08000027,Dudley,E08000027,Dudley
DY9  8,52.454809,-2.117676,E08000027,Dudley,E08000027,Dudley
DY9  9,52.449417,-2.106273,E08000027,Dudley,E08000027,Dudley
E1   0,51.512498,-0.052071,E09000030,Tower Hamlets,E09000030,Tower Hamlets
E1   1,51.519019,-0.058106,E09000030,Tower Hamlets,E09000030,Tower Hamlets
E1   2,51.516906,-0.060272,E09000030,Tower Hamlets,E09000030,Tower Hamlets
E1   3,51.519025,-0.054647,E09000030,Tower Hamlets,E09000030,Tower Hamlets
E1   4,51.522215,-0.045299,E09000030,Tower Hamlets,E09000030,Tower Hamlets
E1   5,51.518992,-0.061927,E09000030,Tower Hamlets,E09000030,Tower Hamlets
E1   6,51.519178,-0.075901,E09000030,Tower Hamlets,E09000030,Tower Hamlets
E1   7,51.515567,-0.075636,E09000001,City of London,E09000001,City of London
E1   8,51.513764,-0.073161,E09000030,Tower Hamlets,E09000030,Tower Hamlets
E1   9,51.508576,-0.073236,E09000030,Tower Hamlets,E09000030,Tower Hamlets
E10  5,51.572164,-0.008638,E09000031,Waltham Forest,E09000031,Waltham Forest
E10  6,51.57276,-0.008251,E09000031,Waltham Forest,E09000031,Waltham Forest
E10  7,51.574423,-0.011368,E09000031,Waltham Forest,E09000031,Waltham Forest
E10  9,51.570986,-0.008617,E09000031,Waltham Forest,E09000031,Waltham Forest
E11  1,51.564033,0.00884,E09000031,Waltham Forest,E09000031,Waltham Forest
E11  2,51.579656,0.024394,E09000026,Redbridge,E09000026,Redbridge
E11  3,51.568582,0.011551,E09000031,Waltham Forest,E09000031,Waltham Forest
E11  4,51.566656,0.004814,E09000031,Waltham Forest,E09000031,Waltham Forest
E11  9,51.564033,0.00884,E09000031,Waltham Forest,E09000031,Waltham Forest
E12  5,51.551885,0.046226,E09000025,Newham,E09000025,Newham
E12  6,51.549349,0.046718,E09000025,Newham,E09000025,Newham
E12  9,51.551893,0.046256,E09000025,Newham,E09000025,Newham
E13  0,51.529279,0.023327,E09000025,Newham,E09000025,Newham
E13  3,51.529279,0.023327,E09000025,Newham,E09000025,Newham
E13  8,51.528994,0.023718,E09000025,Newham,E09000025,Newham
E13  9,51.530974,0.0231,E09000025,Newham,E09000025,Newham
E14  0,51.509979,-0.014983,E09000030,Tower Hamlets,E09000030,Tower Hamlets
E14  1,51.513162,-0.028291,E09000030,Tower Hamlets,E09000030,Tower Hamlets
E14  2,51.51207,-0.002022,E09000030,Tower Hamlets,E09000030,Tower Hamlets
E14  3,51.489866,-0.018969,E09000030,Tower Hamlets,E09000030,Tower Hamlets
E14  4,51.50721,-0.0246,E09000030,Tower Hamlets,E09000030,Tower Hamlets
E14  5,51.504938,-0.019496,E09000030,Tower Hamlets,E09000030,Tower Hamlets
E14  6,51.512929,-0.015546,E09000030,Tower Hamlets,E09000030,Tower Hamlets
E14  7,51.515176,-0.027743,E09000030,Tower Hamlets,E09000030,Tower Hamlets
E14  8,51.509694,-0.027418,E09000030,Tower Hamlets,E09000030,Tower Hamlets
E14  9,51.506406,-0.005844,E09000030,Tower Hamlets,E09000030,Tower Hamlets
E15  1,51.545813,0.004158,E09000025,Newham,E09000025,Newham
E15  2,51.532078,-0.005111,E09000025,Newham,E09000025,Newham
E15  3,51.527067,0.006045,E09000025,Newham,E09000025,Newham
E15  4,51.543224,0.014629,E09000025,Newham,E09000025,Newham
E15  9,51.532078,-0.005111,E09000025,Newham,E09000025,Newham
E16  1,51.507712,0.022905,E09000025,Newham,E09000025,Newham
E16  2,51.504396,0.018622,E09000025,Newham,E09000025,Newham
E16  3,51.51004,0.019362,E09000025,Newham,E09000025,Newham
E16  4,51.517858,0.017618,E09000025,Newham,E09000025,Newham
E16  9,51.519102,-0.005664,E09000025,Newham,E09000025,Newham
E17  0,51.585505,-0.017987,E09000031,Waltham Forest,E09000031,Waltham Forest
E17  3,51.585505,-0.017987,E09000031,Waltham Forest,E09000031,Waltham Forest
E17  4,51.592007,-0.002097,E09000031,Waltham Forest,E09000031,Waltham Forest
E17  5,51.595513,-0.013682,E09000031,Waltham Forest,E09000031,Waltham Forest
E17  6,51.591695,-0.039605,E09000031,Waltham Forest,E09000031,Waltham Forest
E17  7,51.582997,-0.02872,E09000031,Waltham Forest,E09000031,Waltham Forest
E17  8,51.57893,-0.032836,E09000031,Waltham Forest,E09000031,Waltham Forest
E17  9,51.577666,-0.017043,E09000031,Waltham Forest,E09000031,Waltham Forest
E18  1,51.592,0.026603,E09000026,Redbridge,E09000026,Redbridge
E18  2,51.596658,0.020891,E09000026,Redbridge,E09000026,Redbridge
E18  9,51.592,0.026603,E09000026,Redbridge,E09000026,Redbridge
E1W  1,51.506797,-0.072777,E09000030,Tower Hamlets,E09000030,Tower Hamlets
E1W  2,51.508538,-0.066522,E09000030,Tower Hamlets,E09000030,Tower Hamlets
E1W  3,51.510733,-0.046526,E09000030,Tower Hamlets,E09000030,Tower Hamlets
E1W  9,51.519027,-0.058048,E09000030,Tower Hamlets,E09000030,Tower Hamlets
E2   0,51.526053,-0.066904,E09000030,Tower Hamlets,E09000030,Tower Hamlets
E2   2,51.532726,-0.060392,E09000030,Tower Hamlets,E09000030,Tower Hamlets
E2   6,51.528987,-0.062714,E09000030,Tower Hamlets,E09000030,Tower Hamlets
E2   7,51.529257,-0.063798,E09000030,Tower Hamlets,E09000030,Tower Hamlets
E2   8,51.528442,-0.078178,E09000012,Hackney,E09000012,Hackney
E2   9,51.533198,-0.063371,E09000012,Hackney,E09000012,Hackney
E20  1,51.547898,-0.007361,E09000025,Newham,E09000025,Newham
E20  2,51.539142,-0.020261,E09000030,Tower Hamlets,E09000030,Tower Hamlets
E20  3,51.550397,-0.015228,E09000025,Newham,E09000025,Newham
E22  2,51.500954,-0.022652,E09000030,Tower Hamlets,E09000030,Tower Hamlets
E22  3,51.502891,-0.011199,E09000030,Tower Hamlets,E09000030,Tower Hamlets
E3   2,51.530231,-0.02888,E09000030,Tower Hamlets,E09000030,Tower Hamlets
E3   3,51.527884,-0.020302,E09000030,Tower Hamlets,E09000030,Tower Hamlets
E3   4,51.518171,-0.030986,E09000030,Tower Hamlets,E09000030,Tower Hamlets
E3   5,51.52716,-0.034477,E09000030,Tower Hamlets,E09000030,Tower Hamlets
E3   9,51.530231,-0.02888,E09000030,Tower Hamlets,E09000030,Tower Hamlets
E4   0,51.633251,0.008182,E09000031,Waltham Forest,E09000031,Waltham Forest
E4   6,51.633323,0.007636,E09000031,Waltham Forest,E09000031,Waltham Forest
E4   7,51.634722,0.006311,E09000031,Waltham Forest,E09000031,Waltham Forest
E4   8,51.621947,-0.017729,E09000031,Waltham Forest,E09000031,Waltham Forest
E4   9,51.610823,-0.017737,E09000031,Waltham Forest,E09000031,Waltham Forest
E5   0,51.557188,-0.049138,E09000012,Hackney,E09000012,Hackney
E5   5,51.560016,-0.057529,E09000012,Hackney,E09000012,Hackney
E5   8,51.560016,-0.057529,E09000012,Hackney,E09000012,Hackney
E5   9,51.569048,-0.062614,E09000012,Hackney,E09000012,Hackney
E6   1,51.537581,0.040322,E09000025,Newham,E09000025,Newham
E6   2,51.539578,0.055264,E09000025,Newham,E09000025,Newham
E6   3,51.530237,0.055103,E09000025,Newham,E09000025,Newham
E6   4,51.525602,0.057864,E09000025,Newham,E09000025,Newham
E6   5,51.512896,0.06039,E09000025,Newham,E09000025,Newham
E6   6,51.525566,0.057877,E09000025,Newham,E09000025,Newham
E6   7,51.509285,0.073947,E09000025,Newham,E09000025,Newham
E6   9,51.525602,0.057864,E09000025,Newham,E09000025,Newham
E7   0,51.554414,0.019682,E09000031,Waltham Forest,E09000031,Waltham Forest
E7   7,51.548823,0.023689,E09000025,Newham,E09000025,Newham
E7   8,51.546875,0.02767,E09000025,Newham,E09000025,Newham
E7   9,51.548787,0.023688,E09000025,Newham,E09000025,Newham
E77  1,51.513949,-0.069103,E09000030,Tower Hamlets,E09000030,Tower Hamlets
E8   1,51.547998,-0.061661,E09000012,Hackney,E09000012,Hackney
E8   2,51.550717,-0.062382,E09000012,Hackney,E09000012,Hackney
E8   3,51.54333,-0.066532,E09000012,Hackney,E09000012,Hackney
E8   4,51.541525,-0.075939,E09000012,Hackney,E09000012,Hackney
E8   9,51.532726,-0.060392,E09000030,Tower Hamlets,E09000030,Tower Hamlets
E9   5,51.541822,-0.022437,E09000030,Tower Hamlets,E09000030,Tower Hamlets
E9   6,51.547898,-0.043694,E09000012,Hackney,E09000012,Hackney
E9   7,51.543948,-0.044123,E09000012,Hackney,E09000012,Hackney
E9   9,51.532726,-0.060392,E09000030,Tower Hamlets,E09000030,Tower Hamlets
E98  1,51.508026,-0.064367,E09000030,Tower Hamlets,E09000030,Tower Hamlets
EC1A 1,51.525138,-0.111157,E09000019,Islington,E09000019,Islington
EC1A 2,51.516275,-0.102472,E09000001,City of London,E09000001,City of London
EC1A 4,51.515228,-0.096707,E09000001,City of London,E09000001,City of London
EC1A 7,51.516269,-0.10155,E09000001,City of London,E09000001,City of London
EC1A 9,51.518853,-0.101774,E09000001,City of London,E09000001,City of London
EC1M 3,51.521359,-0.106571,E09000007,Camden,E09000007,Camden
EC1M 4,51.520079,-0.101968,E09000019,Islington,E09000019,Islington
EC1M 5,51.52133,-0.103113,E09000019,Islington,E09000019,Islington
EC1M 6,51.520516,-0.100638,E09000019,Islington,E09000019,Islington
EC1M 7,51.522478,-0.097385,E09000001,City of London,E09000001,City of London
EC1N 2,51.51816,-0.109514,E09000007,Camden,E09000007,Camden
EC1N 6,51.518753,-0.106679,E09000007,Camden,E09000007,Camden
EC1N 7,51.52069,-0.111384,E09000007,Camden,E09000007,Camden
EC1N 8,51.518145,-0.107511,E09000007,Camden,E09000007,Camden
EC1P 1,51.524567,-0.112017,E09000019,Islington,E09000019,Islington
EC1R 0,51.523295,-0.106721,E09000019,Islington,E09000019,Islington
EC1R 1,51.527774,-0.105108,E09000019,Islington,E09000019,Islington
EC1R 3,51.52371,-0.109083,E09000019,Islington,E09000019,Islington
EC1R 4,51.527373,-0.108109,E09000019,Islington,E09000019,Islington
EC1R 5,51.522247,-0.109763,E09000007,Camden,E09000007,Camden
EC1V 0,51.523385,-0.100086,E09000019,Islington,E09000019,Islington
EC1V 1,51.527447,-0.088297,E09000012,Hackney,E09000012,Hackney
EC1V 2,51.530436,-0.101249,E09000019,Islington,E09000019,Islington
EC1V 3,51.526578,-0.094576,E09000019,Islington,E09000019,Islington
EC1V 4,51.531291,-0.106865,E09000019,Islington,E09000019,Islington
EC1V 7,51.524505,-0.112063,E09000019,Islington,E09000019,Islington
EC1V 8,51.524863,-0.095859,E09000019,Islington,E09000019,Islington
EC1V 9,51.523358,-0.097882,E09000019,Islington,E09000019,Islington
EC1Y 0,51.521581,-0.095332,E09000001,City of London,E09000001,City of London
EC1Y 1,51.523127,-0.086993,E09000019,Islington,E09000019,Islington
EC1Y 2,51.522091,-0.087426,E09000019,Islington,E09000019,Islington
EC1Y 4,51.520511,-0.089251,E09000019,Islington,E09000019,Islington
EC1Y 7,51.531504,-0.105573,E09000019,Islington,E09000019,Islington
EC1Y 8,51.521142,-0.09267,E09000001,City of London,E09000001,City of London
EC2A 1,51.520709,-0.08757,E09000019,Islington,E09000019,Islington
EC2A 2,51.519876,-0.082272,E09000001,City of London,E09000001,City of London
EC2A 3,51.524739,-0.079963,E09000012,Hackney,E09000012,Hackney
EC2A 4,51.524117,-0.0859,E09000019,Islington,E09000019,Islington
EC2M 1,51.51684,-0.084706,E09000001,City of London,E09000001,City of London
EC2M 2,51.51866,-0.082727,E09000001,City of London,E09000001,City of London
EC2M 3,51.520644,-0.079241,E09000001,City of London,E09000001,City of London
EC2M 4,51.519375,-0.078589,E09000030,Tower Hamlets,E09000030,Tower Hamlets
EC2M 5,51.516838,-0.08681,E09000001,City of London,E09000001,City of London
EC2M 6,51.518563,-0.087819,E09000001,City of London,E09000001,City of London
EC2M 7,51.516775,-0.084564,E09000001,City of London,E09000001,City of London
EC2N 1,51.514784,-0.084893,E09000001,City of London,E09000001,City of London
EC2N 2,51.515361,-0.086094,E09000001,City of London,E09000001,City of London
EC2N 3,51.514079,-0.084678,E09000001,City of London,E09000001,City of London
EC2N 4,51.515719,-0.081596,E09000001,City of London,E09000001,City of London
EC2P 2,51.524505,-0.112063,E09000019,Islington,E09000019,Islington
EC2R 5,51.517202,-0.089779,E09000001,City of London,E09000001,City of London
EC2R 6,51.515947,-0.088923,E09000001,City of London,E09000001,City of London
EC2R 7,51.515381,-0.088976,E09000001,City of London,E09000001,City of London
EC2R 8,51.514173,-0.090439,E09000001,City of London,E09000001,City of London
EC2V 5,51.515359,-0.092623,E09000001,City of London,E09000001,City of London
EC2V 6,51.514625,-0.097266,E09000001,City of London,E09000001,City of London
EC2V 7,51.515096,-0.091366,E09000001,City of London,E09000001,City of London
EC2V 8,51.515165,-0.096162,E09000001,City of London,E09000001,City of London
EC2Y 5,51.516962,-0.096087,E09000001,City of London,E09000001,City of London
EC2Y 8,51.51811,-0.0964,E09000001,City of London,E09000001,City of London
EC2Y 9,51.517862,-0.088901,E09000001,City of London,E09000001,City of London
EC3A 1,51.513402,-0.081218,E09000001,City of London,E09000001,City of London
EC3A 2,51.513302,-0.080098,E09000001,City of London,E09000001,City of London
EC3A 3,51.524567,-0.112017,E09000019,Islington,E09000019,Islington
EC3A 4,51.513552,-0.08052,E09000001,City of London,E09000001,City of London
EC3A 5,51.514475,-0.080323,E09000001,City of London,E09000001,City of London
EC3A 6,51.515028,-0.081712,E09000001,City of London,E09000001,City of London
EC3A 7,51.5162,-0.08074,E09000001,City of London,E09000001,City of London
EC3A 8,51.515249,-0.080362,E09000001,City of London,E09000001,City of London
EC3B 0,51.514032,-0.081797,E09000001,City of London,E09000001,City of London
EC3M 1,51.510604,-0.085573,E09000001,City of London,E09000001,City of London
EC3M 2,51.512234,-0.081872,E09000001,City of London,E09000001,City of London
EC3M 3,51.511531,-0.085073,E09000001,City of London,E09000001,City of London
EC3M 4,51.51187,-0.079971,E09000001,City of London,E09000001,City of London
EC3M 5,51.511336,-0.08191,E09000001,City of London,E09000001,City of London
EC3M 6,51.511383,-0.084791,E09000001,City of London,E09000001,City of London
EC3M 7,51.51241,-0.082744,E09000001,City of London,E09000001,City of London
EC3M 8,51.511032,-0.084229,E09000001,City of London,E09000001,City of London
EC3N 1,51.512898,-0.077377,E09000001,City of London,E09000001,City of London
EC3N 2,51.524567,-0.112017,E09000019,Islington,E09000019,Islington
EC3N 3,51.512261,-0.078009,E09000001,City of London,E09000001,City of London
EC3N 4,51.509735,-0.078591,E09000001,City of London,E09000001,City of London
EC3P 3,51.524505,-0.112063,E09000019,Islington,E09000019,Islington
EC3R 5,51.510221,-0.082505,E09000001,City of London,E09000001,City of London
EC3R 6,51.508907,-0.084044,E09000001,City of London,E09000001,City of London
EC3R 7,51.51099,-0.081147,E09000001,City of London,E09000001,City of London
EC3R 8,51.524567,-0.112017,E09000019,Islington,E09000019,Islington
EC3V 0,51.512743,-0.084388,E09000001,City of London,E09000001,City of London
EC3V 1,51.513299,-0.08373,E09000001,City of London,E09000001,City of London
EC3V 3,51.513577,-0.087552,E09000001,City of London,E09000001,City of London
EC3V 4,51.51377,-0.082298,E09000001,City of London,E09000001,City of London
EC3V 9,51.512908,-0.088993,E09000001,City of London,E09000001,City of London
EC4A 1,51.517547,-0.108891,E09000001,City of London,E09000001,City of London
EC4A 2,51.513508,-0.104879,E09000001,City of London,E09000001,City of London
EC4A 3,51.514476,-0.109162,E09000001,City of London,E09000001,City of London
EC4A 4,51.524567,-0.112017,E09000019,Islington,E09000019,Islington
EC4M 4,51.515282,-0.103364,E09000001,City of London,E09000001,City of London
EC4M 5,51.512687,-0.096929,E09000001,City of London,E09000001,City of London
EC4M 6,51.512693,-0.096799,E09000001,City of London,E09000001,City of London
EC4M 7,51.513678,-0.100923,E09000001,City of London,E09000001,City of London
EC4M 8,51.514494,-0.09805,E09000001,City of London,E09000001,City of London
EC4M 9,51.513948,-0.095982,E09000001,City of London,E09000001,City of London
EC4N 1,51.513505,-0.09198,E09000001,City of London,E09000001,City of London
EC4N 4,51.524505,-0.112063,E09000019,Islington,E09000019,Islington
EC4N 5,51.512315,-0.092909,E09000001,City of London,E09000001,City of London
EC4N 6,51.510555,-0.089149,E09000001,City of London,E09000001,City of London
EC4N 7,51.511435,-0.087411,E09000001,City of London,E09000001,City of London
EC4N 8,51.512421,-0.090555,E09000001,City of London,E09000001,City of London
EC4P 4,51.524505,-0.112063,E09000019,Islington,E09000019,Islington
EC4R 0,51.510742,-0.089588,E09000001,City of London,E09000001,City of London
EC4R 1,51.510625,-0.093469,E09000001,City of London,E09000001,City of London
EC4R 2,51.510972,-0.090472,E09000001,City of London,E09000001,City of London
EC4R 3,51.510972,-0.090472,E09000001,City of London,E09000001,City of London
EC4R 9,51.510632,-0.086162,E09000001,City of London,E09000001,City of London
EC4V 2,51.511249,-0.094784,E09000001,City of London,E09000001,City of London
EC4V 3,51.510648,-0.09491,E09000001,City of London,E09000001,City of London
EC4V 4,51.511998,-0.101584,E09000001,City of London,E09000001,City of London
EC4V 5,51.513079,-0.100083,E09000001,City of London,E09000001,City of London
EC4V 6,51.513817,-0.104549,E09000001,City of London,E09000001,City of London
EC4Y 0,51.512616,-0.104815,E09000001,City of London,E09000001,City of London
EC4Y 1,51.513804,-0.110444,E09000001,City of London,E09000001,City of London
EC4Y 7,51.512969,-0.110479,E09000001,City of London,E09000001,City of London
EC4Y 8,51.513854,-0.106291,E09000001,City of London,E09000001,City of London
EC4Y 9,51.513577,-0.111405,E09000001,City of London,E09000001,City of London
EC50 0,51.524505,-0.112063,E09000019,Islington,E09000019,Islington
EC50 1,51.524505,-0.112063,E09000019,Islington,E09000019,Islington
EC50 3,51.524505,-0.112063,E09000019,Islington,E09000019,Islington
EC50 4,51.524505,-0.112063,E09000019,Islington,E09000019,Islington
EC50 5,51.524505,-0.112063,E09000019,Islington,E09000019,Islington
EC50 6,51.524505,-0.112063,E09000019,Islington,E09000019,Islington
EC50 9,51.524505,-0.112063,E09000019,Islington,E09000019,Islington
EC88 1,51.526581,-0.080967,E09000012,Hackney,E09000012,Hackney
EC88 2,51.508026,-0.064367,E09000030,Tower Hamlets,E09000030,Tower Hamlets
EC88 3,51.508026,-0.064367,E09000030,Tower Hamlets,E09000030,Tower Hamlets
EC88 4,51.508026,-0.064367,E09000030,Tower Hamlets,E09000030,Tower Hamlets
EC88 5,51.508026,-0.064367,E09000030,Tower Hamlets,E09000030,Tower Hamlets
EC88 6,51.508026,-0.064367,E09000030,Tower Hamlets,E09000030,Tower Hamlets
EC88 7,51.508026,-0.064367,E09000030,Tower Hamlets,E09000030,Tower Hamlets
EC88 8,51.508026,-0.064367,E09000030,Tower Hamlets,E09000030,Tower Hamlets
EC88 9,51.508026,-0.064367,E09000030,Tower Hamlets,E09000030,Tower Hamlets
EH1  1,55.953646,-3.188108,S12000036,City of Edinburgh,S12000036,City of Edinburgh
EH1  2,55.949287,-3.209416,S12000036,City of Edinburgh,S12000036,City of Edinburgh
EH1  3,55.95689,-3.185276,S12000036,City of Edinburgh,S12000036,City of Edinburgh
EH1  9,55.943307,-3.23267,S12000036,City of Edinburgh,S12000036,City of Edinburgh
EH10 1,55.942252,-3.214016,S12000036,City of Edinburgh,S12000036,City of Edinburgh
EH10 4,55.929192,-3.208949,S12000036,City of Edinburgh,S12000036,City of Edinburgh
EH10 5,55.934515,-3.213117,S12000036,City of Edinburgh,S12000036,City of Edinburgh
EH10 6,55.92453,-3.209684,S12000036,City of Edinburgh,S12000036,City of Edinburgh
EH10 7,55.901708,-3.203119,S12000036,City of Edinburgh,S12000036,City of Edinburgh
EH10 9,55.928915,-3.208797,S12000036,City of Edinburgh,S12000036,City of Edinburgh
EH11 1,55.940515,-3.216987,S12000036,City of Edinburgh,S12000036,City of Edinburgh
EH11 2,55.943834,-3.218484,S12000036,City of Edinburgh,S12000036,City of Edinburgh
EH11 3,55.932818,-3.246262,S12000036,City of Edinburgh,S12000036,City of Edinburgh
EH11 4,55.923507,-3.292596,S12000036,City of Edinburgh,S12000036,City of Edinburgh
EH12 0,55.948611,-3.323954,S12000036,City of Edinburgh,S12000036,City of Edinburgh
EH12 1,55.943307,-3.23267,S12000036,City of Edinburgh,S12000036,City of Edinburgh
EH12 5,55.947203,-3.215804,S12000036,City of Edinburgh,S12000036,City of Edinburgh
EH12 6,55.946454,-3.235956,S12000036,City of Edinburgh,S12000036,City of Edinburgh
EH12 7,55.942113,-3.279095,S12000036,City of Edinburgh,S12000036,City of Edinburgh
EH12 8,55.943664,-3.282092,S12000036,City of Edinburgh,S12000036,City of Edinburgh
EH12 9,55.933453,-3.286701,S12000036,City of Edinburgh,S12000036,City of Edinburgh
EH13 0,55.907282,-3.249745,S12000036,City of Edinburgh,S12000036,City of Edinburgh
EH13 9,55.914236,-3.239121,S12000036,City of Edinburgh,S12000036,City of Edinburgh
EH14 1,55.933025,-3.237369,S12000036,City of Edinburgh,S12000036,City of Edinburgh
EH14 2,55.919599,-3.272672,S12000036,City of Edinburgh,S12000036,City of Edinburgh
EH14 3,55.913621,-3.277308,S12000036,City of Edinburgh,S12000036,City of Edinburgh
EH14 4,55.899217,-3.328268,S12000036,City of Edinburgh,S12000036,City of Edinburgh
EH14 5,55.902359,-3.310926,S12000036,City of Edinburgh,S12000036,City of Edinburgh
EH14 6,55.897811,-3.300057,S12000036,City of Edinburgh,S12000036,City of Edinburgh
EH14 7,55.882732,-3.338704,S12000036,City of Edinburgh,S12000036,City of Edinburgh
EH14 9,55.933025,-3.237369,S12000036,City of Edinburgh,S12000036,City of Edinburgh
EH15 1,55.955477,-3.121153,S12000036,City of Edinburgh,S12000036,City of Edinburgh
EH15 2,55.95153,-3.112472,S12000036,City of Edinburgh,S12000036,City of Edinburgh
EH15 3,55.94484,-3.105075,S12000036,City of Edinburgh,S12000036,City of Edinburgh
EH15 9,55.951632,-3.112138,S12000036,City of Edinburgh,S12000036,City of Edinburgh
EH16 4,55.93126,-3.145678,S12000036,City of Edinburgh,S12000036,City of Edinburgh
EH16 5,55.938177,-3.176411,S12000036,City of Edinburgh,S12000036,City of Edinburgh
EH16 6,55.919974,-3.167779,S12000036,City of Edinburgh,S12000036,City of Edinburgh
EH16 9,55.927915,-3.155646,S12000036,City of Edinburgh,S12000036,City of Edinburgh
EH17 7,55.907908,-3.133999,S12000036,City of Edinburgh,S12000036,City of Edinburgh
EH17 8,55.900301,-3.131682,S12000036,City of Edinburgh,S12000036,City of Edinburgh
EH18 1,55.882519,-3.113902,S12000019,Midlothian,S12000019,Midlothian
EH19 2,55.87528,-3.10655,S12000019,Midlothian,S12000019,Midlothian
EH19 3,55.876333,-3.103367,S12000019,Midlothian,S12000019,Midlothian
EH19 9,55.873719,-3.104284,S12000019,Midlothian,S12000019,Midlothian
EH2  1,55.955074,-3.193677,S12000036,City of Edinburgh,S12000036,City of Edinburgh
EH2  2,55.953754,-3.190849,S12000036,City of Edinburgh,S12000036,City of Edinburgh
EH2  3,55.951607,-3.200985,S12000036,City of Edinburgh,S12000036,City of Edinburgh
EH2  4,55.951116,-3.20342,S12000036,City of Edinburgh,S12000036,City of Edinburgh
EH2  9,55.960377,-3.176701,S12000036,City of Edinburgh,S12000036,City of Edinburgh
EH20 0,55.873719,-3.104284,S12000019,Midlothian,S12000019,Midlothian
EH20 9,55.877023,-3.148732,S12000019,Midlothian,S12000019,Midlothian
EH21 6,55.943132,-3.056017,S12000010,East Lothian,S12000010,East Lothian
EH21 7,55.943704,-3.047915,S12000010,East Lothian,S12000010,East Lothian
EH21 8,55.939216,-3.013086,S12000010,East Lothian,S12000010,East Lothian
EH21 9,55.943714,-3.0479,S12000010,East Lothian,S12000010,East Lothian
EH22 1,55.892992,-3.072868,S12000019,Midlothian,S12000019,Midlothian
EH22 2,55.892814,-3.06127,S12000019,Midlothian,S12000019,Midlothian
EH22 3,55.891855,-3.069271,S12000019,Midlothian,S12000019,Midlothian
EH22 4,55.867559,-3.049347,S12000019,Midlothian,S12000019,Midlothian
EH22 5,55.875166,-3.041273,S12000019,Midlothian,S12000019,Midlothian
EH22 9,55.892992,-3.072868,S12000019,Midlothian,S12000019,Midlothian
EH23 4,55.847709,-3.054801,S12000019,Midlothian,S12000019,Midlothian
EH24 9,55.850659,-3.13714,S12000019,Midlothian,S12000019,Midlothian
EH25 9,55.857986,-3.17691,S12000019,Midlothian,S12000019,Midlothian
EH26 0,55.831552,-3.227407,S12000019,Midlothian,S12000019,Midlothian
EH26 6,55.828119,-3.22294,S12000019,Midlothian,S12000019,Midlothian
EH26 8,55.828299,-3.222914,S12000019,Midlothian,S12000019,Midlothian
EH26 9,55.833976,-3.23561,S12000019,Midlothian,S12000019,Midlothian
EH27 8,55.887283,-3.420881,S12000040,West Lothian,S12000040,West Lothian
EH28 8,55.923373,-3.397876,S12000036,City of Edinburgh,S12000036,City of Edinburgh
EH28 9,55.884727,-3.628021,S12000040,West Lothian,S12000040,West Lothian
EH29 9,55.956251,-3.40502,S12000036,City of Edinburgh,S12000036,City of Edinburgh
EH3  0,55.961292,-3.202037,S12000036,City of Edinburgh,S12000036,City of Edinburgh
EH3  1,55.943307,-3.23267,S12000036,City of Edinburgh,S12000036,City of Edinburgh
EH3  5,55.958387,-3.204174,S12000036,City of Edinburgh,S12000036,City of Edinburgh
EH3  6,55.953328,-3.208741,S12000036,City of Edinburgh,S12000036,City of Edinburgh
EH3  7,55.947656,-3.214473,S12000036,City of Edinburgh,S12000036,City of Edinburgh
EH3  8,55.943413,-3.211074,S12000036,City of Edinburgh,S12000036,City of Edinburgh
EH3  9,55.945198,-3.204933,S12000036,City of Edinburgh,S12000036,City of Edinburgh
EH30 9,55.983058,-3.38086,S12000036,City of Edinburgh,S12000036,City of Edinburgh
EH31 2,56.035007,-2.830424,S12000010,East Lothian,S12000010,East Lothian
EH32 0,55.970637,-2.956836,S12000010,East Lothian,S12000010,East Lothian
EH32 2,55.959288,-2.983193,S12000010,East Lothian,S12000010,East Lothian
EH32 9,55.959241,-2.983416,S12000010,East Lothian,S12000010,East Lothian
EH33 1,55.94524,-2.95408,S12000010,East Lothian,S12000010,East Lothian
EH33 2,55.94411,-2.957318,S12000010,East Lothian,S12000010,East Lothian
EH33 9,55.94413,-2.95354,S12000010,East Lothian,S12000010,East Lothian
EH34 5,55.909634,-2.895153,S12000010,East Lothian,S12000010,East Lothian
EH35 5,55.910583,-2.950717,S12000010,East Lothian,S12000010,East Lothian
EH36 5,55.866535,-2.884781,S12000010,East Lothian,S12000010,East Lothian
EH37 5,55.864721,-2.971566,S12000019,Midlothian,S12000019,Midlothian
EH38 5,55.780268,-2.964695,S12000026,Scottish Borders,S12000026,Scottish Borders
EH39 4,56.058165,-2.722724,S12000010,East Lothian,S12000010,East Lothian
EH39 5,56.052407,-2.706898,S12000010,East Lothian,S12000010,East Lothian
EH39 9,56.058165,-2.722724,S12000010,East Lothian,S12000010,East Lothian
EH4  1,55.959479,-3.225575,S12000036,City of Edinburgh,S12000036,City of Edinburgh
EH4  2,55.958253,-3.250924,S12000036,City of Edinburgh,S12000036,City of Edinburgh
EH4  3,55.954504,-3.216225,S12000036,City of Edinburgh,S12000036,City of Edinburgh
EH4  4,55.968403,-3.23797,S12000036,City of Edinburgh,S12000036,City of Edinburgh
EH4  5,55.96533,-3.271402,S12000036,City of Edinburgh,S12000036,City of Edinburgh
EH4  6,55.966837,-3.275985,S12000036,City of Edinburgh,S12000036,City of Edinburgh
EH4  7,55.959574,-3.277989,S12000036,City of Edinburgh,S12000036,City of Edinburgh
EH4  8,55.960517,-3.318946,S12000036,City of Edinburgh,S12000036,City of Edinburgh
EH4  9,55.959478,-3.225591,S12000036,City of Edinburgh,S12000036,City of Edinburgh
EH40 3,55.986844,-2.656477,S12000010,East Lothian,S12000010,East Lothian
EH41 3,55.955538,-2.781764,S12000010,East Lothian,S12000010,East Lothian
EH41 4,55.948537,-2.773408,S12000010,East Lothian,S12000010,East Lothian
EH41 9,55.955681,-2.781847,S12000010,East Lothian,S12000010,East Lothian
EH42 1,56.00092,-2.515311,S12000010,East Lothian,S12000010,East Lothian
EH42 9,56.000821,-2.515373,S12000010,East Lothian,S12000010,East Lothian
EH43 6,55.624797,-3.013213,S12000026,Scottish Borders,S12000026,Scottish Borders
EH44 6,55.620738,-3.063827,S12000026,Scottish Borders,S12000026,Scottish Borders
EH45 6,55.651923,-3.187818,S12000026,Scottish Borders,S12000026,Scottish Borders
EH45 8,55.651923,-3.187818,S12000026,Scottish Borders,S12000026,Scottish Borders
EH45 9,55.643608,-3.188075,S12000026,Scottish Borders,S12000026,Scottish Borders
EH46 7,55.739439,-3.376718,S12000026,Scottish Borders,S12000026,Scottish Borders
EH47 0,55.858276,-3.71824,S12000040,West Lothian,S12000040,West Lothian
EH47 7,55.865582,-3.622906,S12000040,West Lothian,S12000040,West Lothian
EH47 8,55.851607,-3.65678,S12000040,West Lothian,S12000040,West Lothian
EH47 9,55.839247,-3.682172,S12000040,West Lothian,S12000040,West Lothian
EH48 1,55.906822,-3.583355,S12000040,West Lothian,S12000040,West Lothian
EH48 2,55.901851,-3.647131,S12000040,West Lothian,S12000040,West Lothian
EH48 3,55.887047,-3.693784,S12000040,West Lothian,S12000040,West Lothian
EH48 4,55.902412,-3.64418,S12000040,West Lothian,S12000040,West Lothian
EH48 9,55.884727,-3.628021,S12000040,West Lothian,S12000040,West Lothian
EH49 6,55.976405,-3.587192,S12000040,West Lothian,S12000040,West Lothian
EH49 7,55.982165,-3.62854,S12000040,West Lothian,S12000040,West Lothian
EH49 9,55.982165,-3.62854,S12000040,West Lothian,S12000040,West Lothian
EH5  1,55.980267,-3.222226,S12000036,City of Edinburgh,S12000036,City of Edinburgh
EH5  2,55.970823,-3.215071,S12000036,City of Edinburgh,S12000036,City of Edinburgh
EH5  3,55.972041,-3.197147,S12000036,City of Edinburgh,S12000036,City of Edinburgh
EH5  9,55.960377,-3.176701,S12000036,City of Edinburgh,S12000036,City of Edinburgh
EH51 0,56.0174,-3.608605,S12000014,Falkirk,S12000014,Falkirk
EH51 1,56.018358,-3.606816,S12000014,Falkirk,S12000014,Falkirk
EH51 9,56.018358,-3.606816,S12000014,Falkirk,S12000014,Falkirk
EH52 1,55.918144,-3.55303,S12000040,West Lothian,S12000040,West Lothian
EH52 5,55.93447,-3.471257,S12000040,West Lothian,S12000040,West Lothian
EH52 6,55.934355,-3.489071,S12000040,West Lothian,S12000040,West Lothian
EH52 9,55.884727,-3.628021,S12000040,West Lothian,S12000040,West Lothian
EH53 0,55.892724,-3.481429,S12000040,West Lothian,S12000040,West Lothian
EH54 0,55.885063,-3.512154,S12000040,West Lothian,S12000040,West Lothian
EH54 5,55.892711,-3.502537,S12000040,West Lothian,S12000040,West Lothian
EH54 6,55.893972,-3.523535,S12000040,West Lothian,S12000040,West Lothian
EH54 7,55.896235,-3.562405,S12000040,West Lothian,S12000040,West Lothian
EH54 8,55.907846,-3.523519,S12000040,West Lothian,S12000040,West Lothian
EH54 9,55.869586,-3.526303,S12000040,West Lothian,S12000040,West Lothian
EH55 8,55.852406,-3.569767,S12000040,West Lothian,S12000040,West Lothian
EH6  4,55.977163,-3.181217,S12000036,City of Edinburgh,S12000036,City of Edinburgh
EH6  5,55.970083,-3.172718,S12000036,City of Edinburgh,S12000036,City of Edinburgh
EH6  6,55.971052,-3.17193,S12000036,City of Edinburgh,S12000036,City of Edinburgh
EH6  7,55.970594,-3.170907,S12000036,City of Edinburgh,S12000036,City of Edinburgh
EH6  8,55.969322,-3.162985,S12000036,City of Edinburgh,S12000036,City of Edinburgh
EH6  9,55.956731,-3.124489,S12000036,City of Edinburgh,S12000036,City of Edinburgh
EH7  4,55.958452,-3.183546,S12000036,City of Edinburgh,S12000036,City of Edinburgh
EH7  5,55.954965,-3.183535,S12000036,City of Edinburgh,S12000036,City of Edinburgh
EH7  6,55.955993,-3.160472,S12000036,City of Edinburgh,S12000036,City of Edinburgh
EH7  9,55.956731,-3.124489,S12000036,City of Edinburgh,S12000036,City of Edinburgh
EH8  7,55.955147,-3.150132,S12000036,City of Edinburgh,S12000036,City of Edinburgh
EH8  8,55.950608,-3.183547,S12000036,City of Edinburgh,S12000036,City of Edinburgh
EH8  9,55.946966,-3.186622,S12000036,City of Edinburgh,S12000036,City of Edinburgh
EH9  1,55.935324,-3.175028,S12000036,City of Edinburgh,S12000036,City of Edinburgh
EH9  2,55.934337,-3.194495,S12000036,City of Edinburgh,S12000036,City of Edinburgh
EH9  3,55.930455,-3.175873,S12000036,City of Edinburgh,S12000036,City of Edinburgh
EH9  8,55.93446,-3.194819,S12000036,City of Edinburgh,S12000036,City of Edinburgh
EH91 5,55.923222,-3.305117,S12000036,City of Edinburgh,S12000036,City of Edinburgh
EH95 1,55.978614,-3.253521,S12000036,City of Edinburgh,S12000036,City of Edinburgh
EH99 1,55.952059,-3.174591,S12000036,City of Edinburgh,S12000036,City of Edinburgh
EN1  1,51.651918,-0.077079,E09000010,Enfield,E09000010,Enfield
EN1  2,51.651963,-0.079795,E09000010,Enfield,E09000010,Enfield
EN1  3,51.653261,-0.072324,E09000010,Enfield,E09000010,Enfield
EN1  4,51.66613,-0.070708,E09000010,Enfield,E09000010,Enfield
EN1  8,51.667579,-0.068087,E09000010,Enfield,E09000010,Enfield
EN1  9,51.651918,-0.077079,E09000010,Enfield,E09000010,Enfield
EN10 6,51.728656,-0.025315,E07000095,Broxbourne,E10000015,Hertfordshire
EN10 7,51.746603,-0.018723,E07000095,Broxbourne,E10000015,Hertfordshire
EN11 0,51.764852,-0.007242,E07000095,Broxbourne,E10000015,Hertfordshire
EN11 1,51.759832,-0.010289,E07000095,Broxbourne,E10000015,Hertfordshire
EN11 8,51.753377,-0.010414,E07000095,Broxbourne,E10000015,Hertfordshire
EN11 9,51.766829,-0.01246,E07000095,Broxbourne,E10000015,Hertfordshire
EN2  0,51.657496,-0.082164,E09000010,Enfield,E09000010,Enfield
EN2  6,51.652356,-0.08293,E09000010,Enfield,E09000010,Enfield
EN2  7,51.653231,-0.090873,E09000010,Enfield,E09000010,Enfield
EN2  8,51.671857,-0.107128,E09000010,Enfield,E09000010,Enfield
EN2  9,51.667481,-0.074179,E09000010,Enfield,E09000010,Enfield
EN3  4,51.644745,-0.053245,E09000010,Enfield,E09000010,Enfield
EN3  5,51.656062,-0.049175,E09000010,Enfield,E09000010,Enfield
EN3  6,51.671069,-0.029165,E09000010,Enfield,E09000010,Enfield
EN3  7,51.64807,-0.043938,E09000010,Enfield,E09000010,Enfield
EN4  0,51.649957,-0.149209,E09000010,Enfield,E09000010,Enfield
EN4  8,51.648807,-0.169898,E09000003,Barnet,E09000003,Barnet
EN4  9,51.651091,-0.161306,E09000003,Barnet,E09000003,Barnet
EN5  1,51.643015,-0.171013,E09000003,Barnet,E09000003,Barnet
EN5  2,51.642098,-0.240438,E09000003,Barnet,E09000003,Barnet
EN5  3,51.6462,-0.221445,E09000003,Barnet,E09000003,Barnet
EN5  4,51.678918,-0.187041,E07000098,Hertsmere,E10000015,Hertfordshire
EN5  5,51.64804,-0.188286,E09000003,Barnet,E09000003,Barnet
EN5  9,51.643241,-0.171119,E09000003,Barnet,E09000003,Barnet
EN6  1,51.699301,-0.189743,E07000098,Hertsmere,E10000015,Hertfordshire
EN6  2,51.695702,-0.194286,E07000098,Hertsmere,E10000015,Hertfordshire
EN6  3,51.699836,-0.20292,E07000098,Hertsmere,E10000015,Hertfordshire
EN6  4,51.699714,-0.163071,E07000241,Welwyn Hatfield,E10000015,Hertfordshire
EN6  5,51.694521,-0.178358,E07000098,Hertsmere,E10000015,Hertfordshire
EN6  9,51.698559,-0.190062,E07000098,Hertsmere,E10000015,Hertfordshire
EN7  3,51.66058,-0.079951,E09000010,Enfield,E09000010,Enfield
EN7  5,51.701126,-0.05045,E07000095,Broxbourne,E10000015,Hertfordshire
EN7  6,51.71317,-0.051669,E07000095,Broxbourne,E10000015,Hertfordshire
EN8  0,51.707878,-0.036829,E07000095,Broxbourne,E10000015,Hertfordshire
EN8  1,51.685117,-0.031434,E07000095,Broxbourne,E10000015,Hertfordshire
EN8  7,51.682774,-0.033807,E07000095,Broxbourne,E10000015,Hertfordshire
EN8  8,51.686798,-0.035137,E07000095,Broxbourne,E10000015,Hertfordshire
EN8  9,51.702573,-0.033643,E07000095,Broxbourne,E10000015,Hertfordshire
EN9  1,51.686303,-0.013733,E07000095,Broxbourne,E10000015,Hertfordshire
EN9  2,51.706196,0.05062,E07000072,Epping Forest,E10000012,Essex
EN9  3,51.679115,0.00603,E07000072,Epping Forest,E10000012,Essex
EX1  1,50.723713,-3.527619,E07000041,Exeter,E10000008,Devon
EX1  2,50.72631,-3.522263,E07000041,Exeter,E10000008,Devon
EX1  3,50.728634,-3.499837,E07000041,Exeter,E10000008,Devon
EX1  4,50.749438,-3.467118,E07000040,East Devon,E10000008,Devon
EX1  9,50.72631,-3.522263,E07000041,Exeter,E10000008,Devon
EX10 0,50.718345,-3.288588,E07000040,East Devon,E10000008,Devon
EX10 1,50.683417,-3.238653,E07000040,East Devon,E10000008,Devon
EX10 8,50.678743,-3.237539,E07000040,East Devon,E10000008,Devon
EX10 9,50.685079,-3.23377,E07000040,East Devon,E10000008,Devon
EX11 1,50.750883,-3.280409,E07000040,East Devon,E10000008,Devon
EX12 2,50.712169,-3.073549,E07000040,East Devon,E10000008,Devon
EX12 3,50.720312,-3.106743,E07000040,East Devon,E10000008,Devon
EX12 4,50.704543,-3.060657,E07000040,East Devon,E10000008,Devon
EX12 9,50.705853,-3.071818,E07000040,East Devon,E10000008,Devon
EX13 5,50.781849,-2.997452,E07000040,East Devon,E10000008,Devon
EX13 6,50.755576,-3.01358,E07000040,East Devon,E10000008,Devon
EX13 7,50.825338,-3.025539,E07000040,East Devon,E10000008,Devon
EX13 8,50.75588,-3.013813,E07000040,East Devon,E10000008,Devon
EX13 9,50.781858,-2.997438,E07000040,East Devon,E10000008,Devon
EX14 0,50.799352,-3.187296,E07000040,East Devon,E10000008,Devon
EX14 1,50.798182,-3.190047,E07000040,East Devon,E10000008,Devon
EX14 2,50.793313,-3.187753,E07000040,East Devon,E10000008,Devon
EX14 3,50.780944,-3.210022,E07000040,East Devon,E10000008,Devon
EX14 4,50.850792,-3.227327,E07000040,East Devon,E10000008,Devon
EX14 8,50.79818,-3.190274,E07000040,East Devon,E10000008,Devon
EX14 9,50.86895,-3.073892,E07000040,East Devon,E10000008,Devon
EX15 1,50.857886,-3.393211,E07000042,Mid Devon,E10000008,Devon
EX15 2,50.865297,-3.324397,E07000042,Mid Devon,E10000008,Devon
EX15 3,50.906445,-3.327186,E07000042,Mid Devon,E10000008,Devon
EX15 9,50.85599,-3.393055,E07000042,Mid Devon,E10000008,Devon
EX16 0,50.904091,-3.485942,E07000042,Mid Devon,E10000008,Devon
EX16 4,50.904076,-3.472231,E07000042,Mid Devon,E10000008,Devon
EX16 5,50.907146,-3.496693,E07000042,Mid Devon,E10000008,Devon
EX16 6,50.903465,-3.486378,E07000042,Mid Devon,E10000008,Devon
EX16 7,50.907383,-3.412042,E07000042,Mid Devon,E10000008,Devon
EX16 8,50.917153,-3.703587,E07000043,North Devon,E10000008,Devon
EX16 9,50.995149,-3.493509,E07000042,Mid Devon,E10000008,Devon
EX17 1,50.795054,-3.650698,E07000042,Mid Devon,E10000008,Devon
EX17 2,50.791252,-3.655573,E07000042,Mid Devon,E10000008,Devon
EX17 3,50.788263,-3.648218,E07000042,Mid Devon,E10000008,Devon
EX17 4,50.79819,-3.648311,E07000042,Mid Devon,E10000008,Devon
EX17 5,50.768938,-3.792023,E07000042,Mid Devon,E10000008,Devon
EX17 6,50.852964,-3.793199,E07000042,Mid Devon,E10000008,Devon
EX17 9,50.790152,-3.646936,E07000042,Mid Devon,E10000008,Devon
EX18 7,50.91626,-3.869953,E07000043,North Devon,E10000008,Devon
EX19 8,50.911464,-4.073499,E07000046,Torridge,E10000008,Devon
EX2  0,50.69038,-3.533374,E07000045,Teignbridge,E10000008,Devon
EX2  4,50.7204,-3.527185,E07000041,Exeter,E10000008,Devon
EX2  5,50.714721,-3.499166,E07000041,Exeter,E10000008,Devon
EX2  6,50.710741,-3.513401,E07000041,Exeter,E10000008,Devon
EX2  7,50.697407,-3.496419,E07000041,Exeter,E10000008,Devon
EX2  8,50.70783,-3.536549,E07000041,Exeter,E10000008,Devon
EX2  9,50.715254,-3.536948,E07000041,Exeter,E10000008,Devon
EX20 1,50.739138,-4.003385,E07000047,West Devon,E10000008,Devon
EX20 2,50.797896,-3.911073,E07000047,West Devon,E10000008,Devon
EX20 3,50.757515,-4.02402,E07000047,West Devon,E10000008,Devon
EX20 4,50.631774,-4.172627,E07000047,West Devon,E10000008,Devon
EX20 9,50.726221,-3.522217,E07000041,Exeter,E10000008,Devon
EX21 5,50.778046,-4.193698,E07000047,West Devon,E10000008,Devon
EX22 6,50.810496,-4.353784,E07000046,Torridge,E10000008,Devon
EX22 7,50.825438,-4.244569,E07000046,Torridge,E10000008,Devon
EX22 9,50.810233,-4.355687,E07000046,Torridge,E10000008,Devon
EX23 0,50.788457,-4.551056,E06000052,Cornwall,E06000052,Cornwall
EX23 3,50.831172,-4.545674,E06000052,Cornwall,E06000052,Cornwall
EX23 8,50.826011,-4.531959,E06000052,Cornwall,E06000052,Cornwall
EX23 9,50.826636,-4.52181,E06000052,Cornwall,E06000052,Cornwall
EX24 6,50.740929,-3.070634,E07000040,East Devon,E10000008,Devon
EX3  0,50.682209,-3.463845,E07000041,Exeter,E10000008,Devon
EX3  9,50.725923,-3.464074,E07000041,Exeter,E10000008,Devon
EX31 1,51.079609,-4.061307,E07000043,North Devon,E10000008,Devon
EX31 2,51.076798,-4.062081,E07000043,North Devon,E10000008,Devon
EX31 3,51.070919,-4.072083,E07000043,North Devon,E10000008,Devon
EX31 4,51.086988,-4.05748,E07000043,North Devon,E10000008,Devon
EX32 0,51.052921,-4.04775,E07000043,North Devon,E10000008,Devon
EX32 2,51.079947,-4.055397,E07000043,North Devon,E10000008,Devon
EX32 7,51.084433,-4.060565,E07000043,North Devon,E10000008,Devon
EX32 8,51.081062,-4.037942,E07000043,North Devon,E10000008,Devon
EX32 9,51.073541,-4.05093,E07000043,North Devon,E10000008,Devon
EX33 1,51.108653,-4.16259,E07000043,North Devon,E10000008,Devon
EX33 2,51.106997,-4.161713,E07000043,North Devon,E10000008,Devon
EX34 0,51.202401,-4.029679,E07000043,North Devon,E10000008,Devon
EX34 4,51.208276,-4.124216,E07000043,North Devon,E10000008,Devon
EX34 7,51.172587,-4.197412,E07000043,North Devon,E10000008,Devon
EX34 8,51.208066,-4.124923,E07000043,North Devon,E10000008,Devon
EX34 9,51.208499,-4.123368,E07000043,North Devon,E10000008,Devon
EX35 6,51.229346,-3.834632,E07000043,North Devon,E10000008,Devon
EX36 3,51.017412,-3.835821,E07000043,North Devon,E10000008,Devon
EX36 4,51.016612,-3.835205,E07000043,North Devon,E10000008,Devon
EX36 9,51.017666,-3.83509,E07000043,North Devon,E10000008,Devon
EX37 9,50.996299,-3.984615,E07000043,North Devon,E10000008,Devon
EX38 7,50.956419,-4.147368,E07000046,Torridge,E10000008,Devon
EX38 8,50.95134,-4.143788,E07000046,Torridge,E10000008,Devon
EX38 9,50.952238,-4.142875,E07000046,Torridge,E10000008,Devon
EX39 1,51.035919,-4.240948,E07000046,Torridge,E10000008,Devon
EX39 2,51.017921,-4.206073,E07000046,Torridge,E10000008,Devon
EX39 3,51.017619,-4.209652,E07000046,Torridge,E10000008,Devon
EX39 4,51.016188,-4.202597,E07000046,Torridge,E10000008,Devon
EX39 5,51.013303,-4.205811,E07000046,Torridge,E10000008,Devon
EX39 6,50.99166,-4.477861,E07000046,Torridge,E10000008,Devon
EX39 9,51.02589,-4.202701,E07000046,Torridge,E10000008,Devon
EX4  0,50.761801,-3.491496,E07000040,East Devon,E10000008,Devon
EX4  1,50.71784,-3.538633,E07000041,Exeter,E10000008,Devon
EX4  2,50.732311,-3.548758,E07000041,Exeter,E10000008,Devon
EX4  3,50.721561,-3.539478,E07000041,Exeter,E10000008,Devon
EX4  4,50.733406,-3.541482,E07000041,Exeter,E10000008,Devon
EX4  5,50.740857,-3.546574,E07000041,Exeter,E10000008,Devon
EX4  6,50.725678,-3.52866,E07000041,Exeter,E10000008,Devon
EX4  7,50.731333,-3.51364,E07000041,Exeter,E10000008,Devon
EX4  8,50.731843,-3.500648,E07000041,Exeter,E10000008,Devon
EX4  9,50.73738,-3.502242,E07000041,Exeter,E10000008,Devon
EX5  1,50.709424,-3.450812,E07000040,East Devon,E10000008,Devon
EX5  2,50.732268,-3.441287,E07000040,East Devon,E10000008,Devon
EX5  3,50.761588,-3.442613,E07000040,East Devon,E10000008,Devon
EX5  4,50.771355,-3.508677,E07000040,East Devon,E10000008,Devon
EX5  5,50.767268,-3.573666,E07000042,Mid Devon,E10000008,Devon
EX5  7,50.745281,-3.417874,E07000040,East Devon,E10000008,Devon
EX6  6,50.733097,-3.677838,E07000045,Teignbridge,E10000008,Devon
EX6  7,50.690845,-3.681044,E07000045,Teignbridge,E10000008,Devon
EX6  8,50.689174,-3.503759,E07000045,Teignbridge,E10000008,Devon
EX7  0,50.583651,-3.4608,E07000045,Teignbridge,E10000008,Devon
EX7  7,50.580253,-3.470723,E07000045,Teignbridge,E10000008,Devon
EX7  9,50.5818,-3.48275,E07000045,Teignbridge,E10000008,Devon
EX8  1,50.619286,-3.411805,E07000040,East Devon,E10000008,Devon
EX8  2,50.617669,-3.410894,E07000040,East Devon,E10000008,Devon
EX8  3,50.626452,-3.406718,E07000040,East Devon,E10000008,Devon
EX8  4,50.627043,-3.389698,E07000040,East Devon,E10000008,Devon
EX8  5,50.644121,-3.421799,E07000040,East Devon,E10000008,Devon
EX8  9,50.619286,-3.411805,E07000040,East Devon,E10000008,Devon
EX9  6,50.630706,-3.334831,E07000040,East Devon,E10000008,Devon
EX9  7,50.641228,-3.318271,E07000040,East Devon,E10000008,Devon
EX9  9,50.62978,-3.327721,E07000040,East Devon,E10000008,Devon
FK1  1,56.001991,-3.78477,S12000014,Falkirk,S12000014,Falkirk
FK1  2,55.988843,-3.787353,S12000014,Falkirk,S12000014,Falkirk
FK1  3,55.981067,-3.788774,S12000014,Falkirk,S12000014,Falkirk
FK1  4,55.995979,-3.822832,S12000014,Falkirk,S12000014,Falkirk
FK1  5,55.99748,-3.789741,S12000014,Falkirk,S12000014,Falkirk
FK1  9,56.001991,-3.78477,S12000014,Falkirk,S12000014,Falkirk
FK10 1,56.116444,-3.793685,S12000005,Clackmannanshire,S12000005,Clackmannanshire
FK10 2,56.117138,-3.794747,S12000005,Clackmannanshire,S12000005,Clackmannanshire
FK10 3,56.141208,-3.839036,S12000005,Clackmannanshire,S12000005,Clackmannanshire
FK10 4,56.050379,-3.685315,S12000047,Fife,S12000047,Fife
FK10 9,56.112599,-3.794825,S12000005,Clackmannanshire,S12000005,Clackmannanshire
FK11 7,56.150801,-3.854339,S12000005,Clackmannanshire,S12000005,Clackmannanshire
FK12 5,56.153631,-3.800877,S12000005,Clackmannanshire,S12000005,Clackmannanshire
FK13 6,56.153521,-3.746598,S12000005,Clackmannanshire,S12000005,Clackmannanshire
FK14 7,56.16228,-3.670085,S12000005,Clackmannanshire,S12000005,Clackmannanshire
FK15 0,56.186471,-3.963462,S12000030,Stirling,S12000030,Stirling
FK15 5,56.180534,-3.965527,S12000030,Stirling,S12000030,Stirling
FK15 9,56.185003,-3.967029,S12000030,Stirling,S12000030,Stirling
FK16 6,56.187663,-4.058619,S12000030,Stirling,S12000030,Stirling
FK17 8,56.243769,-4.216453,S12000030,Stirling,S12000030,Stirling
FK18 8,56.324924,-4.327873,S12000030,Stirling,S12000030,Stirling
FK19 8,56.385374,-4.275429,S12000030,Stirling,S12000030,Stirling
FK2  0,55.983672,-3.727149,S12000014,Falkirk,S12000014,Falkirk
FK2  7,56.003167,-3.77185,S12000014,Falkirk,S12000014,Falkirk
FK2  8,56.02972,-3.783129,S12000014,Falkirk,S12000014,Falkirk
FK2  9,56.004849,-3.761085,S12000014,Falkirk,S12000014,Falkirk
FK20 8,56.417563,-4.449056,S12000030,Stirling,S12000030,Stirling
FK21 8,56.452842,-4.334186,S12000030,Stirling,S12000030,Stirling
FK3  0,56.009401,-3.720598,S12000014,Falkirk,S12000014,Falkirk
FK3  3,56.019478,-3.724817,S12000014,Falkirk,S12000014,Falkirk
FK3  8,56.019478,-3.724817,S12000014,Falkirk,S12000014,Falkirk
FK3  9,56.019543,-3.714391,S12000014,Falkirk,S12000014,Falkirk
FK4  1,56.000885,-3.887323,S12000014,Falkirk,S12000014,Falkirk
FK4  2,55.997872,-3.870402,S12000014,Falkirk,S12000014,Falkirk
FK5  3,56.019673,-3.833319,S12000014,Falkirk,S12000014,Falkirk
FK5  4,56.0204,-3.833401,S12000014,Falkirk,S12000014,Falkirk
FK6  5,56.020771,-3.909602,S12000014,Falkirk,S12000014,Falkirk
FK6  6,56.022322,-3.909245,S12000014,Falkirk,S12000014,Falkirk
FK6  9,56.02284,-3.90887,S12000014,Falkirk,S12000014,Falkirk
FK7  0,56.098292,-3.936961,S12000030,Stirling,S12000030,Stirling
FK7  1,56.115675,-3.918918,S12000030,Stirling,S12000030,Stirling
FK7  7,56.082011,-3.868051,S12000030,Stirling,S12000030,Stirling
FK7  8,56.056861,-3.896706,S12000030,Stirling,S12000030,Stirling
FK7  9,56.105473,-3.940892,S12000030,Stirling,S12000030,Stirling
FK8  1,56.126157,-3.941675,S12000030,Stirling,S12000030,Stirling
FK8  2,56.10865,-3.940022,S12000030,Stirling,S12000030,Stirling
FK8  3,56.119231,-3.95233,S12000030,Stirling,S12000030,Stirling
FK9  4,56.134245,-3.960975,S12000030,Stirling,S12000030,Stirling
FK9  5,56.133529,-3.935771,S12000030,Stirling,S12000030,Stirling
FY0  1,53.754617,-3.008008,E07000119,Fylde,E10000017,Lancashire
FY1  1,53.818796,-3.051654,E06000009,Blackpool,E06000009,Blackpool
FY1  2,53.820622,-3.051547,E06000009,Blackpool,E06000009,Blackpool
FY1  3,53.818345,-3.04985,E06000009,Blackpool,E06000009,Blackpool
FY1  4,53.811949,-3.046318,E06000009,Blackpool,E06000009,Blackpool
FY1  5,53.811984,-3.054627,E06000009,Blackpool,E06000009,Blackpool
FY1  6,53.799323,-3.054234,E06000009,Blackpool,E06000009,Blackpool
FY1  9,53.818796,-3.051654,E06000009,Blackpool,E06000009,Blackpool
FY2  0,53.858091,-3.038512,E06000009,Blackpool,E06000009,Blackpool
FY2  9,53.8584,-3.048372,E06000009,Blackpool,E06000009,Blackpool
FY3  0,53.824351,-3.001399,E07000119,Fylde,E10000017,Lancashire
FY3  7,53.827265,-3.040166,E06000009,Blackpool,E06000009,Blackpool
FY3  8,53.819622,-3.038473,E06000009,Blackpool,E06000009,Blackpool
FY3  9,53.817344,-3.03787,E06000009,Blackpool,E06000009,Blackpool
FY4  1,53.798855,-3.053326,E06000009,Blackpool,E06000009,Blackpool
FY4  2,53.799069,-3.049429,E06000009,Blackpool,E06000009,Blackpool
FY4  3,53.799444,-3.041437,E06000009,Blackpool,E06000009,Blackpool
FY4  4,53.794405,-3.03067,E06000009,Blackpool,E06000009,Blackpool
FY4  5,53.792422,-3.030272,E06000009,Blackpool,E06000009,Blackpool
FY4  9,53.818796,-3.051654,E06000009,Blackpool,E06000009,Blackpool
FY5  1,53.876033,-3.042515,E07000128,Wyre,E10000017,Lancashire
FY5  2,53.877489,-3.039403,E07000128,Wyre,E10000017,Lancashire
FY5  3,53.861423,-3.037758,E06000009,Blackpool,E06000009,Blackpool
FY5  4,53.872651,-3.011359,E07000128,Wyre,E10000017,Lancashire
FY5  5,53.870447,-2.997633,E07000128,Wyre,E10000017,Lancashire
FY5  9,53.876119,-3.042913,E07000128,Wyre,E10000017,Lancashire
FY6  0,53.924523,-2.997049,E07000128,Wyre,E10000017,Lancashire
FY6  6,53.843986,-2.973461,E07000128,Wyre,E10000017,Lancashire
FY6  7,53.847965,-2.991398,E07000128,Wyre,E10000017,Lancashire
FY6  8,53.843003,-2.99584,E07000128,Wyre,E10000017,Lancashire
FY6  9,53.874534,-2.953713,E07000128,Wyre,E10000017,Lancashire
FY7  6,53.924352,-3.008953,E07000128,Wyre,E10000017,Lancashire
FY7  7,53.924543,-3.023532,E07000128,Wyre,E10000017,Lancashire
FY7  8,53.917426,-3.040105,E07000128,Wyre,E10000017,Lancashire
FY7  9,53.920311,-3.015982,E07000128,Wyre,E10000017,Lancashire
FY8  1,53.74871,-3.030492,E07000119,Fylde,E10000017,Lancashire
FY8  2,53.752224,-3.031518,E07000119,Fylde,E10000017,Lancashire
FY8  3,53.763951,-3.021323,E07000119,Fylde,E10000017,Lancashire
FY8  4,53.751051,-2.99262,E07000119,Fylde,E10000017,Lancashire
FY8  5,53.739761,-2.944945,E07000119,Fylde,E10000017,Lancashire
FY8  9,53.74871,-3.030492,E07000119,Fylde,E10000017,Lancashire
G1   1,55.860737,-4.244423,S12000049,Glasgow City,S12000049,Glasgow City
G1   2,55.862474,-4.251171,S12000049,Glasgow City,S12000049,Glasgow City
G1   3,55.86055,-4.253696,S12000049,Glasgow City,S12000049,Glasgow City
G1   4,55.857183,-4.255978,S12000049,Glasgow City,S12000049,Glasgow City
G1   5,55.856646,-4.243068,S12000049,Glasgow City,S12000049,Glasgow City
G1   9,55.868629,-4.241889,S12000049,Glasgow City,S12000049,Glasgow City
G11  5,55.874897,-4.307299,S12000049,Glasgow City,S12000049,Glasgow City
G11  6,55.870693,-4.301455,S12000049,Glasgow City,S12000049,Glasgow City
G11  7,55.871437,-4.322136,S12000049,Glasgow City,S12000049,Glasgow City
G11  9,55.875754,-4.317661,S12000049,Glasgow City,S12000049,Glasgow City
G12  0,55.886582,-4.31682,S12000049,Glasgow City,S12000049,Glasgow City
G12  4,55.875764,-4.292195,S12000049,Glasgow City,S12000049,Glasgow City
G12  8,55.876056,-4.291956,S12000049,Glasgow City,S12000049,Glasgow City
G12  9,55.877893,-4.292224,S12000049,Glasgow City,S12000049,Glasgow City
G13  1,55.892716,-4.328493,S12000049,Glasgow City,S12000049,Glasgow City
G13  2,55.899739,-4.347214,S12000049,Glasgow City,S12000049,Glasgow City
G13  3,55.888325,-4.354265,S12000049,Glasgow City,S12000049,Glasgow City
G13  4,55.89326,-4.368719,S12000049,Glasgow City,S12000049,Glasgow City
G13  9,55.88642,-4.350456,S12000049,Glasgow City,S12000049,Glasgow City
G14  0,55.876257,-4.345205,S12000049,Glasgow City,S12000049,Glasgow City
G14  9,55.883977,-4.351332,S12000049,Glasgow City,S12000049,Glasgow City
G15  6,55.907445,-4.355488,S12000049,Glasgow City,S12000049,Glasgow City
G15  7,55.915006,-4.372655,S12000049,Glasgow City,S12000049,Glasgow City
G15  8,55.910842,-4.378417,S12000049,Glasgow City,S12000049,Glasgow City
G15  9,55.91054,-4.373118,S12000049,Glasgow City,S12000049,Glasgow City
G2   1,55.861005,-4.249456,S12000049,Glasgow City,S12000049,Glasgow City
G2   2,55.862787,-4.25862,S12000049,Glasgow City,S12000049,Glasgow City
G2   3,55.864954,-4.254639,S12000049,Glasgow City,S12000049,Glasgow City
G2   4,55.865213,-4.269901,S12000049,Glasgow City,S12000049,Glasgow City
G2   5,55.861029,-4.255993,S12000049,Glasgow City,S12000049,Glasgow City
G2   6,55.859134,-4.258856,S12000049,Glasgow City,S12000049,Glasgow City
G2   7,55.86111,-4.262342,S12000049,Glasgow City,S12000049,Glasgow City
G2   8,55.857745,-4.249795,S12000049,Glasgow City,S12000049,Glasgow City
G2   9,55.868629,-4.241889,S12000049,Glasgow City,S12000049,Glasgow City
G20  0,55.897815,-4.301557,S12000049,Glasgow City,S12000049,Glasgow City
G20  2,55.891064,-4.289099,S12000049,Glasgow City,S12000049,Glasgow City
G20  6,55.881112,-4.282965,S12000049,Glasgow City,S12000049,Glasgow City
G20  7,55.880827,-4.273115,S12000049,Glasgow City,S12000049,Glasgow City
G20  8,55.880949,-4.287912,S12000049,Glasgow City,S12000049,Glasgow City
G20  9,55.890233,-4.289818,S12000049,Glasgow City,S12000049,Glasgow City
G21  1,55.874947,-4.224093,S12000049,Glasgow City,S12000049,Glasgow City
G21  2,55.877318,-4.202214,S12000049,Glasgow City,S12000049,Glasgow City
G21  3,55.888137,-4.22923,S12000049,Glasgow City,S12000049,Glasgow City
G21  4,55.878579,-4.214548,S12000049,Glasgow City,S12000049,Glasgow City
G22  5,55.883796,-4.257347,S12000049,Glasgow City,S12000049,Glasgow City
G22  6,55.884213,-4.262056,S12000049,Glasgow City,S12000049,Glasgow City
G22  7,55.897132,-4.236752,S12000049,Glasgow City,S12000049,Glasgow City
G22  9,55.88615,-4.246594,S12000049,Glasgow City,S12000049,Glasgow City
G23  5,55.89907,-4.279525,S12000049,Glasgow City,S12000049,Glasgow City
G3   2,55.869052,-4.276135,S12000049,Glasgow City,S12000049,Glasgow City
G3   6,55.868142,-4.275778,S12000049,Glasgow City,S12000049,Glasgow City
G3   7,55.864234,-4.27181,S12000049,Glasgow City,S12000049,Glasgow City
G3   8,55.8666,-4.289609,S12000049,Glasgow City,S12000049,Glasgow City
G3   9,55.868629,-4.241889,S12000049,Glasgow City,S12000049,Glasgow City
G31  1,55.857688,-4.224289,S12000049,Glasgow City,S12000049,Glasgow City
G31  2,55.86457,-4.22986,S12000049,Glasgow City,S12000049,Glasgow City
G31  3,55.863924,-4.221353,S12000049,Glasgow City,S12000049,Glasgow City
G31  4,55.852786,-4.212058,S12000049,Glasgow City,S12000049,Glasgow City
G31  5,55.851257,-4.192017,S12000049,Glasgow City,S12000049,Glasgow City
G31  9,55.852549,-4.223692,S12000049,Glasgow City,S12000049,Glasgow City
G32  0,55.859552,-4.154932,S12000049,Glasgow City,S12000049,Glasgow City
G32  2,55.850092,-4.173131,S12000049,Glasgow City,S12000049,Glasgow City
G32  6,55.854382,-4.180034,S12000049,Glasgow City,S12000049,Glasgow City
G32  7,55.850092,-4.173131,S12000049,Glasgow City,S12000049,Glasgow City
G32  8,55.830283,-4.156873,S12000049,Glasgow City,S12000049,Glasgow City
G32  9,55.851245,-4.162795,S12000049,Glasgow City,S12000049,Glasgow City
G33  1,55.883475,-4.165196,S12000049,Glasgow City,S12000049,Glasgow City
G33  2,55.867307,-4.193097,S12000049,Glasgow City,S12000049,Glasgow City
G33  3,55.880977,-4.163154,S12000049,Glasgow City,S12000049,Glasgow City
G33  4,55.866947,-4.14783,S12000049,Glasgow City,S12000049,Glasgow City
G33  5,55.872296,-4.144608,S12000049,Glasgow City,S12000049,Glasgow City
G33  6,55.889325,-4.138528,S12000050,North Lanarkshire,S12000050,North Lanarkshire
G33  9,55.865909,-4.184292,S12000049,Glasgow City,S12000049,Glasgow City
G34  0,55.863599,-4.106526,S12000049,Glasgow City,S12000049,Glasgow City
G34  9,55.862079,-4.122807,S12000049,Glasgow City,S12000049,Glasgow City
G4   0,55.868735,-4.243478,S12000049,Glasgow City,S12000049,Glasgow City
G4   7,55.868735,-4.243478,S12000049,Glasgow City,S12000049,Glasgow City
G4   9,55.87155,-4.272285,S12000049,Glasgow City,S12000049,Glasgow City
G40  1,55.853303,-4.237635,S12000049,Glasgow City,S12000049,Glasgow City
G40  2,55.851521,-4.222914,S12000049,Glasgow City,S12000049,Glasgow City
G40  3,55.850229,-4.219277,S12000049,Glasgow City,S12000049,Glasgow City
G40  4,55.848265,-4.226035,S12000049,Glasgow City,S12000049,Glasgow City
G40  9,55.852549,-4.223692,S12000049,Glasgow City,S12000049,Glasgow City
G41  1,55.848858,-4.28823,S12000049,Glasgow City,S12000049,Glasgow City
G41  2,55.835897,-4.270811,S12000049,Glasgow City,S12000049,Glasgow City
G41  3,55.829615,-4.280984,S12000049,Glasgow City,S12000049,Glasgow City
G41  4,55.833767,-4.289212,S12000049,Glasgow City,S12000049,Glasgow City
G41  5,55.844772,-4.296216,S12000049,Glasgow City,S12000049,Glasgow City
G42  0,55.826458,-4.241569,S12000049,Glasgow City,S12000049,Glasgow City
G42  2,55.840788,-4.263909,S12000049,Glasgow City,S12000049,Glasgow City
G42  7,55.841193,-4.263357,S12000049,Glasgow City,S12000049,Glasgow City
G42  8,55.834614,-4.256555,S12000049,Glasgow City,S12000049,Glasgow City
G42  9,55.826438,-4.257359,S12000049,Glasgow City,S12000049,Glasgow City
G43  1,55.820536,-4.304191,S12000049,Glasgow City,S12000049,Glasgow City
G43  2,55.810594,-4.298082,S12000049,Glasgow City,S12000049,Glasgow City
G44  3,55.817538,-4.259988,S12000049,Glasgow City,S12000049,Glasgow City
G44  4,55.82106,-4.260527,S12000049,Glasgow City,S12000049,Glasgow City
G44  5,55.815225,-4.254778,S12000049,Glasgow City,S12000049,Glasgow City
G44  9,55.812413,-4.270321,S12000049,Glasgow City,S12000049,Glasgow City
G45  0,55.807579,-4.230972,S12000049,Glasgow City,S12000049,Glasgow City
G45  9,55.806669,-4.235101,S12000049,Glasgow City,S12000049,Glasgow City
G46  6,55.807429,-4.294783,S12000011,East Renfrewshire,S12000011,East Renfrewshire
G46  7,55.801341,-4.302642,S12000011,East Renfrewshire,S12000011,East Renfrewshire
G46  8,55.803575,-4.333317,S12000049,Glasgow City,S12000049,Glasgow City
G46  9,55.809753,-4.299756,S12000011,East Renfrewshire,S12000011,East Renfrewshire
G5   0,55.842911,-4.241223,S12000049,Glasgow City,S12000049,Glasgow City
G5   8,55.854947,-4.258804,S12000049,Glasgow City,S12000049,Glasgow City
G5   9,55.849049,-4.259916,S12000049,Glasgow City,S12000049,Glasgow City
G51  1,55.853367,-4.299935,S12000049,Glasgow City,S12000049,Glasgow City
G51  2,55.858321,-4.306987,S12000049,Glasgow City,S12000049,Glasgow City
G51  3,55.862511,-4.31505,S12000049,Glasgow City,S12000049,Glasgow City
G51  4,55.86369,-4.326867,S12000049,Glasgow City,S12000049,Glasgow City
G51  9,55.856295,-4.300987,S12000049,Glasgow City,S12000049,Glasgow City
G52  1,55.84701,-4.331542,S12000049,Glasgow City,S12000049,Glasgow City
G52  2,55.846513,-4.358573,S12000049,Glasgow City,S12000049,Glasgow City
G52  3,55.843787,-4.336109,S12000049,Glasgow City,S12000049,Glasgow City
G52  4,55.847643,-4.368978,S12000049,Glasgow City,S12000049,Glasgow City
G52  9,55.856752,-4.37388,S12000038,Renfrewshire,S12000038,Renfrewshire
G53  5,55.825509,-4.348249,S12000049,Glasgow City,S12000049,Glasgow City
G53  6,55.824095,-4.346487,S12000049,Glasgow City,S12000049,Glasgow City
G53  7,55.833135,-4.362075,S12000049,Glasgow City,S12000049,Glasgow City
G53  9,55.824189,-4.347243,S12000049,Glasgow City,S12000049,Glasgow City
G58  1,55.821992,-4.332296,S12000049,Glasgow City,S12000049,Glasgow City
G58  2,55.821992,-4.332296,S12000049,Glasgow City,S12000049,Glasgow City
G60  5,55.931814,-4.485996,S12000039,West Dunbartonshire,S12000039,West Dunbartonshire
G60  9,55.903583,-4.401362,S12000039,West Dunbartonshire,S12000039,West Dunbartonshire
G61  1,55.909281,-4.325534,S12000045,East Dunbartonshire,S12000045,East Dunbartonshire
G61  2,55.919513,-4.320561,S12000045,East Dunbartonshire,S12000045,East Dunbartonshire
G61  3,55.926824,-4.33699,S12000045,East Dunbartonshire,S12000045,East Dunbartonshire
G61  4,55.917784,-4.333101,S12000045,East Dunbartonshire,S12000045,East Dunbartonshire
G61  6,55.939446,-4.318214,S12000045,East Dunbartonshire,S12000045,East Dunbartonshire
G61  9,55.919603,-4.320566,S12000045,East Dunbartonshire,S12000045,East Dunbartonshire
G62  6,55.932821,-4.314968,S12000045,East Dunbartonshire,S12000045,East Dunbartonshire
G62  7,55.940906,-4.323762,S12000045,East Dunbartonshire,S12000045,East Dunbartonshire
G62  8,55.941725,-4.317021,S12000045,East Dunbartonshire,S12000045,East Dunbartonshire
G62  9,55.940464,-4.319556,S12000045,East Dunbartonshire,S12000045,East Dunbartonshire
G63  0,56.069191,-4.435195,S12000030,Stirling,S12000030,Stirling
G63  9,56.0117,-4.396054,S12000030,Stirling,S12000030,Stirling
G64  1,55.901448,-4.204238,S12000045,East Dunbartonshire,S12000045,East Dunbartonshire
G64  2,55.903496,-4.227295,S12000045,East Dunbartonshire,S12000045,East Dunbartonshire
G64  3,55.909603,-4.229502,S12000045,East Dunbartonshire,S12000045,East Dunbartonshire
G64  4,55.935551,-4.212467,S12000045,East Dunbartonshire,S12000045,East Dunbartonshire
G64  9,55.904153,-4.225749,S12000045,East Dunbartonshire,S12000045,East Dunbartonshire
G65  0,55.977674,-4.054129,S12000050,North Lanarkshire,S12000050,North Lanarkshire
G65  5,55.978067,-4.056971,S12000050,North Lanarkshire,S12000050,North Lanarkshire
G65  7,55.988898,-4.229465,S12000045,East Dunbartonshire,S12000045,East Dunbartonshire
G65  8,55.963272,-4.154447,S12000045,East Dunbartonshire,S12000045,East Dunbartonshire
G65  9,55.978761,-4.059011,S12000050,North Lanarkshire,S12000050,North Lanarkshire
G66  1,55.941266,-4.160398,S12000045,East Dunbartonshire,S12000045,East Dunbartonshire
G66  2,55.937279,-4.141155,S12000045,East Dunbartonshire,S12000045,East Dunbartonshire
G66  3,55.935531,-4.152234,S12000045,East Dunbartonshire,S12000045,East Dunbartonshire
G66  4,55.93323,-4.159967,S12000045,East Dunbartonshire,S12000045,East Dunbartonshire
G66  5,55.920776,-4.153704,S12000045,East Dunbartonshire,S12000045,East Dunbartonshire
G66  7,55.986694,-4.238492,S12000045,East Dunbartonshire,S12000045,East Dunbartonshire
G66  8,55.963288,-4.15557,S12000045,East Dunbartonshire,S12000045,East Dunbartonshire
G66  9,55.942302,-4.16534,S12000045,East Dunbartonshire,S12000045,East Dunbartonshire
G67  1,55.950442,-3.987419,S12000050,North Lanarkshire,S12000050,North Lanarkshire
G67  2,55.954123,-3.976459,S12000050,North Lanarkshire,S12000050,North Lanarkshire
G67  3,55.9496,-3.962583,S12000050,North Lanarkshire,S12000050,North Lanarkshire
G67  4,55.929069,-3.96577,S12000050,North Lanarkshire,S12000050,North Lanarkshire
G67  9,55.951905,-3.98365,S12000050,North Lanarkshire,S12000050,North Lanarkshire
G68  0,55.970983,-4.019096,S12000050,North Lanarkshire,S12000050,North Lanarkshire
G68  9,55.94553,-4.033465,S12000050,North Lanarkshire,S12000050,North Lanarkshire
G69  0,55.907961,-4.082629,S12000050,North Lanarkshire,S12000050,North Lanarkshire
G69  1,55.850787,-4.114171,S12000049,Glasgow City,S12000049,Glasgow City
G69  6,55.850897,-4.109337,S12000049,Glasgow City,S12000049,Glasgow City
G69  7,55.849694,-4.11555,S12000049,Glasgow City,S12000049,Glasgow City
G69  8,55.886458,-4.08194,S12000050,North Lanarkshire,S12000050,North Lanarkshire
G69  9,55.899943,-4.10856,S12000050,North Lanarkshire,S12000050,North Lanarkshire
G70  5,55.951905,-3.98365,S12000050,North Lanarkshire,S12000050,North Lanarkshire
G70  6,55.951905,-3.98365,S12000050,North Lanarkshire,S12000050,North Lanarkshire
G71  5,55.824369,-4.052407,S12000050,North Lanarkshire,S12000050,North Lanarkshire
G71  6,55.827029,-4.081285,S12000050,North Lanarkshire,S12000050,North Lanarkshire
G71  7,55.822553,-4.080247,S12000029,South Lanarkshire,S12000029,South Lanarkshire
G71  8,55.804043,-4.061357,S12000029,South Lanarkshire,S12000029,South Lanarkshire
G71  9,55.819589,-4.083314,S12000029,South Lanarkshire,S12000029,South Lanarkshire
G72  0,55.793645,-4.085358,S12000029,South Lanarkshire,S12000029,South Lanarkshire
G72  6,55.827516,-4.128922,S12000029,South Lanarkshire,S12000029,South Lanarkshire
G72  7,55.816123,-4.188683,S12000029,South Lanarkshire,S12000029,South Lanarkshire
G72  8,55.819309,-4.171702,S12000029,South Lanarkshire,S12000029,South Lanarkshire
G72  9,55.794571,-4.091134,S12000029,South Lanarkshire,S12000029,South Lanarkshire
G73  1,55.833551,-4.202645,S12000029,South Lanarkshire,S12000029,South Lanarkshire
G73  2,55.819544,-4.227363,S12000029,South Lanarkshire,S12000029,South Lanarkshire
G73  3,55.828537,-4.209627,S12000029,South Lanarkshire,S12000029,South Lanarkshire
G73  4,55.8066,-4.193016,S12000029,South Lanarkshire,S12000029,South Lanarkshire
G73  5,55.817251,-4.201022,S12000029,South Lanarkshire,S12000029,South Lanarkshire
G73  9,55.831935,-4.17025,S12000049,Glasgow City,S12000049,Glasgow City
G74  1,55.762491,-4.176241,S12000029,South Lanarkshire,S12000029,South Lanarkshire
G74  2,55.764522,-4.157432,S12000029,South Lanarkshire,S12000029,South Lanarkshire
G74  3,55.773041,-4.159003,S12000029,South Lanarkshire,S12000029,South Lanarkshire
G74  4,55.769574,-4.178245,S12000029,South Lanarkshire,S12000029,South Lanarkshire
G74  5,55.765978,-4.253002,S12000029,South Lanarkshire,S12000029,South Lanarkshire
G74  9,55.761308,-4.176589,S12000029,South Lanarkshire,S12000029,South Lanarkshire
G75  0,55.757244,-4.18677,S12000029,South Lanarkshire,S12000029,South Lanarkshire
G75  7,55.744351,-4.226533,S12000029,South Lanarkshire,S12000029,South Lanarkshire
G75  8,55.758993,-4.188493,S12000029,South Lanarkshire,S12000029,South Lanarkshire
G75  9,55.752684,-4.184459,S12000029,South Lanarkshire,S12000029,South Lanarkshire
G76  0,55.739553,-4.272125,S12000011,East Renfrewshire,S12000011,East Renfrewshire
G76  6,55.789085,-4.276923,S12000011,East Renfrewshire,S12000011,East Renfrewshire
G76  7,55.787447,-4.276094,S12000011,East Renfrewshire,S12000011,East Renfrewshire
G76  8,55.789085,-4.276923,S12000011,East Renfrewshire,S12000011,East Renfrewshire
G76  9,55.787762,-4.240861,S12000049,Glasgow City,S12000049,Glasgow City
G77  5,55.769719,-4.336172,S12000011,East Renfrewshire,S12000011,East Renfrewshire
G77  6,55.772861,-4.332581,S12000011,East Renfrewshire,S12000011,East Renfrewshire
G77  9,55.773201,-4.332665,S12000011,East Renfrewshire,S12000011,East Renfrewshire
G78  1,55.803938,-4.396243,S12000011,East Renfrewshire,S12000011,East Renfrewshire
G78  2,55.798347,-4.39625,S12000011,East Renfrewshire,S12000011,East Renfrewshire
G78  3,55.785077,-4.437113,S12000011,East Renfrewshire,S12000011,East Renfrewshire
G78  4,55.763676,-4.505537,S12000011,East Renfrewshire,S12000011,East Renfrewshire
G78  9,55.801117,-4.398032,S12000011,East Renfrewshire,S12000011,East Renfrewshire
G79  1,55.771,-4.223062,S12000029,South Lanarkshire,S12000029,South Lanarkshire
G80  1,55.868629,-4.241889,S12000049,Glasgow City,S12000049,Glasgow City
G81  1,55.897391,-4.388902,S12000039,West Dunbartonshire,S12000039,West Dunbartonshire
G81  2,55.91133,-4.40277,S12000039,West Dunbartonshire,S12000039,West Dunbartonshire
G81  3,55.908455,-4.405024,S12000039,West Dunbartonshire,S12000039,West Dunbartonshire
G81  4,55.910357,-4.426728,S12000039,West Dunbartonshire,S12000039,West Dunbartonshire
G81  5,55.929589,-4.397929,S12000039,West Dunbartonshire,S12000039,West Dunbartonshire
G81  6,55.92143,-4.402915,S12000039,West Dunbartonshire,S12000039,West Dunbartonshire
G82  1,55.9444,-4.570342,S12000039,West Dunbartonshire,S12000039,West Dunbartonshire
G82  2,55.947134,-4.564245,S12000039,West Dunbartonshire,S12000039,West Dunbartonshire
G82  3,55.951571,-4.554414,S12000039,West Dunbartonshire,S12000039,West Dunbartonshire
G82  4,55.947064,-4.581347,S12000039,West Dunbartonshire,S12000039,West Dunbartonshire
G82  5,55.949463,-4.587401,S12000039,West Dunbartonshire,S12000039,West Dunbartonshire
G82  9,55.94447,-4.570459,S12000039,West Dunbartonshire,S12000039,West Dunbartonshire
G83  0,55.993068,-4.574327,S12000039,West Dunbartonshire,S12000039,West Dunbartonshire
G83  3,55.994075,-4.577762,S12000039,West Dunbartonshire,S12000039,West Dunbartonshire
G83  7,56.201869,-4.744551,S12000035,Argyll and Bute,S12000035,Argyll and Bute
G83  8,56.001709,-4.567299,S12000039,West Dunbartonshire,S12000039,West Dunbartonshire
G83  9,55.975808,-4.556766,S12000039,West Dunbartonshire,S12000039,West Dunbartonshire
G84  0,56.080533,-4.827885,S12000035,Argyll and Bute,S12000035,Argyll and Bute
G84  4,56.00426,-4.736096,S12000035,Argyll and Bute,S12000035,Argyll and Bute
G84  7,56.001889,-4.724651,S12000035,Argyll and Bute,S12000035,Argyll and Bute
G84  8,56.003586,-4.736064,S12000035,Argyll and Bute,S12000035,Argyll and Bute
G84  9,56.012949,-4.729747,S12000035,Argyll and Bute,S12000035,Argyll and Bute
G9   2,55.868629,-4.241889,S12000049,Glasgow City,S12000049,Glasgow City
G9   6,55.868629,-4.241889,S12000049,Glasgow City,S12000049,Glasgow City
G90  8,55.868629,-4.241889,S12000049,Glasgow City,S12000049,Glasgow City
GL1  1,51.863227,-2.214583,E07000081,Gloucester,E10000013,Gloucestershire
GL1  2,51.867113,-2.241935,E07000081,Gloucester,E10000013,Gloucestershire
GL1  3,51.867561,-2.242576,E07000081,Gloucester,E10000013,Gloucestershire
GL1  4,51.861244,-2.231419,E07000081,Gloucester,E10000013,Gloucestershire
GL1  5,51.857583,-2.249928,E07000081,Gloucester,E10000013,Gloucestershire
GL1  9,51.827867,-2.27417,E07000081,Gloucester,E10000013,Gloucestershire
GL10 2,51.744172,-2.283613,E07000082,Stroud,E10000013,Gloucestershire
GL10 3,51.746511,-2.328241,E07000082,Stroud,E10000013,Gloucestershire
GL11 4,51.68155,-2.355252,E07000082,Stroud,E10000013,Gloucestershire
GL11 5,51.680893,-2.346337,E07000082,Stroud,E10000013,Gloucestershire
GL11 6,51.673112,-2.341433,E07000082,Stroud,E10000013,Gloucestershire
GL11 9,51.709124,-2.364948,E07000082,Stroud,E10000013,Gloucestershire
GL12 7,51.636913,-2.353269,E07000082,Stroud,E10000013,Gloucestershire
GL12 8,51.622619,-2.430743,E06000025,South Gloucestershire,E06000025,South Gloucestershire
GL12 9,51.709124,-2.364948,E07000082,Stroud,E10000013,Gloucestershire
GL13 9,51.69222,-2.45966,E07000082,Stroud,E10000013,Gloucestershire
GL14 1,51.802527,-2.450181,E07000080,Forest of Dean,E10000013,Gloucestershire
GL14 2,51.822021,-2.496789,E07000080,Forest of Dean,E10000013,Gloucestershire
GL14 3,51.811975,-2.503786,E07000080,Forest of Dean,E10000013,Gloucestershire
GL14 9,51.823068,-2.498048,E07000080,Forest of Dean,E10000013,Gloucestershire
GL15 4,51.760234,-2.472594,E07000080,Forest of Dean,E10000013,Gloucestershire
GL15 5,51.713703,-2.537518,E07000080,Forest of Dean,E10000013,Gloucestershire
GL15 6,51.701662,-2.58122,E07000080,Forest of Dean,E10000013,Gloucestershire
GL15 9,51.713641,-2.537488,E07000080,Forest of Dean,E10000013,Gloucestershire
GL16 7,51.810177,-2.616863,E07000080,Forest of Dean,E10000013,Gloucestershire
GL16 8,51.793525,-2.616868,E07000080,Forest of Dean,E10000013,Gloucestershire
GL16 9,51.792723,-2.617263,E07000080,Forest of Dean,E10000013,Gloucestershire
GL17 0,51.863275,-2.44932,E07000080,Forest of Dean,E10000013,Gloucestershire
GL17 1,51.823068,-2.498048,E07000080,Forest of Dean,E10000013,Gloucestershire
GL17 9,51.85496,-2.51684,E07000080,Forest of Dean,E10000013,Gloucestershire
GL18 1,51.931047,-2.402903,E07000080,Forest of Dean,E10000013,Gloucestershire
GL18 2,51.965776,-2.424043,E07000080,Forest of Dean,E10000013,Gloucestershire
GL19 3,51.881474,-2.388658,E07000080,Forest of Dean,E10000013,Gloucestershire
GL19 4,51.925992,-2.189636,E07000083,Tewkesbury,E10000013,Gloucestershire
GL2  0,51.877773,-2.215422,E07000081,Gloucester,E10000013,Gloucestershire
GL2  2,51.813433,-2.271689,E07000081,Gloucester,E10000013,Gloucestershire
GL2  3,51.836646,-2.276546,E07000081,Gloucester,E10000013,Gloucestershire
GL2  4,51.82338,-2.285779,E07000081,Gloucester,E10000013,Gloucestershire
GL2  5,51.842188,-2.255213,E07000081,Gloucester,E10000013,Gloucestershire
GL2  6,51.842188,-2.255213,E07000081,Gloucester,E10000013,Gloucestershire
GL2  7,51.730897,-2.363473,E07000082,Stroud,E10000013,Gloucestershire
GL2  8,51.867682,-2.326436,E07000080,Forest of Dean,E10000013,Gloucestershire
GL2  9,51.876319,-2.242289,E07000081,Gloucester,E10000013,Gloucestershire
GL20 5,51.994587,-2.156412,E07000083,Tewkesbury,E10000013,Gloucestershire
GL20 6,52.002086,-2.162804,E07000083,Tewkesbury,E10000013,Gloucestershire
GL20 7,52.022153,-2.036321,E07000238,Wychavon,E10000034,Worcestershire
GL20 8,51.998932,-2.147731,E07000083,Tewkesbury,E10000013,Gloucestershire
GL20 9,52.003292,-2.125122,E07000083,Tewkesbury,E10000013,Gloucestershire
GL3  1,51.887118,-2.187235,E07000083,Tewkesbury,E10000013,Gloucestershire
GL3  2,51.890498,-2.181873,E07000083,Tewkesbury,E10000013,Gloucestershire
GL3  3,51.858382,-2.198311,E07000081,Gloucester,E10000013,Gloucestershire
GL3  4,51.8494,-2.176539,E07000083,Tewkesbury,E10000013,Gloucestershire
GL3  5,51.849784,-2.145239,E07000083,Tewkesbury,E10000013,Gloucestershire
GL3  9,51.839163,-2.167819,E07000083,Tewkesbury,E10000013,Gloucestershire
GL4  0,51.839695,-2.243834,E07000081,Gloucester,E10000013,Gloucestershire
GL4  3,51.863227,-2.214583,E07000081,Gloucester,E10000013,Gloucestershire
GL4  4,51.827867,-2.27417,E07000081,Gloucester,E10000013,Gloucestershire
GL4  5,51.843801,-2.191889,E07000081,Gloucester,E10000013,Gloucestershire
GL4  6,51.843554,-2.21957,E07000081,Gloucester,E10000013,Gloucestershire
GL4  7,51.860697,-2.206802,E07000081,Gloucester,E10000013,Gloucestershire
GL4  8,51.829941,-2.205254,E07000082,Stroud,E10000013,Gloucestershire
GL4  9,51.843554,-2.21957,E07000081,Gloucester,E10000013,Gloucestershire
GL5  1,51.744828,-2.216715,E07000082,Stroud,E10000013,Gloucestershire
GL5  2,51.744199,-2.216668,E07000082,Stroud,E10000013,Gloucestershire
GL5  3,51.744709,-2.218076,E07000082,Stroud,E10000013,Gloucestershire
GL5  4,51.746944,-2.219998,E07000082,Stroud,E10000013,Gloucestershire
GL5  5,51.712466,-2.217399,E07000082,Stroud,E10000013,Gloucestershire
GL5  8,51.732797,-2.167916,E07000082,Stroud,E10000013,Gloucestershire
GL50 1,51.901827,-2.075379,E07000078,Cheltenham,E10000013,Gloucestershire
GL50 2,51.893201,-2.079884,E07000078,Cheltenham,E10000013,Gloucestershire
GL50 3,51.89819,-2.081826,E07000078,Cheltenham,E10000013,Gloucestershire
GL50 4,51.903489,-2.077083,E07000078,Cheltenham,E10000013,Gloucestershire
GL50 9,51.905661,-2.082043,E07000078,Cheltenham,E10000013,Gloucestershire
GL51 0,51.914255,-2.106368,E07000078,Cheltenham,E10000013,Gloucestershire
GL51 3,51.892124,-2.089851,E07000078,Cheltenham,E10000013,Gloucestershire
GL51 4,51.863792,-2.129441,E07000083,Tewkesbury,E10000013,Gloucestershire
GL51 5,51.89198,-2.089865,E07000078,Cheltenham,E10000013,Gloucestershire
GL51 6,51.89606,-2.11346,E07000078,Cheltenham,E10000013,Gloucestershire
GL51 7,51.89688,-2.101792,E07000078,Cheltenham,E10000013,Gloucestershire
GL51 8,51.898597,-2.101433,E07000078,Cheltenham,E10000013,Gloucestershire
GL51 9,51.909519,-2.0932,E07000078,Cheltenham,E10000013,Gloucestershire
GL52 2,51.904833,-2.07037,E07000078,Cheltenham,E10000013,Gloucestershire
GL52 3,51.911227,-2.068766,E07000078,Cheltenham,E10000013,Gloucestershire
GL52 4,51.942197,-2.059416,E07000083,Tewkesbury,E10000013,Gloucestershire
GL52 5,51.901965,-2.052066,E07000078,Cheltenham,E10000013,Gloucestershire
GL52 6,51.897821,-2.067902,E07000078,Cheltenham,E10000013,Gloucestershire
GL52 7,51.949858,-2.097678,E07000083,Tewkesbury,E10000013,Gloucestershire
GL52 8,51.942179,-2.059431,E07000083,Tewkesbury,E10000013,Gloucestershire
GL52 9,51.953225,-2.046771,E07000083,Tewkesbury,E10000013,Gloucestershire
GL53 0,51.877065,-2.0765,E07000078,Cheltenham,E10000013,Gloucestershire
GL53 7,51.890542,-2.076421,E07000078,Cheltenham,E10000013,Gloucestershire
GL53 8,51.887804,-2.052907,E07000078,Cheltenham,E10000013,Gloucestershire
GL53 9,51.871501,-2.074384,E07000078,Cheltenham,E10000013,Gloucestershire
GL54 1,51.929039,-1.722736,E07000079,Cotswold,E10000013,Gloucestershire
GL54 2,51.884157,-1.755978,E07000079,Cotswold,E10000013,Gloucestershire
GL54 3,51.909885,-1.830312,E07000079,Cotswold,E10000013,Gloucestershire
GL54 4,51.80458,-1.923498,E07000079,Cotswold,E10000013,Gloucestershire
GL54 5,51.956948,-1.987139,E07000083,Tewkesbury,E10000013,Gloucestershire
GL55 6,52.053137,-1.781164,E07000079,Cotswold,E10000013,Gloucestershire
GL55 9,52.053146,-1.781149,E07000079,Cotswold,E10000013,Gloucestershire
GL56 0,51.992245,-1.700471,E07000079,Cotswold,E10000013,Gloucestershire
GL56 9,51.975049,-1.705696,E07000079,Cotswold,E10000013,Gloucestershire
GL6  0,51.696424,-2.218422,E07000082,Stroud,E10000013,Gloucestershire
GL6  1,51.752857,-2.221548,E07000082,Stroud,E10000013,Gloucestershire
GL6  6,51.756739,-2.231854,E07000082,Stroud,E10000013,Gloucestershire
GL6  7,51.751877,-2.139449,E07000082,Stroud,E10000013,Gloucestershire
GL6  8,51.725128,-2.160504,E07000082,Stroud,E10000013,Gloucestershire
GL6  9,51.702006,-2.188365,E07000082,Stroud,E10000013,Gloucestershire
GL7  0,51.703186,-1.964216,E07000079,Cotswold,E10000013,Gloucestershire
GL7  1,51.701774,-1.960064,E07000079,Cotswold,E10000013,Gloucestershire
GL7  2,51.717403,-1.96985,E07000079,Cotswold,E10000013,Gloucestershire
GL7  3,51.69448,-1.691644,E07000079,Cotswold,E10000013,Gloucestershire
GL7  4,51.707891,-1.782281,E07000079,Cotswold,E10000013,Gloucestershire
GL7  5,51.745228,-1.790126,E07000079,Cotswold,E10000013,Gloucestershire
GL7  6,51.672449,-2.015938,E07000079,Cotswold,E10000013,Gloucestershire
GL7  7,51.745315,-2.011778,E07000079,Cotswold,E10000013,Gloucestershire
GL7  9,51.711936,-1.966091,E07000079,Cotswold,E10000013,Gloucestershire
GL8  0,51.636709,-2.158761,E07000079,Cotswold,E10000013,Gloucestershire
GL8  8,51.637974,-2.160745,E07000079,Cotswold,E10000013,Gloucestershire
GL9  1,51.545807,-2.292658,E06000025,South Gloucestershire,E06000025,South Gloucestershire
GU1  1,51.245279,-0.582312,E07000209,Guildford,E10000030,Surrey
GU1  2,51.239455,-0.564884,E07000209,Guildford,E10000030,Surrey
GU1  3,51.235897,-0.572473,E07000209,Guildford,E10000030,Surrey
GU1  4,51.237049,-0.571076,E07000209,Guildford,E10000030,Surrey
GU1  9,51.245279,-0.582312,E07000209,Guildford,E10000030,Surrey
GU10 1,51.23341,-0.731989,E07000209,Guildford,E10000030,Surrey
GU10 2,51.187716,-0.746722,E07000216,Waverley,E10000030,Surrey
GU10 3,51.175257,-0.789061,E07000216,Waverley,E10000030,Surrey
GU10 4,51.183403,-0.823272,E07000216,Waverley,E10000030,Surrey
GU10 5,51.233319,-0.814209,E07000216,Waverley,E10000030,Surrey
GU11 1,51.248631,-0.7611,E07000092,Rushmoor,E10000014,Hampshire
GU11 2,51.253918,-0.745854,E07000092,Rushmoor,E10000014,Hampshire
GU11 3,51.246035,-0.76991,E07000092,Rushmoor,E10000014,Hampshire
GU11 4,51.259309,-0.762318,E07000092,Rushmoor,E10000014,Hampshire
GU11 9,51.24874,-0.761155,E07000092,Rushmoor,E10000014,Hampshire
GU12 4,51.23883,-0.744288,E07000092,Rushmoor,E10000014,Hampshire
GU12 5,51.259446,-0.728148,E07000209,Guildford,E10000030,Surrey
GU12 6,51.25404,-0.713208,E07000209,Guildford,E10000030,Surrey
GU13 0,51.264302,-0.828031,E07000089,Hart,E10000014,Hampshire
GU13 8,51.278566,-0.84724,E07000089,Hart,E10000014,Hampshire
GU13 9,51.284663,-0.836347,E07000089,Hart,E10000014,Hampshire
GU14 0,51.289153,-0.765446,E07000092,Rushmoor,E10000014,Hampshire
GU14 4,51.27954,-0.751108,E07000092,Rushmoor,E10000014,Hampshire
GU14 6,51.278181,-0.753467,E07000092,Rushmoor,E10000014,Hampshire
GU14 7,51.287016,-0.750546,E07000092,Rushmoor,E10000014,Hampshire
GU14 8,51.29829,-0.750298,E07000092,Rushmoor,E10000014,Hampshire
GU14 9,51.312141,-0.774356,E07000092,Rushmoor,E10000014,Hampshire
GU15 1,51.33281,-0.716962,E07000214,Surrey Heath,E10000030,Surrey
GU15 2,51.337586,-0.726146,E07000214,Surrey Heath,E10000030,Surrey
GU15 3,51.336278,-0.748175,E07000214,Surrey Heath,E10000030,Surrey
GU15 4,51.348195,-0.721817,E07000214,Surrey Heath,E10000030,Surrey
GU15 9,51.330854,-0.766624,E07000214,Surrey Heath,E10000030,Surrey
GU16 5,51.316001,-0.742413,E07000214,Surrey Heath,E10000030,Surrey
GU16 6,51.286936,-0.7264,E07000214,Surrey Heath,E10000030,Surrey
GU16 7,51.316028,-0.742427,E07000214,Surrey Heath,E10000030,Surrey
GU16 8,51.314627,-0.725935,E07000214,Surrey Heath,E10000030,Surrey
GU16 9,51.324877,-0.703707,E07000214,Surrey Heath,E10000030,Surrey
GU17 0,51.330854,-0.780446,E07000089,Hart,E10000014,Hampshire
GU17 3,51.338175,-0.784014,E06000036,Bracknell Forest,E06000036,Bracknell Forest
GU17 7,51.338903,-0.817273,E07000089,Hart,E10000014,Hampshire
GU17 8,51.346594,-0.793742,E06000036,Bracknell Forest,E06000036,Bracknell Forest
GU17 9,51.331118,-0.779004,E07000089,Hart,E10000014,Hampshire
GU18 5,51.352071,-0.670125,E07000214,Surrey Heath,E10000030,Surrey
GU19 5,51.360778,-0.693458,E07000214,Surrey Heath,E10000030,Surrey
GU2  4,51.226824,-0.57768,E07000209,Guildford,E10000030,Surrey
GU2  5,51.240763,-0.613682,E07000209,Guildford,E10000030,Surrey
GU2  6,51.248782,-0.585729,E07000209,Guildford,E10000030,Surrey
GU2  7,51.240763,-0.613682,E07000209,Guildford,E10000030,Surrey
GU2  8,51.2486,-0.59747,E07000209,Guildford,E10000030,Surrey
GU2  9,51.248754,-0.585658,E07000209,Guildford,E10000030,Surrey
GU20 5,51.317679,-0.555831,E07000217,Woking,E10000030,Surrey
GU20 6,51.368456,-0.663833,E07000214,Surrey Heath,E10000030,Surrey
GU21 1,51.317751,-0.555815,E07000217,Woking,E10000030,Surrey
GU21 2,51.318127,-0.612946,E07000217,Woking,E10000030,Surrey
GU21 3,51.323402,-0.582605,E07000217,Woking,E10000030,Surrey
GU21 4,51.322269,-0.558299,E07000217,Woking,E10000030,Surrey
GU21 5,51.318522,-0.5578,E07000217,Woking,E10000030,Surrey
GU21 6,51.319393,-0.559925,E07000217,Woking,E10000030,Surrey
GU21 7,51.312843,-0.594467,E07000217,Woking,E10000030,Surrey
GU21 8,51.315677,-0.604353,E07000217,Woking,E10000030,Surrey
GU21 9,51.318969,-0.607353,E07000217,Woking,E10000030,Surrey
GU22 0,51.309188,-0.569599,E07000217,Woking,E10000030,Surrey
GU22 2,51.317751,-0.555815,E07000217,Woking,E10000030,Surrey
GU22 7,51.318053,-0.556221,E07000217,Woking,E10000030,Surrey
GU22 8,51.317086,-0.539218,E07000217,Woking,E10000030,Surrey
GU22 9,51.307552,-0.557914,E07000217,Woking,E10000030,Surrey
GU23 6,51.300081,-0.492419,E07000209,Guildford,E10000030,Surrey
GU23 7,51.300936,-0.539256,E07000209,Guildford,E10000030,Surrey
GU24 0,51.304428,-0.638709,E07000217,Woking,E10000030,Surrey
GU24 8,51.346537,-0.60333,E07000214,Surrey Heath,E10000030,Surrey
GU24 9,51.322282,-0.632095,E07000214,Surrey Heath,E10000030,Surrey
GU25 4,51.401858,-0.563231,E07000212,Runnymede,E10000030,Surrey
GU25 9,51.40134,-0.562759,E07000212,Runnymede,E10000030,Surrey
GU26 6,51.113512,-0.732956,E07000216,Waverley,E10000030,Surrey
GU27 1,51.099636,-0.706556,E07000216,Waverley,E10000030,Surrey
GU27 2,51.085901,-0.730969,E07000216,Waverley,E10000030,Surrey
GU27 3,51.079998,-0.724735,E07000216,Waverley,E10000030,Surrey
GU27 9,51.08591,-0.730955,E07000216,Waverley,E10000030,Surrey
GU28 0,50.986679,-0.60881,E07000225,Chichester,E10000032,West Sussex
GU28 8,50.986688,-0.608809,E07000225,Chichester,E10000032,West Sussex
GU28 9,50.988769,-0.629678,E07000225,Chichester,E10000032,West Sussex
GU29 0,50.999633,-0.731656,E07000225,Chichester,E10000032,West Sussex
GU29 1,50.984941,-0.739337,E07000225,Chichester,E10000032,West Sussex
GU29 9,50.997013,-0.732198,E07000225,Chichester,E10000032,West Sussex
GU3  1,51.23162,-0.634525,E07000209,Guildford,E10000030,Surrey
GU3  2,51.27004,-0.647981,E07000209,Guildford,E10000030,Surrey
GU3  3,51.253784,-0.604607,E07000209,Guildford,E10000030,Surrey
GU30 7,51.076324,-0.803421,E07000085,East Hampshire,E10000014,Hampshire
GU30 9,51.075049,-0.803653,E07000085,East Hampshire,E10000014,Hampshire
GU31 4,51.002833,-0.935037,E07000085,East Hampshire,E10000014,Hampshire
GU31 5,51.016028,-0.914847,E07000085,East Hampshire,E10000014,Hampshire
GU32 1,51.034746,-0.94081,E07000085,East Hampshire,E10000014,Hampshire
GU32 2,51.008469,-0.936818,E07000085,East Hampshire,E10000014,Hampshire
GU32 3,51.004052,-0.938587,E07000085,East Hampshire,E10000014,Hampshire
GU32 9,51.003903,-0.938063,E07000085,East Hampshire,E10000014,Hampshire
GU33 6,51.075701,-0.887801,E07000085,East Hampshire,E10000014,Hampshire
GU33 7,51.043158,-0.892731,E07000085,East Hampshire,E10000014,Hampshire
GU33 9,51.04286,-0.89261,E07000085,East Hampshire,E10000014,Hampshire
GU34 1,51.147043,-0.976815,E07000085,East Hampshire,E10000014,Hampshire
GU34 2,51.154371,-0.979899,E07000085,East Hampshire,E10000014,Hampshire
GU34 3,51.137966,-0.961136,E07000085,East Hampshire,E10000014,Hampshire
GU34 4,51.145067,-1.003163,E07000085,East Hampshire,E10000014,Hampshire
GU34 5,51.107128,-1.050774,E07000085,East Hampshire,E10000014,Hampshire
GU34 9,51.147188,-0.976955,E07000085,East Hampshire,E10000014,Hampshire
GU35 0,51.112877,-0.867266,E07000085,East Hampshire,E10000014,Hampshire
GU35 2,51.126485,-0.818445,E07000085,East Hampshire,E10000014,Hampshire
GU35 5,51.118701,-0.860522,E07000085,East Hampshire,E10000014,Hampshire
GU35 8,51.126551,-0.817858,E07000085,East Hampshire,E10000014,Hampshire
GU35 9,51.100072,-0.859952,E07000085,East Hampshire,E10000014,Hampshire
GU4  7,51.245764,-0.523338,E07000209,Guildford,E10000030,Surrey
GU4  8,51.226372,-0.570819,E07000209,Guildford,E10000030,Surrey
GU46 6,51.330848,-0.834518,E07000089,Hart,E10000014,Hampshire
GU46 7,51.338973,-0.817142,E07000089,Hart,E10000014,Hampshire
GU47 0,51.345386,-0.775266,E06000036,Bracknell Forest,E06000036,Bracknell Forest
GU47 7,51.344111,-0.802393,E06000036,Bracknell Forest,E06000036,Bracknell Forest
GU47 8,51.350799,-0.803052,E06000036,Bracknell Forest,E06000036,Bracknell Forest
GU47 9,51.346575,-0.793714,E06000036,Bracknell Forest,E06000036,Bracknell Forest
GU5  0,51.202096,-0.559389,E07000209,Guildford,E10000030,Surrey
GU5  9,51.220849,-0.513595,E07000209,Guildford,E10000030,Surrey
GU51 1,51.295546,-0.855807,E07000089,Hart,E10000014,Hampshire
GU51 2,51.298161,-0.825535,E07000089,Hart,E10000014,Hampshire
GU51 3,51.284562,-0.836178,E07000089,Hart,E10000014,Hampshire
GU51 4,51.278619,-0.846235,E07000089,Hart,E10000014,Hampshire
GU51 5,51.28542,-0.864964,E07000089,Hart,E10000014,Hampshire
GU51 9,51.288636,-0.831658,E07000089,Hart,E10000014,Hampshire
GU52 0,51.255222,-0.845458,E07000089,Hart,E10000014,Hampshire
GU52 6,51.264293,-0.828045,E07000089,Hart,E10000014,Hampshire
GU52 7,51.288636,-0.831658,E07000089,Hart,E10000014,Hampshire
GU52 8,51.258288,-0.838101,E07000089,Hart,E10000014,Hampshire
GU52 9,51.267288,-0.817376,E07000089,Hart,E10000014,Hampshire
GU6  7,51.140968,-0.484297,E07000216,Waverley,E10000030,Surrey
GU6  8,51.141255,-0.488362,E07000216,Waverley,E10000030,Surrey
GU6  9,51.141183,-0.488364,E07000216,Waverley,E10000030,Surrey
GU7  1,51.185942,-0.605926,E07000216,Waverley,E10000030,Surrey
GU7  2,51.195569,-0.618416,E07000216,Waverley,E10000030,Surrey
GU7  3,51.190453,-0.608652,E07000216,Waverley,E10000030,Surrey
GU7  9,51.185994,-0.605738,E07000216,Waverley,E10000030,Surrey
GU8  4,51.171494,-0.591914,E07000216,Waverley,E10000030,Surrey
GU8  5,51.166541,-0.640738,E07000216,Waverley,E10000030,Surrey
GU8  6,51.195074,-0.646068,E07000209,Guildford,E10000030,Surrey
GU9  0,51.23519,-0.811654,E07000216,Waverley,E10000030,Surrey
GU9  1,51.214397,-0.80168,E07000216,Waverley,E10000030,Surrey
GU9  7,51.211623,-0.810084,E07000216,Waverley,E10000030,Surrey
GU9  8,51.2125,-0.792996,E07000216,Waverley,E10000030,Surrey
GU9  9,51.227998,-0.783783,E07000216,Waverley,E10000030,Surrey
GU95 1,51.326293,-0.763057,E07000214,Surrey Heath,E10000030,Surrey
GY1  1,99.999999,0.0,,,,
GY1  2,99.999999,0.0,,,,
GY1  3,99.999999,0.0,,,,
GY1  4,99.999999,0.0,,,,
GY1  6,99.999999,0.0,,,,
GY1  7,99.999999,0.0,,,,
GY10 1,99.999999,0.0,,,,
GY2  4,99.999999,0.0,,,,
GY3  5,99.999999,0.0,,,,
GY4  6,99.999999,0.0,,,,
GY5  7,99.999999,0.0,,,,
GY6  8,99.999999,0.0,,,,
GY7  9,99.999999,0.0,,,,
GY8  0,99.999999,0.0,,,,
GY9  0,99.999999,0.0,,,,
GY9  3,99.999999,0.0,,,,
HA0  1,51.540072,-0.303457,E09000005,Brent,E09000005,Brent
HA0  2,51.552223,-0.298015,E09000005,Brent,E09000005,Brent
HA0  3,51.555316,-0.305473,E09000005,Brent,E09000005,Brent
HA0  4,51.551648,-0.298714,E09000005,Brent,E09000005,Brent
HA0  9,51.551186,-0.307212,E09000005,Brent,E09000005,Brent
HA1  1,51.588892,-0.333023,E09000015,Harrow,E09000015,Harrow
HA1  2,51.580691,-0.33429,E09000015,Harrow,E09000015,Harrow
HA1  3,51.57778,-0.334469,E09000015,Harrow,E09000015,Harrow
HA1  4,51.574027,-0.345083,E09000015,Harrow,E09000015,Harrow
HA1  9,51.585229,-0.329664,E09000015,Harrow,E09000015,Harrow
HA2  0,51.572342,-0.350571,E09000015,Harrow,E09000015,Harrow
HA2  2,51.585238,-0.329664,E09000015,Harrow,E09000015,Harrow
HA2  5,51.586616,-0.361674,E09000015,Harrow,E09000015,Harrow
HA2  6,51.587465,-0.360662,E09000015,Harrow,E09000015,Harrow
HA2  7,51.58181,-0.354991,E09000015,Harrow,E09000015,Harrow
HA2  8,51.56924,-0.357667,E09000015,Harrow,E09000015,Harrow
HA2  9,51.563948,-0.366312,E09000015,Harrow,E09000015,Harrow
HA3  0,51.579298,-0.319836,E09000005,Brent,E09000005,Brent
HA3  3,51.585238,-0.329664,E09000015,Harrow,E09000015,Harrow
HA3  5,51.590353,-0.332695,E09000015,Harrow,E09000015,Harrow
HA3  6,51.604761,-0.327792,E09000015,Harrow,E09000015,Harrow
HA3  7,51.593216,-0.334814,E09000015,Harrow,E09000015,Harrow
HA3  8,51.579584,-0.323492,E09000015,Harrow,E09000015,Harrow
HA3  9,51.590428,-0.306534,E09000015,Harrow,E09000015,Harrow
HA4  0,51.573462,-0.413564,E09000017,Hillingdon,E09000017,Hillingdon
HA4  4,51.574551,-0.4123,E09000017,Hillingdon,E09000017,Hillingdon
HA4  6,51.568818,-0.410595,E09000017,Hillingdon,E09000017,Hillingdon
HA4  7,51.574802,-0.425553,E09000017,Hillingdon,E09000017,Hillingdon
HA4  8,51.579265,-0.423118,E09000017,Hillingdon,E09000017,Hillingdon
HA4  9,51.573444,-0.412843,E09000017,Hillingdon,E09000017,Hillingdon
HA5  1,51.594056,-0.383279,E09000015,Harrow,E09000015,Harrow
HA5  2,51.598426,-0.393736,E09000015,Harrow,E09000015,Harrow
HA5  3,51.593727,-0.377068,E09000015,Harrow,E09000015,Harrow
HA5  4,51.614829,-0.370335,E09000015,Harrow,E09000015,Harrow
HA5  5,51.577358,-0.379441,E09000015,Harrow,E09000015,Harrow
HA5  9,51.595053,-0.385149,E09000015,Harrow,E09000015,Harrow
HA6  1,51.611578,-0.423327,E09000017,Hillingdon,E09000017,Hillingdon
HA6  2,51.613461,-0.426266,E09000017,Hillingdon,E09000017,Hillingdon
HA6  3,51.61243,-0.425118,E09000017,Hillingdon,E09000017,Hillingdon
HA6  9,51.603696,-0.415586,E09000017,Hillingdon,E09000017,Hillingdon
HA7  1,51.605555,-0.302303,E09000015,Harrow,E09000015,Harrow
HA7  2,51.601303,-0.322403,E09000015,Harrow,E09000015,Harrow
HA7  3,51.617935,-0.315823,E09000015,Harrow,E09000015,Harrow
HA7  4,51.61702,-0.313474,E09000015,Harrow,E09000015,Harrow
HA7  9,51.604512,-0.295439,E09000015,Harrow,E09000015,Harrow
HA8  0,51.607747,-0.271951,E09000003,Barnet,E09000003,Barnet
HA8  4,51.613336,-0.277777,E09000003,Barnet,E09000003,Barnet
HA8  5,51.608259,-0.275571,E09000003,Barnet,E09000003,Barnet
HA8  6,51.598111,-0.284488,E09000015,Harrow,E09000015,Harrow
HA8  7,51.612299,-0.276978,E09000003,Barnet,E09000003,Barnet
HA8  8,51.618604,-0.288107,E09000003,Barnet,E09000003,Barnet
HA8  9,51.610582,-0.276364,E09000003,Barnet,E09000003,Barnet
HA9  0,51.558134,-0.28282,E09000005,Brent,E09000005,Brent
HA9  1,51.55638,-0.273596,E09000005,Brent,E09000005,Brent
HA9  6,51.553434,-0.292243,E09000005,Brent,E09000005,Brent
HA9  7,51.553284,-0.293114,E09000005,Brent,E09000005,Brent
HA9  8,51.553747,-0.288452,E09000005,Brent,E09000005,Brent
HA9  9,51.563324,-0.279219,E09000005,Brent,E09000005,Brent
HD1  1,53.648438,-1.781546,E08000034,Kirklees,E08000034,Kirklees
HD1  2,53.646327,-1.78204,E08000034,Kirklees,E08000034,Kirklees
HD1  3,53.641212,-1.776561,E08000034,Kirklees,E08000034,Kirklees
HD1  4,53.646381,-1.787199,E08000034,Kirklees,E08000034,Kirklees
HD1  5,53.649556,-1.783143,E08000034,Kirklees,E08000034,Kirklees
HD1  6,53.651205,-1.78076,E08000034,Kirklees,E08000034,Kirklees
HD1  9,53.648438,-1.781546,E08000034,Kirklees,E08000034,Kirklees
HD2  1,53.662356,-1.77872,E08000034,Kirklees,E08000034,Kirklees
HD2  2,53.653561,-1.796966,E08000034,Kirklees,E08000034,Kirklees
HD3  2,53.664769,-1.837728,E08000034,Kirklees,E08000034,Kirklees
HD3  3,53.654504,-1.80138,E08000034,Kirklees,E08000034,Kirklees
HD3  4,53.65048,-1.8086,E08000034,Kirklees,E08000034,Kirklees
HD4  5,53.640286,-1.80252,E08000034,Kirklees,E08000034,Kirklees
HD4  6,53.638421,-1.779283,E08000034,Kirklees,E08000034,Kirklees
HD4  7,53.629512,-1.821532,E08000034,Kirklees,E08000034,Kirklees
HD5  0,53.649526,-1.736791,E08000034,Kirklees,E08000034,Kirklees
HD5  8,53.644618,-1.762551,E08000034,Kirklees,E08000034,Kirklees
HD5  9,53.644135,-1.7729,E08000034,Kirklees,E08000034,Kirklees
HD6  1,53.698374,-1.775124,E08000033,Calderdale,E08000033,Calderdale
HD6  2,53.703168,-1.786747,E08000033,Calderdale,E08000033,Calderdale
HD6  3,53.697826,-1.785244,E08000033,Calderdale,E08000033,Calderdale
HD6  4,53.70522,-1.778481,E08000033,Calderdale,E08000033,Calderdale
HD6  9,53.698374,-1.775124,E08000033,Calderdale,E08000033,Calderdale
HD7  1,53.570922,-1.785704,E08000034,Kirklees,E08000034,Kirklees
HD7  2,53.603382,-1.792854,E08000034,Kirklees,E08000034,Kirklees
HD7  3,53.591612,-1.850199,E08000034,Kirklees,E08000034,Kirklees
HD7  4,53.637801,-1.848842,E08000034,Kirklees,E08000034,Kirklees
HD7  5,53.625829,-1.87238,E08000034,Kirklees,E08000034,Kirklees
HD7  6,53.601506,-1.92581,E08000034,Kirklees,E08000034,Kirklees
HD7  7,53.594906,-1.772589,E08000034,Kirklees,E08000034,Kirklees
HD7  9,53.625829,-1.87238,E08000034,Kirklees,E08000034,Kirklees
HD8  0,53.635626,-1.72313,E08000034,Kirklees,E08000034,Kirklees
HD8  1,53.586791,-1.628901,E08000034,Kirklees,E08000034,Kirklees
HD8  8,53.584424,-1.709356,E08000034,Kirklees,E08000034,Kirklees
HD8  9,53.591376,-1.653471,E08000034,Kirklees,E08000034,Kirklees
HD9  1,53.570922,-1.785719,E08000034,Kirklees,E08000034,Kirklees
HD9  2,53.564375,-1.804443,E08000034,Kirklees,E08000034,Kirklees
HD9  3,53.570064,-1.804311,E08000034,Kirklees,E08000034,Kirklees
HD9  4,53.591612,-1.850199,E08000034,Kirklees,E08000034,Kirklees
HD9  5,53.594154,-1.863999,E08000034,Kirklees,E08000034,Kirklees
HD9  6,53.603625,-1.792732,E08000034,Kirklees,E08000034,Kirklees
HD9  7,53.594915,-1.772589,E08000034,Kirklees,E08000034,Kirklees
HD9  9,53.570922,-1.785704,E08000034,Kirklees,E08000034,Kirklees
HG1  1,53.993672,-1.541452,E06000065,North Yorkshire,E06000065,North Yorkshire
HG1  2,53.997419,-1.541197,E06000065,North Yorkshire,E06000065,North Yorkshire
HG1  3,54.007556,-1.538446,E06000065,North Yorkshire,E06000065,North Yorkshire
HG1  4,53.997813,-1.529005,E06000065,North Yorkshire,E06000065,North Yorkshire
HG1  5,53.993363,-1.531007,E06000065,North Yorkshire,E06000065,North Yorkshire
HG1  9,54.002442,-1.522392,E06000065,North Yorkshire,E06000065,North Yorkshire
HG2  0,53.983747,-1.55495,E06000065,North Yorkshire,E06000065,North Yorkshire
HG2  7,53.988095,-1.50395,E06000065,North Yorkshire,E06000065,North Yorkshire
HG2  8,53.984303,-1.538093,E06000065,North Yorkshire,E06000065,North Yorkshire
HG2  9,53.98214,-1.550758,E06000065,North Yorkshire,E06000065,North Yorkshire
HG3  1,53.963813,-1.448803,E06000065,North Yorkshire,E06000065,North Yorkshire
HG3  2,54.018025,-1.567114,E06000065,North Yorkshire,E06000065,North Yorkshire
HG3  3,54.028927,-1.59535,E06000065,North Yorkshire,E06000065,North Yorkshire
HG3  4,54.047123,-1.698141,E06000065,North Yorkshire,E06000065,North Yorkshire
HG3  5,54.098303,-1.779837,E06000065,North Yorkshire,E06000065,North Yorkshire
HG4  1,54.137473,-1.522816,E06000065,North Yorkshire,E06000065,North Yorkshire
HG4  2,54.135949,-1.525971,E06000065,North Yorkshire,E06000065,North Yorkshire
HG4  3,54.116857,-1.525317,E06000065,North Yorkshire,E06000065,North Yorkshire
HG4  4,54.255985,-1.656757,E06000065,North Yorkshire,E06000065,North Yorkshire
HG4  5,54.127834,-1.486707,E06000065,North Yorkshire,E06000065,North Yorkshire
HG4  9,54.137444,-1.522434,E06000065,North Yorkshire,E06000065,North Yorkshire
HG5  0,54.006942,-1.463918,E06000065,North Yorkshire,E06000065,North Yorkshire
HG5  5,54.012532,-1.468012,E06000065,North Yorkshire,E06000065,North Yorkshire
HG5  8,54.008735,-1.469175,E06000065,North Yorkshire,E06000065,North Yorkshire
HG5  9,54.009118,-1.470345,E06000065,North Yorkshire,E06000065,North Yorkshire
HP1  1,51.748408,-0.469863,E07000096,Dacorum,E10000015,Hertfordshire
HP1  2,51.752916,-0.493094,E07000096,Dacorum,E10000015,Hertfordshire
HP1  3,51.758467,-0.471769,E07000096,Dacorum,E10000015,Hertfordshire
HP1  9,51.764182,-0.439318,E07000096,Dacorum,E10000015,Hertfordshire
HP10 0,51.589331,-0.681411,E06000060,Buckinghamshire,E06000060,Buckinghamshire
HP10 8,51.640317,-0.693647,E06000060,Buckinghamshire,E06000060,Buckinghamshire
HP10 9,51.601501,-0.711742,E06000060,Buckinghamshire,E06000060,Buckinghamshire
HP11 1,51.627754,-0.747998,E06000060,Buckinghamshire,E06000060,Buckinghamshire
HP11 2,51.628248,-0.748823,E06000060,Buckinghamshire,E06000060,Buckinghamshire
HP11 9,51.627763,-0.747984,E06000060,Buckinghamshire,E06000060,Buckinghamshire
HP12 3,51.635868,-0.767022,E06000060,Buckinghamshire,E06000060,Buckinghamshire
HP12 4,51.639765,-0.781121,E06000060,Buckinghamshire,E06000060,Buckinghamshire
HP12 9,51.622147,-0.770471,E06000060,Buckinghamshire,E06000060,Buckinghamshire
HP13 5,51.642313,-0.736325,E06000060,Buckinghamshire,E06000060,Buckinghamshire
HP13 6,51.626908,-0.74035,E06000060,Buckinghamshire,E06000060,Buckinghamshire
HP13 7,51.628141,-0.717229,E06000060,Buckinghamshire,E06000060,Buckinghamshire
HP14 3,51.644416,-0.796996,E06000060,Buckinghamshire,E06000060,Buckinghamshire
HP14 4,51.667261,-0.83961,E06000060,Buckinghamshire,E06000060,Buckinghamshire
HP15 6,51.662327,-0.732832,E06000060,Buckinghamshire,E06000060,Buckinghamshire
HP15 7,51.657875,-0.709594,E06000060,Buckinghamshire,E06000060,Buckinghamshire
HP15 9,51.650853,-0.712164,E06000060,Buckinghamshire,E06000060,Buckinghamshire
HP16 0,51.703145,-0.706713,E06000060,Buckinghamshire,E06000060,Buckinghamshire
HP16 6,51.703832,-0.707851,E06000060,Buckinghamshire,E06000060,Buckinghamshire
HP16 9,51.705841,-0.709082,E06000060,Buckinghamshire,E06000060,Buckinghamshire
HP17 0,51.721745,-0.834552,E06000060,Buckinghamshire,E06000060,Buckinghamshire
HP17 8,51.767975,-0.926531,E06000060,Buckinghamshire,E06000060,Buckinghamshire
HP17 9,51.724011,-0.833596,E06000060,Buckinghamshire,E06000060,Buckinghamshire
HP18 0,51.791234,-0.912524,E06000060,Buckinghamshire,E06000060,Buckinghamshire
HP18 1,51.833159,-0.851678,E06000060,Buckinghamshire,E06000060,Buckinghamshire
HP18 9,51.771799,-0.995979,E06000060,Buckinghamshire,E06000060,Buckinghamshire
HP19 0,51.81856,-0.809452,E06000060,Buckinghamshire,E06000060,Buckinghamshire
HP19 3,51.820019,-0.8169,E06000060,Buckinghamshire,E06000060,Buckinghamshire
HP19 7,51.817915,-0.839385,E06000060,Buckinghamshire,E06000060,Buckinghamshire
HP19 8,51.819879,-0.816367,E06000060,Buckinghamshire,E06000060,Buckinghamshire
HP19 9,51.833517,-0.823339,E06000060,Buckinghamshire,E06000060,Buckinghamshire
HP2  1,51.752656,-0.471574,E07000096,Dacorum,E10000015,Hertfordshire
HP2  4,51.752889,-0.470089,E07000096,Dacorum,E10000015,Hertfordshire
HP2  5,51.760693,-0.470042,E07000096,Dacorum,E10000015,Hertfordshire
HP2  6,51.773613,-0.450095,E07000096,Dacorum,E10000015,Hertfordshire
HP2  7,51.763392,-0.448228,E07000096,Dacorum,E10000015,Hertfordshire
HP20 1,51.81856,-0.809452,E06000060,Buckinghamshire,E06000060,Buckinghamshire
HP20 2,51.824975,-0.800141,E06000060,Buckinghamshire,E06000060,Buckinghamshire
HP20 9,51.81856,-0.809452,E06000060,Buckinghamshire,E06000060,Buckinghamshire
HP21 7,51.812601,-0.783352,E06000060,Buckinghamshire,E06000060,Buckinghamshire
HP21 8,51.80778,-0.809591,E06000060,Buckinghamshire,E06000060,Buckinghamshire
HP21 9,51.806097,-0.798757,E06000060,Buckinghamshire,E06000060,Buckinghamshire
HP22 0,51.803758,-0.729302,E06000060,Buckinghamshire,E06000060,Buckinghamshire
HP22 3,51.78898,-0.794746,E06000060,Buckinghamshire,E06000060,Buckinghamshire
HP22 4,51.852093,-0.870986,E06000060,Buckinghamshire,E06000060,Buckinghamshire
HP22 5,51.808648,-0.763818,E06000060,Buckinghamshire,E06000060,Buckinghamshire
HP22 6,51.771772,-0.749216,E06000060,Buckinghamshire,E06000060,Buckinghamshire
HP22 7,51.823113,-0.783388,E06000060,Buckinghamshire,E06000060,Buckinghamshire
HP22 9,51.778027,-0.771975,E06000060,Buckinghamshire,E06000060,Buckinghamshire
HP23 4,51.791889,-0.665996,E07000096,Dacorum,E10000015,Hertfordshire
HP23 5,51.793718,-0.661548,E07000096,Dacorum,E10000015,Hertfordshire
HP23 6,51.792863,-0.662284,E07000096,Dacorum,E10000015,Hertfordshire
HP23 9,51.79226,-0.668522,E07000096,Dacorum,E10000015,Hertfordshire
HP27 0,51.722345,-0.831598,E06000060,Buckinghamshire,E06000060,Buckinghamshire
HP27 7,51.722156,-0.832442,E06000060,Buckinghamshire,E06000060,Buckinghamshire
HP27 9,51.723984,-0.833626,E06000060,Buckinghamshire,E06000060,Buckinghamshire
HP3  0,51.728836,-0.470916,E07000096,Dacorum,E10000015,Hertfordshire
HP3  8,51.731405,-0.452134,E07000096,Dacorum,E10000015,Hertfordshire
HP3  9,51.739291,-0.47414,E07000096,Dacorum,E10000015,Hertfordshire
HP4  1,51.761827,-0.569422,E07000096,Dacorum,E10000015,Hertfordshire
HP4  2,51.762072,-0.564458,E07000096,Dacorum,E10000015,Hertfordshire
HP4  3,51.759092,-0.563379,E07000096,Dacorum,E10000015,Hertfordshire
HP4  9,51.762192,-0.569106,E07000096,Dacorum,E10000015,Hertfordshire
HP5  1,51.707639,-0.612032,E06000060,Buckinghamshire,E06000060,Buckinghamshire
HP5  2,51.70968,-0.61197,E06000060,Buckinghamshire,E06000060,Buckinghamshire
HP5  3,51.707769,-0.61006,E06000060,Buckinghamshire,E06000060,Buckinghamshire
HP5  9,51.716211,-0.608368,E06000060,Buckinghamshire,E06000060,Buckinghamshire
HP6  5,51.673684,-0.59978,E06000060,Buckinghamshire,E06000060,Buckinghamshire
HP6  6,51.677756,-0.60343,E06000060,Buckinghamshire,E06000060,Buckinghamshire
HP6  9,51.675536,-0.607287,E06000060,Buckinghamshire,E06000060,Buckinghamshire
HP7  0,51.673733,-0.609179,E06000060,Buckinghamshire,E06000060,Buckinghamshire
HP7  9,51.672892,-0.602741,E06000060,Buckinghamshire,E06000060,Buckinghamshire
HP8  4,51.648121,-0.55102,E06000060,Buckinghamshire,E06000060,Buckinghamshire
HP9  1,51.607724,-0.641555,E06000060,Buckinghamshire,E06000060,Buckinghamshire
HP9  2,51.61982,-0.646394,E06000060,Buckinghamshire,E06000060,Buckinghamshire
HP9  9,51.610883,-0.645736,E06000060,Buckinghamshire,E06000060,Buckinghamshire
HR1  1,52.060754,-2.710029,E06000019,"Herefordshire, County of",E06000019,"Herefordshire, County of"
HR1  2,52.05667,-2.716206,E06000019,"Herefordshire, County of",E06000019,"Herefordshire, County of"
HR1  3,52.093057,-2.726364,E06000019,"Herefordshire, County of",E06000019,"Herefordshire, County of"
HR1  4,52.06476,-2.662872,E06000019,"Herefordshire, County of",E06000019,"Herefordshire, County of"
HR1  5,51.969562,-2.896631,E06000019,"Herefordshire, County of",E06000019,"Herefordshire, County of"
HR1  9,52.060646,-2.709998,E06000019,"Herefordshire, County of",E06000019,"Herefordshire, County of"
HR2  0,51.969751,-2.895368,E06000019,"Herefordshire, County of",E06000019,"Herefordshire, County of"
HR2  2,52.028638,-2.480942,E06000019,"Herefordshire, County of",E06000019,"Herefordshire, County of"
HR2  6,52.049041,-2.718666,E06000019,"Herefordshire, County of",E06000019,"Herefordshire, County of"
HR2  7,52.045695,-2.727609,E06000019,"Herefordshire, County of",E06000019,"Herefordshire, County of"
HR2  8,52.030955,-2.70756,E06000019,"Herefordshire, County of",E06000019,"Herefordshire, County of"
HR2  9,52.030608,-2.771413,E06000019,"Herefordshire, County of",E06000019,"Herefordshire, County of"
HR3  5,52.074781,-3.125177,W06000023,Powys,W06000023,Powys
HR3  6,52.07467,-2.995838,E06000019,"Herefordshire, County of",E06000019,"Herefordshire, County of"
HR4  0,52.055626,-2.720842,E06000019,"Herefordshire, County of",E06000019,"Herefordshire, County of"
HR4  7,52.072991,-2.772858,E06000019,"Herefordshire, County of",E06000019,"Herefordshire, County of"
HR4  8,52.087238,-2.723817,E06000019,"Herefordshire, County of",E06000019,"Herefordshire, County of"
HR4  9,52.056296,-2.717119,E06000019,"Herefordshire, County of",E06000019,"Herefordshire, County of"
HR5  3,52.20581,-3.027505,E06000019,"Herefordshire, County of",E06000019,"Herefordshire, County of"
HR5  8,52.22771,-2.752483,E06000019,"Herefordshire, County of",E06000019,"Herefordshire, County of"
HR6  0,52.236264,-2.741966,E06000019,"Herefordshire, County of",E06000019,"Herefordshire, County of"
HR6  6,52.217393,-2.731814,E06000019,"Herefordshire, County of",E06000019,"Herefordshire, County of"
HR6  8,52.226491,-2.737748,E06000019,"Herefordshire, County of",E06000019,"Herefordshire, County of"
HR6  9,52.222417,-2.766095,E06000019,"Herefordshire, County of",E06000019,"Herefordshire, County of"
HR7  4,52.189041,-2.506968,E06000019,"Herefordshire, County of",E06000019,"Herefordshire, County of"
HR7  9,52.060646,-2.709998,E06000019,"Herefordshire, County of",E06000019,"Herefordshire, County of"
HR8  1,52.038571,-2.42285,E06000019,"Herefordshire, County of",E06000019,"Herefordshire, County of"
HR8  2,52.037065,-2.424046,E06000019,"Herefordshire, County of",E06000019,"Herefordshire, County of"
HR8  9,52.038386,-2.424292,E06000019,"Herefordshire, County of",E06000019,"Herefordshire, County of"
HR9  5,51.913059,-2.582435,E06000019,"Herefordshire, County of",E06000019,"Herefordshire, County of"
HR9  6,51.915394,-2.599141,E06000019,"Herefordshire, County of",E06000019,"Herefordshire, County of"
HR9  7,51.914603,-2.581175,E06000019,"Herefordshire, County of",E06000019,"Herefordshire, County of"
HR9  9,51.911988,-2.571619,E06000019,"Herefordshire, County of",E06000019,"Herefordshire, County of"
HS1  2,58.208167,-6.380048,S12000013,Na h-Eileanan Siar,S12000013,Na h-Eileanan Siar
HS1  9,58.208167,-6.380065,S12000013,Na h-Eileanan Siar,S12000013,Na h-Eileanan Siar
HS2  0,58.218893,-6.349961,S12000013,Na h-Eileanan Siar,S12000013,Na h-Eileanan Siar
HS2  9,58.26439,-6.782489,S12000013,Na h-Eileanan Siar,S12000013,Na h-Eileanan Siar
HS3  3,57.992412,-6.754016,S12000013,Na h-Eileanan Siar,S12000013,Na h-Eileanan Siar
HS4  3,57.872078,-6.698861,S12000013,Na h-Eileanan Siar,S12000013,Na h-Eileanan Siar
HS5  3,57.767256,-7.021144,S12000013,Na h-Eileanan Siar,S12000013,Na h-Eileanan Siar
HS6  5,57.601209,-7.163844,S12000013,Na h-Eileanan Siar,S12000013,Na h-Eileanan Siar
HS7  5,57.464275,-7.379786,S12000013,Na h-Eileanan Siar,S12000013,Na h-Eileanan Siar
HS8  5,57.24091,-7.384006,S12000013,Na h-Eileanan Siar,S12000013,Na h-Eileanan Siar
HS9  5,57.001218,-7.478178,S12000013,Na h-Eileanan Siar,S12000013,Na h-Eileanan Siar
HU1  1,53.744063,-0.332801,E06000010,"Kingston upon Hull, City of",E06000010,"Kingston upon Hull, City of"
HU1  2,53.744525,-0.333086,E06000010,"Kingston upon Hull, City of",E06000010,"Kingston upon Hull, City of"
HU1  3,53.746471,-0.335314,E06000010,"Kingston upon Hull, City of",E06000010,"Kingston upon Hull, City of"
HU1  4,53.739275,-0.329154,E06000010,"Kingston upon Hull, City of",E06000010,"Kingston upon Hull, City of"
HU10 6,53.754482,-0.44111,E06000011,East Riding of Yorkshire,E06000011,East Riding of Yorkshire
HU10 7,53.755666,-0.446421,E06000011,East Riding of Yorkshire,E06000011,East Riding of Yorkshire
HU10 9,53.720652,-0.429221,E06000011,East Riding of Yorkshire,E06000011,East Riding of Yorkshire
HU11 4,53.778773,-0.247271,E06000011,East Riding of Yorkshire,E06000011,East Riding of Yorkshire
HU11 5,53.838137,-0.264613,E06000011,East Riding of Yorkshire,E06000011,East Riding of Yorkshire
HU12 0,53.700519,-0.079356,E06000011,East Riding of Yorkshire,E06000011,East Riding of Yorkshire
HU12 8,53.723887,-0.22362,E06000011,East Riding of Yorkshire,E06000011,East Riding of Yorkshire
HU12 9,53.765483,-0.117176,E06000011,East Riding of Yorkshire,E06000011,East Riding of Yorkshire
HU13 0,53.722961,-0.435349,E06000011,East Riding of Yorkshire,E06000011,East Riding of Yorkshire
HU13 3,53.720644,-0.429267,E06000011,East Riding of Yorkshire,E06000011,East Riding of Yorkshire
HU13 9,53.72501,-0.435925,E06000011,East Riding of Yorkshire,E06000011,East Riding of Yorkshire
HU14 3,53.717962,-0.503458,E06000011,East Riding of Yorkshire,E06000011,East Riding of Yorkshire
HU14 9,53.720652,-0.429221,E06000011,East Riding of Yorkshire,E06000011,East Riding of Yorkshire
HU15 1,53.730884,-0.575263,E06000011,East Riding of Yorkshire,E06000011,East Riding of Yorkshire
HU15 2,53.772793,-0.601431,E06000011,East Riding of Yorkshire,E06000011,East Riding of Yorkshire
HU16 4,53.779662,-0.414469,E06000011,East Riding of Yorkshire,E06000011,East Riding of Yorkshire
HU16 5,53.781005,-0.421582,E06000011,East Riding of Yorkshire,E06000011,East Riding of Yorkshire
HU16 9,53.780643,-0.414599,E06000011,East Riding of Yorkshire,E06000011,East Riding of Yorkshire
HU17 0,53.841779,-0.42778,E06000011,East Riding of Yorkshire,E06000011,East Riding of Yorkshire
HU17 5,53.883488,-0.298612,E06000011,East Riding of Yorkshire,E06000011,East Riding of Yorkshire
HU17 6,53.840755,-0.401311,E06000011,East Riding of Yorkshire,E06000011,East Riding of Yorkshire
HU17 7,53.845176,-0.435983,E06000011,East Riding of Yorkshire,E06000011,East Riding of Yorkshire
HU17 8,53.842448,-0.432239,E06000011,East Riding of Yorkshire,E06000011,East Riding of Yorkshire
HU17 9,53.841895,-0.429843,E06000011,East Riding of Yorkshire,E06000011,East Riding of Yorkshire
HU18 1,53.911624,-0.168998,E06000011,East Riding of Yorkshire,E06000011,East Riding of Yorkshire
HU19 2,53.731692,0.029401,E06000011,East Riding of Yorkshire,E06000011,East Riding of Yorkshire
HU2  0,53.752593,-0.332084,E06000010,"Kingston upon Hull, City of",E06000010,"Kingston upon Hull, City of"
HU2  8,53.74812,-0.331746,E06000010,"Kingston upon Hull, City of",E06000010,"Kingston upon Hull, City of"
HU2  9,53.749502,-0.345173,E06000010,"Kingston upon Hull, City of",E06000010,"Kingston upon Hull, City of"
HU20 3,53.773097,-0.527704,E06000011,East Riding of Yorkshire,E06000011,East Riding of Yorkshire
HU3  1,53.749742,-0.351488,E06000010,"Kingston upon Hull, City of",E06000010,"Kingston upon Hull, City of"
HU3  2,53.737839,-0.351408,E06000010,"Kingston upon Hull, City of",E06000010,"Kingston upon Hull, City of"
HU3  3,53.736561,-0.359145,E06000010,"Kingston upon Hull, City of",E06000010,"Kingston upon Hull, City of"
HU3  4,53.73633,-0.358669,E06000010,"Kingston upon Hull, City of",E06000010,"Kingston upon Hull, City of"
HU3  5,53.734103,-0.374053,E06000010,"Kingston upon Hull, City of",E06000010,"Kingston upon Hull, City of"
HU3  6,53.746383,-0.368104,E06000010,"Kingston upon Hull, City of",E06000010,"Kingston upon Hull, City of"
HU4  6,53.744849,-0.395702,E06000010,"Kingston upon Hull, City of",E06000010,"Kingston upon Hull, City of"
HU4  7,53.736436,-0.399813,E06000010,"Kingston upon Hull, City of",E06000010,"Kingston upon Hull, City of"
HU4  9,53.720644,-0.429267,E06000011,East Riding of Yorkshire,E06000011,East Riding of Yorkshire
HU5  1,53.757173,-0.348679,E06000010,"Kingston upon Hull, City of",E06000010,"Kingston upon Hull, City of"
HU5  2,53.763572,-0.359063,E06000010,"Kingston upon Hull, City of",E06000010,"Kingston upon Hull, City of"
HU5  3,53.763322,-0.358527,E06000010,"Kingston upon Hull, City of",E06000010,"Kingston upon Hull, City of"
HU5  4,53.770283,-0.386584,E06000010,"Kingston upon Hull, City of",E06000010,"Kingston upon Hull, City of"
HU5  5,53.75056,-0.38649,E06000010,"Kingston upon Hull, City of",E06000010,"Kingston upon Hull, City of"
HU5  9,53.744093,-0.326567,E06000010,"Kingston upon Hull, City of",E06000010,"Kingston upon Hull, City of"
HU6  0,53.797591,-0.370627,E06000011,East Riding of Yorkshire,E06000011,East Riding of Yorkshire
HU6  7,53.785694,-0.361024,E06000010,"Kingston upon Hull, City of",E06000010,"Kingston upon Hull, City of"
HU6  8,53.779022,-0.384731,E06000010,"Kingston upon Hull, City of",E06000010,"Kingston upon Hull, City of"
HU6  9,53.784475,-0.389136,E06000010,"Kingston upon Hull, City of",E06000010,"Kingston upon Hull, City of"
HU7  0,53.777189,-0.34328,E06000010,"Kingston upon Hull, City of",E06000010,"Kingston upon Hull, City of"
HU7  3,53.803011,-0.3535,E06000010,"Kingston upon Hull, City of",E06000010,"Kingston upon Hull, City of"
HU7  4,53.783804,-0.339332,E06000010,"Kingston upon Hull, City of",E06000010,"Kingston upon Hull, City of"
HU7  5,53.802233,-0.325833,E06000010,"Kingston upon Hull, City of",E06000010,"Kingston upon Hull, City of"
HU7  6,53.782277,-0.3162,E06000010,"Kingston upon Hull, City of",E06000010,"Kingston upon Hull, City of"
HU7  9,53.777589,-0.342931,E06000010,"Kingston upon Hull, City of",E06000010,"Kingston upon Hull, City of"
HU8  0,53.775103,-0.28125,E06000010,"Kingston upon Hull, City of",E06000010,"Kingston upon Hull, City of"
HU8  7,53.748346,-0.322774,E06000010,"Kingston upon Hull, City of",E06000010,"Kingston upon Hull, City of"
HU8  8,53.754958,-0.328304,E06000010,"Kingston upon Hull, City of",E06000010,"Kingston upon Hull, City of"
HU8  9,53.763184,-0.297029,E06000010,"Kingston upon Hull, City of",E06000010,"Kingston upon Hull, City of"
HU9  1,53.744093,-0.326567,E06000010,"Kingston upon Hull, City of",E06000010,"Kingston upon Hull, City of"
HU9  2,53.753472,-0.313317,E06000010,"Kingston upon Hull, City of",E06000010,"Kingston upon Hull, City of"
HU9  3,53.757816,-0.305817,E06000010,"Kingston upon Hull, City of",E06000010,"Kingston upon Hull, City of"
HU9  4,53.768238,-0.282092,E06000010,"Kingston upon Hull, City of",E06000010,"Kingston upon Hull, City of"
HU9  5,53.762221,-0.27375,E06000010,"Kingston upon Hull, City of",E06000010,"Kingston upon Hull, City of"
HU9  9,53.744561,-0.3331,E06000010,"Kingston upon Hull, City of",E06000010,"Kingston upon Hull, City of"
HX1  1,53.724349,-1.85746,E08000033,Calderdale,E08000033,Calderdale
HX1  2,53.720876,-1.862094,E08000033,Calderdale,E08000033,Calderdale
HX1  3,53.717832,-1.872983,E08000033,Calderdale,E08000033,Calderdale
HX1  4,53.727744,-1.879213,E08000033,Calderdale,E08000033,Calderdale
HX1  5,53.721347,-1.865093,E08000033,Calderdale,E08000033,Calderdale
HX1  9,53.724349,-1.85746,E08000033,Calderdale,E08000033,Calderdale
HX2  0,53.7226,-1.895883,E08000033,Calderdale,E08000033,Calderdale
HX2  6,53.721257,-1.943894,E08000033,Calderdale,E08000033,Calderdale
HX2  7,53.711597,-1.883941,E08000033,Calderdale,E08000033,Calderdale
HX2  8,53.73978,-1.889913,E08000033,Calderdale,E08000033,Calderdale
HX2  9,53.74898,-1.877394,E08000033,Calderdale,E08000033,Calderdale
HX3  0,53.713089,-1.859286,E08000033,Calderdale,E08000033,Calderdale
HX3  5,53.737058,-1.891527,E08000033,Calderdale,E08000033,Calderdale
HX3  6,53.727558,-1.857282,E08000033,Calderdale,E08000033,Calderdale
HX3  7,53.732443,-1.839667,E08000033,Calderdale,E08000033,Calderdale
HX3  8,53.725524,-1.810322,E08000033,Calderdale,E08000033,Calderdale
HX3  9,53.711968,-1.853775,E08000033,Calderdale,E08000033,Calderdale
HX4  0,53.680966,-1.894652,E08000033,Calderdale,E08000033,Calderdale
HX4  8,53.686838,-1.854043,E08000033,Calderdale,E08000033,Calderdale
HX4  9,53.673892,-1.867256,E08000033,Calderdale,E08000033,Calderdale
HX5  0,53.684919,-1.836637,E08000033,Calderdale,E08000033,Calderdale
HX5  9,53.683081,-1.833813,E08000033,Calderdale,E08000033,Calderdale
HX6  1,53.70748,-1.916613,E08000033,Calderdale,E08000033,Calderdale
HX6  2,53.708275,-1.90887,E08000033,Calderdale,E08000033,Calderdale
HX6  3,53.707171,-1.911372,E08000033,Calderdale,E08000033,Calderdale
HX6  4,53.682623,-1.939008,E08000033,Calderdale,E08000033,Calderdale
HX7  0,53.733107,-1.990869,E08000033,Calderdale,E08000033,Calderdale
HX7  5,53.733358,-1.989338,E08000033,Calderdale,E08000033,Calderdale
HX7  6,53.741411,-2.016915,E08000033,Calderdale,E08000033,Calderdale
HX7  7,53.749806,-2.012536,E08000033,Calderdale,E08000033,Calderdale
HX7  8,53.740656,-2.014064,E08000033,Calderdale,E08000033,Calderdale
HX7  9,53.740665,-2.014064,E08000033,Calderdale,E08000033,Calderdale
IG1  1,51.558256,0.072091,E09000026,Redbridge,E09000026,Redbridge
IG1  2,51.556521,0.068001,E09000026,Redbridge,E09000026,Redbridge
IG1  3,51.559546,0.069322,E09000026,Redbridge,E09000026,Redbridge
IG1  4,51.564325,0.082813,E09000026,Redbridge,E09000026,Redbridge
IG1  8,51.558071,0.0724,E09000026,Redbridge,E09000026,Redbridge
IG1  9,51.558071,0.0724,E09000026,Redbridge,E09000026,Redbridge
IG10 1,51.646072,0.054107,E07000072,Epping Forest,E10000012,Essex
IG10 2,51.653144,0.075404,E07000072,Epping Forest,E10000012,Essex
IG10 3,51.638328,0.060838,E07000072,Epping Forest,E10000012,Essex
IG10 4,51.641748,0.034891,E07000072,Epping Forest,E10000012,Essex
IG10 9,51.649538,0.05594,E07000072,Epping Forest,E10000012,Essex
IG11 0,51.524786,0.078673,E09000025,Newham,E09000025,Newham
IG11 1,51.534518,0.0882,E09000002,Barking and Dagenham,E09000002,Barking and Dagenham
IG11 7,51.531588,0.085558,E09000002,Barking and Dagenham,E09000002,Barking and Dagenham
IG11 8,51.537997,0.078612,E09000002,Barking and Dagenham,E09000002,Barking and Dagenham
IG11 9,51.541339,0.098521,E09000002,Barking and Dagenham,E09000002,Barking and Dagenham
IG2  6,51.572902,0.08244,E09000026,Redbridge,E09000026,Redbridge
IG2  7,51.56739,0.087989,E09000026,Redbridge,E09000026,Redbridge
IG3  8,51.561222,0.092972,E09000026,Redbridge,E09000026,Redbridge
IG3  9,51.558733,0.093854,E09000026,Redbridge,E09000026,Redbridge
IG4  5,51.576199,0.057695,E09000026,Redbridge,E09000026,Redbridge
IG5  0,51.582096,0.061368,E09000026,Redbridge,E09000026,Redbridge
IG6  1,51.578988,0.082545,E09000026,Redbridge,E09000026,Redbridge
IG6  2,51.588913,0.080704,E09000026,Redbridge,E09000026,Redbridge
IG6  3,51.604415,0.094453,E09000026,Redbridge,E09000026,Redbridge
IG7  4,51.609012,0.110956,E09000026,Redbridge,E09000026,Redbridge
IG7  5,51.61598,0.056272,E07000072,Epping Forest,E10000012,Essex
IG7  6,51.620603,0.074164,E07000072,Epping Forest,E10000012,Essex
IG8  0,51.607378,0.023417,E09000026,Redbridge,E09000026,Redbridge
IG8  1,51.609264,0.022562,E09000026,Redbridge,E09000026,Redbridge
IG8  7,51.599224,0.036325,E09000026,Redbridge,E09000026,Redbridge
IG8  8,51.605705,0.050912,E09000026,Redbridge,E09000026,Redbridge
IG8  9,51.605169,0.02537,E09000026,Redbridge,E09000026,Redbridge
IG9  5,51.623456,0.044792,E07000072,Epping Forest,E10000012,Essex
IG9  6,51.627751,0.048063,E07000072,Epping Forest,E10000012,Essex
IM1  1,99.999999,0.0,,,,
IM1  2,99.999999,0.0,,,,
IM1  3,99.999999,0.0,,,,
IM1  4,99.999999,0.0,,,,
IM1  5,99.999999,0.0,,,,
IM2  1,99.999999,0.0,,,,
IM2  2,99.999999,0.0,,,,
IM2  3,99.999999,0.0,,,,
IM2  4,99.999999,0.0,,,,
IM2  5,99.999999,0.0,,,,
IM2  6,99.999999,0.0,,,,
IM2  7,99.999999,0.0,,,,
IM3  1,99.999999,0.0,,,,
IM3  2,99.999999,0.0,,,,
IM3  3,99.999999,0.0,,,,
IM3  4,99.999999,0.0,,,,
IM4  1,99.999999,0.0,,,,
IM4  2,99.999999,0.0,,,,
IM4  3,99.999999,0.0,,,,
IM4  4,99.999999,0.0,,,,
IM4  5,99.999999,0.0,,,,
IM4  6,99.999999,0.0,,,,
IM4  7,99.999999,0.0,,,,
IM5  1,99.999999,0.0,,,,
IM5  2,99.999999,0.0,,,,
IM5  3,99.999999,0.0,,,,
IM6  1,99.999999,0.0,,,,
IM6  2,99.999999,0.0,,,,
IM7  1,99.999999,0.0,,,,
IM7  2,99.999999,0.0,,,,
IM7  3,99.999999,0.0,,,,
IM7  4,99.999999,0.0,,,,
IM7  5,99.999999,0.0,,,,
IM8  1,99.999999,0.0,,,,
IM8  2,99.999999,0.0,,,,
IM8  3,99.999999,0.0,,,,
IM86 1,99.999999,0.0,,,,
IM86 2,99.999999,0.0,,,,
IM9  1,99.999999,0.0,,,,
IM9  2,99.999999,0.0,,,,
IM9  3,99.999999,0.0,,,,
IM9  4,99.999999,0.0,,,,
IM9  5,99.999999,0.0,,,,
IM9  6,99.999999,0.0,,,,
IM99 1,99.999999,0.0,,,,
IM99 2,99.999999,0.0,,,,
IM99 3,99.999999,0.0,,,,
IM99 4,99.999999,0.0,,,,
IM99 5,99.999999,0.0,,,,
IM99 6,99.999999,0.0,,,,
IM99 7,99.999999,0.0,,,,
IM99 8,99.999999,0.0,,,,
IM99 9,99.999999,0.0,,,,
IP1  1,52.052652,1.146613,E07000202,Ipswich,E10000029,Suffolk
IP1  2,52.057365,1.149965,E07000202,Ipswich,E10000029,Suffolk
IP1  3,52.057951,1.15396,E07000202,Ipswich,E10000029,Suffolk
IP1  4,52.06365,1.135553,E07000202,Ipswich,E10000029,Suffolk
IP1  5,52.066354,1.126183,E07000202,Ipswich,E10000029,Suffolk
IP1  6,52.072618,1.133802,E07000202,Ipswich,E10000029,Suffolk
IP1  9,52.052865,1.14673,E07000202,Ipswich,E10000029,Suffolk
IP10 0,52.034818,1.234505,E07000244,East Suffolk,E10000029,Suffolk
IP11 0,51.984004,1.31837,E07000244,East Suffolk,E10000029,Suffolk
IP11 1,51.965448,1.352032,E07000244,East Suffolk,E10000029,Suffolk
IP11 2,51.958931,1.345256,E07000244,East Suffolk,E10000029,Suffolk
IP11 3,51.956272,1.325783,E07000244,East Suffolk,E10000029,Suffolk
IP11 4,51.962269,1.312178,E07000244,East Suffolk,E10000029,Suffolk
IP11 6,51.976822,1.350609,E07000244,East Suffolk,E10000029,Suffolk
IP11 7,51.9654,1.352145,E07000244,East Suffolk,E10000029,Suffolk
IP11 8,51.958982,1.345376,E07000244,East Suffolk,E10000029,Suffolk
IP11 9,51.967818,1.34618,E07000244,East Suffolk,E10000029,Suffolk
IP12 1,52.092956,1.317329,E07000244,East Suffolk,E10000029,Suffolk
IP12 2,52.102259,1.528972,E07000244,East Suffolk,E10000029,Suffolk
IP12 3,52.020567,1.378752,E07000244,East Suffolk,E10000029,Suffolk
IP12 4,52.092047,1.315743,E07000244,East Suffolk,E10000029,Suffolk
IP12 9,52.152015,1.362955,E07000244,East Suffolk,E10000029,Suffolk
IP13 0,52.159041,1.37362,E07000244,East Suffolk,E10000029,Suffolk
IP13 6,52.114347,1.30894,E07000244,East Suffolk,E10000029,Suffolk
IP13 7,52.199019,1.284186,E07000244,East Suffolk,E10000029,Suffolk
IP13 8,52.254381,1.341096,E07000244,East Suffolk,E10000029,Suffolk
IP13 9,52.195087,1.376585,E07000244,East Suffolk,E10000029,Suffolk
IP14 1,52.186371,0.99766,E07000203,Mid Suffolk,E10000029,Suffolk
IP14 2,52.181811,1.001186,E07000203,Mid Suffolk,E10000029,Suffolk
IP14 3,52.180762,0.942903,E07000203,Mid Suffolk,E10000029,Suffolk
IP14 4,52.197594,1.003347,E07000203,Mid Suffolk,E10000029,Suffolk
IP14 5,52.193515,0.997863,E07000203,Mid Suffolk,E10000029,Suffolk
IP14 6,52.191129,1.098863,E07000203,Mid Suffolk,E10000029,Suffolk
IP14 9,52.186284,0.997522,E07000203,Mid Suffolk,E10000029,Suffolk
IP15 5,52.152117,1.600958,E07000244,East Suffolk,E10000029,Suffolk
IP16 4,52.20605,1.57825,E07000244,East Suffolk,E10000029,Suffolk
IP16 9,52.205994,1.578319,E07000244,East Suffolk,E10000029,Suffolk
IP17 1,52.215992,1.492653,E07000244,East Suffolk,E10000029,Suffolk
IP17 2,52.223256,1.471753,E07000244,East Suffolk,E10000029,Suffolk
IP17 3,52.265897,1.576034,E07000244,East Suffolk,E10000029,Suffolk
IP17 9,52.215992,1.492653,E07000244,East Suffolk,E10000029,Suffolk
IP18 6,52.327424,1.676687,E07000244,East Suffolk,E10000029,Suffolk
IP19 0,52.348784,1.425248,E07000244,East Suffolk,E10000029,Suffolk
IP19 1,52.345687,1.502287,E07000244,East Suffolk,E10000029,Suffolk
IP19 8,52.345687,1.502287,E07000244,East Suffolk,E10000029,Suffolk
IP19 9,52.312972,1.511457,E07000244,East Suffolk,E10000029,Suffolk
IP2  0,52.051413,1.142821,E07000202,Ipswich,E10000029,Suffolk
IP2  8,52.051076,1.152396,E07000202,Ipswich,E10000029,Suffolk
IP2  9,52.050365,1.141332,E07000202,Ipswich,E10000029,Suffolk
IP20 0,52.432744,1.360169,E07000149,South Norfolk,E10000020,Norfolk
IP20 9,52.402215,1.299633,E07000149,South Norfolk,E10000020,Norfolk
IP21 4,52.365326,1.128954,E07000203,Mid Suffolk,E10000029,Suffolk
IP21 5,52.337415,1.211494,E07000203,Mid Suffolk,E10000029,Suffolk
IP22 1,52.370714,1.098905,E07000203,Mid Suffolk,E10000029,Suffolk
IP22 2,52.384817,1.058828,E07000149,South Norfolk,E10000020,Norfolk
IP22 3,52.376684,1.109242,E07000149,South Norfolk,E10000020,Norfolk
IP22 4,52.376684,1.109242,E07000149,South Norfolk,E10000020,Norfolk
IP22 5,52.378329,1.095926,E07000149,South Norfolk,E10000020,Norfolk
IP22 9,52.376684,1.109242,E07000149,South Norfolk,E10000020,Norfolk
IP23 7,52.32047,1.145703,E07000203,Mid Suffolk,E10000029,Suffolk
IP23 8,52.357074,1.144704,E07000203,Mid Suffolk,E10000029,Suffolk
IP23 9,52.376684,1.109242,E07000149,South Norfolk,E10000020,Norfolk
IP24 1,52.415029,0.746828,E07000143,Breckland,E10000020,Norfolk
IP24 2,52.41372,0.750512,E07000143,Breckland,E10000020,Norfolk
IP24 3,52.414165,0.746069,E07000143,Breckland,E10000020,Norfolk
IP24 9,52.41372,0.750512,E07000143,Breckland,E10000020,Norfolk
IP25 5,52.569977,0.851992,E07000143,Breckland,E10000020,Norfolk
IP25 6,52.571592,0.824039,E07000143,Breckland,E10000020,Norfolk
IP25 7,52.582102,0.798008,E07000143,Breckland,E10000020,Norfolk
IP26 4,52.488008,0.523472,E07000146,King's Lynn and West Norfolk,E10000020,Norfolk
IP26 5,52.560788,0.603356,E07000143,Breckland,E10000020,Norfolk
IP27 0,52.447293,0.624164,E07000245,West Suffolk,E10000029,Suffolk
IP27 1,52.448071,0.62396,E07000245,West Suffolk,E10000029,Suffolk
IP27 9,52.432081,0.536239,E07000245,West Suffolk,E10000029,Suffolk
IP28 1,52.310121,0.492966,E07000245,West Suffolk,E10000029,Suffolk
IP28 2,52.357145,0.457191,E07000245,West Suffolk,E10000029,Suffolk
IP28 3,52.366777,0.49066,E07000245,West Suffolk,E10000029,Suffolk
IP28 6,52.335881,0.525726,E07000245,West Suffolk,E10000029,Suffolk
IP28 7,52.34551,0.511049,E07000245,West Suffolk,E10000029,Suffolk
IP28 8,52.365603,0.493018,E07000245,West Suffolk,E10000029,Suffolk
IP28 9,52.351175,0.509769,E07000245,West Suffolk,E10000029,Suffolk
IP29 4,52.158826,0.667009,E07000245,West Suffolk,E10000029,Suffolk
IP29 5,52.241599,0.583652,E07000245,West Suffolk,E10000029,Suffolk
IP3  0,52.037861,1.176929,E07000202,Ipswich,E10000029,Suffolk
IP3  8,52.052599,1.165385,E07000202,Ipswich,E10000029,Suffolk
IP3  9,52.044932,1.188837,E07000202,Ipswich,E10000029,Suffolk
IP30 0,52.195799,0.799979,E07000245,West Suffolk,E10000029,Suffolk
IP30 9,52.232979,0.83151,E07000203,Mid Suffolk,E10000029,Suffolk
IP31 1,52.328483,0.85073,E07000245,West Suffolk,E10000029,Suffolk
IP31 2,52.325052,0.88462,E07000245,West Suffolk,E10000029,Suffolk
IP31 3,52.302654,0.932616,E07000203,Mid Suffolk,E10000029,Suffolk
IP32 6,52.259733,0.701095,E07000245,West Suffolk,E10000029,Suffolk
IP32 7,52.2441,0.74915,E07000245,West Suffolk,E10000029,Suffolk
IP33 1,52.245968,0.711555,E07000245,West Suffolk,E10000029,Suffolk
IP33 2,52.240095,0.719415,E07000245,West Suffolk,E10000029,Suffolk
IP33 3,52.247315,0.709689,E07000245,West Suffolk,E10000029,Suffolk
IP33 9,52.245061,0.710328,E07000245,West Suffolk,E10000029,Suffolk
IP4  1,52.055719,1.167094,E07000202,Ipswich,E10000029,Suffolk
IP4  2,52.058327,1.157386,E07000202,Ipswich,E10000029,Suffolk
IP4  3,52.072,1.162292,E07000202,Ipswich,E10000029,Suffolk
IP4  4,52.061787,1.172849,E07000202,Ipswich,E10000029,Suffolk
IP4  5,52.054459,1.180791,E07000202,Ipswich,E10000029,Suffolk
IP5  1,52.065993,1.234789,E07000244,East Suffolk,E10000029,Suffolk
IP5  2,52.065522,1.236228,E07000244,East Suffolk,E10000029,Suffolk
IP5  3,52.052865,1.14673,E07000202,Ipswich,E10000029,Suffolk
IP5  4,52.054001,1.292658,E07000244,East Suffolk,E10000029,Suffolk
IP5  7,52.065993,1.234789,E07000244,East Suffolk,E10000029,Suffolk
IP6  0,52.106038,1.111827,E07000203,Mid Suffolk,E10000029,Suffolk
IP6  8,52.156522,1.050529,E07000203,Mid Suffolk,E10000029,Suffolk
IP6  9,52.081728,1.166105,E07000244,East Suffolk,E10000029,Suffolk
IP7  5,52.043614,0.953511,E07000200,Babergh,E10000029,Suffolk
IP7  6,52.046364,0.96504,E07000200,Babergh,E10000029,Suffolk
IP7  7,52.09102,0.866471,E07000200,Babergh,E10000029,Suffolk
IP7  9,52.043542,0.953491,E07000200,Babergh,E10000029,Suffolk
IP8  3,52.062883,1.096551,E07000200,Babergh,E10000029,Suffolk
IP8  4,52.074624,1.098123,E07000203,Mid Suffolk,E10000029,Suffolk
IP9  1,52.014163,1.165861,E07000200,Babergh,E10000029,Suffolk
IP9  2,52.026,1.159131,E07000200,Babergh,E10000029,Suffolk
IP98 1,52.376684,1.109242,E07000149,South Norfolk,E10000020,Norfolk
IP98 6,52.376684,1.109242,E07000149,South Norfolk,E10000020,Norfolk
IP98 9,52.376684,1.109242,E07000149,South Norfolk,E10000020,Norfolk
IV1  1,57.481316,-4.223949,S12000017,Highland,S12000017,Highland
IV1  2,57.45052,-4.188209,S12000017,Highland,S12000017,Highland
IV1  3,57.508136,-4.27089,S12000017,Highland,S12000017,Highland
IV1  9,57.479387,-4.226317,S12000017,Highland,S12000017,Highland
IV10 8,57.580373,-4.119844,S12000017,Highland,S12000017,Highland
IV11 8,57.68094,-4.031835,S12000017,Highland,S12000017,Highland
IV12 4,57.58288,-3.868891,S12000017,Highland,S12000017,Highland
IV12 5,57.585395,-3.862847,S12000017,Highland,S12000017,Highland
IV12 9,57.58275,-3.870992,S12000017,Highland,S12000017,Highland
IV13 7,57.332886,-3.995744,S12000017,Highland,S12000017,Highland
IV14 9,57.60046,-4.530439,S12000017,Highland,S12000017,Highland
IV15 0,57.594879,-4.424233,S12000017,Highland,S12000017,Highland
IV15 9,57.60285,-4.423224,S12000017,Highland,S12000017,Highland
IV16 9,57.669826,-4.324862,S12000017,Highland,S12000017,Highland
IV17 0,57.697185,-4.241365,S12000017,Highland,S12000017,Highland
IV18 0,57.688714,-4.169605,S12000017,Highland,S12000017,Highland
IV18 9,57.688589,-4.170051,S12000017,Highland,S12000017,Highland
IV19 1,57.811161,-4.052523,S12000017,Highland,S12000017,Highland
IV19 9,57.811256,-4.052781,S12000017,Highland,S12000017,Highland
IV2  2,57.237186,-4.456446,S12000017,Highland,S12000017,Highland
IV2  3,57.47686,-4.226447,S12000017,Highland,S12000017,Highland
IV2  4,57.470818,-4.221526,S12000017,Highland,S12000017,Highland
IV2  5,57.469753,-4.150319,S12000017,Highland,S12000017,Highland
IV2  6,57.453527,-4.211542,S12000017,Highland,S12000017,Highland
IV2  7,57.486947,-4.150012,S12000017,Highland,S12000017,Highland
IV2  8,57.525358,-4.039136,S12000017,Highland,S12000017,Highland
IV20 1,57.817896,-3.846579,S12000017,Highland,S12000017,Highland
IV21 2,57.697307,-5.726444,S12000017,Highland,S12000017,Highland
IV22 2,57.767426,-5.608153,S12000017,Highland,S12000017,Highland
IV23 2,57.865187,-5.54165,S12000017,Highland,S12000017,Highland
IV24 3,57.90111,-4.345729,S12000017,Highland,S12000017,Highland
IV25 3,57.883676,-4.032333,S12000017,Highland,S12000017,Highland
IV26 2,57.903176,-5.159412,S12000017,Highland,S12000017,Highland
IV27 4,58.083444,-4.417349,S12000017,Highland,S12000017,Highland
IV27 9,58.023792,-4.398757,S12000017,Highland,S12000017,Highland
IV28 3,57.991246,-4.16247,S12000017,Highland,S12000017,Highland
IV3  5,57.474786,-4.244034,S12000017,Highland,S12000017,Highland
IV3  6,57.486959,-4.236605,S12000017,Highland,S12000017,Highland
IV3  8,57.486943,-4.236487,S12000017,Highland,S12000017,Highland
IV30 1,57.647215,-3.321451,S12000020,Moray,S12000020,Moray
IV30 2,57.65214,-3.303918,S12000020,Moray,S12000020,Moray
IV30 3,57.641519,-3.314594,S12000020,Moray,S12000020,Moray
IV30 4,57.652193,-3.303987,S12000020,Moray,S12000020,Moray
IV30 5,57.66265,-3.324761,S12000020,Moray,S12000020,Moray
IV30 6,57.641449,-3.318746,S12000020,Moray,S12000020,Moray
IV30 8,57.637738,-3.287439,S12000020,Moray,S12000020,Moray
IV30 9,57.647215,-3.321451,S12000020,Moray,S12000020,Moray
IV31 6,57.721706,-3.281942,S12000020,Moray,S12000020,Moray
IV31 9,57.721407,-3.282233,S12000020,Moray,S12000020,Moray
IV32 7,57.627438,-3.11696,S12000020,Moray,S12000020,Moray
IV33 7,57.526296,-3.212589,S12000020,Moray,S12000020,Moray
IV34 7,57.459259,-3.296045,S12000020,Moray,S12000020,Moray
IV35 7,57.46046,-3.352762,S12000020,Moray,S12000020,Moray
IV36 0,57.609932,-3.61407,S12000020,Moray,S12000020,Moray
IV36 1,57.609982,-3.613688,S12000020,Moray,S12000020,Moray
IV36 2,57.615693,-3.570397,S12000020,Moray,S12000020,Moray
IV36 3,57.655607,-3.600496,S12000020,Moray,S12000020,Moray
IV36 9,57.608458,-3.621855,S12000020,Moray,S12000020,Moray
IV4  7,57.502618,-4.472962,S12000017,Highland,S12000017,Highland
IV40 8,57.281766,-5.713008,S12000017,Highland,S12000017,Highland
IV41 8,57.271466,-5.737727,S12000017,Highland,S12000017,Highland
IV42 8,57.222068,-5.66714,S12000017,Highland,S12000017,Highland
IV43 8,57.140962,-5.828601,S12000017,Highland,S12000017,Highland
IV44 8,57.087153,-5.878717,S12000017,Highland,S12000017,Highland
IV45 8,57.064652,-5.899704,S12000017,Highland,S12000017,Highland
IV46 8,57.116695,-5.988733,S12000017,Highland,S12000017,Highland
IV47 8,57.325795,-6.406742,S12000017,Highland,S12000017,Highland
IV48 8,57.275907,-6.082113,S12000017,Highland,S12000017,Highland
IV49 9,57.246596,-5.909475,S12000017,Highland,S12000017,Highland
IV5  7,57.475363,-4.406599,S12000017,Highland,S12000017,Highland
IV51 0,57.418241,-6.210449,S12000017,Highland,S12000017,Highland
IV51 9,57.418241,-6.210466,S12000017,Highland,S12000017,Highland
IV52 8,57.326183,-5.642584,S12000017,Highland,S12000017,Highland
IV53 8,57.340955,-5.565154,S12000017,Highland,S12000017,Highland
IV54 8,57.39584,-5.502403,S12000017,Highland,S12000017,Highland
IV55 8,57.515538,-6.572502,S12000017,Highland,S12000017,Highland
IV56 8,57.359799,-6.407065,S12000017,Highland,S12000017,Highland
IV6  7,57.482493,-4.461273,S12000017,Highland,S12000017,Highland
IV63 6,57.329145,-4.476406,S12000017,Highland,S12000017,Highland
IV63 7,57.215072,-4.624583,S12000017,Highland,S12000017,Highland
IV7  8,57.560555,-4.439522,S12000017,Highland,S12000017,Highland
IV8  8,57.561106,-4.240684,S12000017,Highland,S12000017,Highland
IV9  8,57.567221,-4.173071,S12000017,Highland,S12000017,Highland
IV99 1,57.481316,-4.223949,S12000017,Highland,S12000017,Highland
JE1  0,99.999999,0.0,,,,
JE1  1,99.999999,0.0,,,,
JE1  2,99.999999,0.0,,,,
JE1  3,99.999999,0.0,,,,
JE1  4,99.999999,0.0,,,,
JE1  5,99.999999,0.0,,,,
JE1  6,99.999999,0.0,,,,
JE1  7,99.999999,0.0,,,,
JE1  8,99.999999,0.0,,,,
JE1  9,99.999999,0.0,,,,
JE2  3,99.999999,0.0,,,,
JE2  4,99.999999,0.0,,,,
JE2  6,99.999999,0.0,,,,
JE2  7,99.999999,0.0,,,,
JE3  1,99.999999,0.0,,,,
JE3  2,99.999999,0.0,,,,
JE3  3,99.999999,0.0,,,,
JE3  4,99.999999,0.0,,,,
JE3  5,99.999999,0.0,,,,
JE3  6,99.999999,0.0,,,,
JE3  7,99.999999,0.0,,,,
JE3  8,99.999999,0.0,,,,
JE3  9,99.999999,0.0,,,,
JE4  0,99.999999,0.0,,,,
JE4  2,99.999999,0.0,,,,
JE4  5,99.999999,0.0,,,,
JE4  8,99.999999,0.0,,,,
JE4  9,99.999999,0.0,,,,
JE5  0,99.999999,0.0,,,,
KA1  1,55.608725,-4.500084,S12000008,East Ayrshire,S12000008,East Ayrshire
KA1  2,55.609093,-4.500552,S12000008,East Ayrshire,S12000008,East Ayrshire
KA1  3,55.599195,-4.493128,S12000008,East Ayrshire,S12000008,East Ayrshire
KA1  4,55.602498,-4.496894,S12000008,East Ayrshire,S12000008,East Ayrshire
KA1  5,55.582941,-4.432513,S12000008,East Ayrshire,S12000008,East Ayrshire
KA1  9,55.599195,-4.493128,S12000008,East Ayrshire,S12000008,East Ayrshire
KA10 6,55.544393,-4.663075,S12000028,South Ayrshire,S12000028,South Ayrshire
KA10 7,55.54638,-4.646055,S12000028,South Ayrshire,S12000028,South Ayrshire
KA10 9,55.54417,-4.66176,S12000028,South Ayrshire,S12000028,South Ayrshire
KA11 1,55.623253,-4.641736,S12000021,North Ayrshire,S12000021,North Ayrshire
KA11 2,55.628583,-4.637567,S12000021,North Ayrshire,S12000021,North Ayrshire
KA11 3,55.613061,-4.586943,S12000021,North Ayrshire,S12000021,North Ayrshire
KA11 4,55.610458,-4.614308,S12000021,North Ayrshire,S12000021,North Ayrshire
KA11 5,55.598126,-4.658556,S12000021,North Ayrshire,S12000021,North Ayrshire
KA12 0,55.617113,-4.666672,S12000021,North Ayrshire,S12000021,North Ayrshire
KA12 2,55.612666,-4.675247,S12000021,North Ayrshire,S12000021,North Ayrshire
KA12 8,55.615242,-4.668006,S12000021,North Ayrshire,S12000021,North Ayrshire
KA12 9,55.627602,-4.670848,S12000021,North Ayrshire,S12000021,North Ayrshire
KA13 6,55.653946,-4.699653,S12000021,North Ayrshire,S12000021,North Ayrshire
KA13 7,55.654235,-4.697956,S12000021,North Ayrshire,S12000021,North Ayrshire
KA13 9,55.653361,-4.700487,S12000021,North Ayrshire,S12000021,North Ayrshire
KA14 3,55.739722,-4.678013,S12000021,North Ayrshire,S12000021,North Ayrshire
KA15 1,55.750052,-4.633875,S12000021,North Ayrshire,S12000021,North Ayrshire
KA15 2,55.751677,-4.631435,S12000021,North Ayrshire,S12000021,North Ayrshire
KA15 9,55.750052,-4.633875,S12000021,North Ayrshire,S12000021,North Ayrshire
KA16 9,55.606279,-4.328536,S12000008,East Ayrshire,S12000008,East Ayrshire
KA17 0,55.609878,-4.28148,S12000008,East Ayrshire,S12000008,East Ayrshire
KA18 1,55.454636,-4.266828,S12000008,East Ayrshire,S12000008,East Ayrshire
KA18 2,55.465624,-4.289718,S12000008,East Ayrshire,S12000008,East Ayrshire
KA18 3,55.445654,-4.257253,S12000008,East Ayrshire,S12000008,East Ayrshire
KA18 4,55.397621,-4.183131,S12000008,East Ayrshire,S12000008,East Ayrshire
KA18 9,55.454408,-4.267005,S12000008,East Ayrshire,S12000008,East Ayrshire
KA19 7,55.354617,-4.680588,S12000028,South Ayrshire,S12000028,South Ayrshire
KA19 8,55.359013,-4.678534,S12000028,South Ayrshire,S12000028,South Ayrshire
KA19 9,55.354616,-4.680636,S12000028,South Ayrshire,S12000028,South Ayrshire
KA2  0,55.601912,-4.526355,S12000008,East Ayrshire,S12000008,East Ayrshire
KA2  9,55.593782,-4.528308,S12000008,East Ayrshire,S12000008,East Ayrshire
KA20 3,55.640713,-4.756305,S12000021,North Ayrshire,S12000021,North Ayrshire
KA20 4,55.642065,-4.765714,S12000021,North Ayrshire,S12000021,North Ayrshire
KA20 9,55.633805,-4.788697,S12000021,North Ayrshire,S12000021,North Ayrshire
KA21 5,55.63578,-4.790378,S12000021,North Ayrshire,S12000021,North Ayrshire
KA21 6,55.646971,-4.784848,S12000021,North Ayrshire,S12000021,North Ayrshire
KA21 9,55.633805,-4.788697,S12000021,North Ayrshire,S12000021,North Ayrshire
KA22 7,55.645891,-4.797933,S12000021,North Ayrshire,S12000021,North Ayrshire
KA22 8,55.646099,-4.799474,S12000021,North Ayrshire,S12000021,North Ayrshire
KA22 9,55.633805,-4.788697,S12000021,North Ayrshire,S12000021,North Ayrshire
KA23 9,55.694225,-4.855673,S12000021,North Ayrshire,S12000021,North Ayrshire
KA24 4,55.706822,-4.721003,S12000021,North Ayrshire,S12000021,North Ayrshire
KA24 5,55.707896,-4.719566,S12000021,North Ayrshire,S12000021,North Ayrshire
KA24 9,55.70742,-4.719564,S12000021,North Ayrshire,S12000021,North Ayrshire
KA25 6,55.753447,-4.687099,S12000021,North Ayrshire,S12000021,North Ayrshire
KA25 7,55.754212,-4.685398,S12000021,North Ayrshire,S12000021,North Ayrshire
KA25 9,55.70742,-4.719564,S12000021,North Ayrshire,S12000021,North Ayrshire
KA26 0,55.234965,-4.855538,S12000028,South Ayrshire,S12000028,South Ayrshire
KA26 9,55.242546,-4.855799,S12000028,South Ayrshire,S12000028,South Ayrshire
KA27 8,55.577125,-5.151069,S12000021,North Ayrshire,S12000021,North Ayrshire
KA27 9,55.577188,-5.151042,S12000021,North Ayrshire,S12000021,North Ayrshire
KA28 0,55.753286,-4.928818,S12000021,North Ayrshire,S12000021,North Ayrshire
KA29 0,55.757606,-4.85492,S12000021,North Ayrshire,S12000021,North Ayrshire
KA3  1,55.612711,-4.496352,S12000008,East Ayrshire,S12000008,East Ayrshire
KA3  2,55.624241,-4.496434,S12000008,East Ayrshire,S12000008,East Ayrshire
KA3  3,55.682678,-4.518552,S12000008,East Ayrshire,S12000008,East Ayrshire
KA3  4,55.711833,-4.534391,S12000008,East Ayrshire,S12000008,East Ayrshire
KA3  5,55.680996,-4.514244,S12000008,East Ayrshire,S12000008,East Ayrshire
KA3  6,55.630129,-4.479572,S12000008,East Ayrshire,S12000008,East Ayrshire
KA3  7,55.609571,-4.492977,S12000008,East Ayrshire,S12000008,East Ayrshire
KA30 0,55.794246,-4.867608,S12000021,North Ayrshire,S12000021,North Ayrshire
KA30 8,55.794614,-4.869581,S12000021,North Ayrshire,S12000021,North Ayrshire
KA30 9,55.796571,-4.865832,S12000021,North Ayrshire,S12000021,North Ayrshire
KA4  8,55.601097,-4.381664,S12000008,East Ayrshire,S12000008,East Ayrshire
KA5  5,55.515582,-4.378663,S12000008,East Ayrshire,S12000008,East Ayrshire
KA5  6,55.512533,-4.375074,S12000008,East Ayrshire,S12000008,East Ayrshire
KA6  5,55.475818,-4.581754,S12000028,South Ayrshire,S12000028,South Ayrshire
KA6  6,55.438967,-4.592295,S12000028,South Ayrshire,S12000028,South Ayrshire
KA6  7,55.436897,-4.461035,S12000008,East Ayrshire,S12000008,East Ayrshire
KA7  1,55.462703,-4.633641,S12000028,South Ayrshire,S12000028,South Ayrshire
KA7  2,55.459545,-4.635424,S12000028,South Ayrshire,S12000028,South Ayrshire
KA7  3,55.456764,-4.623074,S12000028,South Ayrshire,S12000028,South Ayrshire
KA7  4,55.450325,-4.641562,S12000028,South Ayrshire,S12000028,South Ayrshire
KA7  9,55.462655,-4.633322,S12000028,South Ayrshire,S12000028,South Ayrshire
KA8  0,55.468019,-4.607446,S12000028,South Ayrshire,S12000028,South Ayrshire
KA8  8,55.467307,-4.635641,S12000028,South Ayrshire,S12000028,South Ayrshire
KA8  9,55.473051,-4.623049,S12000028,South Ayrshire,S12000028,South Ayrshire
KA9  1,55.501144,-4.610729,S12000028,South Ayrshire,S12000028,South Ayrshire
KA9  2,55.484804,-4.614032,S12000028,South Ayrshire,S12000028,South Ayrshire
KA9  9,55.50161,-4.611187,S12000028,South Ayrshire,S12000028,South Ayrshire
KT1  1,51.408687,-0.304444,E09000021,Kingston upon Thames,E09000021,Kingston upon Thames
KT1  2,51.408672,-0.305235,E09000021,Kingston upon Thames,E09000021,Kingston upon Thames
KT1  3,51.410971,-0.288973,E09000021,Kingston upon Thames,E09000021,Kingston upon Thames
KT1  4,51.409578,-0.310033,E09000027,Richmond upon Thames,E09000027,Richmond upon Thames
KT1  9,51.404724,-0.292815,E09000021,Kingston upon Thames,E09000021,Kingston upon Thames
KT10 0,51.376586,-0.337269,E07000207,Elmbridge,E10000030,Surrey
KT10 1,51.369932,-0.365396,E07000207,Elmbridge,E10000030,Surrey
KT10 8,51.370498,-0.366008,E07000207,Elmbridge,E10000030,Surrey
KT10 9,51.376106,-0.356124,E07000207,Elmbridge,E10000030,Surrey
KT11 1,51.329539,-0.413898,E07000207,Elmbridge,E10000030,Surrey
KT11 2,51.328554,-0.408263,E07000207,Elmbridge,E10000030,Surrey
KT11 3,51.323359,-0.387403,E07000207,Elmbridge,E10000030,Surrey
KT11 9,51.329081,-0.410642,E07000207,Elmbridge,E10000030,Surrey
KT12 1,51.386665,-0.420363,E07000207,Elmbridge,E10000030,Surrey
KT12 2,51.38441,-0.405868,E07000207,Elmbridge,E10000030,Surrey
KT12 3,51.37736,-0.406587,E07000207,Elmbridge,E10000030,Surrey
KT12 4,51.364589,-0.401169,E07000207,Elmbridge,E10000030,Surrey
KT12 5,51.368736,-0.430533,E07000207,Elmbridge,E10000030,Surrey
KT12 9,51.37726,-0.409795,E07000207,Elmbridge,E10000030,Surrey
KT13 0,51.366776,-0.439981,E07000207,Elmbridge,E10000030,Surrey
KT13 3,51.373411,-0.457529,E07000207,Elmbridge,E10000030,Surrey
KT13 8,51.373411,-0.457529,E07000207,Elmbridge,E10000030,Surrey
KT13 9,51.371903,-0.451602,E07000207,Elmbridge,E10000030,Surrey
KT14 6,51.334608,-0.511716,E07000217,Woking,E10000030,Surrey
KT14 7,51.33985,-0.482286,E07000217,Woking,E10000030,Surrey
KT14 9,51.346091,-0.478807,E07000207,Elmbridge,E10000030,Surrey
KT15 1,51.367193,-0.506467,E07000212,Runnymede,E10000030,Surrey
KT15 2,51.371215,-0.489139,E07000212,Runnymede,E10000030,Surrey
KT15 3,51.35201,-0.490775,E07000212,Runnymede,E10000030,Surrey
KT15 9,51.371324,-0.489221,E07000212,Runnymede,E10000030,Surrey
KT16 0,51.387935,-0.527465,E07000212,Runnymede,E10000030,Surrey
KT16 6,51.390315,-0.504593,E07000212,Runnymede,E10000030,Surrey
KT16 8,51.39157,-0.502137,E07000212,Runnymede,E10000030,Surrey
KT16 9,51.390329,-0.504938,E07000212,Runnymede,E10000030,Surrey
KT17 1,51.335321,-0.262416,E07000208,Epsom and Ewell,E10000030,Surrey
KT17 2,51.351917,-0.250615,E07000208,Epsom and Ewell,E10000030,Surrey
KT17 3,51.33655,-0.253152,E07000208,Epsom and Ewell,E10000030,Surrey
KT17 4,51.335785,-0.259728,E07000208,Epsom and Ewell,E10000030,Surrey
KT17 9,51.335321,-0.262416,E07000208,Epsom and Ewell,E10000030,Surrey
KT18 5,51.332571,-0.267386,E07000208,Epsom and Ewell,E10000030,Surrey
KT18 6,51.306046,-0.261011,E07000208,Epsom and Ewell,E10000030,Surrey
KT18 7,51.326807,-0.264948,E07000208,Epsom and Ewell,E10000030,Surrey
KT19 0,51.360479,-0.253148,E07000208,Epsom and Ewell,E10000030,Surrey
KT19 7,51.340745,-0.290611,E07000208,Epsom and Ewell,E10000030,Surrey
KT19 8,51.342793,-0.283125,E07000208,Epsom and Ewell,E10000030,Surrey
KT19 9,51.338855,-0.264852,E07000208,Epsom and Ewell,E10000030,Surrey
KT2  2,51.295192,-0.422268,E07000209,Guildford,E10000030,Surrey
KT2  5,51.413756,-0.302991,E09000021,Kingston upon Thames,E09000021,Kingston upon Thames
KT2  6,51.417117,-0.296049,E09000021,Kingston upon Thames,E09000021,Kingston upon Thames
KT2  7,51.412591,-0.28779,E09000021,Kingston upon Thames,E09000021,Kingston upon Thames
KT20 5,51.291374,-0.236581,E07000211,Reigate and Banstead,E10000030,Surrey
KT20 6,51.306409,-0.219907,E07000211,Reigate and Banstead,E10000030,Surrey
KT20 7,51.268756,-0.212761,E07000211,Reigate and Banstead,E10000030,Surrey
KT20 9,51.292208,-0.237022,E07000211,Reigate and Banstead,E10000030,Surrey
KT21 1,51.310347,-0.298498,E07000210,Mole Valley,E10000030,Surrey
KT21 2,51.306248,-0.317258,E07000210,Mole Valley,E10000030,Surrey
KT21 9,51.309368,-0.3004,E07000210,Mole Valley,E10000030,Surrey
KT22 0,51.301478,-0.340945,E07000210,Mole Valley,E10000030,Surrey
KT22 2,51.296132,-0.33365,E07000210,Mole Valley,E10000030,Surrey
KT22 7,51.295888,-0.332311,E07000210,Mole Valley,E10000030,Surrey
KT22 8,51.295439,-0.329229,E07000210,Mole Valley,E10000030,Surrey
KT22 9,51.294228,-0.336975,E07000210,Mole Valley,E10000030,Surrey
KT23 3,51.279712,-0.387684,E07000210,Mole Valley,E10000030,Surrey
KT23 4,51.278778,-0.373436,E07000210,Mole Valley,E10000030,Surrey
KT24 5,51.268211,-0.430747,E07000209,Guildford,E10000030,Surrey
KT24 6,51.262874,-0.433767,E07000209,Guildford,E10000030,Surrey
KT24 7,51.287788,-0.406747,E07000209,Guildford,E10000030,Surrey
KT24 9,51.265198,-0.432039,E07000209,Guildford,E10000030,Surrey
KT3  3,51.402843,-0.259098,E09000021,Kingston upon Thames,E09000021,Kingston upon Thames
KT3  4,51.401546,-0.252318,E09000021,Kingston upon Thames,E09000021,Kingston upon Thames
KT3  5,51.398129,-0.258989,E09000021,Kingston upon Thames,E09000021,Kingston upon Thames
KT3  6,51.39718,-0.25569,E09000021,Kingston upon Thames,E09000021,Kingston upon Thames
KT3  9,51.399483,-0.255128,E09000021,Kingston upon Thames,E09000021,Kingston upon Thames
KT4  7,51.378161,-0.24427,E09000029,Sutton,E09000029,Sutton
KT4  8,51.379884,-0.24281,E09000029,Sutton,E09000029,Sutton
KT4  9,51.380218,-0.243487,E09000029,Sutton,E09000029,Sutton
KT5  8,51.395778,-0.29733,E09000021,Kingston upon Thames,E09000021,Kingston upon Thames
KT5  9,51.387444,-0.289418,E09000021,Kingston upon Thames,E09000021,Kingston upon Thames
KT6  4,51.392366,-0.310681,E09000021,Kingston upon Thames,E09000021,Kingston upon Thames
KT6  5,51.380798,-0.301162,E09000021,Kingston upon Thames,E09000021,Kingston upon Thames
KT6  6,51.395176,-0.298546,E09000021,Kingston upon Thames,E09000021,Kingston upon Thames
KT6  7,51.385351,-0.295116,E09000021,Kingston upon Thames,E09000021,Kingston upon Thames
KT7  0,51.383506,-0.321814,E07000207,Elmbridge,E10000030,Surrey
KT8  0,51.397487,-0.348875,E07000207,Elmbridge,E10000030,Surrey
KT8  1,51.40295,-0.364565,E07000207,Elmbridge,E10000030,Surrey
KT8  2,51.396222,-0.377355,E07000207,Elmbridge,E10000030,Surrey
KT8  8,51.402925,-0.369857,E07000207,Elmbridge,E10000030,Surrey
KT8  9,51.398998,-0.343157,E07000207,Elmbridge,E10000030,Surrey
KT9  1,51.367473,-0.305663,E09000021,Kingston upon Thames,E09000021,Kingston upon Thames
KT9  2,51.363843,-0.29531,E09000021,Kingston upon Thames,E09000021,Kingston upon Thames
KT9  9,51.367413,-0.305823,E09000021,Kingston upon Thames,E09000021,Kingston upon Thames
KW1  4,58.445375,-3.094157,S12000017,Highland,S12000017,Highland
KW1  5,58.440727,-3.095794,S12000017,Highland,S12000017,Highland
KW1  9,58.442269,-3.090789,S12000017,Highland,S12000017,Highland
KW10 6,57.972714,-3.978597,S12000017,Highland,S12000017,Highland
KW11 6,58.387807,-4.211411,S12000017,Highland,S12000017,Highland
KW12 6,58.515155,-3.493496,S12000017,Highland,S12000017,Highland
KW13 6,58.521176,-3.891104,S12000017,Highland,S12000017,Highland
KW14 7,58.593285,-3.523219,S12000017,Highland,S12000017,Highland
KW14 8,58.595122,-3.51984,S12000017,Highland,S12000017,Highland
KW14 9,58.593311,-3.521843,S12000017,Highland,S12000017,Highland
KW15 1,58.983303,-2.960726,S12000023,Orkney Islands,S12000023,Orkney Islands
KW15 9,58.983188,-2.960514,S12000023,Orkney Islands,S12000023,Orkney Islands
KW16 3,58.963333,-3.297683,S12000023,Orkney Islands,S12000023,Orkney Islands
KW16 9,58.9629,-3.298762,S12000023,Orkney Islands,S12000023,Orkney Islands
KW17 2,59.161963,-2.767379,S12000023,Orkney Islands,S12000023,Orkney Islands
KW2  6,58.350491,-3.164246,S12000017,Highland,S12000017,Highland
KW3  6,58.310194,-3.285684,S12000017,Highland,S12000017,Highland
KW5  6,58.28831,-3.344419,S12000017,Highland,S12000017,Highland
KW6  6,58.245981,-3.438715,S12000017,Highland,S12000017,Highland
KW7  6,58.201629,-3.482301,S12000017,Highland,S12000017,Highland
KW8  6,58.116928,-3.664306,S12000017,Highland,S12000017,Highland
KW9  6,58.010485,-3.855664,S12000017,Highland,S12000017,Highland
KY1  1,56.111688,-3.160651,S12000047,Fife,S12000047,Fife
KY1  2,56.12226,-3.141796,S12000047,Fife,S12000047,Fife
KY1  3,56.129516,-3.136412,S12000047,Fife,S12000047,Fife
KY1  4,56.165519,-3.15184,S12000047,Fife,S12000047,Fife
KY10 2,56.205173,-2.764284,S12000047,Fife,S12000047,Fife
KY10 3,56.222206,-2.695991,S12000047,Fife,S12000047,Fife
KY10 9,56.222775,-2.706516,S12000047,Fife,S12000047,Fife
KY11 1,56.031089,-3.399089,S12000047,Fife,S12000047,Fife
KY11 2,56.028378,-3.435593,S12000047,Fife,S12000047,Fife
KY11 3,56.064241,-3.454657,S12000047,Fife,S12000047,Fife
KY11 4,56.068146,-3.441938,S12000047,Fife,S12000047,Fife
KY11 5,56.058156,-3.440232,S12000047,Fife,S12000047,Fife
KY11 7,56.081577,-3.394491,S12000047,Fife,S12000047,Fife
KY11 8,56.058165,-3.440264,S12000047,Fife,S12000047,Fife
KY11 9,56.027608,-3.368908,S12000047,Fife,S12000047,Fife
KY12 0,56.074955,-3.449791,S12000047,Fife,S12000047,Fife
KY12 2,56.068245,-3.449587,S12000047,Fife,S12000047,Fife
KY12 7,56.072089,-3.461138,S12000047,Fife,S12000047,Fife
KY12 8,56.072928,-3.47219,S12000047,Fife,S12000047,Fife
KY12 9,56.077121,-3.464172,S12000047,Fife,S12000047,Fife
KY13 0,56.204626,-3.46405,S12000048,Perth and Kinross,S12000048,Perth and Kinross
KY13 3,56.204367,-3.420805,S12000048,Perth and Kinross,S12000048,Perth and Kinross
KY13 4,56.338015,-3.007049,S12000047,Fife,S12000047,Fife
KY13 7,56.205289,-3.421081,S12000048,Perth and Kinross,S12000048,Perth and Kinross
KY13 8,56.205234,-3.421175,S12000048,Perth and Kinross,S12000048,Perth and Kinross
KY13 9,56.182843,-3.324018,S12000048,Perth and Kinross,S12000048,Perth and Kinross
KY14 6,56.349437,-3.24058,S12000047,Fife,S12000047,Fife
KY14 7,56.293975,-3.235001,S12000047,Fife,S12000047,Fife
KY15 4,56.319897,-3.020913,S12000047,Fife,S12000047,Fife
KY15 5,56.317818,-3.022377,S12000047,Fife,S12000047,Fife
KY15 7,56.255191,-3.196127,S12000047,Fife,S12000047,Fife
KY15 9,56.317765,-3.012449,S12000047,Fife,S12000047,Fife
KY16 0,56.375057,-2.893602,S12000047,Fife,S12000047,Fife
KY16 6,56.332651,-2.802899,S12000047,Fife,S12000047,Fife
KY16 8,56.335913,-2.800056,S12000047,Fife,S12000047,Fife
KY16 9,56.340796,-2.795192,S12000047,Fife,S12000047,Fife
KY2  5,56.120033,-3.161867,S12000047,Fife,S12000047,Fife
KY2  6,56.121645,-3.176714,S12000047,Fife,S12000047,Fife
KY2  9,56.111849,-3.172218,S12000047,Fife,S12000047,Fife
KY3  0,56.066179,-3.242757,S12000047,Fife,S12000047,Fife
KY3  3,56.059347,-3.234973,S12000047,Fife,S12000047,Fife
KY3  9,56.059317,-3.234346,S12000047,Fife,S12000047,Fife
KY4  0,56.133371,-3.37976,S12000047,Fife,S12000047,Fife
KY4  8,56.121295,-3.323125,S12000047,Fife,S12000047,Fife
KY4  9,56.115825,-3.342076,S12000047,Fife,S12000047,Fife
KY5  0,56.139545,-3.284711,S12000047,Fife,S12000047,Fife
KY5  5,56.127902,-3.310225,S12000047,Fife,S12000047,Fife
KY5  8,56.140679,-3.319462,S12000047,Fife,S12000047,Fife
KY5  9,56.12547,-3.310721,S12000047,Fife,S12000047,Fife
KY6  1,56.194766,-3.193488,S12000047,Fife,S12000047,Fife
KY6  2,56.194204,-3.18551,S12000047,Fife,S12000047,Fife
KY6  3,56.201812,-3.210889,S12000047,Fife,S12000047,Fife
KY7  4,56.18943,-3.159259,S12000047,Fife,S12000047,Fife
KY7  5,56.193479,-3.150002,S12000047,Fife,S12000047,Fife
KY7  6,56.20251,-3.135411,S12000047,Fife,S12000047,Fife
KY7  7,56.255191,-3.196127,S12000047,Fife,S12000047,Fife
KY7  9,56.187808,-3.147254,S12000047,Fife,S12000047,Fife
KY8  1,56.171287,-3.03196,S12000047,Fife,S12000047,Fife
KY8  2,56.19036,-3.016891,S12000047,Fife,S12000047,Fife
KY8  3,56.189733,-3.008979,S12000047,Fife,S12000047,Fife
KY8  4,56.197842,-3.00729,S12000047,Fife,S12000047,Fife
KY8  5,56.203586,-3.001476,S12000047,Fife,S12000047,Fife
KY8  6,56.212341,-2.947483,S12000047,Fife,S12000047,Fife
KY8  9,56.200992,-3.0144,S12000047,Fife,S12000047,Fife
KY9  1,56.188598,-2.836075,S12000047,Fife,S12000047,Fife
KY99 0,56.050546,-3.433301,S12000047,Fife,S12000047,Fife
KY99 1,56.050546,-3.433301,S12000047,Fife,S12000047,Fife
KY99 2,56.050546,-3.433301,S12000047,Fife,S12000047,Fife
KY99 3,56.050546,-3.433301,S12000047,Fife,S12000047,Fife
KY99 4,56.065791,-3.455037,S12000047,Fife,S12000047,Fife
KY99 5,56.050546,-3.433301,S12000047,Fife,S12000047,Fife
KY99 6,56.050546,-3.433301,S12000047,Fife,S12000047,Fife
KY99 7,56.050546,-3.433301,S12000047,Fife,S12000047,Fife
KY99 8,56.050546,-3.433301,S12000047,Fife,S12000047,Fife
KY99 9,56.050546,-3.433301,S12000047,Fife,S12000047,Fife
L1   0,53.396744,-2.981033,E08000012,Liverpool,E08000012,Liverpool
L1   1,53.406228,-2.98089,E08000012,Liverpool,E08000012,Liverpool
L1   2,53.380332,-2.976431,E08000012,Liverpool,E08000012,Liverpool
L1   3,53.404988,-2.985209,E08000012,Liverpool,E08000012,Liverpool
L1   4,53.402704,-2.985306,E08000012,Liverpool,E08000012,Liverpool
L1   5,53.401617,-2.981927,E08000012,Liverpool,E08000012,Liverpool
L1   6,53.407623,-2.987285,E08000012,Liverpool,E08000012,Liverpool
L1   7,53.399248,-2.976037,E08000012,Liverpool,E08000012,Liverpool
L1   8,53.399177,-2.986774,E08000012,Liverpool,E08000012,Liverpool
L1   9,53.401379,-2.973709,E08000012,Liverpool,E08000012,Liverpool
L10  0,53.469553,-2.915265,E08000011,Knowsley,E08000011,Knowsley
L10  1,53.474069,-2.922941,E08000012,Liverpool,E08000012,Liverpool
L10  2,53.485597,-2.948796,E08000014,Sefton,E08000014,Sefton
L10  3,53.486259,-2.949232,E08000014,Sefton,E08000014,Sefton
L10  4,53.465853,-2.912519,E08000011,Knowsley,E08000011,Knowsley
L10  5,53.459661,-2.908832,E08000012,Liverpool,E08000012,Liverpool
L10  6,53.483382,-2.937896,E08000014,Sefton,E08000014,Sefton
L10  7,53.465694,-2.916764,E08000012,Liverpool,E08000012,Liverpool
L10  8,53.478632,-2.923446,E08000014,Sefton,E08000014,Sefton
L10  9,53.467317,-2.92665,E08000012,Liverpool,E08000012,Liverpool
L11  0,53.460428,-2.898892,E08000012,Liverpool,E08000012,Liverpool
L11  1,53.440289,-2.91837,E08000012,Liverpool,E08000012,Liverpool
L11  2,53.441448,-2.916031,E08000012,Liverpool,E08000012,Liverpool
L11  3,53.449959,-2.919753,E08000012,Liverpool,E08000012,Liverpool
L11  4,53.449461,-2.897788,E08000012,Liverpool,E08000012,Liverpool
L11  5,53.443193,-2.929874,E08000012,Liverpool,E08000012,Liverpool
L11  6,53.459509,-2.89071,E08000012,Liverpool,E08000012,Liverpool
L11  7,53.444053,-2.932618,E08000012,Liverpool,E08000012,Liverpool
L11  8,53.429668,-2.904926,E08000012,Liverpool,E08000012,Liverpool
L11  9,53.448665,-2.910284,E08000012,Liverpool,E08000012,Liverpool
L12  0,53.440627,-2.885528,E08000012,Liverpool,E08000012,Liverpool
L12  1,53.429612,-2.905166,E08000012,Liverpool,E08000012,Liverpool
L12  2,53.429668,-2.904926,E08000012,Liverpool,E08000012,Liverpool
L12  3,53.420227,-2.889648,E08000012,Liverpool,E08000012,Liverpool
L12  4,53.436728,-2.893575,E08000012,Liverpool,E08000012,Liverpool
L12  5,53.435122,-2.907526,E08000012,Liverpool,E08000012,Liverpool
L12  6,53.432519,-2.87696,E08000012,Liverpool,E08000012,Liverpool
L12  7,53.427245,-2.916207,E08000012,Liverpool,E08000012,Liverpool
L12  8,53.429082,-2.90517,E08000012,Liverpool,E08000012,Liverpool
L12  9,53.427092,-2.89849,E08000012,Liverpool,E08000012,Liverpool
L13  0,53.435716,-2.929636,E08000012,Liverpool,E08000012,Liverpool
L13  1,53.410211,-2.919692,E08000012,Liverpool,E08000012,Liverpool
L13  2,53.414167,-2.920756,E08000012,Liverpool,E08000012,Liverpool
L13  3,53.415803,-2.920701,E08000012,Liverpool,E08000012,Liverpool
L13  4,53.410302,-2.912564,E08000012,Liverpool,E08000012,Liverpool
L13  5,53.420603,-2.907773,E08000012,Liverpool,E08000012,Liverpool
L13  6,53.414626,-2.914808,E08000012,Liverpool,E08000012,Liverpool
L13  7,53.42209,-2.930663,E08000012,Liverpool,E08000012,Liverpool
L13  8,53.424353,-2.93443,E08000012,Liverpool,E08000012,Liverpool
L13  9,53.428721,-2.929935,E08000012,Liverpool,E08000012,Liverpool
L14  0,53.41899,-2.875854,E08000012,Liverpool,E08000012,Liverpool
L14  1,53.418173,-2.903523,E08000012,Liverpool,E08000012,Liverpool
L14  2,53.422234,-2.877155,E08000012,Liverpool,E08000012,Liverpool
L14  3,53.406549,-2.896433,E08000012,Liverpool,E08000012,Liverpool
L14  4,53.429729,-2.87612,E08000012,Liverpool,E08000012,Liverpool
L14  5,53.418933,-2.899281,E08000012,Liverpool,E08000012,Liverpool
L14  6,53.410964,-2.878097,E08000011,Knowsley,E08000011,Knowsley
L14  7,53.409281,-2.890578,E08000011,Knowsley,E08000011,Knowsley
L14  8,53.425114,-2.863113,E08000011,Knowsley,E08000011,Knowsley
L14  9,53.422264,-2.866968,E08000011,Knowsley,E08000011,Knowsley
L15  0,53.396064,-2.92993,E08000012,Liverpool,E08000012,Liverpool
L15  1,53.399856,-2.930178,E08000012,Liverpool,E08000012,Liverpool
L15  2,53.396025,-2.929237,E08000012,Liverpool,E08000012,Liverpool
L15  3,53.390363,-2.927911,E08000012,Liverpool,E08000012,Liverpool
L15  4,53.401585,-2.93199,E08000012,Liverpool,E08000012,Liverpool
L15  5,53.396015,-2.929312,E08000012,Liverpool,E08000012,Liverpool
L15  6,53.398121,-2.916198,E08000012,Liverpool,E08000012,Liverpool
L15  7,53.40173,-2.906228,E08000012,Liverpool,E08000012,Liverpool
L15  8,53.397934,-2.917187,E08000012,Liverpool,E08000012,Liverpool
L15  9,53.389817,-2.914802,E08000012,Liverpool,E08000012,Liverpool
L16  0,53.387614,-2.886322,E08000012,Liverpool,E08000012,Liverpool
L16  1,53.403827,-2.889065,E08000012,Liverpool,E08000012,Liverpool
L16  2,53.399753,-2.867323,E08000011,Knowsley,E08000011,Knowsley
L16  3,53.406584,-2.879706,E08000011,Knowsley,E08000011,Knowsley
L16  4,53.399778,-2.895554,E08000012,Liverpool,E08000012,Liverpool
L16  5,53.399036,-2.885386,E08000012,Liverpool,E08000012,Liverpool
L16  6,53.404585,-2.898317,E08000012,Liverpool,E08000012,Liverpool
L16  7,53.396015,-2.929312,E08000012,Liverpool,E08000012,Liverpool
L16  8,53.390072,-2.898929,E08000012,Liverpool,E08000012,Liverpool
L16  9,53.392931,-2.892883,E08000012,Liverpool,E08000012,Liverpool
L17  0,53.370429,-2.929867,E08000012,Liverpool,E08000012,Liverpool
L17  1,53.389064,-2.935461,E08000012,Liverpool,E08000012,Liverpool
L17  2,53.389765,-2.936559,E08000012,Liverpool,E08000012,Liverpool
L17  3,53.384326,-2.945896,E08000012,Liverpool,E08000012,Liverpool
L17  4,53.381733,-2.942922,E08000012,Liverpool,E08000012,Liverpool
L17  5,53.373093,-2.937486,E08000012,Liverpool,E08000012,Liverpool
L17  6,53.368304,-2.927927,E08000012,Liverpool,E08000012,Liverpool
L17  7,53.381327,-2.947724,E08000012,Liverpool,E08000012,Liverpool
L17  8,53.380746,-2.950658,E08000012,Liverpool,E08000012,Liverpool
L17  9,53.381281,-2.947768,E08000012,Liverpool,E08000012,Liverpool
L18  0,53.390172,-2.907141,E08000012,Liverpool,E08000012,Liverpool
L18  1,53.389391,-2.918747,E08000012,Liverpool,E08000012,Liverpool
L18  2,53.389094,-2.898682,E08000012,Liverpool,E08000012,Liverpool
L18  3,53.379698,-2.913277,E08000012,Liverpool,E08000012,Liverpool
L18  4,53.376079,-2.916326,E08000012,Liverpool,E08000012,Liverpool
L18  5,53.38067,-2.913148,E08000012,Liverpool,E08000012,Liverpool
L18  6,53.383172,-2.906812,E08000012,Liverpool,E08000012,Liverpool
L18  7,53.377804,-2.904668,E08000012,Liverpool,E08000012,Liverpool
L18  8,53.379698,-2.913277,E08000012,Liverpool,E08000012,Liverpool
L18  9,53.372349,-2.892633,E08000012,Liverpool,E08000012,Liverpool
L19  0,53.360763,-2.919694,E08000012,Liverpool,E08000012,Liverpool
L19  1,53.360927,-2.905317,E08000012,Liverpool,E08000012,Liverpool
L19  2,53.354293,-2.900519,E08000012,Liverpool,E08000012,Liverpool
L19  3,53.366825,-2.92277,E08000012,Liverpool,E08000012,Liverpool
L19  4,53.368218,-2.890848,E08000012,Liverpool,E08000012,Liverpool
L19  5,53.358567,-2.907205,E08000012,Liverpool,E08000012,Liverpool
L19  6,53.357751,-2.898533,E08000012,Liverpool,E08000012,Liverpool
L19  7,53.362874,-2.898686,E08000012,Liverpool,E08000012,Liverpool
L19  8,53.347622,-2.89111,E08000012,Liverpool,E08000012,Liverpool
L19  9,53.358567,-2.907205,E08000012,Liverpool,E08000012,Liverpool
L2   0,53.406088,-2.993492,E08000012,Liverpool,E08000012,Liverpool
L2   1,53.405506,-2.989959,E08000012,Liverpool,E08000012,Liverpool
L2   2,53.40788,-2.989894,E08000012,Liverpool,E08000012,Liverpool
L2   3,53.407719,-2.990793,E08000012,Liverpool,E08000012,Liverpool
L2   4,53.405845,-2.989154,E08000012,Liverpool,E08000012,Liverpool
L2   5,53.406819,-2.988831,E08000012,Liverpool,E08000012,Liverpool
L2   6,53.405452,-2.986709,E08000012,Liverpool,E08000012,Liverpool
L2   7,53.405787,-2.990778,E08000012,Liverpool,E08000012,Liverpool
L2   8,53.406311,-2.993723,E08000012,Liverpool,E08000012,Liverpool
L2   9,53.405891,-2.989065,E08000012,Liverpool,E08000012,Liverpool
L20  0,53.450599,-2.991413,E08000014,Sefton,E08000014,Sefton
L20  1,53.450394,-2.992312,E08000014,Sefton,E08000014,Sefton
L20  2,53.442251,-2.987847,E08000014,Sefton,E08000014,Sefton
L20  3,53.445341,-2.988129,E08000014,Sefton,E08000014,Sefton
L20  4,53.438432,-2.996459,E08000012,Liverpool,E08000012,Liverpool
L20  5,53.45577,-2.992242,E08000014,Sefton,E08000014,Sefton
L20  6,53.460328,-2.984606,E08000014,Sefton,E08000014,Sefton
L20  7,53.447273,-2.994769,E08000014,Sefton,E08000014,Sefton
L20  8,53.44473,-2.994619,E08000014,Sefton,E08000014,Sefton
L20  9,53.450687,-2.981929,E08000014,Sefton,E08000014,Sefton
L21  0,53.481813,-2.98985,E08000014,Sefton,E08000014,Sefton
L21  1,53.464995,-3.005968,E08000014,Sefton,E08000014,Sefton
L21  2,53.46825,-3.006874,E08000014,Sefton,E08000014,Sefton
L21  3,53.465828,-3.006289,E08000014,Sefton,E08000014,Sefton
L21  4,53.463348,-3.008309,E08000014,Sefton,E08000014,Sefton
L21  5,53.472474,-2.989784,E08000014,Sefton,E08000014,Sefton
L21  6,53.465836,-3.003232,E08000014,Sefton,E08000014,Sefton
L21  7,53.469219,-2.969084,E08000014,Sefton,E08000014,Sefton
L21  8,53.461059,-3.001553,E08000014,Sefton,E08000014,Sefton
L21  9,53.471271,-3.000317,E08000014,Sefton,E08000014,Sefton
L22  0,53.474437,-3.021394,E08000014,Sefton,E08000014,Sefton
L22  1,53.472584,-3.020475,E08000014,Sefton,E08000014,Sefton
L22  2,53.475609,-3.027268,E08000014,Sefton,E08000014,Sefton
L22  3,53.474158,-3.018238,E08000014,Sefton,E08000014,Sefton
L22  4,53.478675,-3.024042,E08000014,Sefton,E08000014,Sefton
L22  5,53.47256,-3.026411,E08000014,Sefton,E08000014,Sefton
L22  6,53.482249,-3.039001,E08000014,Sefton,E08000014,Sefton
L22  7,53.479606,-3.032819,E08000014,Sefton,E08000014,Sefton
L22  8,53.476908,-3.035104,E08000014,Sefton,E08000014,Sefton
L22  9,53.476758,-3.030565,E08000014,Sefton,E08000014,Sefton
L23  0,53.485721,-3.013587,E08000014,Sefton,E08000014,Sefton
L23  1,53.502063,-2.999744,E08000014,Sefton,E08000014,Sefton
L23  2,53.493102,-3.022957,E08000014,Sefton,E08000014,Sefton
L23  3,53.487001,-3.037339,E08000014,Sefton,E08000014,Sefton
L23  4,53.475609,-3.027268,E08000014,Sefton,E08000014,Sefton
L23  5,53.491674,-3.025998,E08000014,Sefton,E08000014,Sefton
L23  6,53.475529,-3.027145,E08000014,Sefton,E08000014,Sefton
L23  7,53.494081,-3.032522,E08000014,Sefton,E08000014,Sefton
L23  8,53.488722,-3.041043,E08000014,Sefton,E08000014,Sefton
L23  9,53.487548,-3.015439,E08000014,Sefton,E08000014,Sefton
L24  0,53.340467,-2.846699,E08000012,Liverpool,E08000012,Liverpool
L24  1,53.343617,-2.858672,E08000012,Liverpool,E08000012,Liverpool
L24  2,53.34445,-2.8338,E08000012,Liverpool,E08000012,Liverpool
L24  3,53.345857,-2.857215,E08000012,Liverpool,E08000012,Liverpool
L24  4,53.340726,-2.841763,E08000012,Liverpool,E08000012,Liverpool
L24  5,53.337064,-2.835864,E08000012,Liverpool,E08000012,Liverpool
L24  6,53.343573,-2.822803,E08000012,Liverpool,E08000012,Liverpool
L24  7,53.340694,-2.825797,E08000012,Liverpool,E08000012,Liverpool
L24  8,53.340442,-2.886034,E08000012,Liverpool,E08000012,Liverpool
L24  9,53.350443,-2.864458,E08000012,Liverpool,E08000012,Liverpool
L25  0,53.374613,-2.86585,E08000012,Liverpool,E08000012,Liverpool
L25  1,53.39788,-2.870202,E08000012,Liverpool,E08000012,Liverpool
L25  2,53.384105,-2.859577,E08000012,Liverpool,E08000012,Liverpool
L25  3,53.381504,-2.852504,E08000012,Liverpool,E08000012,Liverpool
L25  4,53.387343,-2.870544,E08000012,Liverpool,E08000012,Liverpool
L25  5,53.377311,-2.853202,E08000011,Knowsley,E08000011,Knowsley
L25  6,53.374613,-2.86585,E08000012,Liverpool,E08000012,Liverpool
L25  7,53.374613,-2.86585,E08000012,Liverpool,E08000012,Liverpool
L25  8,53.3734,-2.86336,E08000012,Liverpool,E08000012,Liverpool
L25  9,53.369225,-2.85011,E08000011,Knowsley,E08000011,Knowsley
L26  0,53.359578,-2.820813,E08000011,Knowsley,E08000011,Knowsley
L26  1,53.361124,-2.845335,E08000011,Knowsley,E08000011,Knowsley
L26  2,53.374676,-2.865821,E08000012,Liverpool,E08000012,Liverpool
L26  3,53.360713,-2.804742,E08000011,Knowsley,E08000011,Knowsley
L26  4,53.379762,-2.830567,E08000011,Knowsley,E08000011,Knowsley
L26  5,53.377603,-2.839935,E08000011,Knowsley,E08000011,Knowsley
L26  6,53.369305,-2.827282,E08000011,Knowsley,E08000011,Knowsley
L26  7,53.37057,-2.83401,E08000011,Knowsley,E08000011,Knowsley
L26  8,53.359017,-2.827864,E08000011,Knowsley,E08000011,Knowsley
L26  9,53.359392,-2.826925,E08000011,Knowsley,E08000011,Knowsley
L27  0,53.374676,-2.865821,E08000012,Liverpool,E08000012,Liverpool
L27  1,53.39325,-2.855401,E08000012,Liverpool,E08000012,Liverpool
L27  2,53.398129,-2.843091,E08000012,Liverpool,E08000012,Liverpool
L27  3,53.386855,-2.844582,E08000012,Liverpool,E08000012,Liverpool
L27  4,53.38169,-2.830018,E08000012,Liverpool,E08000012,Liverpool
L27  5,53.382345,-2.828813,E08000012,Liverpool,E08000012,Liverpool
L27  6,53.384119,-2.837372,E08000012,Liverpool,E08000012,Liverpool
L27  7,53.387237,-2.840169,E08000012,Liverpool,E08000012,Liverpool
L27  8,53.389345,-2.836963,E08000012,Liverpool,E08000012,Liverpool
L27  9,53.392144,-2.846552,E08000012,Liverpool,E08000012,Liverpool
L28  0,53.436012,-2.87503,E08000012,Liverpool,E08000012,Liverpool
L28  1,53.436067,-2.865021,E08000011,Knowsley,E08000011,Knowsley
L28  3,53.4312,-2.864245,E08000011,Knowsley,E08000011,Knowsley
L28  4,53.440126,-2.867979,E08000011,Knowsley,E08000011,Knowsley
L28  5,53.437432,-2.858922,E08000011,Knowsley,E08000011,Knowsley
L28  6,53.432013,-2.861251,E08000011,Knowsley,E08000011,Knowsley
L28  7,53.431792,-2.864498,E08000011,Knowsley,E08000011,Knowsley
L28  8,53.436015,-2.878251,E08000012,Liverpool,E08000012,Liverpool
L29  1,53.496271,-2.982785,E08000014,Sefton,E08000014,Sefton
L29  3,53.517076,-2.999525,E08000014,Sefton,E08000014,Sefton
L29  5,53.511257,-3.011617,E08000014,Sefton,E08000014,Sefton
L29  6,53.507003,-2.98617,E08000014,Sefton,E08000014,Sefton
L29  7,53.506529,-2.982525,E08000014,Sefton,E08000014,Sefton
L29  8,53.51074,-3.001562,E08000014,Sefton,E08000014,Sefton
L29  9,53.501193,-2.974487,E08000014,Sefton,E08000014,Sefton
L3   0,53.40941,-2.999271,E08000012,Liverpool,E08000012,Liverpool
L3   1,53.406479,-2.975495,E08000012,Liverpool,E08000012,Liverpool
L3   2,53.410255,-2.986368,E08000012,Liverpool,E08000012,Liverpool
L3   3,53.418982,-2.981003,E08000012,Liverpool,E08000012,Liverpool
L3   4,53.400018,-2.993847,E08000012,Liverpool,E08000012,Liverpool
L3   5,53.406427,-2.978503,E08000012,Liverpool,E08000012,Liverpool
L3   6,53.411302,-2.991312,E08000012,Liverpool,E08000012,Liverpool
L3   7,53.412268,-2.997202,E08000012,Liverpool,E08000012,Liverpool
L3   8,53.409688,-2.972169,E08000012,Liverpool,E08000012,Liverpool
L3   9,53.408086,-2.994291,E08000012,Liverpool,E08000012,Liverpool
L30  0,53.494708,-2.983699,E08000014,Sefton,E08000014,Sefton
L30  1,53.473071,-2.96069,E08000014,Sefton,E08000014,Sefton
L30  2,53.485206,-2.986041,E08000014,Sefton,E08000014,Sefton
L30  3,53.486361,-2.980039,E08000014,Sefton,E08000014,Sefton
L30  4,53.471885,-2.973876,E08000014,Sefton,E08000014,Sefton
L30  5,53.488478,-2.973909,E08000014,Sefton,E08000014,Sefton
L30  6,53.483439,-2.961225,E08000014,Sefton,E08000014,Sefton
L30  7,53.494723,-2.966515,E08000014,Sefton,E08000014,Sefton
L30  8,53.486374,-2.952867,E08000014,Sefton,E08000014,Sefton
L30  9,53.470022,-2.985192,E08000014,Sefton,E08000014,Sefton
L31  0,53.51589,-2.943002,E08000014,Sefton,E08000014,Sefton
L31  1,53.513032,-2.94413,E08000014,Sefton,E08000014,Sefton
L31  2,53.513133,-2.943861,E08000014,Sefton,E08000014,Sefton
L31  3,53.509705,-2.939668,E08000014,Sefton,E08000014,Sefton
L31  4,53.530264,-2.957593,E08000014,Sefton,E08000014,Sefton
L31  5,53.500438,-2.947559,E08000014,Sefton,E08000014,Sefton
L31  6,53.511534,-2.927569,E08000014,Sefton,E08000014,Sefton
L31  7,53.509044,-2.945957,E08000014,Sefton,E08000014,Sefton
L31  8,53.509673,-2.949439,E08000014,Sefton,E08000014,Sefton
L31  9,53.519639,-2.936027,E08000014,Sefton,E08000014,Sefton
L32  0,53.482774,-2.896456,E08000011,Knowsley,E08000011,Knowsley
L32  1,53.488691,-2.885277,E08000011,Knowsley,E08000011,Knowsley
L32  2,53.481342,-2.885938,E08000011,Knowsley,E08000011,Knowsley
L32  3,53.470189,-2.88328,E08000011,Knowsley,E08000011,Knowsley
L32  4,53.475477,-2.897493,E08000011,Knowsley,E08000011,Knowsley
L32  5,53.479858,-2.898158,E08000011,Knowsley,E08000011,Knowsley
L32  6,53.474217,-2.874535,E08000011,Knowsley,E08000011,Knowsley
L32  7,53.471784,-2.877845,E08000011,Knowsley,E08000011,Knowsley
L32  8,53.487914,-2.902714,E08000011,Knowsley,E08000011,Knowsley
L32  9,53.477084,-2.89046,E08000011,Knowsley,E08000011,Knowsley
L33  0,53.482591,-2.87757,E08000011,Knowsley,E08000011,Knowsley
L33  1,53.496429,-2.878188,E08000011,Knowsley,E08000011,Knowsley
L33  2,53.494407,-2.89747,E08000011,Knowsley,E08000011,Knowsley
L33  3,53.468852,-2.844416,E08000011,Knowsley,E08000011,Knowsley
L33  4,53.499766,-2.880352,E08000011,Knowsley,E08000011,Knowsley
L33  5,53.481342,-2.885938,E08000011,Knowsley,E08000011,Knowsley
L33  6,53.48383,-2.874085,E08000011,Knowsley,E08000011,Knowsley
L33  7,53.482173,-2.863336,E08000011,Knowsley,E08000011,Knowsley
L33  8,53.48749,-2.879977,E08000011,Knowsley,E08000011,Knowsley
L33  9,53.488452,-2.87008,E08000011,Knowsley,E08000011,Knowsley
L34  0,53.454432,-2.852398,E08000011,Knowsley,E08000011,Knowsley
L34  1,53.422563,-2.803666,E08000011,Knowsley,E08000011,Knowsley
L34  2,53.433995,-2.785006,E08000013,St. Helens,E08000013,St. Helens
L34  3,53.429129,-2.805717,E08000011,Knowsley,E08000011,Knowsley
L34  4,53.428643,-2.801854,E08000011,Knowsley,E08000011,Knowsley
L34  5,53.425084,-2.800328,E08000011,Knowsley,E08000011,Knowsley
L34  6,53.431001,-2.798708,E08000011,Knowsley,E08000011,Knowsley
L34  7,53.441533,-2.862377,E08000011,Knowsley,E08000011,Knowsley
L34  8,53.465314,-2.84644,E08000011,Knowsley,E08000011,Knowsley
L34  9,53.461918,-2.874975,E08000011,Knowsley,E08000011,Knowsley
L35  0,53.416774,-2.763941,E08000013,St. Helens,E08000013,St. Helens
L35  1,53.401601,-2.803602,E08000011,Knowsley,E08000011,Knowsley
L35  2,53.428733,-2.801721,E08000011,Knowsley,E08000011,Knowsley
L35  3,53.399194,-2.789841,E08000011,Knowsley,E08000011,Knowsley
L35  4,53.420978,-2.764452,E08000013,St. Helens,E08000013,St. Helens
L35  5,53.424671,-2.792209,E08000011,Knowsley,E08000011,Knowsley
L35  6,53.40822,-2.752114,E08000013,St. Helens,E08000013,St. Helens
L35  7,53.423687,-2.783342,E08000011,Knowsley,E08000011,Knowsley
L35  8,53.420879,-2.781078,E08000011,Knowsley,E08000011,Knowsley
L35  9,53.418082,-2.77713,E08000013,St. Helens,E08000013,St. Helens
L36  0,53.402313,-2.82189,E08000011,Knowsley,E08000011,Knowsley
L36  1,53.415916,-2.820136,E08000011,Knowsley,E08000011,Knowsley
L36  2,53.421218,-2.859949,E08000011,Knowsley,E08000011,Knowsley
L36  3,53.425533,-2.853656,E08000011,Knowsley,E08000011,Knowsley
L36  4,53.407707,-2.851268,E08000011,Knowsley,E08000011,Knowsley
L36  5,53.407243,-2.830289,E08000011,Knowsley,E08000011,Knowsley
L36  6,53.410501,-2.839981,E08000011,Knowsley,E08000011,Knowsley
L36  7,53.414721,-2.844517,E08000011,Knowsley,E08000011,Knowsley
L36  8,53.429179,-2.851622,E08000011,Knowsley,E08000011,Knowsley
L36  9,53.410869,-2.851572,E08000011,Knowsley,E08000011,Knowsley
L37  0,53.562477,-3.042793,E08000014,Sefton,E08000014,Sefton
L37  1,53.568663,-3.071138,E08000014,Sefton,E08000014,Sefton
L37  2,53.556497,-3.063494,E08000014,Sefton,E08000014,Sefton
L37  3,53.55849,-3.062819,E08000014,Sefton,E08000014,Sefton
L37  4,53.551947,-3.069765,E08000014,Sefton,E08000014,Sefton
L37  5,53.55263,-3.027788,E07000127,West Lancashire,E10000017,Lancashire
L37  6,53.549749,-3.062208,E08000014,Sefton,E08000014,Sefton
L37  7,53.556497,-3.063494,E08000014,Sefton,E08000014,Sefton
L37  8,53.555535,-3.057492,E08000014,Sefton,E08000014,Sefton
L37  9,53.548833,-2.989858,E07000127,West Lancashire,E10000017,Lancashire
L38  0,53.526505,-3.058096,E08000014,Sefton,E08000014,Sefton
L38  1,53.539994,-3.048171,E08000014,Sefton,E08000014,Sefton
L38  2,53.53594,-3.043137,E08000014,Sefton,E08000014,Sefton
L38  3,53.526252,-3.056189,E08000014,Sefton,E08000014,Sefton
L38  4,53.527994,-3.057439,E08000014,Sefton,E08000014,Sefton
L38  5,53.527468,-3.033319,E08000014,Sefton,E08000014,Sefton
L38  6,53.522763,-3.025285,E08000014,Sefton,E08000014,Sefton
L38  7,53.534124,-3.064577,E08000014,Sefton,E08000014,Sefton
L38  8,53.530623,-3.065048,E08000014,Sefton,E08000014,Sefton
L38  9,53.521703,-3.057282,E08000014,Sefton,E08000014,Sefton
L39  0,53.542078,-2.840018,E07000127,West Lancashire,E10000017,Lancashire
L39  1,53.574728,-2.892903,E07000127,West Lancashire,E10000017,Lancashire
L39  2,53.56723,-2.884697,E07000127,West Lancashire,E10000017,Lancashire
L39  3,53.566669,-2.886407,E07000127,West Lancashire,E10000017,Lancashire
L39  4,53.558492,-2.872528,E07000127,West Lancashire,E10000017,Lancashire
L39  5,53.553959,-2.900768,E07000127,West Lancashire,E10000017,Lancashire
L39  6,53.531824,-2.927364,E07000127,West Lancashire,E10000017,Lancashire
L39  7,53.564956,-2.967103,E07000127,West Lancashire,E10000017,Lancashire
L39  8,53.580607,-2.945454,E07000127,West Lancashire,E10000017,Lancashire
L39  9,53.571179,-2.879404,E07000127,West Lancashire,E10000017,Lancashire
L4   0,53.432433,-2.967299,E08000012,Liverpool,E08000012,Liverpool
L4   1,53.432123,-2.982208,E08000012,Liverpool,E08000012,Liverpool
L4   2,53.429938,-2.950009,E08000012,Liverpool,E08000012,Liverpool
L4   3,53.439268,-2.971338,E08000012,Liverpool,E08000012,Liverpool
L4   4,53.436092,-2.969505,E08000012,Liverpool,E08000012,Liverpool
L4   5,53.438247,-2.965324,E08000012,Liverpool,E08000012,Liverpool
L4   6,53.446342,-2.965793,E08000012,Liverpool,E08000012,Liverpool
L4   7,53.437998,-2.946952,E08000012,Liverpool,E08000012,Liverpool
L4   8,53.437231,-2.939379,E08000012,Liverpool,E08000012,Liverpool
L4   9,53.444053,-2.940568,E08000012,Liverpool,E08000012,Liverpool
L40  0,53.609251,-2.844873,E07000127,West Lancashire,E10000017,Lancashire
L40  1,53.631696,-2.820324,E07000127,West Lancashire,E10000017,Lancashire
L40  2,53.635802,-2.752103,E07000118,Chorley,E10000017,Lancashire
L40  3,53.625845,-2.76741,E07000118,Chorley,E10000017,Lancashire
L40  4,53.606903,-2.840095,E07000127,West Lancashire,E10000017,Lancashire
L40  5,53.595839,-2.831052,E07000127,West Lancashire,E10000017,Lancashire
L40  6,53.571314,-2.879391,E07000127,West Lancashire,E10000017,Lancashire
L40  7,53.598714,-2.851568,E07000127,West Lancashire,E10000017,Lancashire
L40  8,53.589658,-2.864816,E07000127,West Lancashire,E10000017,Lancashire
L40  9,53.623804,-2.915727,E07000127,West Lancashire,E10000017,Lancashire
L41  0,53.399534,-3.048236,E08000015,Wirral,E08000015,Wirral
L41  1,53.390253,-3.019739,E08000015,Wirral,E08000015,Wirral
L41  2,53.398724,-3.038139,E08000015,Wirral,E08000015,Wirral
L41  3,53.39973,-3.02568,E08000015,Wirral,E08000015,Wirral
L41  4,53.392566,-3.022501,E08000015,Wirral,E08000015,Wirral
L41  5,53.39082,-3.016444,E08000015,Wirral,E08000015,Wirral
L41  6,53.390795,-3.019451,E08000015,Wirral,E08000015,Wirral
L41  7,53.401319,-3.049784,E08000015,Wirral,E08000015,Wirral
L41  8,53.397498,-3.044727,E08000015,Wirral,E08000015,Wirral
L41  9,53.384503,-3.019301,E08000015,Wirral,E08000015,Wirral
L42  0,53.386198,-3.03137,E08000015,Wirral,E08000015,Wirral
L42  1,53.379175,-3.011657,E08000015,Wirral,E08000015,Wirral
L42  2,53.37115,-3.003952,E08000015,Wirral,E08000015,Wirral
L42  3,53.377352,-3.01462,E08000015,Wirral,E08000015,Wirral
L42  4,53.369285,-3.001203,E08000015,Wirral,E08000015,Wirral
L42  5,53.385376,-3.022329,E08000015,Wirral,E08000015,Wirral
L42  6,53.375477,-3.023595,E08000015,Wirral,E08000015,Wirral
L42  7,53.380844,-3.02673,E08000015,Wirral,E08000015,Wirral
L42  8,53.370159,-3.03985,E08000015,Wirral,E08000015,Wirral
L42  9,53.383475,-3.034311,E08000015,Wirral,E08000015,Wirral
L43  0,53.370669,-3.059552,E08000015,Wirral,E08000015,Wirral
L43  1,53.387186,-3.046835,E08000015,Wirral,E08000015,Wirral
L43  2,53.378923,-3.055322,E08000015,Wirral,E08000015,Wirral
L43  3,53.366366,-3.068312,E08000015,Wirral,E08000015,Wirral
L43  4,53.388593,-3.035036,E08000015,Wirral,E08000015,Wirral
L43  5,53.384348,-3.037339,E08000015,Wirral,E08000015,Wirral
L43  6,53.386873,-3.056947,E08000015,Wirral,E08000015,Wirral
L43  7,53.408098,-3.075825,E08000015,Wirral,E08000015,Wirral
L43  8,53.39327,-3.045075,E08000015,Wirral,E08000015,Wirral
L43  9,53.40524,-3.113057,E08000015,Wirral,E08000015,Wirral
L44  0,53.416741,-3.033613,E08000015,Wirral,E08000015,Wirral
L44  1,53.420244,-3.044231,E08000015,Wirral,E08000015,Wirral
L44  2,53.419306,-3.048722,E08000015,Wirral,E08000015,Wirral
L44  3,53.415698,-3.050138,E08000015,Wirral,E08000015,Wirral
L44  4,53.40946,-3.043967,E08000015,Wirral,E08000015,Wirral
L44  5,53.415462,-3.047333,E08000015,Wirral,E08000015,Wirral
L44  6,53.410566,-3.019923,E08000015,Wirral,E08000015,Wirral
L44  7,53.409616,-3.025918,E08000015,Wirral,E08000015,Wirral
L44  8,53.417627,-3.035139,E08000015,Wirral,E08000015,Wirral
L44  9,53.414969,-3.030561,E08000015,Wirral,E08000015,Wirral
L45  0,53.429031,-3.067022,E08000015,Wirral,E08000015,Wirral
L45  1,53.432753,-3.038426,E08000015,Wirral,E08000015,Wirral
L45  2,53.440028,-3.04321,E08000015,Wirral,E08000015,Wirral
L45  3,53.421909,-3.059319,E08000015,Wirral,E08000015,Wirral
L45  4,53.423455,-3.04917,E08000015,Wirral,E08000015,Wirral
L45  5,53.421687,-3.043664,E08000015,Wirral,E08000015,Wirral
L45  6,53.422821,-3.057837,E08000015,Wirral,E08000015,Wirral
L45  7,53.422068,-3.041266,E08000015,Wirral,E08000015,Wirral
L45  8,53.427194,-3.071491,E08000015,Wirral,E08000015,Wirral
L45  9,53.433672,-3.050581,E08000015,Wirral,E08000015,Wirral
L46  0,53.40076,-3.111436,E08000015,Wirral,E08000015,Wirral
L46  1,53.413482,-3.096723,E08000015,Wirral,E08000015,Wirral
L46  2,53.414422,-3.092233,E08000015,Wirral,E08000015,Wirral
L46  3,53.420795,-3.083368,E08000015,Wirral,E08000015,Wirral
L46  4,53.412331,-3.123774,E08000015,Wirral,E08000015,Wirral
L46  5,53.39694,-3.1354,E08000015,Wirral,E08000015,Wirral
L46  6,53.400661,-3.112487,E08000015,Wirral,E08000015,Wirral
L46  7,53.40517,-3.120577,E08000015,Wirral,E08000015,Wirral
L46  8,53.404355,-3.11153,E08000015,Wirral,E08000015,Wirral
L46  9,53.404632,-3.081453,E08000015,Wirral,E08000015,Wirral
L47  0,53.398403,-3.170031,E08000015,Wirral,E08000015,Wirral
L47  1,53.392863,-3.184918,E08000015,Wirral,E08000015,Wirral
L47  2,53.390129,-3.179579,E08000015,Wirral,E08000015,Wirral
L47  3,53.400171,-3.173088,E08000015,Wirral,E08000015,Wirral
L47  4,53.391125,-3.178854,E08000015,Wirral,E08000015,Wirral
L47  5,53.396576,-3.172989,E08000015,Wirral,E08000015,Wirral
L47  6,53.401173,-3.162587,E08000015,Wirral,E08000015,Wirral
L47  7,53.40484,-3.155165,E08000015,Wirral,E08000015,Wirral
L47  8,53.400347,-3.155044,E08000015,Wirral,E08000015,Wirral
L47  9,53.395971,-3.151105,E08000015,Wirral,E08000015,Wirral
L48  0,53.373092,-3.184369,E08000015,Wirral,E08000015,Wirral
L48  1,53.366109,-3.163135,E08000015,Wirral,E08000015,Wirral
L48  2,53.36692,-3.172175,E08000015,Wirral,E08000015,Wirral
L48  3,53.365977,-3.176658,E08000015,Wirral,E08000015,Wirral
L48  4,53.373122,-3.181364,E08000015,Wirral,E08000015,Wirral
L48  5,53.376701,-3.182966,E08000015,Wirral,E08000015,Wirral
L48  6,53.37682,-3.170943,E08000015,Wirral,E08000015,Wirral
L48  7,53.372341,-3.169318,E08000015,Wirral,E08000015,Wirral
L48  8,53.370573,-3.166263,E08000015,Wirral,E08000015,Wirral
L48  9,53.373328,-3.160326,E08000015,Wirral,E08000015,Wirral
L49  0,53.387529,-3.084027,E08000015,Wirral,E08000015,Wirral
L49  1,53.376565,-3.103291,E08000015,Wirral,E08000015,Wirral
L49  2,53.385482,-3.111039,E08000015,Wirral,E08000015,Wirral
L49  3,53.378152,-3.125881,E08000015,Wirral,E08000015,Wirral
L49  4,53.388136,-3.115619,E08000015,Wirral,E08000015,Wirral
L49  5,53.370521,-3.076081,E08000015,Wirral,E08000015,Wirral
L49  6,53.387433,-3.09455,E08000015,Wirral,E08000015,Wirral
L49  7,53.374987,-3.0792,E08000015,Wirral,E08000015,Wirral
L49  8,53.375818,-3.086737,E08000015,Wirral,E08000015,Wirral
L49  9,53.378857,-3.098389,E08000015,Wirral,E08000015,Wirral
L5   0,53.430297,-2.969132,E08000012,Liverpool,E08000012,Liverpool
L5   1,53.428065,-2.959509,E08000012,Liverpool,E08000012,Liverpool
L5   2,53.428968,-2.982181,E08000012,Liverpool,E08000012,Liverpool
L5   3,53.417605,-2.976803,E08000012,Liverpool,E08000012,Liverpool
L5   4,53.420492,-2.968954,E08000012,Liverpool,E08000012,Liverpool
L5   5,53.424519,-2.979987,E08000012,Liverpool,E08000012,Liverpool
L5   6,53.427019,-2.963158,E08000012,Liverpool,E08000012,Liverpool
L5   7,53.428095,-2.984433,E08000012,Liverpool,E08000012,Liverpool
L5   8,53.41893,-2.989548,E08000012,Liverpool,E08000012,Liverpool
L5   9,53.429853,-2.992601,E08000012,Liverpool,E08000012,Liverpool
L6   0,53.426866,-2.949775,E08000012,Liverpool,E08000012,Liverpool
L6   1,53.413849,-2.96781,E08000012,Liverpool,E08000012,Liverpool
L6   2,53.415688,-2.959441,E08000012,Liverpool,E08000012,Liverpool
L6   3,53.412829,-2.944769,E08000012,Liverpool,E08000012,Liverpool
L6   4,53.423127,-2.946381,E08000012,Liverpool,E08000012,Liverpool
L6   5,53.425714,-2.949975,E08000012,Liverpool,E08000012,Liverpool
L6   6,53.416843,-2.947536,E08000012,Liverpool,E08000012,Liverpool
L6   7,53.420353,-2.946997,E08000012,Liverpool,E08000012,Liverpool
L6   8,53.413948,-2.939708,E08000012,Liverpool,E08000012,Liverpool
L6   9,53.412155,-2.957181,E08000012,Liverpool,E08000012,Liverpool
L60  0,53.329681,-3.098927,E08000015,Wirral,E08000015,Wirral
L60  1,53.32836,-3.07622,E08000015,Wirral,E08000015,Wirral
L60  2,53.32632,-3.092985,E08000015,Wirral,E08000015,Wirral
L60  3,53.316489,-3.08673,E08000015,Wirral,E08000015,Wirral
L60  4,53.32715,-3.100514,E08000015,Wirral,E08000015,Wirral
L60  5,53.329873,-3.097581,E08000015,Wirral,E08000015,Wirral
L60  6,53.333716,-3.109723,E08000015,Wirral,E08000015,Wirral
L60  7,53.334367,-3.097696,E08000015,Wirral,E08000015,Wirral
L60  8,53.328076,-3.097535,E08000015,Wirral,E08000015,Wirral
L60  9,53.335969,-3.118763,E08000015,Wirral,E08000015,Wirral
L61  0,53.328007,-3.105041,E08000015,Wirral,E08000015,Wirral
L61  1,53.346133,-3.088986,E08000015,Wirral,E08000015,Wirral
L61  2,53.348579,-3.116089,E08000015,Wirral,E08000015,Wirral
L61  3,53.35216,-3.117684,E08000015,Wirral,E08000015,Wirral
L61  4,53.353044,-3.11921,E08000015,Wirral,E08000015,Wirral
L61  5,53.342497,-3.093399,E08000015,Wirral,E08000015,Wirral
L61  6,53.335279,-3.096218,E08000015,Wirral,E08000015,Wirral
L61  7,53.337976,-3.096287,E08000015,Wirral,E08000015,Wirral
L61  8,53.345939,-3.110011,E08000015,Wirral,E08000015,Wirral
L61  9,53.343409,-3.091921,E08000015,Wirral,E08000015,Wirral
L62  0,53.322005,-2.968268,E08000015,Wirral,E08000015,Wirral
L62  1,53.356858,-2.993098,E08000015,Wirral,E08000015,Wirral
L62  2,53.361856,-2.997422,E08000015,Wirral,E08000015,Wirral
L62  3,53.343452,-2.983774,E08000015,Wirral,E08000015,Wirral
L62  4,53.353852,-2.990264,E08000015,Wirral,E08000015,Wirral
L62  5,53.360416,-2.997689,E08000015,Wirral,E08000015,Wirral
L62  6,53.322768,-2.984799,E08000015,Wirral,E08000015,Wirral
L62  7,53.330919,-2.977479,E08000015,Wirral,E08000015,Wirral
L62  8,53.313042,-2.965063,E08000015,Wirral,E08000015,Wirral
L62  9,53.310309,-2.969504,E08000015,Wirral,E08000015,Wirral
L63  0,53.321807,-2.992284,E08000015,Wirral,E08000015,Wirral
L63  1,53.325799,-3.050932,E08000015,Wirral,E08000015,Wirral
L63  2,53.348593,-3.013937,E08000015,Wirral,E08000015,Wirral
L63  3,53.345909,-3.012371,E08000015,Wirral,E08000015,Wirral
L63  4,53.335985,-3.016641,E08000015,Wirral,E08000015,Wirral
L63  5,53.35844,-3.018679,E08000015,Wirral,E08000015,Wirral
L63  6,53.338617,-3.024213,E08000015,Wirral,E08000015,Wirral
L63  7,53.361213,-3.009729,E08000015,Wirral,E08000015,Wirral
L63  8,53.362074,-3.014257,E08000015,Wirral,E08000015,Wirral
L63  9,53.337833,-3.010678,E08000015,Wirral,E08000015,Wirral
L64  0,53.279885,-3.058804,E06000050,Cheshire West and Chester,E06000050,Cheshire West and Chester
L64  1,53.291959,-3.014095,E06000050,Cheshire West and Chester,E06000050,Cheshire West and Chester
L64  2,53.289731,-3.063548,E06000050,Cheshire West and Chester,E06000050,Cheshire West and Chester
L64  3,53.296088,-3.056204,E06000050,Cheshire West and Chester,E06000050,Cheshire West and Chester
L64  4,53.290368,-3.062663,E06000050,Cheshire West and Chester,E06000050,Cheshire West and Chester
L64  5,53.251082,-3.000687,E06000050,Cheshire West and Chester,E06000050,Cheshire West and Chester
L64  6,53.290603,-3.06657,E06000050,Cheshire West and Chester,E06000050,Cheshire West and Chester
L64  7,53.293537,-3.039637,E06000050,Cheshire West and Chester,E06000050,Cheshire West and Chester
L64  8,53.26397,-3.028425,E06000050,Cheshire West and Chester,E06000050,Cheshire West and Chester
L64  9,53.288832,-3.063525,E06000050,Cheshire West and Chester,E06000050,Cheshire West and Chester
L65  0,53.278483,-2.901294,E06000050,Cheshire West and Chester,E06000050,Cheshire West and Chester
L65  1,53.298176,-2.912212,E06000050,Cheshire West and Chester,E06000050,Cheshire West and Chester
L65  2,53.285707,-2.896946,E06000050,Cheshire West and Chester,E06000050,Cheshire West and Chester
L65  3,53.289084,-2.925519,E06000050,Cheshire West and Chester,E06000050,Cheshire West and Chester
L65  4,53.280337,-2.893834,E06000050,Cheshire West and Chester,E06000050,Cheshire West and Chester
L65  5,53.286217,-2.912707,E06000050,Cheshire West and Chester,E06000050,Cheshire West and Chester
L65  6,53.266742,-2.908543,E06000050,Cheshire West and Chester,E06000050,Cheshire West and Chester
L65  7,53.275672,-2.916231,E06000050,Cheshire West and Chester,E06000050,Cheshire West and Chester
L65  8,53.278483,-2.901294,E06000050,Cheshire West and Chester,E06000050,Cheshire West and Chester
L65  9,53.274877,-2.902717,E06000050,Cheshire West and Chester,E06000050,Cheshire West and Chester
L66  0,53.272561,-2.968649,E06000050,Cheshire West and Chester,E06000050,Cheshire West and Chester
L66  1,53.286271,-2.940458,E06000050,Cheshire West and Chester,E06000050,Cheshire West and Chester
L66  2,53.26414,-2.923091,E06000050,Cheshire West and Chester,E06000050,Cheshire West and Chester
L66  3,53.277365,-2.929765,E06000050,Cheshire West and Chester,E06000050,Cheshire West and Chester
L66  4,53.284323,-2.959315,E06000050,Cheshire West and Chester,E06000050,Cheshire West and Chester
L66  5,53.298722,-2.957237,E06000050,Cheshire West and Chester,E06000050,Cheshire West and Chester
L66  6,53.297677,-2.975219,E06000050,Cheshire West and Chester,E06000050,Cheshire West and Chester
L66  7,53.297677,-2.975219,E06000050,Cheshire West and Chester,E06000050,Cheshire West and Chester
L66  8,53.273325,-2.985162,E06000050,Cheshire West and Chester,E06000050,Cheshire West and Chester
L66  9,53.268019,-2.974544,E06000050,Cheshire West and Chester,E06000050,Cheshire West and Chester
L67  1,53.450486,-2.943225,E08000012,Liverpool,E08000012,Liverpool
L68  0,53.473071,-2.96069,E08000014,Sefton,E08000014,Sefton
L68  1,53.473071,-2.96069,E08000014,Sefton,E08000014,Sefton
L69  1,53.406416,-2.975554,E08000012,Liverpool,E08000012,Liverpool
L69  2,53.406416,-2.975554,E08000012,Liverpool,E08000012,Liverpool
L69  3,53.380332,-2.976431,E08000012,Liverpool,E08000012,Liverpool
L69  4,53.406416,-2.975554,E08000012,Liverpool,E08000012,Liverpool
L69  5,53.419893,-2.979519,E08000012,Liverpool,E08000012,Liverpool
L69  6,53.406416,-2.975554,E08000012,Liverpool,E08000012,Liverpool
L69  7,53.380332,-2.976431,E08000012,Liverpool,E08000012,Liverpool
L69  8,53.406416,-2.975554,E08000012,Liverpool,E08000012,Liverpool
L69  9,53.380332,-2.976431,E08000012,Liverpool,E08000012,Liverpool
L7   0,53.413712,-2.930736,E08000012,Liverpool,E08000012,Liverpool
L7   1,53.406465,-2.952705,E08000012,Liverpool,E08000012,Liverpool
L7   2,53.408364,-2.948987,E08000012,Liverpool,E08000012,Liverpool
L7   3,53.403353,-2.955163,E08000012,Liverpool,E08000012,Liverpool
L7   4,53.396047,-2.9436,E08000012,Liverpool,E08000012,Liverpool
L7   5,53.407001,-2.947498,E08000012,Liverpool,E08000012,Liverpool
L7   6,53.399274,-2.945882,E08000012,Liverpool,E08000012,Liverpool
L7   7,53.400621,-2.965224,E08000012,Liverpool,E08000012,Liverpool
L7   8,53.408651,-2.964774,E08000012,Liverpool,E08000012,Liverpool
L7   9,53.410159,-2.935728,E08000012,Liverpool,E08000012,Liverpool
L70  0,53.485209,-3.015684,E08000014,Sefton,E08000014,Sefton
L70  1,53.347671,-2.878432,E08000012,Liverpool,E08000012,Liverpool
L70  2,53.472538,-2.858275,E08000011,Knowsley,E08000011,Knowsley
L70  3,53.416799,-2.916254,E08000012,Liverpool,E08000012,Liverpool
L70  8,53.406416,-2.975554,E08000012,Liverpool,E08000012,Liverpool
L70  9,53.380332,-2.976431,E08000012,Liverpool,E08000012,Liverpool
L71  2,53.472122,-2.973535,E08000014,Sefton,E08000014,Sefton
L72  0,53.48643,-3.015894,E08000014,Sefton,E08000014,Sefton
L72  1,53.473071,-2.96069,E08000014,Sefton,E08000014,Sefton
L72  8,53.48643,-3.015894,E08000014,Sefton,E08000014,Sefton
L73  6,53.380332,-2.976431,E08000012,Liverpool,E08000012,Liverpool
L74  4,53.393016,-2.988286,E08000012,Liverpool,E08000012,Liverpool
L75  1,53.404441,-2.991574,E08000012,Liverpool,E08000012,Liverpool
L75  2,53.452693,-2.991492,E08000014,Sefton,E08000014,Sefton
L8   0,53.390182,-2.948658,E08000012,Liverpool,E08000012,Liverpool
L8   1,53.393958,-2.965464,E08000012,Liverpool,E08000012,Liverpool
L8   2,53.394152,-2.962551,E08000012,Liverpool,E08000012,Liverpool
L8   3,53.389327,-2.957811,E08000012,Liverpool,E08000012,Liverpool
L8   4,53.384625,-2.959029,E08000012,Liverpool,E08000012,Liverpool
L8   5,53.393303,-2.980773,E08000012,Liverpool,E08000012,Liverpool
L8   6,53.387041,-2.973788,E08000012,Liverpool,E08000012,Liverpool
L8   7,53.398988,-2.950282,E08000012,Liverpool,E08000012,Liverpool
L8   8,53.385508,-2.965514,E08000012,Liverpool,E08000012,Liverpool
L8   9,53.380332,-2.976431,E08000012,Liverpool,E08000012,Liverpool
L80  4,53.469219,-2.969084,E08000014,Sefton,E08000014,Sefton
L9   0,53.465554,-2.954223,E08000012,Liverpool,E08000012,Liverpool
L9   1,53.455513,-2.96317,E08000012,Liverpool,E08000012,Liverpool
L9   2,53.456019,-2.958407,E08000012,Liverpool,E08000012,Liverpool
L9   3,53.458881,-2.967975,E08000012,Liverpool,E08000012,Liverpool
L9   4,53.46147,-2.951255,E08000012,Liverpool,E08000012,Liverpool
L9   5,53.473252,-2.955993,E08000014,Sefton,E08000014,Sefton
L9   6,53.450649,-2.93853,E08000012,Liverpool,E08000012,Liverpool
L9   7,53.455406,-2.943996,E08000012,Liverpool,E08000012,Liverpool
L9   8,53.461543,-2.962342,E08000012,Liverpool,E08000012,Liverpool
L9   9,53.462975,-2.946152,E08000012,Liverpool,E08000012,Liverpool
LA1  1,54.048161,-2.803823,E07000121,Lancaster,E10000017,Lancashire
LA1  2,54.054823,-2.798147,E07000121,Lancaster,E10000017,Lancashire
LA1  3,54.038592,-2.788368,E07000121,Lancaster,E10000017,Lancashire
LA1  4,54.039731,-2.790192,E07000121,Lancaster,E10000017,Lancashire
LA1  5,54.029408,-2.799079,E07000121,Lancaster,E10000017,Lancashire
LA1  9,54.048161,-2.803823,E07000121,Lancaster,E10000017,Lancashire
LA10 5,54.323614,-2.528814,E06000064,Westmorland and Furness,E06000064,Westmorland and Furness
LA11 6,54.193191,-2.910493,E06000064,Westmorland and Furness,E06000064,Westmorland and Furness
LA11 7,54.184804,-2.919043,E06000064,Westmorland and Furness,E06000064,Westmorland and Furness
LA11 9,54.193191,-2.910493,E06000064,Westmorland and Furness,E06000064,Westmorland and Furness
LA12 0,54.194738,-3.090948,E06000064,Westmorland and Furness,E06000064,Westmorland and Furness
LA12 2,54.194841,-3.094415,E06000064,Westmorland and Furness,E06000064,Westmorland and Furness
LA12 7,54.194813,-3.094537,E06000064,Westmorland and Furness,E06000064,Westmorland and Furness
LA12 8,54.248702,-3.032685,E06000064,Westmorland and Furness,E06000064,Westmorland and Furness
LA12 9,54.194163,-3.087929,E06000064,Westmorland and Furness,E06000064,Westmorland and Furness
LA13 0,54.123146,-3.201559,E06000064,Westmorland and Furness,E06000064,Westmorland and Furness
LA13 9,54.12468,-3.215329,E06000064,Westmorland and Furness,E06000064,Westmorland and Furness
LA14 1,54.117688,-3.224105,E06000064,Westmorland and Furness,E06000064,Westmorland and Furness
LA14 2,54.111242,-3.216251,E06000064,Westmorland and Furness,E06000064,Westmorland and Furness
LA14 3,54.106753,-3.246526,E06000064,Westmorland and Furness,E06000064,Westmorland and Furness
LA14 4,54.13235,-3.233552,E06000064,Westmorland and Furness,E06000064,Westmorland and Furness
LA14 5,54.122465,-3.227168,E06000064,Westmorland and Furness,E06000064,Westmorland and Furness
LA14 9,54.117697,-3.22409,E06000064,Westmorland and Furness,E06000064,Westmorland and Furness
LA15 8,54.156155,-3.183007,E06000064,Westmorland and Furness,E06000064,Westmorland and Furness
LA16 7,54.188265,-3.205135,E06000064,Westmorland and Furness,E06000064,Westmorland and Furness
LA17 7,54.231462,-3.181434,E06000064,Westmorland and Furness,E06000064,Westmorland and Furness
LA18 4,54.209276,-3.268414,E06000063,Cumberland,E06000063,Cumberland
LA18 5,54.211241,-3.270483,E06000063,Cumberland,E06000063,Cumberland
LA18 9,54.209268,-3.268399,E06000063,Cumberland,E06000063,Cumberland
LA19 5,54.282958,-3.37593,E06000063,Cumberland,E06000063,Cumberland
LA2  0,54.024932,-2.807175,E07000121,Lancaster,E10000017,Lancashire
LA2  6,54.067853,-2.806512,E07000121,Lancaster,E10000017,Lancashire
LA2  7,54.118499,-2.509415,E06000065,North Yorkshire,E06000065,North Yorkshire
LA2  8,54.086019,-2.335176,E06000065,North Yorkshire,E06000065,North Yorkshire
LA2  9,53.979443,-2.755016,E07000121,Lancaster,E10000017,Lancashire
LA20 6,54.280867,-3.208745,E06000064,Westmorland and Furness,E06000064,Westmorland and Furness
LA21 8,54.366684,-3.051146,E06000064,Westmorland and Furness,E06000064,Westmorland and Furness
LA22 0,54.431423,-2.961403,E06000064,Westmorland and Furness,E06000064,Westmorland and Furness
LA22 9,54.431529,-2.962762,E06000064,Westmorland and Furness,E06000064,Westmorland and Furness
LA23 1,54.394859,-2.920333,E06000064,Westmorland and Furness,E06000064,Westmorland and Furness
LA23 2,54.37681,-2.90518,E06000064,Westmorland and Furness,E06000064,Westmorland and Furness
LA23 3,54.364199,-2.912644,E06000064,Westmorland and Furness,E06000064,Westmorland and Furness
LA23 9,54.394904,-2.920318,E06000064,Westmorland and Furness,E06000064,Westmorland and Furness
LA3  1,54.061704,-2.87377,E07000121,Lancaster,E10000017,Lancashire
LA3  2,54.053554,-2.885789,E07000121,Lancaster,E10000017,Lancashire
LA3  3,54.064581,-2.835602,E07000121,Lancaster,E10000017,Lancashire
LA4  4,54.071936,-2.866955,E07000121,Lancaster,E10000017,Lancashire
LA4  5,54.074971,-2.862373,E07000121,Lancaster,E10000017,Lancashire
LA4  6,54.077467,-2.844955,E07000121,Lancaster,E10000017,Lancashire
LA4  9,54.071891,-2.867031,E07000121,Lancaster,E10000017,Lancashire
LA5  0,54.20132,-2.83554,E06000064,Westmorland and Furness,E06000064,Westmorland and Furness
LA5  5,54.129774,-2.770284,E07000121,Lancaster,E10000017,Lancashire
LA5  8,54.098149,-2.772526,E07000121,Lancaster,E10000017,Lancashire
LA5  9,54.129696,-2.769701,E07000121,Lancaster,E10000017,Lancashire
LA6  1,54.135921,-2.746154,E07000121,Lancaster,E10000017,Lancashire
LA6  2,54.202195,-2.598191,E06000064,Westmorland and Furness,E06000064,Westmorland and Furness
LA6  3,54.15411,-2.466719,E06000065,North Yorkshire,E06000065,North Yorkshire
LA7  7,54.226852,-2.774009,E06000064,Westmorland and Furness,E06000064,Westmorland and Furness
LA8  0,54.286884,-2.730097,E06000064,Westmorland and Furness,E06000064,Westmorland and Furness
LA8  8,54.297604,-2.759481,E06000064,Westmorland and Furness,E06000064,Westmorland and Furness
LA8  9,54.37987,-2.788097,E06000064,Westmorland and Furness,E06000064,Westmorland and Furness
LA9  4,54.329723,-2.746849,E06000064,Westmorland and Furness,E06000064,Westmorland and Furness
LA9  5,54.323352,-2.746625,E06000064,Westmorland and Furness,E06000064,Westmorland and Furness
LA9  6,54.330841,-2.73898,E06000064,Westmorland and Furness,E06000064,Westmorland and Furness
LA9  7,54.330362,-2.739325,E06000064,Westmorland and Furness,E06000064,Westmorland and Furness
LA9  9,54.329723,-2.746849,E06000064,Westmorland and Furness,E06000064,Westmorland and Furness
LD1  5,52.241593,-3.37855,W06000023,Powys,W06000023,Powys
LD1  6,52.239773,-3.382682,W06000023,Powys,W06000023,Powys
LD1  9,52.241675,-3.378465,W06000023,Powys,W06000023,Powys
LD2  3,52.149079,-3.403315,W06000023,Powys,W06000023,Powys
LD2  9,52.149219,-3.402895,W06000023,Powys,W06000023,Powys
LD3  0,51.99751,-3.233941,W06000023,Powys,W06000023,Powys
LD3  3,51.941197,-3.411657,W06000023,Powys,W06000023,Powys
LD3  7,51.946992,-3.391629,W06000023,Powys,W06000023,Powys
LD3  8,51.945809,-3.396655,W06000023,Powys,W06000023,Powys
LD3  9,51.946874,-3.392527,W06000023,Powys,W06000023,Powys
LD4  4,52.116658,-3.555141,W06000023,Powys,W06000023,Powys
LD5  4,52.135199,-3.627078,W06000023,Powys,W06000023,Powys
LD6  5,52.300228,-3.511247,W06000023,Powys,W06000023,Powys
LD7  1,52.344398,-3.048506,W06000023,Powys,W06000023,Powys
LD7  9,52.344395,-3.047904,W06000023,Powys,W06000023,Powys
LD8  2,52.273685,-3.006268,W06000023,Powys,W06000023,Powys
LE1  1,52.632123,-1.124988,E06000016,Leicester,E06000016,Leicester
LE1  2,52.638602,-1.127076,E06000016,Leicester,E06000016,Leicester
LE1  3,52.641947,-1.135773,E06000016,Leicester,E06000016,Leicester
LE1  4,52.638055,-1.137091,E06000016,Leicester,E06000016,Leicester
LE1  5,52.631032,-1.135574,E06000016,Leicester,E06000016,Leicester
LE1  6,52.633004,-1.132359,E06000016,Leicester,E06000016,Leicester
LE1  7,52.62722,-1.124539,E06000016,Leicester,E06000016,Leicester
LE1  8,52.632302,-1.124852,E06000016,Leicester,E06000016,Leicester
LE1  9,52.632302,-1.124852,E06000016,Leicester,E06000016,Leicester
LE10 0,52.538351,-1.373826,E07000132,Hinckley and Bosworth,E10000018,Leicestershire
LE10 1,52.537225,-1.373474,E07000132,Hinckley and Bosworth,E10000018,Leicestershire
LE10 2,52.5357,-1.347445,E07000132,Hinckley and Bosworth,E10000018,Leicestershire
LE10 3,52.53543,-1.33275,E07000129,Blaby,E10000018,Leicestershire
LE10 9,52.539831,-1.373186,E07000132,Hinckley and Bosworth,E10000018,Leicestershire
LE11 0,52.772141,-1.209329,E07000130,Charnwood,E10000018,Leicestershire
LE11 1,52.770622,-1.202687,E07000130,Charnwood,E10000018,Leicestershire
LE11 2,52.761068,-1.197674,E07000130,Charnwood,E10000018,Leicestershire
LE11 3,52.772533,-1.212924,E07000130,Charnwood,E10000018,Leicestershire
LE11 4,52.761642,-1.258467,E07000130,Charnwood,E10000018,Leicestershire
LE11 5,52.772168,-1.209329,E07000130,Charnwood,E10000018,Leicestershire
LE11 9,52.768605,-1.204947,E07000130,Charnwood,E10000018,Leicestershire
LE12 5,52.784152,-1.128512,E07000130,Charnwood,E10000018,Leicestershire
LE12 6,52.83889,-1.180314,E07000176,Rushcliffe,E10000024,Nottinghamshire
LE12 7,52.732008,-1.14556,E07000130,Charnwood,E10000018,Leicestershire
LE12 8,52.738473,-1.182803,E07000130,Charnwood,E10000018,Leicestershire
LE12 9,52.774306,-1.293457,E07000130,Charnwood,E10000018,Leicestershire
LE13 0,52.752623,-0.881692,E07000133,Melton,E10000018,Leicestershire
LE13 1,52.765149,-0.876361,E07000133,Melton,E10000018,Leicestershire
LE13 9,52.768366,-0.867696,E07000133,Melton,E10000018,Leicestershire
LE14 2,52.759405,-0.74121,E07000133,Melton,E10000018,Leicestershire
LE14 3,52.853833,-0.976546,E07000176,Rushcliffe,E10000024,Nottinghamshire
LE14 4,52.815631,-0.805766,E07000133,Melton,E10000018,Leicestershire
LE15 0,52.670481,-0.727601,E06000017,Rutland,E06000017,Rutland
LE15 6,52.670763,-0.729604,E06000017,Rutland,E06000017,Rutland
LE15 7,52.679448,-0.712918,E06000017,Rutland,E06000017,Rutland
LE15 8,52.658778,-0.723653,E06000017,Rutland,E06000017,Rutland
LE15 9,52.586395,-0.801035,E07000131,Harborough,E10000018,Leicestershire
LE16 0,52.483703,-0.905511,E07000131,Harborough,E10000018,Leicestershire
LE16 6,52.431801,-1.117453,E07000131,Harborough,E10000018,Leicestershire
LE16 7,52.479195,-0.92176,E07000131,Harborough,E10000018,Leicestershire
LE16 8,52.4753,-0.908825,E07000131,Harborough,E10000018,Leicestershire
LE16 9,52.479386,-0.922978,E07000131,Harborough,E10000018,Leicestershire
LE17 4,52.45445,-1.199882,E07000131,Harborough,E10000018,Leicestershire
LE17 5,52.484783,-1.257883,E07000131,Harborough,E10000018,Leicestershire
LE17 6,52.422087,-1.210892,E07000131,Harborough,E10000018,Leicestershire
LE17 9,52.468757,-1.197812,E07000131,Harborough,E10000018,Leicestershire
LE18 1,52.586018,-1.109965,E07000135,Oadby and Wigston,E10000018,Leicestershire
LE18 2,52.584181,-1.110769,E07000135,Oadby and Wigston,E10000018,Leicestershire
LE18 3,52.553169,-1.0888,E07000129,Blaby,E10000018,Leicestershire
LE18 4,52.577606,-1.128478,E07000135,Oadby and Wigston,E10000018,Leicestershire
LE18 9,52.584289,-1.108317,E07000135,Oadby and Wigston,E10000018,Leicestershire
LE19 0,52.583332,-1.209052,E07000129,Blaby,E10000018,Leicestershire
LE19 1,52.61293,-1.194904,E07000129,Blaby,E10000018,Leicestershire
LE19 2,52.57212,-1.210287,E07000129,Blaby,E10000018,Leicestershire
LE19 3,52.575101,-1.210956,E07000129,Blaby,E10000018,Leicestershire
LE19 4,52.588994,-1.208788,E07000129,Blaby,E10000018,Leicestershire
LE19 9,52.61293,-1.194904,E07000129,Blaby,E10000018,Leicestershire
LE2  0,52.636052,-1.117817,E06000016,Leicester,E06000016,Leicester
LE2  1,52.627584,-1.117898,E06000016,Leicester,E06000016,Leicester
LE2  2,52.618442,-1.107107,E06000016,Leicester,E06000016,Leicester
LE2  3,52.617185,-1.114621,E06000016,Leicester,E06000016,Leicester
LE2  4,52.604244,-1.089085,E07000135,Oadby and Wigston,E10000018,Leicestershire
LE2  5,52.598995,-1.082196,E07000135,Oadby and Wigston,E10000018,Leicestershire
LE2  6,52.614969,-1.126142,E06000016,Leicester,E06000016,Leicester
LE2  7,52.630296,-1.133269,E06000016,Leicester,E06000016,Leicester
LE2  8,52.610952,-1.137328,E06000016,Leicester,E06000016,Leicester
LE2  9,52.59463,-1.147791,E06000016,Leicester,E06000016,Leicester
LE21 3,52.632818,-1.125329,E06000016,Leicester,E06000016,Leicester
LE21 4,52.632302,-1.124852,E06000016,Leicester,E06000016,Leicester
LE21 9,52.632302,-1.124852,E06000016,Leicester,E06000016,Leicester
LE3  0,52.628168,-1.148529,E06000016,Leicester,E06000016,Leicester
LE3  1,52.624811,-1.159378,E06000016,Leicester,E06000016,Leicester
LE3  2,52.621471,-1.153622,E06000016,Leicester,E06000016,Leicester
LE3  3,52.61785,-1.183381,E07000129,Blaby,E10000018,Leicestershire
LE3  4,52.61293,-1.194904,E07000129,Blaby,E10000018,Leicestershire
LE3  5,52.637853,-1.141396,E06000016,Leicester,E06000016,Leicester
LE3  6,52.634707,-1.157844,E06000016,Leicester,E06000016,Leicester
LE3  7,52.632818,-1.125329,E06000016,Leicester,E06000016,Leicester
LE3  8,52.64907,-1.189615,E07000129,Blaby,E10000018,Leicestershire
LE3  9,52.642945,-1.155662,E06000016,Leicester,E06000016,Leicester
LE4  0,52.643751,-1.142743,E06000016,Leicester,E06000016,Leicester
LE4  1,52.664453,-1.174027,E06000016,Leicester,E06000016,Leicester
LE4  2,52.657473,-1.134536,E06000016,Leicester,E06000016,Leicester
LE4  3,52.675241,-1.129999,E07000130,Charnwood,E10000018,Leicestershire
LE4  4,52.673582,-1.124531,E07000130,Charnwood,E10000018,Leicestershire
LE4  5,52.651545,-1.131504,E06000016,Leicester,E06000016,Leicester
LE4  6,52.656122,-1.108765,E06000016,Leicester,E06000016,Leicester
LE4  7,52.658907,-1.113262,E06000016,Leicester,E06000016,Leicester
LE4  8,52.681545,-1.097893,E07000130,Charnwood,E10000018,Leicestershire
LE4  9,52.669767,-1.089514,E06000016,Leicester,E06000016,Leicester
LE41 9,52.61293,-1.194904,E07000129,Blaby,E10000018,Leicestershire
LE5  0,52.643865,-1.092845,E06000016,Leicester,E06000016,Leicester
LE5  1,52.645679,-1.082136,E06000016,Leicester,E06000016,Leicester
LE5  2,52.641747,-1.075833,E06000016,Leicester,E06000016,Leicester
LE5  3,52.638252,-1.105403,E06000016,Leicester,E06000016,Leicester
LE5  4,52.640922,-1.094708,E06000016,Leicester,E06000016,Leicester
LE5  5,52.629876,-1.108204,E06000016,Leicester,E06000016,Leicester
LE5  6,52.624255,-1.081993,E06000016,Leicester,E06000016,Leicester
LE5  9,52.632302,-1.124852,E06000016,Leicester,E06000016,Leicester
LE55 7,52.632818,-1.125329,E06000016,Leicester,E06000016,Leicester
LE55 8,52.747835,-1.454384,E07000134,North West Leicestershire,E10000018,Leicestershire
LE6  0,52.686082,-1.234316,E07000130,Charnwood,E10000018,Leicestershire
LE6  1,52.664628,-1.309833,E07000132,Hinckley and Bosworth,E10000018,Leicestershire
LE6  2,52.720175,-1.407797,E07000134,North West Leicestershire,E10000018,Leicestershire
LE6  3,52.725585,-1.364013,E07000134,North West Leicestershire,E10000018,Leicestershire
LE6  4,52.74116,-1.353285,E07000134,North West Leicestershire,E10000018,Leicestershire
LE6  5,52.747498,-1.46735,E07000134,North West Leicestershire,E10000018,Leicestershire
LE6  7,52.74859,-1.478478,E07000134,North West Leicestershire,E10000018,Leicestershire
LE65 1,52.747525,-1.467306,E07000134,North West Leicestershire,E10000018,Leicestershire
LE65 2,52.75931,-1.481462,E07000134,North West Leicestershire,E10000018,Leicestershire
LE65 9,52.746761,-1.471374,E07000134,North West Leicestershire,E10000018,Leicestershire
LE67 0,52.725778,-1.375012,E07000134,North West Leicestershire,E10000018,Leicestershire
LE67 1,52.664592,-1.309878,E07000132,Hinckley and Bosworth,E10000018,Leicestershire
LE67 2,52.72104,-1.408156,E07000134,North West Leicestershire,E10000018,Leicestershire
LE67 3,52.725631,-1.364116,E07000134,North West Leicestershire,E10000018,Leicestershire
LE67 4,52.725513,-1.323251,E07000134,North West Leicestershire,E10000018,Leicestershire
LE67 5,52.741224,-1.353373,E07000134,North West Leicestershire,E10000018,Leicestershire
LE67 6,52.696708,-1.396306,E07000134,North West Leicestershire,E10000018,Leicestershire
LE67 8,52.758312,-1.366501,E07000134,North West Leicestershire,E10000018,Leicestershire
LE67 9,52.685958,-1.277663,E07000132,Hinckley and Bosworth,E10000018,Leicestershire
LE7  1,52.691327,-1.094482,E07000130,Charnwood,E10000018,Leicestershire
LE7  2,52.697633,-1.069343,E07000130,Charnwood,E10000018,Leicestershire
LE7  3,52.688948,-0.975506,E07000130,Charnwood,E10000018,Leicestershire
LE7  4,52.723805,-1.041439,E07000130,Charnwood,E10000018,Leicestershire
LE7  6,52.697953,-1.13054,E07000130,Charnwood,E10000018,Leicestershire
LE7  7,52.671666,-1.188886,E07000130,Charnwood,E10000018,Leicestershire
LE7  8,52.697632,-1.069299,E07000130,Charnwood,E10000018,Leicestershire
LE7  9,52.614528,-0.935886,E07000131,Harborough,E10000018,Leicestershire
LE8  0,52.535473,-1.043948,E07000131,Harborough,E10000018,Leicestershire
LE8  1,52.586018,-1.109965,E07000135,Oadby and Wigston,E10000018,Leicestershire
LE8  2,52.584118,-1.110726,E07000135,Oadby and Wigston,E10000018,Leicestershire
LE8  3,52.569163,-1.16323,E07000129,Blaby,E10000018,Leicestershire
LE8  4,52.569154,-1.163245,E07000129,Blaby,E10000018,Leicestershire
LE8  5,52.557096,-1.150228,E07000129,Blaby,E10000018,Leicestershire
LE8  6,52.564262,-1.178326,E07000129,Blaby,E10000018,Leicestershire
LE8  8,52.535455,-1.043934,E07000131,Harborough,E10000018,Leicestershire
LE8  9,52.575784,-1.031562,E07000131,Harborough,E10000018,Leicestershire
LE87 2,52.557875,-1.183003,E07000129,Blaby,E10000018,Leicestershire
LE87 4,52.636511,-1.131196,E06000016,Leicester,E06000016,Leicester
LE9  0,52.574457,-1.317314,E07000132,Hinckley and Bosworth,E10000018,Leicestershire
LE9  1,52.553802,-1.213535,E07000129,Blaby,E10000018,Leicestershire
LE9  2,52.633023,-1.234237,E07000129,Blaby,E10000018,Leicestershire
LE9  3,52.574432,-1.23232,E07000129,Blaby,E10000018,Leicestershire
LE9  4,52.533447,-1.279693,E07000129,Blaby,E10000018,Leicestershire
LE9  5,52.588857,-1.208496,E07000129,Blaby,E10000018,Leicestershire
LE9  6,52.523802,-1.213526,E07000131,Harborough,E10000018,Leicestershire
LE9  7,52.577603,-1.3063,E07000132,Hinckley and Bosworth,E10000018,Leicestershire
LE9  8,52.573976,-1.332239,E07000132,Hinckley and Bosworth,E10000018,Leicestershire
LE9  9,52.632987,-1.234297,E07000129,Blaby,E10000018,Leicestershire
LE94 0,52.483703,-0.905511,E07000131,Harborough,E10000018,Leicestershire
LE94 7,52.483703,-0.905511,E07000131,Harborough,E10000018,Leicestershire
LE95 2,52.606194,-1.190553,E07000129,Blaby,E10000018,Leicestershire
LL11 0,53.048909,-3.000085,W06000006,Wrexham,W06000006,Wrexham
LL11 1,53.048909,-3.000085,W06000006,Wrexham,W06000006,Wrexham
LL11 2,53.049759,-3.000582,W06000006,Wrexham,W06000006,Wrexham
LL11 3,53.059081,-3.165322,W06000004,Denbighshire,W06000004,Denbighshire
LL11 4,53.070932,-3.020342,W06000006,Wrexham,W06000006,Wrexham
LL11 5,53.078245,-3.05582,W06000006,Wrexham,W06000006,Wrexham
LL11 6,53.068216,-3.034979,W06000006,Wrexham,W06000006,Wrexham
LL12 0,53.1049,-2.974483,W06000006,Wrexham,W06000006,Wrexham
LL12 7,53.04891,-2.994551,W06000006,Wrexham,W06000006,Wrexham
LL12 8,53.066323,-2.985953,W06000006,Wrexham,W06000006,Wrexham
LL12 9,53.111085,-3.040355,W06000005,Flintshire,W06000005,Flintshire
LL13 0,53.004575,-2.910315,W06000006,Wrexham,W06000006,Wrexham
LL13 7,53.044097,-2.991829,W06000006,Wrexham,W06000006,Wrexham
LL13 8,53.045828,-2.993391,W06000006,Wrexham,W06000006,Wrexham
LL13 9,53.048909,-3.000085,W06000006,Wrexham,W06000006,Wrexham
LL14 1,53.010476,-3.057383,W06000006,Wrexham,W06000006,Wrexham
LL14 2,53.008097,-3.04491,W06000006,Wrexham,W06000006,Wrexham
LL14 3,52.97363,-3.076185,W06000006,Wrexham,W06000006,Wrexham
LL14 4,53.031931,-3.020763,W06000006,Wrexham,W06000006,Wrexham
LL14 5,52.931862,-3.071384,W06000006,Wrexham,W06000006,Wrexham
LL14 6,52.98741,-3.038899,W06000006,Wrexham,W06000006,Wrexham
LL15 1,53.114862,-3.310444,W06000004,Denbighshire,W06000004,Denbighshire
LL15 2,53.111072,-3.319009,W06000004,Denbighshire,W06000004,Denbighshire
LL15 9,53.115082,-3.310899,W06000004,Denbighshire,W06000004,Denbighshire
LL16 3,53.183861,-3.419191,W06000004,Denbighshire,W06000004,Denbighshire
LL16 4,53.182809,-3.397142,W06000004,Denbighshire,W06000004,Denbighshire
LL16 5,53.191235,-3.436917,W06000004,Denbighshire,W06000004,Denbighshire
LL16 9,53.183157,-3.418658,W06000004,Denbighshire,W06000004,Denbighshire
LL17 0,53.271142,-3.420685,W06000004,Denbighshire,W06000004,Denbighshire
LL18 1,53.319091,-3.484356,W06000004,Denbighshire,W06000004,Denbighshire
LL18 2,53.315881,-3.490895,W06000004,Denbighshire,W06000004,Denbighshire
LL18 3,53.321704,-3.488891,W06000004,Denbighshire,W06000004,Denbighshire
LL18 4,53.321147,-3.480223,W06000004,Denbighshire,W06000004,Denbighshire
LL18 5,53.290374,-3.466482,W06000004,Denbighshire,W06000004,Denbighshire
LL18 6,53.300101,-3.414354,W06000004,Denbighshire,W06000004,Denbighshire
LL18 9,53.3191,-3.484356,W06000004,Denbighshire,W06000004,Denbighshire
LL19 0,53.336071,-3.403499,W06000004,Denbighshire,W06000004,Denbighshire
LL19 7,53.332441,-3.434315,W06000004,Denbighshire,W06000004,Denbighshire
LL19 8,53.330743,-3.42675,W06000004,Denbighshire,W06000004,Denbighshire
LL19 9,53.333983,-3.404467,W06000004,Denbighshire,W06000004,Denbighshire
LL20 7,52.927546,-3.174209,W06000006,Wrexham,W06000006,Wrexham
LL20 8,52.972304,-3.181646,W06000004,Denbighshire,W06000004,Denbighshire
LL20 9,52.969397,-3.170235,W06000004,Denbighshire,W06000004,Denbighshire
LL21 0,52.980949,-3.37431,W06000004,Denbighshire,W06000004,Denbighshire
LL21 1,52.981492,-3.374,W06000004,Denbighshire,W06000004,Denbighshire
LL21 9,52.989429,-3.368665,W06000004,Denbighshire,W06000004,Denbighshire
LL22 7,53.284536,-3.582764,W06000003,Conwy,W06000003,Conwy
LL22 8,53.263149,-3.595602,W06000003,Conwy,W06000003,Conwy
LL22 9,53.297313,-3.566235,W06000003,Conwy,W06000003,Conwy
LL23 7,52.910999,-3.596963,W06000002,Gwynedd,W06000002,Gwynedd
LL23 9,52.909414,-3.59115,W06000002,Gwynedd,W06000002,Gwynedd
LL24 0,53.091345,-3.80194,W06000003,Conwy,W06000003,Conwy
LL24 9,53.091345,-3.80194,W06000003,Conwy,W06000003,Conwy
LL25 0,53.059999,-3.873293,W06000003,Conwy,W06000003,Conwy
LL26 0,53.139152,-3.795614,W06000003,Conwy,W06000003,Conwy
LL26 9,53.139134,-3.799186,W06000003,Conwy,W06000003,Conwy
LL27 0,53.150333,-3.828337,W06000003,Conwy,W06000003,Conwy
LL28 4,53.304707,-3.754407,W06000003,Conwy,W06000003,Conwy
LL28 5,53.296279,-3.757708,W06000003,Conwy,W06000003,Conwy
LL29 0,53.297745,-3.729407,W06000003,Conwy,W06000003,Conwy
LL29 6,53.274255,-3.736213,W06000003,Conwy,W06000003,Conwy
LL29 7,53.295264,-3.728797,W06000003,Conwy,W06000003,Conwy
LL29 8,53.288651,-3.714218,W06000003,Conwy,W06000003,Conwy
LL29 9,53.288794,-3.692245,W06000003,Conwy,W06000003,Conwy
LL30 1,53.321343,-3.82477,W06000003,Conwy,W06000003,Conwy
LL30 2,53.321569,-3.826476,W06000003,Conwy,W06000003,Conwy
LL30 3,53.323496,-3.796063,W06000003,Conwy,W06000003,Conwy
LL30 9,53.313687,-3.82572,W06000003,Conwy,W06000003,Conwy
LL31 9,53.283049,-3.803262,W06000003,Conwy,W06000003,Conwy
LL32 8,53.283258,-3.834338,W06000003,Conwy,W06000003,Conwy
LL33 0,53.252798,-3.975114,W06000003,Conwy,W06000003,Conwy
LL34 6,53.268487,-3.920051,W06000003,Conwy,W06000003,Conwy
LL35 0,52.546245,-4.047773,W06000002,Gwynedd,W06000002,Gwynedd
LL36 0,52.589305,-4.103134,W06000002,Gwynedd,W06000002,Gwynedd
LL36 6,52.588301,-4.081075,W06000002,Gwynedd,W06000002,Gwynedd
LL36 9,52.587115,-4.087204,W06000002,Gwynedd,W06000002,Gwynedd
LL37 2,52.666562,-4.084644,W06000002,Gwynedd,W06000002,Gwynedd
LL38 2,52.696951,-4.049123,W06000002,Gwynedd,W06000002,Gwynedd
LL39 1,52.709998,-4.014472,W06000002,Gwynedd,W06000002,Gwynedd
LL40 1,52.743126,-3.884546,W06000002,Gwynedd,W06000002,Gwynedd
LL40 2,52.742098,-3.875673,W06000002,Gwynedd,W06000002,Gwynedd
LL40 9,52.741975,-3.884541,W06000002,Gwynedd,W06000002,Gwynedd
LL41 3,52.99419,-3.933295,W06000002,Gwynedd,W06000002,Gwynedd
LL41 4,52.988073,-3.92967,W06000002,Gwynedd,W06000002,Gwynedd
LL41 9,52.994247,-3.934817,W06000002,Gwynedd,W06000002,Gwynedd
LL42 1,52.723506,-4.056676,W06000002,Gwynedd,W06000002,Gwynedd
LL42 9,52.741918,-3.884717,W06000002,Gwynedd,W06000002,Gwynedd
LL43 2,52.776044,-4.09352,W06000002,Gwynedd,W06000002,Gwynedd
LL44 2,52.791346,-4.097102,W06000002,Gwynedd,W06000002,Gwynedd
LL45 2,52.820022,-4.100472,W06000002,Gwynedd,W06000002,Gwynedd
LL46 2,52.865356,-4.10645,W06000002,Gwynedd,W06000002,Gwynedd
LL47 6,52.899572,-4.066776,W06000002,Gwynedd,W06000002,Gwynedd
LL48 6,52.929581,-4.066926,W06000002,Gwynedd,W06000002,Gwynedd
LL49 0,52.930577,-4.14009,W06000002,Gwynedd,W06000002,Gwynedd
LL49 9,52.926146,-4.13154,W06000002,Gwynedd,W06000002,Gwynedd
LL51 9,52.969579,-4.198283,W06000002,Gwynedd,W06000002,Gwynedd
LL52 0,52.919997,-4.234224,W06000002,Gwynedd,W06000002,Gwynedd
LL53 5,52.882967,-4.414071,W06000002,Gwynedd,W06000002,Gwynedd
LL53 6,52.924818,-4.534667,W06000002,Gwynedd,W06000002,Gwynedd
LL53 7,52.840508,-4.495806,W06000002,Gwynedd,W06000002,Gwynedd
LL53 8,52.823657,-4.616041,W06000002,Gwynedd,W06000002,Gwynedd
LL53 9,52.880666,-4.423322,W06000002,Gwynedd,W06000002,Gwynedd
LL54 5,52.989674,-4.4178,W06000002,Gwynedd,W06000002,Gwynedd
LL54 6,53.053695,-4.278771,W06000002,Gwynedd,W06000002,Gwynedd
LL54 7,53.072802,-4.248504,W06000002,Gwynedd,W06000002,Gwynedd
LL55 1,53.142421,-4.273971,W06000002,Gwynedd,W06000002,Gwynedd
LL55 2,53.139461,-4.27362,W06000002,Gwynedd,W06000002,Gwynedd
LL55 3,53.165245,-4.199476,W06000002,Gwynedd,W06000002,Gwynedd
LL55 4,53.147939,-4.193611,W06000002,Gwynedd,W06000002,Gwynedd
LL55 9,53.140294,-4.248185,W06000002,Gwynedd,W06000002,Gwynedd
LL56 4,53.185765,-4.206139,W06000002,Gwynedd,W06000002,Gwynedd
LL57 1,53.228014,-4.127467,W06000002,Gwynedd,W06000002,Gwynedd
LL57 2,53.227061,-4.133487,W06000002,Gwynedd,W06000002,Gwynedd
LL57 3,53.181216,-4.065225,W06000002,Gwynedd,W06000002,Gwynedd
LL57 4,53.210687,-4.098198,W06000002,Gwynedd,W06000002,Gwynedd
LL57 9,53.221729,-4.138046,W06000002,Gwynedd,W06000002,Gwynedd
LL58 8,53.263416,-4.092591,W06000001,Isle of Anglesey,W06000001,Isle of Anglesey
LL59 5,53.225507,-4.175178,W06000001,Isle of Anglesey,W06000001,Isle of Anglesey
LL60 6,53.231906,-4.282503,W06000001,Isle of Anglesey,W06000001,Isle of Anglesey
LL61 5,53.223681,-4.221047,W06000001,Isle of Anglesey,W06000001,Isle of Anglesey
LL61 6,53.168083,-4.356153,W06000001,Isle of Anglesey,W06000001,Isle of Anglesey
LL62 5,53.204238,-4.402866,W06000001,Isle of Anglesey,W06000001,Isle of Anglesey
LL63 5,53.225361,-4.481223,W06000001,Isle of Anglesey,W06000001,Isle of Anglesey
LL64 5,53.233403,-4.515735,W06000001,Isle of Anglesey,W06000001,Isle of Anglesey
LL65 1,53.315086,-4.636477,W06000001,Isle of Anglesey,W06000001,Isle of Anglesey
LL65 2,53.306142,-4.638838,W06000001,Isle of Anglesey,W06000001,Isle of Anglesey
LL65 3,53.284318,-4.579355,W06000001,Isle of Anglesey,W06000001,Isle of Anglesey
LL65 4,53.330173,-4.494033,W06000001,Isle of Anglesey,W06000001,Isle of Anglesey
LL65 9,53.30006,-4.618621,W06000001,Isle of Anglesey,W06000001,Isle of Anglesey
LL66 0,53.382149,-4.394036,W06000001,Isle of Anglesey,W06000001,Isle of Anglesey
LL66 9,53.379063,-4.386074,W06000001,Isle of Anglesey,W06000001,Isle of Anglesey
LL67 0,53.411133,-4.476544,W06000001,Isle of Anglesey,W06000001,Isle of Anglesey
LL68 0,53.378773,-4.423648,W06000001,Isle of Anglesey,W06000001,Isle of Anglesey
LL68 8,53.406756,-4.349799,W06000001,Isle of Anglesey,W06000001,Isle of Anglesey
LL68 9,53.386245,-4.356745,W06000001,Isle of Anglesey,W06000001,Isle of Anglesey
LL69 9,53.386014,-4.317602,W06000001,Isle of Anglesey,W06000001,Isle of Anglesey
LL70 9,53.366484,-4.297286,W06000001,Isle of Anglesey,W06000001,Isle of Anglesey
LL71 7,53.329594,-4.380712,W06000001,Isle of Anglesey,W06000001,Isle of Anglesey
LL71 8,53.326003,-4.369159,W06000001,Isle of Anglesey,W06000001,Isle of Anglesey
LL72 8,53.342688,-4.246129,W06000001,Isle of Anglesey,W06000001,Isle of Anglesey
LL73 8,53.332495,-4.25124,W06000001,Isle of Anglesey,W06000001,Isle of Anglesey
LL74 8,53.320336,-4.229909,W06000001,Isle of Anglesey,W06000001,Isle of Anglesey
LL75 7,53.271037,-4.23631,W06000001,Isle of Anglesey,W06000001,Isle of Anglesey
LL75 8,53.25917,-4.243442,W06000001,Isle of Anglesey,W06000001,Isle of Anglesey
LL76 8,53.302151,-4.239347,W06000001,Isle of Anglesey,W06000001,Isle of Anglesey
LL77 7,53.253784,-4.308434,W06000001,Isle of Anglesey,W06000001,Isle of Anglesey
LL77 8,53.282389,-4.276373,W06000001,Isle of Anglesey,W06000001,Isle of Anglesey
LL77 9,53.253784,-4.308434,W06000001,Isle of Anglesey,W06000001,Isle of Anglesey
LL78 7,53.326052,-4.290742,W06000001,Isle of Anglesey,W06000001,Isle of Anglesey
LL78 8,53.316891,-4.258676,W06000001,Isle of Anglesey,W06000001,Isle of Anglesey
LN1  1,53.229482,-0.54168,E07000138,Lincoln,E10000019,Lincolnshire
LN1  2,53.309225,-0.664246,E07000142,West Lindsey,E10000019,Lincolnshire
LN1  3,53.234602,-0.539139,E07000138,Lincoln,E10000019,Lincolnshire
LN1  4,53.275709,-0.663985,E07000142,West Lindsey,E10000019,Lincolnshire
LN1  5,53.264107,-0.64667,E07000142,West Lindsey,E10000019,Lincolnshire
LN1  6,53.310841,-0.660923,E07000142,West Lindsey,E10000019,Lincolnshire
LN10 5,53.204817,-0.250482,E07000137,East Lindsey,E10000019,Lincolnshire
LN10 6,53.146881,-0.218713,E07000137,East Lindsey,E10000019,Lincolnshire
LN11 0,53.373978,0.001957,E07000137,East Lindsey,E10000019,Lincolnshire
LN11 1,53.367047,-0.006694,E07000137,East Lindsey,E10000019,Lincolnshire
LN11 7,53.370454,0.006783,E07000137,East Lindsey,E10000019,Lincolnshire
LN11 8,53.368902,0.011385,E07000137,East Lindsey,E10000019,Lincolnshire
LN11 9,53.367348,-0.00157,E07000137,East Lindsey,E10000019,Lincolnshire
LN12 1,53.343069,0.262204,E07000137,East Lindsey,E10000019,Lincolnshire
LN12 2,53.341088,0.264233,E07000137,East Lindsey,E10000019,Lincolnshire
LN12 9,53.255848,0.167363,E07000137,East Lindsey,E10000019,Lincolnshire
LN13 0,53.260173,0.172769,E07000137,East Lindsey,E10000019,Lincolnshire
LN13 3,53.255848,0.167363,E07000137,East Lindsey,E10000019,Lincolnshire
LN13 9,53.260367,0.179391,E07000137,East Lindsey,E10000019,Lincolnshire
LN2  1,53.228761,-0.540836,E07000138,Lincoln,E10000019,Lincolnshire
LN2  2,53.251453,-0.537951,E07000138,Lincoln,E10000019,Lincolnshire
LN2  3,53.377299,-0.505428,E07000142,West Lindsey,E10000019,Lincolnshire
LN2  4,53.235206,-0.53344,E07000138,Lincoln,E10000019,Lincolnshire
LN2  5,53.229061,-0.535942,E07000138,Lincoln,E10000019,Lincolnshire
LN3  4,53.240161,-0.456591,E07000142,West Lindsey,E10000019,Lincolnshire
LN3  5,53.309901,-0.387104,E07000142,West Lindsey,E10000019,Lincolnshire
LN3  6,53.389219,-0.196255,E07000137,East Lindsey,E10000019,Lincolnshire
LN4  1,53.225848,-0.480339,E07000139,North Kesteven,E10000019,Lincolnshire
LN4  2,53.164321,-0.409946,E07000139,North Kesteven,E10000019,Lincolnshire
LN4  3,53.140341,-0.401577,E07000139,North Kesteven,E10000019,Lincolnshire
LN4  4,53.038402,-0.283356,E07000139,North Kesteven,E10000019,Lincolnshire
LN5  0,53.128862,-0.522068,E07000139,North Kesteven,E10000019,Lincolnshire
LN5  5,53.224087,-0.545234,E07000138,Lincoln,E10000019,Lincolnshire
LN5  7,53.225092,-0.542908,E07000138,Lincoln,E10000019,Lincolnshire
LN5  8,53.219763,-0.545245,E07000138,Lincoln,E10000019,Lincolnshire
LN5  9,53.178004,-0.562069,E07000139,North Kesteven,E10000019,Lincolnshire
LN6  0,53.212223,-0.57599,E07000138,Lincoln,E10000019,Lincolnshire
LN6  3,53.206531,-0.612458,E07000138,Lincoln,E10000019,Lincolnshire
LN6  4,53.231001,-0.624866,E07000139,North Kesteven,E10000019,Lincolnshire
LN6  5,53.2386,-0.610433,E07000139,North Kesteven,E10000019,Lincolnshire
LN6  6,53.157933,-0.664367,E07000139,North Kesteven,E10000019,Lincolnshire
LN6  7,53.222997,-0.549495,E07000138,Lincoln,E10000019,Lincolnshire
LN6  8,53.201368,-0.558368,E07000138,Lincoln,E10000019,Lincolnshire
LN6  9,53.184113,-0.590374,E07000139,North Kesteven,E10000019,Lincolnshire
LN7  6,53.486138,-0.335062,E07000142,West Lindsey,E10000019,Lincolnshire
LN8  2,53.3773,-0.505503,E07000142,West Lindsey,E10000019,Lincolnshire
LN8  3,53.386629,-0.336058,E07000142,West Lindsey,E10000019,Lincolnshire
LN8  5,53.286491,-0.310997,E07000137,East Lindsey,E10000019,Lincolnshire
LN8  6,53.387644,-0.19554,E07000137,East Lindsey,E10000019,Lincolnshire
LN8  9,53.390921,-0.343455,E07000142,West Lindsey,E10000019,Lincolnshire
LN9  5,53.209715,-0.123369,E07000137,East Lindsey,E10000019,Lincolnshire
LN9  6,53.208347,-0.111284,E07000137,East Lindsey,E10000019,Lincolnshire
LN9  9,53.208986,-0.116497,E07000137,East Lindsey,E10000019,Lincolnshire
LS1  1,53.796179,-1.552548,E08000035,Leeds,E08000035,Leeds
LS1  2,53.798119,-1.549749,E08000035,Leeds,E08000035,Leeds
LS1  3,53.800171,-1.548148,E08000035,Leeds,E08000035,Leeds
LS1  4,53.79467,-1.543168,E08000035,Leeds,E08000035,Leeds
LS1  5,53.797905,-1.545395,E08000035,Leeds,E08000035,Leeds
LS1  6,53.795513,-1.542779,E08000035,Leeds,E08000035,Leeds
LS1  7,53.797811,-1.539672,E08000035,Leeds,E08000035,Leeds
LS1  8,53.798761,-1.546023,E08000035,Leeds,E08000035,Leeds
LS1  9,53.802168,-1.548491,E08000035,Leeds,E08000035,Leeds
LS10 1,53.765765,-1.500518,E08000035,Leeds,E08000035,Leeds
LS10 2,53.771266,-1.536503,E08000035,Leeds,E08000035,Leeds
LS10 3,53.754472,-1.521445,E08000035,Leeds,E08000035,Leeds
LS10 4,53.751122,-1.526806,E08000035,Leeds,E08000035,Leeds
LS10 9,53.768925,-1.530809,E08000035,Leeds,E08000035,Leeds
LS11 0,53.782991,-1.559245,E08000035,Leeds,E08000035,Leeds
LS11 1,53.785439,-1.55031,E08000035,Leeds,E08000035,Leeds
LS11 5,53.75926,-1.565848,E08000035,Leeds,E08000035,Leeds
LS11 6,53.783805,-1.550752,E08000035,Leeds,E08000035,Leeds
LS11 7,53.77237,-1.564939,E08000035,Leeds,E08000035,Leeds
LS11 8,53.770951,-1.56506,E08000035,Leeds,E08000035,Leeds
LS11 9,53.78875,-1.551109,E08000035,Leeds,E08000035,Leeds
LS12 1,53.791356,-1.56321,E08000035,Leeds,E08000035,Leeds
LS12 2,53.797375,-1.587695,E08000035,Leeds,E08000035,Leeds
LS12 3,53.796652,-1.592029,E08000035,Leeds,E08000035,Leeds
LS12 4,53.783764,-1.586797,E08000035,Leeds,E08000035,Leeds
LS12 5,53.787017,-1.6192,E08000035,Leeds,E08000035,Leeds
LS12 6,53.780971,-1.592743,E08000035,Leeds,E08000035,Leeds
LS12 9,53.792784,-1.596332,E08000035,Leeds,E08000035,Leeds
LS13 1,53.817948,-1.649953,E08000035,Leeds,E08000035,Leeds
LS13 2,53.805757,-1.622143,E08000035,Leeds,E08000035,Leeds
LS13 3,53.807021,-1.629877,E08000035,Leeds,E08000035,Leeds
LS13 4,53.805551,-1.62541,E08000035,Leeds,E08000035,Leeds
LS13 9,53.813496,-1.62505,E08000035,Leeds,E08000035,Leeds
LS14 1,53.823544,-1.482332,E08000035,Leeds,E08000035,Leeds
LS14 2,53.823947,-1.455393,E08000035,Leeds,E08000035,Leeds
LS14 3,53.83518,-1.435524,E08000035,Leeds,E08000035,Leeds
LS14 5,53.823404,-1.454747,E08000035,Leeds,E08000035,Leeds
LS14 6,53.807421,-1.470321,E08000035,Leeds,E08000035,Leeds
LS14 9,53.827225,-1.456824,E08000035,Leeds,E08000035,Leeds
LS15 0,53.796908,-1.450976,E08000035,Leeds,E08000035,Leeds
LS15 4,53.824949,-1.425422,E08000035,Leeds,E08000035,Leeds
LS15 5,53.816269,-1.44322,E08000035,Leeds,E08000035,Leeds
LS15 7,53.802602,-1.450051,E08000035,Leeds,E08000035,Leeds
LS15 8,53.817564,-1.405853,E08000035,Leeds,E08000035,Leeds
LS15 9,53.796881,-1.448927,E08000035,Leeds,E08000035,Leeds
LS16 0,53.845919,-1.60666,E08000035,Leeds,E08000035,Leeds
LS16 5,53.835779,-1.592729,E08000035,Leeds,E08000035,Leeds
LS16 6,53.851658,-1.594658,E08000035,Leeds,E08000035,Leeds
LS16 7,53.854699,-1.595343,E08000035,Leeds,E08000035,Leeds
LS16 8,53.848125,-1.591515,E08000035,Leeds,E08000035,Leeds
LS16 9,53.885334,-1.621702,E08000035,Leeds,E08000035,Leeds
LS17 0,53.944356,-1.580765,E06000065,North Yorkshire,E06000065,North Yorkshire
LS17 1,53.85142,-1.533719,E08000035,Leeds,E08000035,Leeds
LS17 5,53.835347,-1.544732,E08000035,Leeds,E08000035,Leeds
LS17 6,53.841204,-1.544136,E08000035,Leeds,E08000035,Leeds
LS17 7,53.851789,-1.533897,E08000035,Leeds,E08000035,Leeds
LS17 8,53.84948,-1.527159,E08000035,Leeds,E08000035,Leeds
LS17 9,53.889836,-1.447083,E08000035,Leeds,E08000035,Leeds
LS18 4,53.840779,-1.635567,E08000035,Leeds,E08000035,Leeds
LS18 5,53.842799,-1.634835,E08000035,Leeds,E08000035,Leeds
LS19 6,53.862752,-1.672098,E08000035,Leeds,E08000035,Leeds
LS19 7,53.865671,-1.678218,E08000035,Leeds,E08000035,Leeds
LS19 9,53.863306,-1.69148,E08000035,Leeds,E08000035,Leeds
LS2  3,53.805411,-1.550355,E08000035,Leeds,E08000035,Leeds
LS2  7,53.794889,-1.534679,E08000035,Leeds,E08000035,Leeds
LS2  8,53.804022,-1.544509,E08000035,Leeds,E08000035,Leeds
LS2  9,53.80913,-1.552259,E08000035,Leeds,E08000035,Leeds
LS20 8,53.874513,-1.712705,E08000035,Leeds,E08000035,Leeds
LS20 9,53.874681,-1.711913,E08000035,Leeds,E08000035,Leeds
LS21 1,53.904364,-1.691924,E08000035,Leeds,E08000035,Leeds
LS21 2,53.909585,-1.694991,E08000035,Leeds,E08000035,Leeds
LS21 3,53.904438,-1.692532,E08000035,Leeds,E08000035,Leeds
LS21 9,53.904831,-1.691692,E08000035,Leeds,E08000035,Leeds
LS22 4,53.927598,-1.404674,E08000035,Leeds,E08000035,Leeds
LS22 5,53.905475,-1.414882,E08000035,Leeds,E08000035,Leeds
LS22 6,53.928085,-1.405139,E08000035,Leeds,E08000035,Leeds
LS22 7,53.932304,-1.382644,E08000035,Leeds,E08000035,Leeds
LS22 9,53.930237,-1.38432,E08000035,Leeds,E08000035,Leeds
LS23 6,53.904147,-1.343866,E08000035,Leeds,E08000035,Leeds
LS23 7,53.906279,-1.342554,E08000035,Leeds,E08000035,Leeds
LS24 0,53.885673,-1.26553,E06000065,North Yorkshire,E06000065,North Yorkshire
LS24 8,53.886124,-1.258402,E06000065,North Yorkshire,E06000065,North Yorkshire
LS24 9,53.884547,-1.263648,E06000065,North Yorkshire,E06000065,North Yorkshire
LS25 0,53.735126,-1.596733,E08000035,Leeds,E08000035,Leeds
LS25 1,53.794878,-1.388001,E08000035,Leeds,E08000035,Leeds
LS25 2,53.78133,-1.38577,E08000035,Leeds,E08000035,Leeds
LS25 3,53.830311,-1.34239,E08000035,Leeds,E08000035,Leeds
LS25 4,53.788949,-1.326492,E08000035,Leeds,E08000035,Leeds
LS25 5,53.779296,-1.249176,E06000065,North Yorkshire,E06000065,North Yorkshire
LS25 6,53.782707,-1.248478,E06000065,North Yorkshire,E06000065,North Yorkshire
LS25 7,53.766498,-1.371483,E08000035,Leeds,E08000035,Leeds
LS25 9,53.787537,-1.231923,E06000065,North Yorkshire,E06000065,North Yorkshire
LS26 0,53.755144,-1.490513,E08000035,Leeds,E08000035,Leeds
LS26 1,53.786476,-1.4062,E08000035,Leeds,E08000035,Leeds
LS26 6,53.767676,-1.423472,E08000035,Leeds,E08000035,Leeds
LS26 8,53.756956,-1.449054,E08000035,Leeds,E08000035,Leeds
LS26 9,53.73679,-1.393589,E08000035,Leeds,E08000035,Leeds
LS27 0,53.741919,-1.606659,E08000035,Leeds,E08000035,Leeds
LS27 1,53.743611,-1.59926,E08000035,Leeds,E08000035,Leeds
LS27 7,53.75869,-1.629118,E08000035,Leeds,E08000035,Leeds
LS27 8,53.743125,-1.599143,E08000035,Leeds,E08000035,Leeds
LS27 9,53.742949,-1.600191,E08000035,Leeds,E08000035,Leeds
LS28 0,53.795683,-1.665091,E08000035,Leeds,E08000035,Leeds
LS28 5,53.810356,-1.690381,E08000035,Leeds,E08000035,Leeds
LS28 6,53.803344,-1.666503,E08000035,Leeds,E08000035,Leeds
LS28 7,53.797388,-1.660887,E08000035,Leeds,E08000035,Leeds
LS28 8,53.79221,-1.660595,E08000035,Leeds,E08000035,Leeds
LS28 9,53.799056,-1.656456,E08000035,Leeds,E08000035,Leeds
LS29 0,53.930042,-1.826775,E08000032,Bradford,E08000032,Bradford
LS29 1,53.923453,-1.820087,E08000032,Bradford,E08000032,Bradford
LS29 6,53.895503,-1.729909,E08000035,Leeds,E08000035,Leeds
LS29 7,53.907688,-1.753668,E08000032,Bradford,E08000032,Bradford
LS29 8,53.925175,-1.823811,E08000032,Bradford,E08000032,Bradford
LS29 9,53.925273,-1.82946,E08000032,Bradford,E08000032,Bradford
LS3  1,53.800463,-1.559016,E08000035,Leeds,E08000035,Leeds
LS3  2,53.803355,-1.573304,E08000035,Leeds,E08000035,Leeds
LS4  2,53.810629,-1.597527,E08000035,Leeds,E08000035,Leeds
LS5  2,53.816612,-1.591106,E08000035,Leeds,E08000035,Leeds
LS5  3,53.796179,-1.552548,E08000035,Leeds,E08000035,Leeds
LS6  1,53.817875,-1.574508,E08000035,Leeds,E08000035,Leeds
LS6  2,53.820363,-1.576503,E08000035,Leeds,E08000035,Leeds
LS6  3,53.820293,-1.577005,E08000035,Leeds,E08000035,Leeds
LS6  4,53.824359,-1.578013,E08000035,Leeds,E08000035,Leeds
LS6  9,53.811044,-1.538069,E08000035,Leeds,E08000035,Leeds
LS7  1,53.807702,-1.533778,E08000035,Leeds,E08000035,Leeds
LS7  2,53.807429,-1.535057,E08000035,Leeds,E08000035,Leeds
LS7  3,53.807702,-1.533778,E08000035,Leeds,E08000035,Leeds
LS7  4,53.810829,-1.528807,E08000035,Leeds,E08000035,Leeds
LS7  9,53.811044,-1.538069,E08000035,Leeds,E08000035,Leeds
LS8  1,53.84445,-1.519008,E08000035,Leeds,E08000035,Leeds
LS8  2,53.844939,-1.519793,E08000035,Leeds,E08000035,Leeds
LS8  3,53.817336,-1.512923,E08000035,Leeds,E08000035,Leeds
LS8  4,53.826777,-1.507177,E08000035,Leeds,E08000035,Leeds
LS8  5,53.815783,-1.517983,E08000035,Leeds,E08000035,Leeds
LS8  9,53.807335,-1.524822,E08000035,Leeds,E08000035,Leeds
LS88 1,53.735416,-1.576295,E08000035,Leeds,E08000035,Leeds
LS88 4,53.735416,-1.576295,E08000035,Leeds,E08000035,Leeds
LS88 8,53.76532,-1.501464,E08000035,Leeds,E08000035,Leeds
LS9  0,53.779315,-1.480417,E08000035,Leeds,E08000035,Leeds
LS9  1,53.82718,-1.456779,E08000035,Leeds,E08000035,Leeds
LS9  6,53.810459,-1.510557,E08000035,Leeds,E08000035,Leeds
LS9  7,53.807326,-1.518232,E08000035,Leeds,E08000035,Leeds
LS9  8,53.79657,-1.532565,E08000035,Leeds,E08000035,Leeds
LS9  9,53.797732,-1.521636,E08000035,Leeds,E08000035,Leeds
LS98 1,53.765732,-1.501231,E08000035,Leeds,E08000035,Leeds
LS98 3,53.791124,-1.549035,E08000035,Leeds,E08000035,Leeds
LS98 4,53.79107,-1.549005,E08000035,Leeds,E08000035,Leeds
LS99 2,53.765732,-1.501231,E08000035,Leeds,E08000035,Leeds
LS99 3,53.806869,-1.683679,E08000035,Leeds,E08000035,Leeds
LS99 8,53.76532,-1.501464,E08000035,Leeds,E08000035,Leeds
LU1  1,51.879985,-0.422902,E06000032,Luton,E06000032,Luton
LU1  2,51.877581,-0.413979,E06000032,Luton,E06000032,Luton
LU1  3,51.877651,-0.414485,E06000032,Luton,E06000032,Luton
LU1  4,51.866129,-0.435006,E06000032,Luton,E06000032,Luton
LU1  5,51.877943,-0.419501,E06000032,Luton,E06000032,Luton
LU1  9,51.879985,-0.422902,E06000032,Luton,E06000032,Luton
LU2  0,51.880869,-0.401092,E06000032,Luton,E06000032,Luton
LU2  7,51.917824,-0.425703,E06000032,Luton,E06000032,Luton
LU2  8,51.899896,-0.391289,E06000032,Luton,E06000032,Luton
LU2  9,51.893957,-0.390964,E06000032,Luton,E06000032,Luton
LU3  1,51.885139,-0.426398,E06000032,Luton,E06000032,Luton
LU3  2,51.903733,-0.422287,E06000032,Luton,E06000032,Luton
LU3  3,51.912458,-0.468128,E06000032,Luton,E06000032,Luton
LU3  4,51.920893,-0.435397,E06000032,Luton,E06000032,Luton
LU3  7,51.897915,-0.440485,E06000032,Luton,E06000032,Luton
LU3  9,51.879985,-0.422902,E06000032,Luton,E06000032,Luton
LU4  0,51.892724,-0.472477,E06000032,Luton,E06000032,Luton
LU4  8,51.885229,-0.431771,E06000032,Luton,E06000032,Luton
LU4  9,51.906405,-0.461109,E06000032,Luton,E06000032,Luton
LU5  4,51.880786,-0.510554,E06000056,Central Bedfordshire,E06000056,Central Bedfordshire
LU5  5,51.894851,-0.531511,E06000056,Central Bedfordshire,E06000056,Central Bedfordshire
LU5  6,51.950025,-0.532359,E06000056,Central Bedfordshire,E06000056,Central Bedfordshire
LU5  7,51.917399,-0.505533,E06000056,Central Bedfordshire,E06000056,Central Bedfordshire
LU6  1,51.893524,-0.532557,E06000056,Central Bedfordshire,E06000056,Central Bedfordshire
LU6  2,51.879915,-0.546672,E06000056,Central Bedfordshire,E06000056,Central Bedfordshire
LU6  3,51.883704,-0.523796,E06000056,Central Bedfordshire,E06000056,Central Bedfordshire
LU6  9,51.88777,-0.523968,E06000056,Central Bedfordshire,E06000056,Central Bedfordshire
LU7  0,51.941686,-0.655462,E06000056,Central Bedfordshire,E06000056,Central Bedfordshire
LU7  1,51.915271,-0.664218,E06000056,Central Bedfordshire,E06000056,Central Bedfordshire
LU7  2,51.917183,-0.675881,E06000056,Central Bedfordshire,E06000056,Central Bedfordshire
LU7  3,51.922924,-0.659628,E06000056,Central Bedfordshire,E06000056,Central Bedfordshire
LU7  4,51.913245,-0.638893,E06000056,Central Bedfordshire,E06000056,Central Bedfordshire
LU7  6,51.908021,-0.656888,E06000056,Central Bedfordshire,E06000056,Central Bedfordshire
LU7  7,51.915269,-0.664043,E06000056,Central Bedfordshire,E06000056,Central Bedfordshire
LU7  8,51.922916,-0.659716,E06000056,Central Bedfordshire,E06000056,Central Bedfordshire
LU7  9,51.8423,-0.659178,E06000060,Buckinghamshire,E06000060,Buckinghamshire
LU95 1,51.915253,-0.664291,E06000056,Central Bedfordshire,E06000056,Central Bedfordshire
M1   1,53.487378,-2.227194,E08000003,Manchester,E08000003,Manchester
M1   2,53.481209,-2.23352,E08000003,Manchester,E08000003,Manchester
M1   3,53.478512,-2.233506,E08000003,Manchester,E08000003,Manchester
M1   4,53.477993,-2.241353,E08000003,Manchester,E08000003,Manchester
M1   5,53.473537,-2.240665,E08000003,Manchester,E08000003,Manchester
M1   6,53.477105,-2.240429,E08000003,Manchester,E08000003,Manchester
M1   7,53.473981,-2.238799,E08000003,Manchester,E08000003,Manchester
M1   9,53.487378,-2.227194,E08000003,Manchester,E08000003,Manchester
M10  0,53.503764,-2.1854,E08000003,Manchester,E08000003,Manchester
M10  6,53.496536,-2.207979,E08000003,Manchester,E08000003,Manchester
M10  7,53.490239,-2.210963,E08000003,Manchester,E08000003,Manchester
M10  8,53.494613,-2.207578,E08000003,Manchester,E08000003,Manchester
M10  9,53.496534,-2.209487,E08000003,Manchester,E08000003,Manchester
M11  0,53.475522,-2.191334,E08000003,Manchester,E08000003,Manchester
M11  1,53.473628,-2.172087,E08000003,Manchester,E08000003,Manchester
M11  2,53.475522,-2.191349,E08000003,Manchester,E08000003,Manchester
M11  3,53.474438,-2.195096,E08000003,Manchester,E08000003,Manchester
M11  4,53.483589,-2.18905,E08000003,Manchester,E08000003,Manchester
M11  9,53.483997,-2.180793,E08000003,Manchester,E08000003,Manchester
M12  0,53.467368,-2.218743,E08000003,Manchester,E08000003,Manchester
M12  4,53.456912,-2.199699,E08000003,Manchester,E08000003,Manchester
M12  5,53.468779,-2.21393,E08000003,Manchester,E08000003,Manchester
M12  6,53.467359,-2.218743,E08000003,Manchester,E08000003,Manchester
M12  9,53.476751,-2.213909,E08000003,Manchester,E08000003,Manchester
M13  0,53.467368,-2.218743,E08000003,Manchester,E08000003,Manchester
M13  1,53.467368,-2.218743,E08000003,Manchester,E08000003,Manchester
M13  9,53.463977,-2.2149,E08000003,Manchester,E08000003,Manchester
M14  0,53.439373,-2.221204,E08000003,Manchester,E08000003,Manchester
M14  4,53.456435,-2.24349,E08000003,Manchester,E08000003,Manchester
M14  5,53.451401,-2.225437,E08000003,Manchester,E08000003,Manchester
M14  6,53.439129,-2.221925,E08000003,Manchester,E08000003,Manchester
M14  7,53.444621,-2.231454,E08000003,Manchester,E08000003,Manchester
M15  4,53.472797,-2.246491,E08000003,Manchester,E08000003,Manchester
M15  5,53.469534,-2.25521,E08000003,Manchester,E08000003,Manchester
M15  6,53.471443,-2.244902,E08000003,Manchester,E08000003,Manchester
M16  0,53.450846,-2.267958,E08000003,Manchester,E08000003,Manchester
M16  1,53.455935,-2.28308,E08000009,Trafford,E08000009,Trafford
M16  6,53.457338,-2.262773,E08000009,Trafford,E08000009,Trafford
M16  7,53.458334,-2.255324,E08000003,Manchester,E08000003,Manchester
M16  8,53.457967,-2.258801,E08000003,Manchester,E08000003,Manchester
M16  9,53.460374,-2.259945,E08000009,Trafford,E08000009,Trafford
M17  1,53.471215,-2.283182,E08000006,Salford,E08000006,Salford
M17  8,53.465725,-2.349829,E08000009,Trafford,E08000009,Trafford
M18  7,53.461818,-2.178018,E08000003,Manchester,E08000003,Manchester
M18  8,53.464014,-2.182139,E08000003,Manchester,E08000003,Manchester
M18  9,53.46244,-2.170159,E08000003,Manchester,E08000003,Manchester
M19  0,53.444282,-2.194912,E08000003,Manchester,E08000003,Manchester
M19  1,53.432582,-2.203739,E08000003,Manchester,E08000003,Manchester
M19  2,53.444273,-2.194912,E08000003,Manchester,E08000003,Manchester
M19  3,53.444349,-2.191976,E08000003,Manchester,E08000003,Manchester
M19  9,53.447609,-2.170701,E08000007,Stockport,E08000007,Stockport
M2   1,53.481191,-2.242561,E08000003,Manchester,E08000003,Manchester
M2   2,53.48178,-2.240048,E08000003,Manchester,E08000003,Manchester
M2   3,53.478008,-2.242875,E08000003,Manchester,E08000003,Manchester
M2   4,53.479386,-2.241541,E08000003,Manchester,E08000003,Manchester
M2   5,53.487378,-2.227194,E08000003,Manchester,E08000003,Manchester
M2   6,53.481373,-2.245772,E08000003,Manchester,E08000003,Manchester
M2   7,53.481905,-2.244765,E08000003,Manchester,E08000003,Manchester
M2   9,53.481182,-2.247082,E08000003,Manchester,E08000003,Manchester
M20  0,53.424659,-2.234761,E08000003,Manchester,E08000003,Manchester
M20  1,53.438326,-2.232699,E08000003,Manchester,E08000003,Manchester
M20  2,53.416036,-2.245036,E08000003,Manchester,E08000003,Manchester
M20  3,53.439373,-2.221204,E08000003,Manchester,E08000003,Manchester
M20  4,53.435379,-2.227249,E08000003,Manchester,E08000003,Manchester
M20  5,53.41016,-2.221007,E08000003,Manchester,E08000003,Manchester
M20  6,53.42465,-2.234776,E08000003,Manchester,E08000003,Manchester
M20  7,53.416225,-2.23136,E08000003,Manchester,E08000003,Manchester
M20  8,53.438335,-2.232684,E08000003,Manchester,E08000003,Manchester
M20  9,53.435379,-2.227249,E08000003,Manchester,E08000003,Manchester
M21  0,53.442137,-2.275326,E08000003,Manchester,E08000003,Manchester
M21  1,53.531453,-2.276039,E08000002,Bury,E08000002,Bury
M21  2,53.441606,-2.275639,E08000003,Manchester,E08000003,Manchester
M21  3,53.442191,-2.275341,E08000003,Manchester,E08000003,Manchester
M21  6,53.437986,-2.270919,E08000003,Manchester,E08000003,Manchester
M21  7,53.435545,-2.264792,E08000003,Manchester,E08000003,Manchester
M21  8,53.441732,-2.27576,E08000003,Manchester,E08000003,Manchester
M21  9,53.442359,-2.276803,E08000003,Manchester,E08000003,Manchester
M22  0,53.371203,-2.257492,E08000003,Manchester,E08000003,Manchester
M22  1,53.379223,-2.264772,E08000003,Manchester,E08000003,Manchester
M22  2,53.397249,-2.258734,E08000003,Manchester,E08000003,Manchester
M22  3,53.37955,-2.275056,E08000003,Manchester,E08000003,Manchester
M22  4,53.398828,-2.264414,E08000003,Manchester,E08000003,Manchester
M22  5,53.38658,-2.246084,E08000003,Manchester,E08000003,Manchester
M22  6,53.378989,-2.264815,E08000003,Manchester,E08000003,Manchester
M22  7,53.396662,-2.260129,E08000003,Manchester,E08000003,Manchester
M22  8,53.393736,-2.258277,E08000003,Manchester,E08000003,Manchester
M22  9,53.397249,-2.258734,E08000003,Manchester,E08000003,Manchester
M23  0,53.400486,-2.270681,E08000003,Manchester,E08000003,Manchester
M23  1,53.400112,-2.273054,E08000003,Manchester,E08000003,Manchester
M23  2,53.388639,-2.285911,E08000003,Manchester,E08000003,Manchester
M23  4,53.393877,-2.297706,E08000003,Manchester,E08000003,Manchester
M23  8,53.400112,-2.273054,E08000003,Manchester,E08000003,Manchester
M23  9,53.400276,-2.290998,E08000003,Manchester,E08000003,Manchester
M24  0,53.547903,-2.198784,E08000005,Rochdale,E08000005,Rochdale
M24  1,53.547903,-2.198784,E08000005,Rochdale,E08000005,Rochdale
M24  2,53.540869,-2.173053,E08000004,Oldham,E08000004,Oldham
M24  3,53.550487,-2.19617,E08000005,Rochdale,E08000005,Rochdale
M24  4,53.549124,-2.204766,E08000005,Rochdale,E08000005,Rochdale
M24  5,53.550286,-2.198252,E08000005,Rochdale,E08000005,Rochdale
M24  6,53.551443,-2.193714,E08000005,Rochdale,E08000005,Rochdale
M24  9,53.547903,-2.198784,E08000005,Rochdale,E08000005,Rochdale
M25  0,53.523463,-2.275791,E08000002,Bury,E08000002,Bury
M25  1,53.531139,-2.283867,E08000002,Bury,E08000002,Bury
M25  2,53.544966,-2.262545,E08000002,Bury,E08000002,Bury
M25  3,53.534367,-2.286951,E08000002,Bury,E08000002,Bury
M25  5,53.518877,-2.272941,E08000002,Bury,E08000002,Bury
M25  6,53.545823,-2.29225,E08000002,Bury,E08000002,Bury
M25  7,53.534457,-2.287118,E08000002,Bury,E08000002,Bury
M25  8,53.523401,-2.275745,E08000002,Bury,E08000002,Bury
M25  9,53.517827,-2.276131,E08000002,Bury,E08000002,Bury
M26  0,53.559581,-2.328093,E08000002,Bury,E08000002,Bury
M26  1,53.558803,-2.326593,E08000002,Bury,E08000002,Bury
M26  2,53.56661,-2.314559,E08000002,Bury,E08000002,Bury
M26  3,53.559279,-2.326762,E08000002,Bury,E08000002,Bury
M26  4,53.564554,-2.326969,E08000002,Bury,E08000002,Bury
M26  6,53.558767,-2.326456,E08000002,Bury,E08000002,Bury
M26  9,53.558767,-2.326456,E08000002,Bury,E08000002,Bury
M27  0,53.505249,-2.34658,E08000006,Salford,E08000006,Salford
M27  1,53.510034,-2.336155,E08000006,Salford,E08000006,Salford
M27  2,53.510733,-2.336854,E08000006,Salford,E08000006,Salford
M27  3,53.506098,-2.348246,E08000006,Salford,E08000006,Salford
M27  4,53.510652,-2.336672,E08000006,Salford,E08000006,Salford
M27  5,53.510034,-2.336155,E08000006,Salford,E08000006,Salford
M27  6,53.514497,-2.337683,E08000006,Salford,E08000006,Salford
M27  7,53.512652,-2.35976,E08000006,Salford,E08000006,Salford
M27  8,53.506098,-2.348246,E08000006,Salford,E08000006,Salford
M27  9,53.515834,-2.347662,E08000006,Salford,E08000006,Salford
M28  0,53.524823,-2.404481,E08000006,Salford,E08000006,Salford
M28  1,53.50731,-2.426299,E08000010,Wigan,E08000010,Wigan
M28  2,53.513067,-2.362206,E08000006,Salford,E08000006,Salford
M28  3,53.524665,-2.400724,E08000006,Salford,E08000006,Salford
M28  4,53.509481,-2.414619,E08000006,Salford,E08000006,Salford
M28  5,53.524427,-2.399228,E08000006,Salford,E08000006,Salford
M28  6,53.52245,-2.398953,E08000006,Salford,E08000006,Salford
M28  7,53.509481,-2.414619,E08000006,Salford,E08000006,Salford
M28  8,53.513067,-2.362206,E08000006,Salford,E08000006,Salford
M29  0,53.522655,-2.491417,E08000010,Wigan,E08000010,Wigan
M29  1,53.509113,-2.509611,E08000010,Wigan,E08000010,Wigan
M29  2,53.5144,-2.465278,E08000010,Wigan,E08000010,Wigan
M29  7,53.500952,-2.460879,E08000010,Wigan,E08000010,Wigan
M29  8,53.514392,-2.465187,E08000010,Wigan,E08000010,Wigan
M29  9,53.520971,-2.485576,E08000010,Wigan,E08000010,Wigan
M3   1,53.487184,-2.247945,E08000006,Salford,E08000006,Salford
M3   2,53.482979,-2.247092,E08000003,Manchester,E08000003,Manchester
M3   3,53.47944,-2.250206,E08000003,Manchester,E08000003,Manchester
M3   4,53.478165,-2.249897,E08000003,Manchester,E08000003,Manchester
M3   5,53.482311,-2.252905,E08000006,Salford,E08000006,Salford
M3   6,53.484101,-2.251966,E08000006,Salford,E08000006,Salford
M3   7,53.485097,-2.248641,E08000006,Salford,E08000006,Salford
M3   9,53.486571,-2.24862,E08000006,Salford,E08000006,Salford
M30  0,53.482733,-2.336904,E08000006,Salford,E08000006,Salford
M30  3,53.4825,-2.336872,E08000006,Salford,E08000006,Salford
M30  5,53.43744,-2.429061,E08000006,Salford,E08000006,Salford
M30  6,53.43862,-2.428621,E08000006,Salford,E08000006,Salford
M30  7,53.479605,-2.358516,E08000006,Salford,E08000006,Salford
M30  8,53.489908,-2.35794,E08000006,Salford,E08000006,Salford
M30  9,53.486917,-2.335415,E08000006,Salford,E08000006,Salford
M31  1,53.448337,-2.351372,E08000009,Trafford,E08000009,Trafford
M31  2,53.454156,-2.356149,E08000009,Trafford,E08000009,Trafford
M31  3,53.448623,-2.354898,E08000009,Trafford,E08000009,Trafford
M31  4,53.432487,-2.370176,E08000009,Trafford,E08000009,Trafford
M31  9,53.41503,-2.434763,E08000009,Trafford,E08000009,Trafford
M32  0,53.446915,-2.309926,E08000009,Trafford,E08000009,Trafford
M32  1,53.454119,-2.290598,E08000009,Trafford,E08000009,Trafford
M32  2,53.44546,-2.305911,E08000009,Trafford,E08000009,Trafford
M32  8,53.44546,-2.305911,E08000009,Trafford,E08000009,Trafford
M32  9,53.444679,-2.309112,E08000009,Trafford,E08000009,Trafford
M33  0,53.425783,-2.316725,E08000009,Trafford,E08000009,Trafford
M33  1,53.425319,-2.322049,E08000009,Trafford,E08000009,Trafford
M33  2,53.427285,-2.316315,E08000009,Trafford,E08000009,Trafford
M33  3,53.423515,-2.317973,E08000009,Trafford,E08000009,Trafford
M33  4,53.416181,-2.330752,E08000009,Trafford,E08000009,Trafford
M33  5,53.419661,-2.333487,E08000009,Trafford,E08000009,Trafford
M33  6,53.421493,-2.330627,E08000009,Trafford,E08000009,Trafford
M33  7,53.425783,-2.316725,E08000009,Trafford,E08000009,Trafford
M33  9,53.423477,-2.32199,E08000009,Trafford,E08000009,Trafford
M34  0,53.455579,-2.112424,E08000008,Tameside,E08000008,Tameside
M34  1,53.455588,-2.112695,E08000008,Tameside,E08000008,Tameside
M34  2,53.455495,-2.115812,E08000008,Tameside,E08000008,Tameside
M34  3,53.457721,-2.109177,E08000008,Tameside,E08000008,Tameside
M34  5,53.466436,-2.113327,E08000008,Tameside,E08000008,Tameside
M34  6,53.455579,-2.112424,E08000008,Tameside,E08000008,Tameside
M34  7,53.450823,-2.112893,E08000008,Tameside,E08000008,Tameside
M34  9,53.44184,-2.106847,E08000008,Tameside,E08000008,Tameside
M35  0,53.511509,-2.156467,E08000004,Oldham,E08000004,Oldham
M35  5,53.510741,-2.152634,E08000004,Oldham,E08000004,Oldham
M35  6,53.478651,-2.146116,E08000008,Tameside,E08000008,Tameside
M35  7,53.480316,-2.144856,E08000008,Tameside,E08000008,Tameside
M35  9,53.510741,-2.152634,E08000004,Oldham,E08000004,Oldham
M38  0,53.525147,-2.430203,E08000006,Salford,E08000006,Salford
M38  1,53.52567,-2.41176,E08000006,Salford,E08000006,Salford
M38  9,53.536074,-2.418138,E08000006,Salford,E08000006,Salford
M4   1,53.482524,-2.236436,E08000003,Manchester,E08000003,Manchester
M4   2,53.484955,-2.239162,E08000003,Manchester,E08000003,Manchester
M4   3,53.483466,-2.2417,E08000003,Manchester,E08000003,Manchester
M4   4,53.48539,-2.237311,E08000003,Manchester,E08000003,Manchester
M4   5,53.487378,-2.227209,E08000003,Manchester,E08000003,Manchester
M4   6,53.48447,-2.22965,E08000003,Manchester,E08000003,Manchester
M4   7,53.480076,-2.224127,E08000003,Manchester,E08000003,Manchester
M40  0,53.509675,-2.182033,E08000003,Manchester,E08000003,Manchester
M40  1,53.503001,-2.179125,E08000003,Manchester,E08000003,Manchester
M40  2,53.496609,-2.207512,E08000003,Manchester,E08000003,Manchester
M40  3,53.503541,-2.184751,E08000003,Manchester,E08000003,Manchester
M40  4,53.494613,-2.207578,E08000003,Manchester,E08000003,Manchester
M40  5,53.497389,-2.208631,E08000003,Manchester,E08000003,Manchester
M40  7,53.490915,-2.209745,E08000003,Manchester,E08000003,Manchester
M40  8,53.494613,-2.207578,E08000003,Manchester,E08000003,Manchester
M40  9,53.494613,-2.207578,E08000003,Manchester,E08000003,Manchester
M41  0,53.450659,-2.353289,E08000009,Trafford,E08000009,Trafford
M41  3,53.452185,-2.341782,E08000009,Trafford,E08000009,Trafford
M41  4,53.448337,-2.351372,E08000009,Trafford,E08000009,Trafford
M41  5,53.448597,-2.354612,E08000009,Trafford,E08000009,Trafford
M41  6,53.444624,-2.405466,E08000009,Trafford,E08000009,Trafford
M41  7,53.454227,-2.356722,E08000009,Trafford,E08000009,Trafford
M41  8,53.452491,-2.394066,E08000009,Trafford,E08000009,Trafford
M41  9,53.448337,-2.351372,E08000009,Trafford,E08000009,Trafford
M43  0,53.478866,-2.146689,E08000008,Tameside,E08000008,Tameside
M43  6,53.47513,-2.151316,E08000008,Tameside,E08000008,Tameside
M43  7,53.480325,-2.144871,E08000008,Tameside,E08000008,Tameside
M44  0,53.43862,-2.428621,E08000006,Salford,E08000006,Salford
M44  5,53.43735,-2.429226,E08000006,Salford,E08000006,Salford
M44  6,53.438405,-2.428273,E08000006,Salford,E08000006,Salford
M45  0,53.534457,-2.287118,E08000002,Bury,E08000002,Bury
M45  6,53.5455,-2.291961,E08000002,Bury,E08000002,Bury
M45  7,53.534457,-2.287118,E08000002,Bury,E08000002,Bury
M45  8,53.534457,-2.287118,E08000002,Bury,E08000002,Bury
M45  9,53.554794,-2.288267,E08000002,Bury,E08000002,Bury
M46  0,53.522655,-2.491417,E08000010,Wigan,E08000010,Wigan
M46  1,53.512732,-2.504225,E08000010,Wigan,E08000010,Wigan
M46  6,53.522655,-2.491417,E08000010,Wigan,E08000010,Wigan
M46  9,53.520971,-2.485576,E08000010,Wigan,E08000010,Wigan
M5   0,53.481217,-2.28043,E08000006,Salford,E08000006,Salford
M5   2,53.482989,-2.329055,E08000006,Salford,E08000006,Salford
M5   3,53.475472,-2.280844,E08000006,Salford,E08000006,Salford
M5   4,53.481217,-2.28043,E08000006,Salford,E08000006,Salford
M5   5,53.484871,-2.307761,E08000006,Salford,E08000006,Salford
M50  1,53.483731,-2.327373,E08000006,Salford,E08000006,Salford
M50  2,53.473671,-2.304381,E08000006,Salford,E08000006,Salford
M50  3,53.471961,-2.283051,E08000006,Salford,E08000006,Salford
M50  9,53.481217,-2.28043,E08000006,Salford,E08000006,Salford
M52  1,53.444591,-2.213582,E08000003,Manchester,E08000003,Manchester
M6   5,53.484123,-2.279002,E08000006,Salford,E08000006,Salford
M6   6,53.496724,-2.27916,E08000006,Salford,E08000006,Salford
M6   7,53.49189,-2.290131,E08000006,Salford,E08000006,Salford
M6   8,53.49064,-2.315323,E08000006,Salford,E08000006,Salford
M60  0,53.487224,-2.227736,E08000003,Manchester,E08000003,Manchester
M60  1,53.487378,-2.227209,E08000003,Manchester,E08000003,Manchester
M60  2,53.481878,-2.240516,E08000003,Manchester,E08000003,Manchester
M60  3,53.487378,-2.227194,E08000003,Manchester,E08000003,Manchester
M60  4,53.482096,-2.239553,E08000003,Manchester,E08000003,Manchester
M60  5,53.487378,-2.227194,E08000003,Manchester,E08000003,Manchester
M60  6,53.487378,-2.227194,E08000003,Manchester,E08000003,Manchester
M60  7,53.487378,-2.227194,E08000003,Manchester,E08000003,Manchester
M60  8,53.479396,-2.241044,E08000003,Manchester,E08000003,Manchester
M60  9,53.481891,-2.251471,E08000003,Manchester,E08000003,Manchester
M61  0,53.47929,-2.244554,E08000003,Manchester,E08000003,Manchester
M7   0,53.50417,-2.253351,E08000006,Salford,E08000006,Salford
M7   1,53.495586,-2.26141,E08000006,Salford,E08000006,Salford
M7   2,53.505645,-2.260944,E08000006,Salford,E08000006,Salford
M7   3,53.510869,-2.280384,E08000006,Salford,E08000006,Salford
M7   4,53.504125,-2.253321,E08000006,Salford,E08000006,Salford
M7   9,53.505645,-2.260944,E08000006,Salford,E08000006,Salford
M8   0,53.507241,-2.223395,E08000003,Manchester,E08000003,Manchester
M8   1,53.506662,-2.2434,E08000003,Manchester,E08000003,Manchester
M8   2,53.506582,-2.242977,E08000003,Manchester,E08000003,Manchester
M8   4,53.519689,-2.246552,E08000003,Manchester,E08000003,Manchester
M8   5,53.513021,-2.241582,E08000003,Manchester,E08000003,Manchester
M8   6,53.51303,-2.241567,E08000003,Manchester,E08000003,Manchester
M8   7,53.507257,-2.24271,E08000003,Manchester,E08000003,Manchester
M8   8,53.500978,-2.245267,E08000003,Manchester,E08000003,Manchester
M8   9,53.506582,-2.242977,E08000003,Manchester,E08000003,Manchester
M9   0,53.535057,-2.229819,E08000003,Manchester,E08000003,Manchester
M9   1,53.513606,-2.212586,E08000003,Manchester,E08000003,Manchester
M9   2,53.524452,-2.204269,E08000003,Manchester,E08000003,Manchester
M9   3,53.514651,-2.216452,E08000003,Manchester,E08000003,Manchester
M9   4,53.515549,-2.211782,E08000003,Manchester,E08000003,Manchester
M9   5,53.505543,-2.212742,E08000003,Manchester,E08000003,Manchester
M9   6,53.529023,-2.19604,E08000003,Manchester,E08000003,Manchester
M9   7,53.524452,-2.204269,E08000003,Manchester,E08000003,Manchester
M9   8,53.514651,-2.216467,E08000003,Manchester,E08000003,Manchester
M9   9,53.514651,-2.216452,E08000003,Manchester,E08000003,Manchester
M90  1,53.361897,-2.27084,E08000003,Manchester,E08000003,Manchester
M90  2,53.361382,-2.271918,E08000003,Manchester,E08000003,Manchester
M90  3,53.36226,-2.273351,E08000003,Manchester,E08000003,Manchester
M90  4,53.371852,-2.273007,E08000003,Manchester,E08000003,Manchester
M90  5,53.35908,-2.295163,E08000003,Manchester,E08000003,Manchester
M99  1,53.487378,-2.227194,E08000003,Manchester,E08000003,Manchester
M99  2,53.483009,-2.232264,E08000003,Manchester,E08000003,Manchester
ME1  1,51.386103,0.507452,E06000035,Medway,E06000035,Medway
ME1  2,51.38346,0.508227,E06000035,Medway,E06000035,Medway
ME1  3,51.368641,0.500981,E06000035,Medway,E06000035,Medway
ME1  9,51.386148,0.507469,E06000035,Medway,E06000035,Medway
ME10 1,51.340369,0.732667,E07000113,Swale,E10000016,Kent
ME10 2,51.346057,0.732157,E07000113,Swale,E10000016,Kent
ME10 3,51.339454,0.744128,E07000113,Swale,E10000016,Kent
ME10 4,51.339214,0.734378,E07000113,Swale,E10000016,Kent
ME10 5,51.35051,0.71701,E07000113,Swale,E10000016,Kent
ME10 9,51.339245,0.73461,E07000113,Swale,E10000016,Kent
ME11 5,51.416973,0.741865,E07000113,Swale,E10000016,Kent
ME12 1,51.440702,0.764326,E07000113,Swale,E10000016,Kent
ME12 2,51.440588,0.769515,E07000113,Swale,E10000016,Kent
ME12 3,51.428369,0.7743,E07000113,Swale,E10000016,Kent
ME12 4,51.394959,0.850992,E07000113,Swale,E10000016,Kent
ME12 9,51.440702,0.764326,E07000113,Swale,E10000016,Kent
ME13 0,51.288453,0.853424,E07000113,Swale,E10000016,Kent
ME13 3,51.314924,0.892612,E07000113,Swale,E10000016,Kent
ME13 7,51.315369,0.891363,E07000113,Swale,E10000016,Kent
ME13 8,51.314852,0.892608,E07000113,Swale,E10000016,Kent
ME13 9,51.298528,0.943804,E07000113,Swale,E10000016,Kent
ME14 1,51.278324,0.519129,E07000110,Maidstone,E10000016,Kent
ME14 2,51.286015,0.534091,E07000110,Maidstone,E10000016,Kent
ME14 3,51.299562,0.513089,E07000110,Maidstone,E10000016,Kent
ME14 4,51.270465,0.55186,E07000110,Maidstone,E10000016,Kent
ME14 5,51.285263,0.546369,E07000110,Maidstone,E10000016,Kent
ME14 9,51.237694,0.563687,E07000110,Maidstone,E10000016,Kent
ME15 0,51.24261,0.51914,E07000110,Maidstone,E10000016,Kent
ME15 6,51.261045,0.51129,E07000110,Maidstone,E10000016,Kent
ME15 7,51.278324,0.519129,E07000110,Maidstone,E10000016,Kent
ME15 8,51.267008,0.551626,E07000110,Maidstone,E10000016,Kent
ME15 9,51.253695,0.537647,E07000110,Maidstone,E10000016,Kent
ME16 0,51.281817,0.497178,E07000110,Maidstone,E10000016,Kent
ME16 8,51.273478,0.512814,E07000110,Maidstone,E10000016,Kent
ME16 9,51.278324,0.519129,E07000110,Maidstone,E10000016,Kent
ME17 1,51.262066,0.699749,E07000110,Maidstone,E10000016,Kent
ME17 2,51.237088,0.723488,E07000110,Maidstone,E10000016,Kent
ME17 3,51.23997,0.570648,E07000110,Maidstone,E10000016,Kent
ME17 4,51.232037,0.504724,E07000110,Maidstone,E10000016,Kent
ME18 5,51.266216,0.378232,E07000115,Tonbridge and Malling,E10000016,Kent
ME18 6,51.208218,0.419428,E07000110,Maidstone,E10000016,Kent
ME19 4,51.279891,0.398757,E07000115,Tonbridge and Malling,E10000016,Kent
ME19 5,51.312203,0.401476,E07000115,Tonbridge and Malling,E10000016,Kent
ME19 6,51.289529,0.429438,E07000115,Tonbridge and Malling,E10000016,Kent
ME2  1,51.37291,0.458651,E06000035,Medway,E06000035,Medway
ME2  2,51.392989,0.493266,E06000035,Medway,E06000035,Medway
ME2  3,51.398538,0.494976,E06000035,Medway,E06000035,Medway
ME2  4,51.393418,0.496782,E06000035,Medway,E06000035,Medway
ME20 6,51.299118,0.442296,E07000115,Tonbridge and Malling,E10000016,Kent
ME20 7,51.297692,0.472934,E07000115,Tonbridge and Malling,E10000016,Kent
ME3  0,51.446109,0.676683,E06000035,Medway,E06000035,Medway
ME3  7,51.412572,0.456464,E07000109,Gravesham,E10000016,Kent
ME3  8,51.412984,0.513351,E06000035,Medway,E06000035,Medway
ME3  9,51.419975,0.560613,E06000035,Medway,E06000035,Medway
ME4  3,51.408221,0.534489,E06000035,Medway,E06000035,Medway
ME4  4,51.380606,0.525547,E06000035,Medway,E06000035,Medway
ME4  5,51.377961,0.535144,E06000035,Medway,E06000035,Medway
ME4  6,51.381678,0.520849,E06000035,Medway,E06000035,Medway
ME4  9,51.380606,0.525547,E06000035,Medway,E06000035,Medway
ME5  0,51.368442,0.545309,E06000035,Medway,E06000035,Medway
ME5  7,51.378429,0.535544,E06000035,Medway,E06000035,Medway
ME5  8,51.341339,0.527279,E06000035,Medway,E06000035,Medway
ME5  9,51.343826,0.525419,E06000035,Medway,E06000035,Medway
ME6  5,51.329354,0.442338,E07000115,Tonbridge and Malling,E10000016,Kent
ME6  9,51.326341,0.446671,E07000115,Tonbridge and Malling,E10000016,Kent
ME7  1,51.386408,0.546694,E06000035,Medway,E06000035,Medway
ME7  2,51.371721,0.561584,E06000035,Medway,E06000035,Medway
ME7  3,51.37152,0.560883,E06000035,Medway,E06000035,Medway
ME7  4,51.37484,0.552992,E06000035,Medway,E06000035,Medway
ME7  5,51.391424,0.530168,E06000035,Medway,E06000035,Medway
ME7  9,51.386468,0.546409,E06000035,Medway,E06000035,Medway
ME8  0,51.366483,0.585069,E06000035,Medway,E06000035,Medway
ME8  1,51.36618,0.575541,E06000035,Medway,E06000035,Medway
ME8  6,51.371235,0.570623,E06000035,Medway,E06000035,Medway
ME8  7,51.367795,0.589597,E06000035,Medway,E06000035,Medway
ME8  8,51.363333,0.609501,E06000035,Medway,E06000035,Medway
ME8  9,51.363128,0.606185,E06000035,Medway,E06000035,Medway
ME9  0,51.330355,0.741288,E07000113,Swale,E10000016,Kent
ME9  7,51.37381,0.664286,E07000113,Swale,E10000016,Kent
ME9  8,51.313565,0.71843,E07000113,Swale,E10000016,Kent
ME9  9,51.337605,0.765025,E07000113,Swale,E10000016,Kent
ME99 1,51.39057,0.503815,E06000035,Medway,E06000035,Medway
ME99 2,51.278324,0.519129,E07000110,Maidstone,E10000016,Kent
MK1  1,52.010928,-0.725792,E06000042,Milton Keynes,E06000042,Milton Keynes
MK1  9,52.005001,-0.718166,E06000042,Milton Keynes,E06000042,Milton Keynes
MK10 0,52.031749,-0.686979,E06000042,Milton Keynes,E06000042,Milton Keynes
MK10 1,52.030568,-0.689958,E06000042,Milton Keynes,E06000042,Milton Keynes
MK10 7,52.047508,-0.68675,E06000042,Milton Keynes,E06000042,Milton Keynes
MK10 9,52.051279,-0.695127,E06000042,Milton Keynes,E06000042,Milton Keynes
MK11 1,52.056467,-0.852399,E06000042,Milton Keynes,E06000042,Milton Keynes
MK11 2,52.050487,-0.836758,E06000042,Milton Keynes,E06000042,Milton Keynes
MK11 3,52.047594,-0.828754,E06000042,Milton Keynes,E06000042,Milton Keynes
MK11 4,52.045035,-0.83547,E06000042,Milton Keynes,E06000042,Milton Keynes
MK11 9,52.047594,-0.828754,E06000042,Milton Keynes,E06000042,Milton Keynes
MK12 5,52.062274,-0.809667,E06000042,Milton Keynes,E06000042,Milton Keynes
MK12 6,52.055801,-0.824046,E06000042,Milton Keynes,E06000042,Milton Keynes
MK13 0,52.065925,-0.791217,E06000042,Milton Keynes,E06000042,Milton Keynes
MK13 7,52.063208,-0.786652,E06000042,Milton Keynes,E06000042,Milton Keynes
MK13 8,52.046558,-0.767797,E06000042,Milton Keynes,E06000042,Milton Keynes
MK13 9,52.050819,-0.785894,E06000042,Milton Keynes,E06000042,Milton Keynes
MK14 5,52.08103,-0.747322,E06000042,Milton Keynes,E06000042,Milton Keynes
MK14 6,52.047594,-0.828754,E06000042,Milton Keynes,E06000042,Milton Keynes
MK14 7,52.05038,-0.760093,E06000042,Milton Keynes,E06000042,Milton Keynes
MK15 0,52.040082,-0.726932,E06000042,Milton Keynes,E06000042,Milton Keynes
MK15 8,52.062443,-0.744516,E06000042,Milton Keynes,E06000042,Milton Keynes
MK15 9,52.062482,-0.722226,E06000042,Milton Keynes,E06000042,Milton Keynes
MK16 0,52.055772,-0.699795,E06000042,Milton Keynes,E06000042,Milton Keynes
MK16 6,52.079938,-0.704523,E06000042,Milton Keynes,E06000042,Milton Keynes
MK16 8,52.086526,-0.72332,E06000042,Milton Keynes,E06000042,Milton Keynes
MK16 9,52.085672,-0.719141,E06000042,Milton Keynes,E06000042,Milton Keynes
MK17 0,51.98447,-0.76321,E06000060,Buckinghamshire,E06000060,Buckinghamshire
MK17 7,52.034275,-0.649526,E06000042,Milton Keynes,E06000042,Milton Keynes
MK17 8,52.039886,-0.675747,E06000042,Milton Keynes,E06000042,Milton Keynes
MK17 9,51.980868,-0.702561,E06000060,Buckinghamshire,E06000060,Buckinghamshire
MK18 1,52.000492,-0.986243,E06000060,Buckinghamshire,E06000060,Buckinghamshire
MK18 2,51.996487,-0.930794,E06000060,Buckinghamshire,E06000060,Buckinghamshire
MK18 3,51.942505,-0.882671,E06000060,Buckinghamshire,E06000060,Buckinghamshire
MK18 4,51.992366,-1.010763,E06000060,Buckinghamshire,E06000060,Buckinghamshire
MK18 5,52.025158,-0.987639,E06000060,Buckinghamshire,E06000060,Buckinghamshire
MK18 6,52.006652,-0.992645,E06000060,Buckinghamshire,E06000060,Buckinghamshire
MK18 7,51.996529,-0.972917,E06000060,Buckinghamshire,E06000060,Buckinghamshire
MK18 8,52.000624,-0.98589,E06000060,Buckinghamshire,E06000060,Buckinghamshire
MK18 9,52.000624,-0.98589,E06000060,Buckinghamshire,E06000060,Buckinghamshire
MK19 6,52.062187,-0.86363,E06000062,West Northamptonshire,E06000062,West Northamptonshire
MK19 7,52.075971,-0.805597,E06000042,Milton Keynes,E06000042,Milton Keynes
MK2  2,51.994603,-0.72946,E06000042,Milton Keynes,E06000042,Milton Keynes
MK2  3,51.986987,-0.719379,E06000042,Milton Keynes,E06000042,Milton Keynes
MK3  5,51.991377,-0.74046,E06000042,Milton Keynes,E06000042,Milton Keynes
MK3  6,51.991695,-0.759472,E06000042,Milton Keynes,E06000042,Milton Keynes
MK3  7,51.991917,-0.760922,E06000042,Milton Keynes,E06000042,Milton Keynes
MK4  1,52.012217,-0.751256,E06000042,Milton Keynes,E06000042,Milton Keynes
MK4  2,52.000796,-0.771646,E06000042,Milton Keynes,E06000042,Milton Keynes
MK4  3,51.994555,-0.778415,E06000042,Milton Keynes,E06000042,Milton Keynes
MK4  4,52.002903,-0.800681,E06000042,Milton Keynes,E06000042,Milton Keynes
MK40 1,52.13444,-0.475565,E06000055,Bedford,E06000055,Bedford
MK40 2,52.139551,-0.475902,E06000055,Bedford,E06000055,Bedford
MK40 3,52.144373,-0.455394,E06000055,Bedford,E06000055,Bedford
MK40 4,52.141507,-0.495915,E06000055,Bedford,E06000055,Bedford
MK40 9,52.13444,-0.475565,E06000055,Bedford,E06000055,Bedford
MK41 0,52.142983,-0.432454,E06000055,Bedford,E06000055,Bedford
MK41 5,52.13444,-0.475565,E06000055,Bedford,E06000055,Bedford
MK41 6,52.172872,-0.484914,E06000055,Bedford,E06000055,Bedford
MK41 7,52.15593,-0.455564,E06000055,Bedford,E06000055,Bedford
MK41 8,52.155937,-0.453357,E06000055,Bedford,E06000055,Bedford
MK41 9,52.14946,-0.453143,E06000055,Bedford,E06000055,Bedford
MK42 0,52.129932,-0.464922,E06000055,Bedford,E06000055,Bedford
MK42 2,52.131993,-0.46301,E06000055,Bedford,E06000055,Bedford
MK42 5,52.13444,-0.475565,E06000055,Bedford,E06000055,Bedford
MK42 6,52.089899,-0.464704,E06000055,Bedford,E06000055,Bedford
MK42 7,52.11663,-0.501688,E06000055,Bedford,E06000055,Bedford
MK42 8,52.126218,-0.48223,E06000055,Bedford,E06000055,Bedford
MK42 9,52.114588,-0.461842,E06000055,Bedford,E06000055,Bedford
MK43 0,52.079068,-0.601537,E06000056,Central Bedfordshire,E06000056,Central Bedfordshire
MK43 1,52.076966,-0.604025,E06000056,Central Bedfordshire,E06000056,Central Bedfordshire
MK43 2,52.061044,-0.561518,E06000056,Central Bedfordshire,E06000056,Central Bedfordshire
MK43 5,51.985465,-0.772386,E06000042,Milton Keynes,E06000042,Milton Keynes
MK43 6,52.13444,-0.475565,E06000055,Bedford,E06000055,Bedford
MK43 7,52.215067,-0.58628,E06000055,Bedford,E06000055,Bedford
MK43 8,52.155271,-0.627846,E06000055,Bedford,E06000055,Bedford
MK43 9,52.09933,-0.504487,E06000055,Bedford,E06000055,Bedford
MK44 1,52.250734,-0.528806,E06000055,Bedford,E06000055,Bedford
MK44 2,52.280221,-0.4504,E06000055,Bedford,E06000055,Bedford
MK44 3,52.194555,-0.297966,E06000055,Bedford,E06000055,Bedford
MK44 5,52.13444,-0.475565,E06000055,Bedford,E06000055,Bedford
MK45 1,52.015686,-0.504055,E06000056,Central Bedfordshire,E06000056,Central Bedfordshire
MK45 2,52.026924,-0.452474,E06000056,Central Bedfordshire,E06000056,Central Bedfordshire
MK45 3,52.098009,-0.417795,E06000055,Bedford,E06000055,Bedford
MK45 4,52.028641,-0.420579,E06000056,Central Bedfordshire,E06000056,Central Bedfordshire
MK45 5,51.990008,-0.498589,E06000056,Central Bedfordshire,E06000056,Central Bedfordshire
MK45 6,52.13444,-0.475565,E06000055,Bedford,E06000055,Bedford
MK45 9,52.027381,-0.4961,E06000056,Central Bedfordshire,E06000056,Central Bedfordshire
MK46 4,52.151982,-0.701908,E06000042,Milton Keynes,E06000042,Milton Keynes
MK46 5,52.150756,-0.709018,E06000042,Milton Keynes,E06000042,Milton Keynes
MK5  5,52.020865,-0.804938,E06000042,Milton Keynes,E06000042,Milton Keynes
MK5  6,52.012805,-0.798333,E06000042,Milton Keynes,E06000042,Milton Keynes
MK5  7,52.013044,-0.78479,E06000042,Milton Keynes,E06000042,Milton Keynes
MK5  8,52.014777,-0.756154,E06000042,Milton Keynes,E06000042,Milton Keynes
MK6  1,52.030348,-0.765327,E06000042,Milton Keynes,E06000042,Milton Keynes
MK6  2,52.038237,-0.742701,E06000042,Milton Keynes,E06000042,Milton Keynes
MK6  3,52.016893,-0.72195,E06000042,Milton Keynes,E06000042,Milton Keynes
MK6  4,52.015129,-0.730117,E06000042,Milton Keynes,E06000042,Milton Keynes
MK6  5,52.033659,-0.735847,E06000042,Milton Keynes,E06000042,Milton Keynes
MK7  6,52.024924,-0.709727,E06000042,Milton Keynes,E06000042,Milton Keynes
MK7  7,52.017958,-0.70009,E06000042,Milton Keynes,E06000042,Milton Keynes
MK7  8,52.003528,-0.696137,E06000042,Milton Keynes,E06000042,Milton Keynes
MK77 1,52.0421,-0.818851,E06000042,Milton Keynes,E06000042,Milton Keynes
MK8  0,52.027908,-0.790174,E06000042,Milton Keynes,E06000042,Milton Keynes
MK8  1,52.031811,-0.809676,E06000042,Milton Keynes,E06000042,Milton Keynes
MK8  8,52.04411,-0.810398,E06000042,Milton Keynes,E06000042,Milton Keynes
MK8  9,52.037232,-0.785811,E06000042,Milton Keynes,E06000042,Milton Keynes
MK9  1,52.037233,-0.770255,E06000042,Milton Keynes,E06000042,Milton Keynes
MK9  2,52.042516,-0.759611,E06000042,Milton Keynes,E06000042,Milton Keynes
MK9  3,52.042952,-0.75575,E06000042,Milton Keynes,E06000042,Milton Keynes
MK9  4,52.043003,-0.744463,E06000042,Milton Keynes,E06000042,Milton Keynes
MK98 1,52.055471,-0.760259,E06000042,Milton Keynes,E06000042,Milton Keynes
ML1  1,55.793564,-3.99494,S12000050,North Lanarkshire,S12000050,North Lanarkshire
ML1  2,55.793565,-3.994924,S12000050,North Lanarkshire,S12000050,North Lanarkshire
ML1  3,55.788227,-3.993791,S12000050,North Lanarkshire,S12000050,North Lanarkshire
ML1  4,55.800307,-3.974191,S12000050,North Lanarkshire,S12000050,North Lanarkshire
ML1  5,55.793564,-3.99494,S12000050,North Lanarkshire,S12000050,North Lanarkshire
ML1  9,55.793565,-3.994924,S12000050,North Lanarkshire,S12000050,North Lanarkshire
ML10 5,55.676141,-4.064991,S12000029,South Lanarkshire,S12000029,South Lanarkshire
ML10 6,55.676348,-4.067674,S12000029,South Lanarkshire,S12000029,South Lanarkshire
ML10 9,55.740273,-3.973721,S12000029,South Lanarkshire,S12000029,South Lanarkshire
ML11 0,55.633526,-3.879971,S12000029,South Lanarkshire,S12000029,South Lanarkshire
ML11 1,55.670328,-3.762446,S12000029,South Lanarkshire,S12000029,South Lanarkshire
ML11 7,55.681974,-3.778669,S12000029,South Lanarkshire,S12000029,South Lanarkshire
ML11 8,55.76535,-3.687642,S12000029,South Lanarkshire,S12000029,South Lanarkshire
ML11 9,55.672136,-3.776648,S12000029,South Lanarkshire,S12000029,South Lanarkshire
ML12 6,55.62393,-3.523712,S12000029,South Lanarkshire,S12000029,South Lanarkshire
ML12 9,55.62393,-3.523712,S12000029,South Lanarkshire,S12000029,South Lanarkshire
ML2  0,55.775328,-3.940624,S12000050,North Lanarkshire,S12000050,North Lanarkshire
ML2  2,55.772544,-3.948473,S12000050,North Lanarkshire,S12000050,North Lanarkshire
ML2  7,55.7744,-3.922481,S12000050,North Lanarkshire,S12000050,North Lanarkshire
ML2  8,55.773028,-3.918284,S12000050,North Lanarkshire,S12000050,North Lanarkshire
ML2  9,55.788467,-3.865166,S12000050,North Lanarkshire,S12000050,North Lanarkshire
ML3  0,55.77924,-4.050592,S12000029,South Lanarkshire,S12000029,South Lanarkshire
ML3  3,55.774442,-4.037553,S12000029,South Lanarkshire,S12000029,South Lanarkshire
ML3  6,55.774451,-4.037521,S12000029,South Lanarkshire,S12000029,South Lanarkshire
ML3  7,55.776968,-4.033172,S12000029,South Lanarkshire,S12000029,South Lanarkshire
ML3  8,55.761272,-4.048038,S12000029,South Lanarkshire,S12000029,South Lanarkshire
ML3  9,55.777929,-4.054828,S12000029,South Lanarkshire,S12000029,South Lanarkshire
ML4  1,55.81871,-4.022946,S12000050,North Lanarkshire,S12000050,North Lanarkshire
ML4  2,55.815205,-4.026786,S12000050,North Lanarkshire,S12000050,North Lanarkshire
ML4  3,55.81552,-4.027329,S12000050,North Lanarkshire,S12000050,North Lanarkshire
ML4  9,55.819794,-4.012243,S12000050,North Lanarkshire,S12000050,North Lanarkshire
ML5  1,55.860812,-4.033396,S12000050,North Lanarkshire,S12000050,North Lanarkshire
ML5  2,55.869063,-4.023566,S12000050,North Lanarkshire,S12000050,North Lanarkshire
ML5  3,55.861259,-4.028689,S12000050,North Lanarkshire,S12000050,North Lanarkshire
ML5  4,55.854314,-4.035069,S12000050,North Lanarkshire,S12000050,North Lanarkshire
ML5  5,55.842842,-4.056415,S12000050,North Lanarkshire,S12000050,North Lanarkshire
ML5  8,55.850056,-4.058713,S12000050,North Lanarkshire,S12000050,North Lanarkshire
ML5  9,55.859886,-4.017592,S12000050,North Lanarkshire,S12000050,North Lanarkshire
ML6  0,55.866944,-3.982014,S12000050,North Lanarkshire,S12000050,North Lanarkshire
ML6  1,55.866659,-3.979666,S12000050,North Lanarkshire,S12000050,North Lanarkshire
ML6  6,55.866649,-3.979682,S12000050,North Lanarkshire,S12000050,North Lanarkshire
ML6  7,55.86615,-3.960366,S12000050,North Lanarkshire,S12000050,North Lanarkshire
ML6  8,55.864716,-3.964066,S12000050,North Lanarkshire,S12000050,North Lanarkshire
ML6  9,55.863047,-4.002894,S12000050,North Lanarkshire,S12000050,North Lanarkshire
ML7  4,55.820494,-3.808132,S12000050,North Lanarkshire,S12000050,North Lanarkshire
ML7  5,55.802964,-3.824359,S12000050,North Lanarkshire,S12000050,North Lanarkshire
ML7  9,55.820449,-3.808146,S12000050,North Lanarkshire,S12000050,North Lanarkshire
ML8  4,55.733905,-3.840439,S12000029,South Lanarkshire,S12000029,South Lanarkshire
ML8  5,55.732368,-3.844014,S12000029,South Lanarkshire,S12000029,South Lanarkshire
ML8  9,55.670328,-3.762446,S12000029,South Lanarkshire,S12000029,South Lanarkshire
ML9  1,55.740264,-3.973721,S12000029,South Lanarkshire,S12000029,South Lanarkshire
ML9  2,55.741305,-3.973247,S12000029,South Lanarkshire,S12000029,South Lanarkshire
ML9  3,55.735451,-3.95156,S12000029,South Lanarkshire,S12000029,South Lanarkshire
ML9  9,55.740273,-3.973721,S12000029,South Lanarkshire,S12000029,South Lanarkshire
N1   0,51.539445,-0.117847,E09000019,Islington,E09000019,Islington
N1   1,51.539746,-0.103053,E09000019,Islington,E09000019,Islington
N1   2,51.541069,-0.09922,E09000019,Islington,E09000019,Islington
N1   3,51.540559,-0.094424,E09000019,Islington,E09000019,Islington
N1   4,51.546632,-0.085762,E09000019,Islington,E09000019,Islington
N1   5,51.538894,-0.077809,E09000012,Hackney,E09000012,Hackney
N1   6,51.529738,-0.086529,E09000012,Hackney,E09000012,Hackney
N1   7,51.537536,-0.091566,E09000019,Islington,E09000019,Islington
N1   8,51.536382,-0.101333,E09000019,Islington,E09000019,Islington
N1   9,51.531199,-0.122354,E09000019,Islington,E09000019,Islington
N10  1,51.600531,-0.150685,E09000003,Barnet,E09000003,Barnet
N10  2,51.595796,-0.144077,E09000014,Haringey,E09000014,Haringey
N10  3,51.586218,-0.14516,E09000014,Haringey,E09000014,Haringey
N10  9,51.592197,-0.142824,E09000014,Haringey,E09000014,Haringey
N11  1,51.615927,-0.134792,E09000010,Enfield,E09000010,Enfield
N11  2,51.609005,-0.130396,E09000014,Haringey,E09000014,Haringey
N11  3,51.616356,-0.147139,E09000003,Barnet,E09000003,Barnet
N11  9,51.609246,-0.110687,E09000010,Enfield,E09000010,Enfield
N12  0,51.609947,-0.174841,E09000003,Barnet,E09000003,Barnet
N12  2,51.616899,-0.180672,E09000003,Barnet,E09000003,Barnet
N12  7,51.617479,-0.192624,E09000003,Barnet,E09000003,Barnet
N12  8,51.61574,-0.181946,E09000003,Barnet,E09000003,Barnet
N12  9,51.615805,-0.162993,E09000003,Barnet,E09000003,Barnet
N13  4,51.620966,-0.107499,E09000010,Enfield,E09000010,Enfield
N13  5,51.620983,-0.093572,E09000010,Enfield,E09000010,Enfield
N13  6,51.608911,-0.107712,E09000010,Enfield,E09000010,Enfield
N13  9,51.632903,-0.09943,E09000010,Enfield,E09000010,Enfield
N14  4,51.641933,-0.142222,E09000010,Enfield,E09000010,Enfield
N14  5,51.631897,-0.128559,E09000010,Enfield,E09000010,Enfield
N14  6,51.63308,-0.12666,E09000010,Enfield,E09000010,Enfield
N14  7,51.625513,-0.125224,E09000010,Enfield,E09000010,Enfield
N14  9,51.630588,-0.128266,E09000010,Enfield,E09000010,Enfield
N15  3,51.584645,-0.092495,E09000014,Haringey,E09000014,Haringey
N15  4,51.586599,-0.086596,E09000014,Haringey,E09000014,Haringey
N15  5,51.585282,-0.078106,E09000014,Haringey,E09000014,Haringey
N15  6,51.576125,-0.070814,E09000014,Haringey,E09000014,Haringey
N15  9,51.560819,-0.131262,E09000019,Islington,E09000019,Islington
N16  0,51.565966,-0.081401,E09000012,Hackney,E09000012,Hackney
N16  1,51.570087,-0.077101,E09000012,Hackney,E09000012,Hackney
N16  5,51.573995,-0.073588,E09000012,Hackney,E09000012,Hackney
N16  6,51.565079,-0.06841,E09000012,Hackney,E09000012,Hackney
N16  7,51.563783,-0.069446,E09000012,Hackney,E09000012,Hackney
N16  8,51.55403,-0.075167,E09000012,Hackney,E09000012,Hackney
N16  9,51.557168,-0.085046,E09000012,Hackney,E09000012,Hackney
N17  0,51.598759,-0.06753,E09000014,Haringey,E09000014,Haringey
N17  1,51.593862,-0.071579,E09000014,Haringey,E09000014,Haringey
N17  6,51.597784,-0.082097,E09000014,Haringey,E09000014,Haringey
N17  7,51.600257,-0.076607,E09000014,Haringey,E09000014,Haringey
N17  8,51.599527,-0.068306,E09000014,Haringey,E09000014,Haringey
N17  9,51.592953,-0.069322,E09000014,Haringey,E09000014,Haringey
N18  1,51.609045,-0.086057,E09000010,Enfield,E09000010,Enfield
N18  2,51.613118,-0.063584,E09000010,Enfield,E09000010,Enfield
N18  3,51.614058,-0.040029,E09000010,Enfield,E09000010,Enfield
N18  9,51.613456,-0.063916,E09000010,Enfield,E09000010,Enfield
N19  3,51.571552,-0.125973,E09000019,Islington,E09000019,Islington
N19  4,51.565865,-0.131935,E09000019,Islington,E09000019,Islington
N19  5,51.556324,-0.138125,E09000007,Camden,E09000007,Camden
N19  9,51.565924,-0.122063,E09000019,Islington,E09000019,Islington
N1C  4,51.536141,-0.124919,E09000007,Camden,E09000007,Camden
N1P  1,51.53905,-0.103385,E09000019,Islington,E09000019,Islington
N1P  2,51.53905,-0.103385,E09000019,Islington,E09000019,Islington
N2   0,51.586178,-0.170121,E09000003,Barnet,E09000003,Barnet
N2   2,51.590769,-0.16754,E09000003,Barnet,E09000003,Barnet
N2   8,51.587298,-0.164662,E09000003,Barnet,E09000003,Barnet
N2   9,51.60172,-0.172023,E09000003,Barnet,E09000003,Barnet
N20  0,51.628396,-0.160793,E09000003,Barnet,E09000003,Barnet
N20  2,51.629783,-0.17364,E09000003,Barnet,E09000003,Barnet
N20  8,51.636343,-0.208348,E09000003,Barnet,E09000003,Barnet
N20  9,51.631338,-0.174156,E09000003,Barnet,E09000003,Barnet
N21  1,51.636919,-0.103048,E09000010,Enfield,E09000010,Enfield
N21  2,51.634982,-0.090672,E09000010,Enfield,E09000010,Enfield
N21  3,51.63076,-0.099779,E09000010,Enfield,E09000010,Enfield
N21  9,51.632903,-0.09943,E09000010,Enfield,E09000010,Enfield
N22  4,51.601391,-0.127186,E09000014,Haringey,E09000014,Haringey
N22  5,51.606474,-0.109993,E09000014,Haringey,E09000014,Haringey
N22  6,51.59134,-0.098278,E09000014,Haringey,E09000014,Haringey
N22  7,51.601391,-0.127186,E09000014,Haringey,E09000014,Haringey
N22  8,51.604975,-0.112381,E09000014,Haringey,E09000014,Haringey
N22  9,51.598609,-0.119662,E09000014,Haringey,E09000014,Haringey
N3   1,51.60648,-0.192541,E09000003,Barnet,E09000003,Barnet
N3   2,51.600353,-0.180698,E09000003,Barnet,E09000003,Barnet
N3   3,51.591653,-0.200218,E09000003,Barnet,E09000003,Barnet
N3   9,51.601392,-0.194981,E09000003,Barnet,E09000003,Barnet
N4   1,51.577752,-0.102136,E09000014,Haringey,E09000014,Haringey
N4   2,51.564831,-0.103929,E09000012,Hackney,E09000012,Hackney
N4   3,51.567334,-0.110217,E09000019,Islington,E09000019,Islington
N4   4,51.572666,-0.119679,E09000019,Islington,E09000019,Islington
N4   9,51.565924,-0.122063,E09000019,Islington,E09000019,Islington
N5   1,51.553924,-0.101756,E09000019,Islington,E09000019,Islington
N5   2,51.554106,-0.097969,E09000019,Islington,E09000019,Islington
N5   9,51.553815,-0.098934,E09000019,Islington,E09000019,Islington
N6   4,51.574342,-0.149324,E09000014,Haringey,E09000014,Haringey
N6   5,51.57711,-0.146368,E09000014,Haringey,E09000014,Haringey
N6   6,51.567598,-0.152195,E09000007,Camden,E09000007,Camden
N6   9,51.565924,-0.122063,E09000019,Islington,E09000019,Islington
N7   0,51.555356,-0.128701,E09000019,Islington,E09000019,Islington
N7   1,51.566183,-0.121432,E09000019,Islington,E09000019,Islington
N7   6,51.558884,-0.117131,E09000019,Islington,E09000019,Islington
N7   7,51.554656,-0.109775,E09000019,Islington,E09000019,Islington
N7   8,51.547352,-0.114073,E09000019,Islington,E09000019,Islington
N7   9,51.543298,-0.124855,E09000019,Islington,E09000019,Islington
N8   0,51.584532,-0.104899,E09000014,Haringey,E09000014,Haringey
N8   1,51.586473,-0.112613,E09000014,Haringey,E09000014,Haringey
N8   7,51.589355,-0.121848,E09000014,Haringey,E09000014,Haringey
N8   8,51.577961,-0.124656,E09000014,Haringey,E09000014,Haringey
N8   9,51.577883,-0.116447,E09000014,Haringey,E09000014,Haringey
N81  1,51.589976,-0.112367,E09000014,Haringey,E09000014,Haringey
N9   0,51.627633,-0.045223,E09000010,Enfield,E09000010,Enfield
N9   1,51.625317,-0.063368,E09000010,Enfield,E09000010,Enfield
N9   7,51.624326,-0.062702,E09000010,Enfield,E09000010,Enfield
N9   8,51.63606,-0.051204,E09000010,Enfield,E09000010,Enfield
N9   9,51.627219,-0.069095,E09000010,Enfield,E09000010,Enfield
NE1  1,54.967728,-1.615799,E08000021,Newcastle upon Tyne,E08000021,Newcastle upon Tyne
NE1  2,54.969995,-1.607905,E08000021,Newcastle upon Tyne,E08000021,Newcastle upon Tyne
NE1  3,54.96608,-1.617533,E08000021,Newcastle upon Tyne,E08000021,Newcastle upon Tyne
NE1  4,54.967374,-1.614616,E08000021,Newcastle upon Tyne,E08000021,Newcastle upon Tyne
NE1  5,54.971283,-1.617344,E08000021,Newcastle upon Tyne,E08000021,Newcastle upon Tyne
NE1  6,54.970908,-1.612583,E08000021,Newcastle upon Tyne,E08000021,Newcastle upon Tyne
NE1  7,54.977622,-1.612894,E08000021,Newcastle upon Tyne,E08000021,Newcastle upon Tyne
NE1  8,54.975083,-1.608419,E08000021,Newcastle upon Tyne,E08000021,Newcastle upon Tyne
NE10 0,54.953372,-1.576027,E08000037,Gateshead,E08000037,Gateshead
NE10 8,54.948217,-1.523452,E08000037,Gateshead,E08000037,Gateshead
NE10 9,54.946275,-1.551623,E08000037,Gateshead,E08000037,Gateshead
NE11 0,54.940636,-1.633492,E08000037,Gateshead,E08000037,Gateshead
NE11 9,54.955714,-1.639273,E08000037,Gateshead,E08000037,Gateshead
NE12 0,55.02556,-1.563567,E08000022,North Tyneside,E08000022,North Tyneside
NE12 2,55.018278,-1.56804,E08000022,North Tyneside,E08000022,North Tyneside
NE12 5,55.040235,-1.581934,E08000022,North Tyneside,E08000022,North Tyneside
NE12 6,55.031161,-1.551898,E08000022,North Tyneside,E08000022,North Tyneside
NE12 7,55.026185,-1.562684,E08000022,North Tyneside,E08000022,North Tyneside
NE12 8,55.011015,-1.572403,E08000022,North Tyneside,E08000022,North Tyneside
NE12 9,55.018278,-1.56804,E08000022,North Tyneside,E08000022,North Tyneside
NE13 6,55.04828,-1.627082,E08000022,North Tyneside,E08000022,North Tyneside
NE13 7,55.059116,-1.677234,E08000021,Newcastle upon Tyne,E08000021,Newcastle upon Tyne
NE13 8,55.01469,-1.67753,E08000021,Newcastle upon Tyne,E08000021,Newcastle upon Tyne
NE13 9,55.035351,-1.648934,E08000021,Newcastle upon Tyne,E08000021,Newcastle upon Tyne
NE15 0,55.020771,-1.772276,E06000057,Northumberland,E06000057,Northumberland
NE15 6,54.97126,-1.684437,E08000021,Newcastle upon Tyne,E08000021,Newcastle upon Tyne
NE15 7,54.980976,-1.681877,E08000021,Newcastle upon Tyne,E08000021,Newcastle upon Tyne
NE15 8,54.977261,-1.712919,E08000021,Newcastle upon Tyne,E08000021,Newcastle upon Tyne
NE15 9,54.995541,-1.754756,E08000021,Newcastle upon Tyne,E08000021,Newcastle upon Tyne
NE16 3,54.953375,-1.687152,E08000037,Gateshead,E08000037,Gateshead
NE16 4,54.945096,-1.700251,E08000037,Gateshead,E08000037,Gateshead
NE16 5,54.934503,-1.676592,E08000037,Gateshead,E08000037,Gateshead
NE16 6,54.921282,-1.715109,E08000037,Gateshead,E08000037,Gateshead
NE16 9,54.964678,-1.708134,E08000037,Gateshead,E08000037,Gateshead
NE17 7,54.920308,-1.815479,E08000037,Gateshead,E08000037,Gateshead
NE17 9,54.969419,-1.842356,E06000057,Northumberland,E06000057,Northumberland
NE18 0,55.042592,-1.828534,E06000057,Northumberland,E06000057,Northumberland
NE19 1,55.233105,-2.103,E06000057,Northumberland,E06000057,Northumberland
NE19 2,55.117733,-1.946126,E06000057,Northumberland,E06000057,Northumberland
NE2  1,54.977547,-1.59813,E08000021,Newcastle upon Tyne,E08000021,Newcastle upon Tyne
NE2  2,54.983426,-1.604275,E08000021,Newcastle upon Tyne,E08000021,Newcastle upon Tyne
NE2  3,54.988352,-1.610119,E08000021,Newcastle upon Tyne,E08000021,Newcastle upon Tyne
NE2  4,54.982362,-1.619786,E08000021,Newcastle upon Tyne,E08000021,Newcastle upon Tyne
NE20 0,55.059455,-1.74895,E06000057,Northumberland,E06000057,Northumberland
NE20 2,55.051088,-1.748376,E06000057,Northumberland,E06000057,Northumberland
NE20 8,55.051224,-1.740158,E06000057,Northumberland,E06000057,Northumberland
NE20 9,55.051088,-1.748376,E06000057,Northumberland,E06000057,Northumberland
NE21 1,54.928119,-1.742509,E08000037,Gateshead,E08000037,Gateshead
NE21 4,54.964903,-1.715724,E08000037,Gateshead,E08000037,Gateshead
NE21 5,54.963087,-1.707927,E08000037,Gateshead,E08000037,Gateshead
NE21 6,54.955821,-1.725016,E08000037,Gateshead,E08000037,Gateshead
NE21 9,54.964678,-1.708134,E08000037,Gateshead,E08000037,Gateshead
NE22 5,55.128798,-1.589103,E06000057,Northumberland,E06000057,Northumberland
NE22 6,55.124282,-1.601083,E06000057,Northumberland,E06000057,Northumberland
NE22 7,55.145235,-1.568836,E06000057,Northumberland,E06000057,Northumberland
NE23 0,55.088645,-1.598883,E06000057,Northumberland,E06000057,Northumberland
NE23 1,55.095905,-1.577187,E06000057,Northumberland,E06000057,Northumberland
NE23 2,55.085416,-1.571516,E06000057,Northumberland,E06000057,Northumberland
NE23 3,55.106846,-1.581287,E06000057,Northumberland,E06000057,Northumberland
NE23 6,55.080131,-1.586594,E06000057,Northumberland,E06000057,Northumberland
NE23 7,55.057797,-1.598846,E08000022,North Tyneside,E08000022,North Tyneside
NE23 8,55.087704,-1.59941,E06000057,Northumberland,E06000057,Northumberland
NE23 9,55.085785,-1.569178,E06000057,Northumberland,E06000057,Northumberland
NE24 1,55.12755,-1.506877,E06000057,Northumberland,E06000057,Northumberland
NE24 2,55.127574,-1.506266,E06000057,Northumberland,E06000057,Northumberland
NE24 3,55.127282,-1.502835,E06000057,Northumberland,E06000057,Northumberland
NE24 4,55.111672,-1.532061,E06000057,Northumberland,E06000057,Northumberland
NE24 5,55.127703,-1.539197,E06000057,Northumberland,E06000057,Northumberland
NE24 9,55.127603,-1.506798,E06000057,Northumberland,E06000057,Northumberland
NE25 0,55.072247,-1.524299,E06000057,Northumberland,E06000057,Northumberland
NE25 8,55.04064,-1.464865,E08000022,North Tyneside,E08000022,North Tyneside
NE25 9,55.044583,-1.464405,E08000022,North Tyneside,E08000022,North Tyneside
NE26 1,55.042162,-1.447584,E08000022,North Tyneside,E08000022,North Tyneside
NE26 2,55.0424,-1.442636,E08000022,North Tyneside,E08000022,North Tyneside
NE26 3,55.046197,-1.457592,E08000022,North Tyneside,E08000022,North Tyneside
NE26 4,55.058666,-1.456875,E08000022,North Tyneside,E08000022,North Tyneside
NE26 9,55.018212,-1.490343,E08000022,North Tyneside,E08000022,North Tyneside
NE27 0,55.036971,-1.522698,E08000022,North Tyneside,E08000022,North Tyneside
NE27 9,55.022703,-1.509432,E08000022,North Tyneside,E08000022,North Tyneside
NE28 0,54.996236,-1.502282,E08000022,North Tyneside,E08000022,North Tyneside
NE28 5,55.018212,-1.490343,E08000022,North Tyneside,E08000022,North Tyneside
NE28 6,54.989505,-1.534263,E08000022,North Tyneside,E08000022,North Tyneside
NE28 7,54.998214,-1.513841,E08000022,North Tyneside,E08000022,North Tyneside
NE28 8,55.00088,-1.545716,E08000022,North Tyneside,E08000022,North Tyneside
NE28 9,55.004619,-1.529273,E08000022,North Tyneside,E08000022,North Tyneside
NE29 0,55.01055,-1.447893,E08000022,North Tyneside,E08000022,North Tyneside
NE29 1,55.018212,-1.490375,E08000022,North Tyneside,E08000022,North Tyneside
NE29 6,54.999583,-1.463004,E08000022,North Tyneside,E08000022,North Tyneside
NE29 7,55.004771,-1.469907,E08000022,North Tyneside,E08000022,North Tyneside
NE29 8,55.013396,-1.481991,E08000022,North Tyneside,E08000022,North Tyneside
NE29 9,55.014785,-1.462503,E08000022,North Tyneside,E08000022,North Tyneside
NE3  1,55.004673,-1.619342,E08000021,Newcastle upon Tyne,E08000021,Newcastle upon Tyne
NE3  2,55.01491,-1.643687,E08000021,Newcastle upon Tyne,E08000021,Newcastle upon Tyne
NE3  3,55.010438,-1.644822,E08000021,Newcastle upon Tyne,E08000021,Newcastle upon Tyne
NE3  4,55.002987,-1.620358,E08000021,Newcastle upon Tyne,E08000021,Newcastle upon Tyne
NE3  5,55.024326,-1.625099,E08000021,Newcastle upon Tyne,E08000021,Newcastle upon Tyne
NE3  9,55.007795,-1.632352,E08000021,Newcastle upon Tyne,E08000021,Newcastle upon Tyne
NE30 1,55.008894,-1.44335,E08000022,North Tyneside,E08000022,North Tyneside
NE30 2,55.011604,-1.44644,E08000022,North Tyneside,E08000022,North Tyneside
NE30 3,55.02977,-1.439619,E08000022,North Tyneside,E08000022,North Tyneside
NE30 4,55.014063,-1.434005,E08000022,North Tyneside,E08000022,North Tyneside
NE31 1,54.97392,-1.519414,E08000023,South Tyneside,E08000023,South Tyneside
NE31 2,54.961626,-1.499289,E08000023,South Tyneside,E08000023,South Tyneside
NE31 9,54.981192,-1.486952,E08000023,South Tyneside,E08000023,South Tyneside
NE32 3,54.981129,-1.486953,E08000023,South Tyneside,E08000023,South Tyneside
NE32 4,54.963625,-1.476774,E08000023,South Tyneside,E08000023,South Tyneside
NE32 5,54.968695,-1.494156,E08000023,South Tyneside,E08000023,South Tyneside
NE32 9,54.981192,-1.486952,E08000023,South Tyneside,E08000023,South Tyneside
NE33 1,54.997791,-1.432593,E08000023,South Tyneside,E08000023,South Tyneside
NE33 2,55.000237,-1.432887,E08000023,South Tyneside,E08000023,South Tyneside
NE33 3,54.99121,-1.426153,E08000023,South Tyneside,E08000023,South Tyneside
NE33 4,54.98702,-1.431291,E08000023,South Tyneside,E08000023,South Tyneside
NE33 5,54.979018,-1.442185,E08000023,South Tyneside,E08000023,South Tyneside
NE33 9,54.997791,-1.432593,E08000023,South Tyneside,E08000023,South Tyneside
NE34 0,54.978357,-1.446897,E08000023,South Tyneside,E08000023,South Tyneside
NE34 6,54.977131,-1.415276,E08000023,South Tyneside,E08000023,South Tyneside
NE34 7,54.976679,-1.382052,E08000023,South Tyneside,E08000023,South Tyneside
NE34 8,54.967934,-1.414442,E08000023,South Tyneside,E08000023,South Tyneside
NE34 9,54.973842,-1.454067,E08000023,South Tyneside,E08000023,South Tyneside
NE35 0,54.981192,-1.486952,E08000023,South Tyneside,E08000023,South Tyneside
NE35 9,54.953898,-1.463441,E08000023,South Tyneside,E08000023,South Tyneside
NE36 0,54.943723,-1.456786,E08000023,South Tyneside,E08000023,South Tyneside
NE36 9,54.981192,-1.486952,E08000023,South Tyneside,E08000023,South Tyneside
NE37 1,54.914081,-1.53585,E08000024,Sunderland,E08000024,Sunderland
NE37 2,54.907959,-1.523537,E08000024,Sunderland,E08000024,Sunderland
NE37 3,54.912254,-1.516717,E08000024,Sunderland,E08000024,Sunderland
NE37 9,54.906663,-1.532489,E08000024,Sunderland,E08000024,Sunderland
NE38 0,54.899734,-1.558687,E08000037,Gateshead,E08000037,Gateshead
NE38 7,54.904079,-1.519653,E08000024,Sunderland,E08000024,Sunderland
NE38 8,54.885607,-1.520512,E08000024,Sunderland,E08000024,Sunderland
NE38 9,54.88079,-1.52964,E08000024,Sunderland,E08000024,Sunderland
NE39 1,54.930794,-1.733129,E08000037,Gateshead,E08000037,Gateshead
NE39 2,54.922693,-1.774871,E08000037,Gateshead,E08000037,Gateshead
NE39 9,54.964678,-1.708134,E08000037,Gateshead,E08000037,Gateshead
NE4  5,54.975091,-1.64032,E08000021,Newcastle upon Tyne,E08000021,Newcastle upon Tyne
NE4  6,54.970899,-1.624017,E08000021,Newcastle upon Tyne,E08000021,Newcastle upon Tyne
NE4  7,54.964684,-1.625153,E08000021,Newcastle upon Tyne,E08000021,Newcastle upon Tyne
NE4  8,54.975681,-1.654687,E08000021,Newcastle upon Tyne,E08000021,Newcastle upon Tyne
NE4  9,54.975722,-1.647094,E08000021,Newcastle upon Tyne,E08000021,Newcastle upon Tyne
NE40 3,54.972841,-1.772812,E08000037,Gateshead,E08000037,Gateshead
NE40 4,54.956934,-1.78213,E08000037,Gateshead,E08000037,Gateshead
NE40 9,54.964633,-1.707979,E08000037,Gateshead,E08000037,Gateshead
NE41 8,54.976087,-1.822677,E06000057,Northumberland,E06000057,Northumberland
NE42 5,54.961386,-1.849758,E06000057,Northumberland,E06000057,Northumberland
NE42 6,54.968254,-1.867898,E06000057,Northumberland,E06000057,Northumberland
NE42 9,54.969482,-1.842293,E06000057,Northumberland,E06000057,Northumberland
NE43 7,54.950573,-1.925287,E06000057,Northumberland,E06000057,Northumberland
NE44 6,54.957712,-1.991515,E06000057,Northumberland,E06000057,Northumberland
NE45 5,54.974605,-2.018647,E06000057,Northumberland,E06000057,Northumberland
NE46 1,54.96954,-2.102792,E06000057,Northumberland,E06000057,Northumberland
NE46 2,54.968062,-2.107396,E06000057,Northumberland,E06000057,Northumberland
NE46 3,54.971386,-2.117309,E06000057,Northumberland,E06000057,Northumberland
NE46 4,55.03482,-2.125551,E06000057,Northumberland,E06000057,Northumberland
NE46 9,54.977719,-2.088846,E06000057,Northumberland,E06000057,Northumberland
NE47 0,54.914626,-2.039756,E06000057,Northumberland,E06000057,Northumberland
NE47 5,55.002936,-2.18872,E06000057,Northumberland,E06000057,Northumberland
NE47 6,54.972554,-2.244346,E06000057,Northumberland,E06000057,Northumberland
NE47 7,54.977918,-2.344558,E06000057,Northumberland,E06000057,Northumberland
NE47 8,54.823307,-2.308624,E06000057,Northumberland,E06000057,Northumberland
NE47 9,54.89595,-2.259754,E06000057,Northumberland,E06000057,Northumberland
NE48 1,55.180712,-2.435217,E06000057,Northumberland,E06000057,Northumberland
NE48 2,55.143968,-2.25465,E06000057,Northumberland,E06000057,Northumberland
NE48 3,55.076193,-2.203615,E06000057,Northumberland,E06000057,Northumberland
NE48 4,55.055138,-2.132769,E06000057,Northumberland,E06000057,Northumberland
NE49 0,54.970143,-2.459459,E06000057,Northumberland,E06000057,Northumberland
NE49 9,54.970369,-2.459134,E06000057,Northumberland,E06000057,Northumberland
NE5  1,54.991246,-1.713976,E08000021,Newcastle upon Tyne,E08000021,Newcastle upon Tyne
NE5  2,54.984249,-1.686024,E08000021,Newcastle upon Tyne,E08000021,Newcastle upon Tyne
NE5  3,54.99163,-1.657365,E08000021,Newcastle upon Tyne,E08000021,Newcastle upon Tyne
NE5  4,55.001439,-1.692972,E08000021,Newcastle upon Tyne,E08000021,Newcastle upon Tyne
NE5  5,54.987475,-1.704033,E08000021,Newcastle upon Tyne,E08000021,Newcastle upon Tyne
NE5  9,54.984249,-1.686024,E08000021,Newcastle upon Tyne,E08000021,Newcastle upon Tyne
NE6  1,54.977833,-1.578941,E08000021,Newcastle upon Tyne,E08000021,Newcastle upon Tyne
NE6  2,54.98267,-1.571937,E08000021,Newcastle upon Tyne,E08000021,Newcastle upon Tyne
NE6  3,54.975536,-1.552297,E08000021,Newcastle upon Tyne,E08000021,Newcastle upon Tyne
NE6  4,54.980253,-1.561947,E08000021,Newcastle upon Tyne,E08000021,Newcastle upon Tyne
NE6  5,54.981845,-1.582806,E08000021,Newcastle upon Tyne,E08000021,Newcastle upon Tyne
NE6  9,54.977932,-1.578862,E08000021,Newcastle upon Tyne,E08000021,Newcastle upon Tyne
NE61 1,55.167865,-1.69196,E06000057,Northumberland,E06000057,Northumberland
NE61 2,55.160706,-1.700287,E06000057,Northumberland,E06000057,Northumberland
NE61 3,55.171692,-1.677707,E06000057,Northumberland,E06000057,Northumberland
NE61 4,55.152193,-1.945829,E06000057,Northumberland,E06000057,Northumberland
NE61 5,55.279984,-1.600137,E06000057,Northumberland,E06000057,Northumberland
NE61 6,55.123508,-1.716623,E06000057,Northumberland,E06000057,Northumberland
NE61 9,55.167865,-1.69196,E06000057,Northumberland,E06000057,Northumberland
NE62 5,55.164424,-1.596161,E06000057,Northumberland,E06000057,Northumberland
NE63 0,55.182619,-1.569673,E06000057,Northumberland,E06000057,Northumberland
NE63 3,55.167736,-1.544214,E06000057,Northumberland,E06000057,Northumberland
NE63 8,55.182977,-1.574271,E06000057,Northumberland,E06000057,Northumberland
NE63 9,55.183907,-1.567791,E06000057,Northumberland,E06000057,Northumberland
NE64 6,55.18588,-1.509817,E06000057,Northumberland,E06000057,Northumberland
NE65 0,55.335493,-1.579906,E06000057,Northumberland,E06000057,Northumberland
NE65 7,55.33152,-2.096983,E06000057,Northumberland,E06000057,Northumberland
NE65 8,55.303576,-1.794145,E06000057,Northumberland,E06000057,Northumberland
NE65 9,55.319626,-1.671657,E06000057,Northumberland,E06000057,Northumberland
NE66 1,55.413663,-1.708156,E06000057,Northumberland,E06000057,Northumberland
NE66 2,55.406379,-1.709472,E06000057,Northumberland,E06000057,Northumberland
NE66 3,55.431386,-1.660651,E06000057,Northumberland,E06000057,Northumberland
NE66 4,55.422533,-1.855095,E06000057,Northumberland,E06000057,Northumberland
NE66 5,55.542616,-1.930638,E06000057,Northumberland,E06000057,Northumberland
NE66 9,55.401103,-1.697716,E06000057,Northumberland,E06000057,Northumberland
NE67 5,55.549258,-1.668484,E06000057,Northumberland,E06000057,Northumberland
NE68 7,55.580031,-1.651999,E06000057,Northumberland,E06000057,Northumberland
NE69 7,55.607957,-1.71829,E06000057,Northumberland,E06000057,Northumberland
NE7  7,54.998932,-1.591806,E08000021,Newcastle upon Tyne,E08000021,Newcastle upon Tyne
NE70 7,55.573533,-1.81096,E06000057,Northumberland,E06000057,Northumberland
NE71 6,55.550523,-2.01374,E06000057,Northumberland,E06000057,Northumberland
NE8  1,54.963717,-1.603562,E08000037,Gateshead,E08000037,Gateshead
NE8  2,54.9651,-1.605938,E08000037,Gateshead,E08000037,Gateshead
NE8  3,54.963849,-1.599984,E08000037,Gateshead,E08000037,Gateshead
NE8  4,54.951746,-1.59745,E08000037,Gateshead,E08000037,Gateshead
NE8  9,54.958253,-1.600414,E08000037,Gateshead,E08000037,Gateshead
NE82 6,54.934648,-1.615115,E08000037,Gateshead,E08000037,Gateshead
NE83 7,54.929966,-1.623587,E08000037,Gateshead,E08000037,Gateshead
NE85 1,54.902422,-1.494254,E08000024,Sunderland,E08000024,Sunderland
NE85 2,54.941801,-1.614922,E08000037,Gateshead,E08000037,Gateshead
NE85 5,54.929966,-1.623587,E08000037,Gateshead,E08000037,Gateshead
NE88 1,54.941801,-1.614922,E08000037,Gateshead,E08000037,Gateshead
NE88 2,54.941801,-1.614922,E08000037,Gateshead,E08000037,Gateshead
NE89 1,54.900683,-1.536144,E08000024,Sunderland,E08000024,Sunderland
NE9  5,54.935761,-1.597952,E08000037,Gateshead,E08000037,Gateshead
NE9  6,54.932641,-1.59995,E08000037,Gateshead,E08000037,Gateshead
NE9  7,54.926689,-1.567755,E08000037,Gateshead,E08000037,Gateshead
NE9  9,54.933196,-1.610588,E08000037,Gateshead,E08000037,Gateshead
NE92 1,54.941783,-1.615,E08000037,Gateshead,E08000037,Gateshead
NE98 1,55.002807,-1.581777,E08000021,Newcastle upon Tyne,E08000021,Newcastle upon Tyne
NE99 1,54.967374,-1.614616,E08000021,Newcastle upon Tyne,E08000021,Newcastle upon Tyne
NE99 2,54.967467,-1.615396,E08000021,Newcastle upon Tyne,E08000021,Newcastle upon Tyne
NE99 4,54.967374,-1.614616,E08000021,Newcastle upon Tyne,E08000021,Newcastle upon Tyne
NE99 5,54.967728,-1.615799,E08000021,Newcastle upon Tyne,E08000021,Newcastle upon Tyne
NG1  1,52.955073,-1.141027,E06000018,Nottingham,E06000018,Nottingham
NG1  2,52.954794,-1.150991,E06000018,Nottingham,E06000018,Nottingham
NG1  3,52.954611,-1.142986,E06000018,Nottingham,E06000018,Nottingham
NG1  4,52.955406,-1.149833,E06000018,Nottingham,E06000018,Nottingham
NG1  5,52.954544,-1.156206,E06000018,Nottingham,E06000018,Nottingham
NG1  6,52.950728,-1.153154,E06000018,Nottingham,E06000018,Nottingham
NG1  7,52.951468,-1.150996,E06000018,Nottingham,E06000018,Nottingham
NG1  9,52.956463,-1.150512,E06000018,Nottingham,E06000018,Nottingham
NG10 1,52.897228,-1.272167,E07000036,Erewash,E10000007,Derbyshire
NG10 2,52.900864,-1.265506,E07000036,Erewash,E10000007,Derbyshire
NG10 3,52.877578,-1.288721,E07000036,Erewash,E10000007,Derbyshire
NG10 4,52.896963,-1.292403,E07000036,Erewash,E10000007,Derbyshire
NG10 5,52.897038,-1.271962,E07000036,Erewash,E10000007,Derbyshire
NG10 9,52.897038,-1.271962,E07000036,Erewash,E10000007,Derbyshire
NG11 0,52.889392,-1.224248,E07000176,Rushcliffe,E10000024,Nottinghamshire
NG11 1,52.902801,-1.178306,E06000018,Nottingham,E06000018,Nottingham
NG11 2,52.894235,-1.195473,E07000176,Rushcliffe,E10000024,Nottinghamshire
NG11 6,52.897276,-1.163233,E07000176,Rushcliffe,E10000024,Nottinghamshire
NG11 7,52.933865,-1.157158,E06000018,Nottingham,E06000018,Nottingham
NG11 8,52.903211,-1.177778,E06000018,Nottingham,E06000018,Nottingham
NG11 9,52.899103,-1.169992,E06000018,Nottingham,E06000018,Nottingham
NG12 1,52.949328,-1.039888,E07000176,Rushcliffe,E10000024,Nottinghamshire
NG12 2,52.946964,-1.041012,E07000176,Rushcliffe,E10000024,Nottinghamshire
NG12 3,52.924981,-0.981119,E07000176,Rushcliffe,E10000024,Nottinghamshire
NG12 4,52.910881,-1.109275,E07000176,Rushcliffe,E10000024,Nottinghamshire
NG12 5,52.869978,-1.08903,E07000176,Rushcliffe,E10000024,Nottinghamshire
NG12 6,52.930637,-1.102889,E07000176,Rushcliffe,E10000024,Nottinghamshire
NG13 0,52.94174,-0.805618,E07000133,Melton,E10000018,Leicestershire
NG13 7,52.960771,-0.961638,E07000176,Rushcliffe,E10000024,Nottinghamshire
NG13 8,52.953518,-0.952702,E07000176,Rushcliffe,E10000024,Nottinghamshire
NG13 9,52.951248,-0.898339,E07000176,Rushcliffe,E10000024,Nottinghamshire
NG14 5,52.983011,-1.04431,E07000173,Gedling,E10000024,Nottinghamshire
NG14 6,53.029966,-1.032507,E07000175,Newark and Sherwood,E10000024,Nottinghamshire
NG14 7,53.009069,-1.000259,E07000175,Newark and Sherwood,E10000024,Nottinghamshire
NG15 0,53.076818,-1.233619,E07000170,Ashfield,E10000024,Nottinghamshire
NG15 5,53.037954,-1.204345,E07000170,Ashfield,E10000024,Nottinghamshire
NG15 6,53.028134,-1.202453,E07000170,Ashfield,E10000024,Nottinghamshire
NG15 7,53.037954,-1.204345,E07000170,Ashfield,E10000024,Nottinghamshire
NG15 8,53.048157,-1.203069,E07000170,Ashfield,E10000024,Nottinghamshire
NG15 9,53.090377,-1.190658,E07000173,Gedling,E10000024,Nottinghamshire
NG16 1,53.002865,-1.242366,E07000172,Broxtowe,E10000024,Nottinghamshire
NG16 2,53.033685,-1.264641,E07000172,Broxtowe,E10000024,Nottinghamshire
NG16 3,53.017381,-1.303825,E07000172,Broxtowe,E10000024,Nottinghamshire
NG16 4,53.020209,-1.324978,E07000032,Amber Valley,E10000007,Derbyshire
NG16 5,53.036753,-1.313043,E07000172,Broxtowe,E10000024,Nottinghamshire
NG16 6,53.069274,-1.300392,E07000170,Ashfield,E10000024,Nottinghamshire
NG16 9,53.020119,-1.318643,E07000172,Broxtowe,E10000024,Nottinghamshire
NG17 0,53.123664,-1.264078,E07000170,Ashfield,E10000024,Nottinghamshire
NG17 1,53.123664,-1.264078,E07000170,Ashfield,E10000024,Nottinghamshire
NG17 2,53.136505,-1.27205,E07000170,Ashfield,E10000024,Nottinghamshire
NG17 3,53.136723,-1.247936,E07000170,Ashfield,E10000024,Nottinghamshire
NG17 4,53.130686,-1.255633,E07000170,Ashfield,E10000024,Nottinghamshire
NG17 5,53.121039,-1.262524,E07000170,Ashfield,E10000024,Nottinghamshire
NG17 6,53.124352,-1.303593,E07000170,Ashfield,E10000024,Nottinghamshire
NG17 7,53.099619,-1.242832,E07000170,Ashfield,E10000024,Nottinghamshire
NG17 8,53.098806,-1.249149,E07000170,Ashfield,E10000024,Nottinghamshire
NG17 9,53.086302,-1.242125,E07000170,Ashfield,E10000024,Nottinghamshire
NG18 1,53.143791,-1.194693,E07000174,Mansfield,E10000024,Nottinghamshire
NG18 2,53.148034,-1.194629,E07000174,Mansfield,E10000024,Nottinghamshire
NG18 3,53.144203,-1.176012,E07000174,Mansfield,E10000024,Nottinghamshire
NG18 4,53.131276,-1.195719,E07000174,Mansfield,E10000024,Nottinghamshire
NG18 5,53.13325,-1.199135,E07000174,Mansfield,E10000024,Nottinghamshire
NG18 6,53.120318,-1.181086,E07000174,Mansfield,E10000024,Nottinghamshire
NG18 9,53.154607,-1.186924,E07000174,Mansfield,E10000024,Nottinghamshire
NG19 0,53.150741,-1.166033,E07000174,Mansfield,E10000024,Nottinghamshire
NG19 6,53.149437,-1.204157,E07000174,Mansfield,E10000024,Nottinghamshire
NG19 7,53.148279,-1.197615,E07000174,Mansfield,E10000024,Nottinghamshire
NG19 8,53.164765,-1.194899,E07000174,Mansfield,E10000024,Nottinghamshire
NG19 9,53.15565,-1.193589,E07000174,Mansfield,E10000024,Nottinghamshire
NG2  1,52.948021,-1.151719,E06000018,Nottingham,E06000018,Nottingham
NG2  2,52.936198,-1.141475,E06000018,Nottingham,E06000018,Nottingham
NG2  3,52.930141,-1.198349,E07000172,Broxtowe,E10000024,Nottinghamshire
NG2  4,52.950329,-1.129035,E06000018,Nottingham,E06000018,Nottingham
NG2  5,52.93935,-1.125014,E07000176,Rushcliffe,E10000024,Nottinghamshire
NG2  6,52.937206,-1.134164,E07000176,Rushcliffe,E10000024,Nottinghamshire
NG2  7,52.927549,-1.132616,E07000176,Rushcliffe,E10000024,Nottinghamshire
NG2  9,52.945127,-1.135583,E06000018,Nottingham,E06000018,Nottingham
NG20 0,53.204623,-1.153325,E07000174,Mansfield,E10000024,Nottinghamshire
NG20 8,53.203077,-1.212432,E07000033,Bolsover,E10000007,Derbyshire
NG20 9,53.212121,-1.212566,E07000033,Bolsover,E10000007,Derbyshire
NG21 0,53.118786,-1.118897,E07000175,Newark and Sherwood,E10000024,Nottinghamshire
NG21 9,53.160207,-1.123508,E07000175,Newark and Sherwood,E10000024,Nottinghamshire
NG22 0,53.17333,-0.950681,E07000175,Newark and Sherwood,E10000024,Nottinghamshire
NG22 8,53.083421,-0.98858,E07000175,Newark and Sherwood,E10000024,Nottinghamshire
NG22 9,53.199468,-1.023442,E07000175,Newark and Sherwood,E10000024,Nottinghamshire
NG23 5,53.031434,-0.73805,E07000141,South Kesteven,E10000019,Lincolnshire
NG23 6,53.131571,-0.886905,E07000175,Newark and Sherwood,E10000024,Nottinghamshire
NG23 7,53.223128,-0.769813,E07000175,Newark and Sherwood,E10000024,Nottinghamshire
NG24 1,53.076398,-0.810271,E07000175,Newark and Sherwood,E10000024,Nottinghamshire
NG24 2,53.089538,-0.797515,E07000175,Newark and Sherwood,E10000024,Nottinghamshire
NG24 3,53.060102,-0.786456,E07000175,Newark and Sherwood,E10000024,Nottinghamshire
NG24 4,53.069335,-0.800749,E07000175,Newark and Sherwood,E10000024,Nottinghamshire
NG24 5,53.052146,-0.761123,E07000175,Newark and Sherwood,E10000024,Nottinghamshire
NG24 9,53.074604,-0.814291,E07000175,Newark and Sherwood,E10000024,Nottinghamshire
NG25 0,53.078593,-0.956194,E07000175,Newark and Sherwood,E10000024,Nottinghamshire
NG3  1,52.962998,-1.149282,E06000018,Nottingham,E06000018,Nottingham
NG3  2,52.954251,-1.13177,E06000018,Nottingham,E06000018,Nottingham
NG3  3,52.973261,-1.124032,E06000018,Nottingham,E06000018,Nottingham
NG3  4,52.963329,-1.148978,E06000018,Nottingham,E06000018,Nottingham
NG3  5,52.965079,-1.151102,E06000018,Nottingham,E06000018,Nottingham
NG3  6,52.979292,-1.126428,E06000018,Nottingham,E06000018,Nottingham
NG3  7,52.959554,-1.123133,E06000018,Nottingham,E06000018,Nottingham
NG31 0,52.909806,-0.640572,E07000141,South Kesteven,E10000019,Lincolnshire
NG31 6,52.90969,-0.640635,E07000141,South Kesteven,E10000019,Lincolnshire
NG31 7,52.909629,-0.647076,E07000141,South Kesteven,E10000019,Lincolnshire
NG31 8,52.91559,-0.649508,E07000141,South Kesteven,E10000019,Lincolnshire
NG31 9,52.908848,-0.634579,E07000141,South Kesteven,E10000019,Lincolnshire
NG32 1,52.850994,-0.808094,E07000133,Melton,E10000018,Leicestershire
NG32 2,52.952797,-0.668444,E07000141,South Kesteven,E10000019,Lincolnshire
NG32 3,52.911415,-0.573824,E07000141,South Kesteven,E10000019,Lincolnshire
NG33 4,52.893753,-0.567372,E07000141,South Kesteven,E10000019,Lincolnshire
NG33 5,52.882618,-0.599378,E07000141,South Kesteven,E10000019,Lincolnshire
NG34 0,52.95503,-0.379089,E07000139,North Kesteven,E10000019,Lincolnshire
NG34 4,52.996425,-0.409353,E07000139,North Kesteven,E10000019,Lincolnshire
NG34 6,52.987733,-0.418268,E07000139,North Kesteven,E10000019,Lincolnshire
NG34 7,52.996336,-0.409431,E07000139,North Kesteven,E10000019,Lincolnshire
NG34 8,53.006346,-0.415144,E07000139,North Kesteven,E10000019,Lincolnshire
NG34 9,53.044776,-0.394119,E07000139,North Kesteven,E10000019,Lincolnshire
NG4  1,52.961075,-1.095813,E07000173,Gedling,E10000024,Nottinghamshire
NG4  2,52.96454,-1.077606,E07000173,Gedling,E10000024,Nottinghamshire
NG4  3,52.966398,-1.080634,E07000173,Gedling,E10000024,Nottinghamshire
NG4  4,52.975609,-1.06985,E07000173,Gedling,E10000024,Nottinghamshire
NG4  9,52.972274,-1.083726,E07000173,Gedling,E10000024,Nottinghamshire
NG5  0,52.998288,-1.135252,E07000173,Gedling,E10000024,Nottinghamshire
NG5  1,52.971209,-1.153513,E06000018,Nottingham,E06000018,Nottingham
NG5  2,52.975314,-1.154371,E06000018,Nottingham,E06000018,Nottingham
NG5  3,52.984418,-1.146522,E06000018,Nottingham,E06000018,Nottingham
NG5  4,52.979585,-1.145754,E06000018,Nottingham,E06000018,Nottingham
NG5  5,53.012192,-1.184608,E06000018,Nottingham,E06000018,Nottingham
NG5  6,52.995985,-1.137518,E07000173,Gedling,E10000024,Nottinghamshire
NG5  7,53.002577,-1.132902,E07000173,Gedling,E10000024,Nottinghamshire
NG5  8,53.00582,-1.109514,E07000173,Gedling,E10000024,Nottinghamshire
NG5  9,53.003471,-1.17519,E06000018,Nottingham,E06000018,Nottingham
NG6  0,52.980625,-1.175938,E06000018,Nottingham,E06000018,Nottingham
NG6  6,52.992397,-1.188407,E06000018,Nottingham,E06000018,Nottingham
NG6  7,52.991728,-1.218723,E06000018,Nottingham,E06000018,Nottingham
NG6  8,53.017555,-1.18798,E06000018,Nottingham,E06000018,Nottingham
NG6  9,53.000006,-1.195656,E06000018,Nottingham,E06000018,Nottingham
NG7  1,52.954795,-1.162586,E06000018,Nottingham,E06000018,Nottingham
NG7  2,52.928362,-1.173509,E06000018,Nottingham,E06000018,Nottingham
NG7  3,52.961095,-1.171248,E06000018,Nottingham,E06000018,Nottingham
NG7  4,52.962359,-1.169556,E06000018,Nottingham,E06000018,Nottingham
NG7  5,52.96274,-1.169966,E06000018,Nottingham,E06000018,Nottingham
NG7  6,52.96351,-1.168343,E06000018,Nottingham,E06000018,Nottingham
NG7  7,52.975123,-1.163027,E06000018,Nottingham,E06000018,Nottingham
NG70 1,53.14363,-1.194786,E07000174,Mansfield,E10000024,Nottinghamshire
NG8  1,52.952952,-1.190976,E06000018,Nottingham,E06000018,Nottingham
NG8  2,52.953699,-1.214034,E06000018,Nottingham,E06000018,Nottingham
NG8  3,52.969513,-1.2129,E06000018,Nottingham,E06000018,Nottingham
NG8  4,52.9695,-1.227463,E06000018,Nottingham,E06000018,Nottingham
NG8  5,52.967169,-1.182537,E06000018,Nottingham,E06000018,Nottingham
NG8  6,52.982377,-1.196802,E06000018,Nottingham,E06000018,Nottingham
NG8  9,52.959937,-1.222124,E06000018,Nottingham,E06000018,Nottingham
NG80 1,52.930141,-1.198349,E07000172,Broxtowe,E10000024,Nottinghamshire
NG80 7,52.959937,-1.222124,E06000018,Nottingham,E06000018,Nottingham
NG80 8,52.929777,-1.197656,E07000172,Broxtowe,E10000024,Nottinghamshire
NG9  1,52.926245,-1.216807,E07000172,Broxtowe,E10000024,Nottinghamshire
NG9  2,52.922006,-1.209223,E07000172,Broxtowe,E10000024,Nottinghamshire
NG9  3,52.936364,-1.227262,E07000172,Broxtowe,E10000024,Nottinghamshire
NG9  4,52.921856,-1.220589,E07000172,Broxtowe,E10000024,Nottinghamshire
NG9  5,52.918786,-1.225448,E07000172,Broxtowe,E10000024,Nottinghamshire
NG9  6,52.908548,-1.235355,E07000172,Broxtowe,E10000024,Nottinghamshire
NG9  7,52.929261,-1.275722,E07000172,Broxtowe,E10000024,Nottinghamshire
NG9  8,52.930378,-1.271701,E07000172,Broxtowe,E10000024,Nottinghamshire
NG9  9,52.930141,-1.198349,E07000172,Broxtowe,E10000024,Nottinghamshire
NG90 1,52.930141,-1.198349,E07000172,Broxtowe,E10000024,Nottinghamshire
NG90 2,52.926856,-1.195241,E07000172,Broxtowe,E10000024,Nottinghamshire
NG90 4,52.926377,-1.188199,E06000018,Nottingham,E06000018,Nottingham
NG90 5,52.924235,-1.189117,E06000018,Nottingham,E06000018,Nottingham
NG90 6,52.925642,-1.193836,E07000172,Broxtowe,E10000024,Nottinghamshire
NG90 7,52.927158,-1.184094,E06000018,Nottingham,E06000018,Nottingham
NN1  1,52.245285,-0.898231,E06000062,West Northamptonshire,E06000062,West Northamptonshire
NN1  2,52.237855,-0.893099,E06000062,West Northamptonshire,E06000062,West Northamptonshire
NN1  3,52.23935,-0.897206,E06000062,West Northamptonshire,E06000062,West Northamptonshire
NN1  4,52.239896,-0.888303,E06000062,West Northamptonshire,E06000062,West Northamptonshire
NN1  5,52.237615,-0.888609,E06000062,West Northamptonshire,E06000062,West Northamptonshire
NN1  9,52.245285,-0.898231,E06000062,West Northamptonshire,E06000062,West Northamptonshire
NN10 0,52.291786,-0.597433,E06000061,North Northamptonshire,E06000061,North Northamptonshire
NN10 1,52.290895,-0.598854,E06000061,North Northamptonshire,E06000061,North Northamptonshire
NN10 6,52.295302,-0.601971,E06000061,North Northamptonshire,E06000061,North Northamptonshire
NN10 8,52.30255,-0.591534,E06000061,North Northamptonshire,E06000061,North Northamptonshire
NN10 9,52.295486,-0.601569,E06000061,North Northamptonshire,E06000061,North Northamptonshire
NN11 0,52.258165,-1.156472,E06000062,West Northamptonshire,E06000062,West Northamptonshire
NN11 1,52.258165,-1.156472,E06000062,West Northamptonshire,E06000062,West Northamptonshire
NN11 2,52.285338,-1.164518,E06000062,West Northamptonshire,E06000062,West Northamptonshire
NN11 3,52.231613,-1.173961,E06000062,West Northamptonshire,E06000062,West Northamptonshire
NN11 4,52.257092,-1.163598,E06000062,West Northamptonshire,E06000062,West Northamptonshire
NN11 5,52.257946,-1.157268,E06000062,West Northamptonshire,E06000062,West Northamptonshire
NN11 6,52.230934,-1.180972,E06000062,West Northamptonshire,E06000062,West Northamptonshire
NN11 7,52.291839,-1.206418,E06000062,West Northamptonshire,E06000062,West Northamptonshire
NN11 8,52.282006,-1.170063,E06000062,West Northamptonshire,E06000062,West Northamptonshire
NN11 9,52.264841,-1.174999,E06000062,West Northamptonshire,E06000062,West Northamptonshire
NN12 6,52.133732,-1.0021,E06000062,West Northamptonshire,E06000062,West Northamptonshire
NN12 7,52.13047,-0.987549,E06000062,West Northamptonshire,E06000062,West Northamptonshire
NN12 8,52.159128,-0.966229,E06000062,West Northamptonshire,E06000062,West Northamptonshire
NN12 9,52.132248,-0.988327,E06000062,West Northamptonshire,E06000062,West Northamptonshire
NN13 5,52.029534,-1.146363,E06000062,West Northamptonshire,E06000062,West Northamptonshire
NN13 6,52.030088,-1.157037,E06000062,West Northamptonshire,E06000062,West Northamptonshire
NN13 7,52.029525,-1.146363,E06000062,West Northamptonshire,E06000062,West Northamptonshire
NN13 9,52.029534,-1.146363,E06000062,West Northamptonshire,E06000062,West Northamptonshire
NN14 1,52.436583,-0.688137,E06000061,North Northamptonshire,E06000061,North Northamptonshire
NN14 2,52.444894,-0.809144,E06000061,North Northamptonshire,E06000061,North Northamptonshire
NN14 3,52.412761,-0.643823,E06000061,North Northamptonshire,E06000061,North Northamptonshire
NN14 4,52.382279,-0.644331,E06000061,North Northamptonshire,E06000061,North Northamptonshire
NN14 6,52.412899,-0.813049,E06000061,North Northamptonshire,E06000061,North Northamptonshire
NN15 4,52.394118,-0.679917,E06000061,North Northamptonshire,E06000061,North Northamptonshire
NN15 5,52.389408,-0.685685,E06000061,North Northamptonshire,E06000061,North Northamptonshire
NN15 6,52.390379,-0.727627,E06000061,North Northamptonshire,E06000061,North Northamptonshire
NN15 7,52.397348,-0.710274,E06000061,North Northamptonshire,E06000061,North Northamptonshire
NN16 0,52.399599,-0.722247,E06000061,North Northamptonshire,E06000061,North Northamptonshire
NN16 6,52.400164,-0.729565,E06000061,North Northamptonshire,E06000061,North Northamptonshire
NN16 8,52.400164,-0.729565,E06000061,North Northamptonshire,E06000061,North Northamptonshire
NN16 9,52.405778,-0.726596,E06000061,North Northamptonshire,E06000061,North Northamptonshire
NN17 1,52.487924,-0.699911,E06000061,North Northamptonshire,E06000061,North Northamptonshire
NN17 2,52.502626,-0.69849,E06000061,North Northamptonshire,E06000061,North Northamptonshire
NN17 3,52.567983,-0.633392,E06000061,North Northamptonshire,E06000061,North Northamptonshire
NN17 4,52.508917,-0.704817,E06000061,North Northamptonshire,E06000061,North Northamptonshire
NN17 5,52.503999,-0.64065,E06000061,North Northamptonshire,E06000061,North Northamptonshire
NN17 9,52.494774,-0.677952,E06000061,North Northamptonshire,E06000061,North Northamptonshire
NN18 0,52.491017,-0.720543,E06000061,North Northamptonshire,E06000061,North Northamptonshire
NN18 8,52.485457,-0.665683,E06000061,North Northamptonshire,E06000061,North Northamptonshire
NN18 9,52.479559,-0.728518,E06000061,North Northamptonshire,E06000061,North Northamptonshire
NN2  1,52.247728,-0.811893,E06000062,West Northamptonshire,E06000062,West Northamptonshire
NN2  6,52.247435,-0.897401,E06000062,West Northamptonshire,E06000062,West Northamptonshire
NN2  7,52.26919,-0.894268,E06000062,West Northamptonshire,E06000062,West Northamptonshire
NN2  8,52.263852,-0.911003,E06000062,West Northamptonshire,E06000062,West Northamptonshire
NN29 7,52.283585,-0.644267,E06000061,North Northamptonshire,E06000061,North Northamptonshire
NN3  0,52.247728,-0.811893,E06000062,West Northamptonshire,E06000062,West Northamptonshire
NN3  1,52.257991,-0.871837,E06000062,West Northamptonshire,E06000062,West Northamptonshire
NN3  2,52.261206,-0.866729,E06000062,West Northamptonshire,E06000062,West Northamptonshire
NN3  3,52.241705,-0.863008,E06000062,West Northamptonshire,E06000062,West Northamptonshire
NN3  4,52.237148,-0.854791,E06000062,West Northamptonshire,E06000062,West Northamptonshire
NN3  5,52.256605,-0.805927,E06000062,West Northamptonshire,E06000062,West Northamptonshire
NN3  6,52.259739,-0.871323,E06000062,West Northamptonshire,E06000062,West Northamptonshire
NN3  7,52.282917,-0.852674,E06000062,West Northamptonshire,E06000062,West Northamptonshire
NN3  8,52.263673,-0.834854,E06000062,West Northamptonshire,E06000062,West Northamptonshire
NN3  9,52.248764,-0.812129,E06000062,West Northamptonshire,E06000062,West Northamptonshire
NN4  0,52.183559,-0.907566,E06000062,West Northamptonshire,E06000062,West Northamptonshire
NN4  1,52.245285,-0.898231,E06000062,West Northamptonshire,E06000062,West Northamptonshire
NN4  4,52.245285,-0.898231,E06000062,West Northamptonshire,E06000062,West Northamptonshire
NN4  5,52.191585,-0.880481,E06000062,West Northamptonshire,E06000062,West Northamptonshire
NN4  6,52.203924,-0.875152,E06000062,West Northamptonshire,E06000062,West Northamptonshire
NN4  7,52.228616,-0.864133,E06000062,West Northamptonshire,E06000062,West Northamptonshire
NN4  8,52.227938,-0.893126,E06000062,West Northamptonshire,E06000062,West Northamptonshire
NN4  9,52.221671,-0.95926,E06000062,West Northamptonshire,E06000062,West Northamptonshire
NN5  4,52.240641,-0.951055,E06000062,West Northamptonshire,E06000062,West Northamptonshire
NN5  5,52.239201,-0.923864,E06000062,West Northamptonshire,E06000062,West Northamptonshire
NN5  6,52.247936,-0.926392,E06000062,West Northamptonshire,E06000062,West Northamptonshire
NN5  7,52.249472,-0.922326,E06000062,West Northamptonshire,E06000062,West Northamptonshire
NN5  9,52.245285,-0.898231,E06000062,West Northamptonshire,E06000062,West Northamptonshire
NN6  0,52.288198,-0.837407,E06000062,West Northamptonshire,E06000062,West Northamptonshire
NN6  6,52.374125,-1.119512,E06000062,West Northamptonshire,E06000062,West Northamptonshire
NN6  7,52.342027,-1.068847,E06000062,West Northamptonshire,E06000062,West Northamptonshire
NN6  8,52.279978,-0.916515,E06000062,West Northamptonshire,E06000062,West Northamptonshire
NN6  9,52.306893,-0.899724,E06000062,West Northamptonshire,E06000062,West Northamptonshire
NN7  1,52.223815,-0.82925,E06000062,West Northamptonshire,E06000062,West Northamptonshire
NN7  2,52.18828,-0.827141,E06000062,West Northamptonshire,E06000062,West Northamptonshire
NN7  3,52.19261,-0.931806,E06000062,West Northamptonshire,E06000062,West Northamptonshire
NN7  4,52.227435,-0.97892,E06000062,West Northamptonshire,E06000062,West Northamptonshire
NN7  9,52.247728,-0.811893,E06000062,West Northamptonshire,E06000062,West Northamptonshire
NN8  1,52.301149,-0.692551,E06000061,North Northamptonshire,E06000061,North Northamptonshire
NN8  2,52.299621,-0.699914,E06000061,North Northamptonshire,E06000061,North Northamptonshire
NN8  3,52.304811,-0.703444,E06000061,North Northamptonshire,E06000061,North Northamptonshire
NN8  4,52.30811,-0.687066,E06000061,North Northamptonshire,E06000061,North Northamptonshire
NN8  5,52.304923,-0.702179,E06000061,North Northamptonshire,E06000061,North Northamptonshire
NN8  6,52.300972,-0.739971,E06000061,North Northamptonshire,E06000061,North Northamptonshire
NN8  7,52.282566,-0.64399,E06000061,North Northamptonshire,E06000061,North Northamptonshire
NN8  9,52.301788,-0.676474,E06000061,North Northamptonshire,E06000061,North Northamptonshire
NN9  5,52.328265,-0.709656,E06000061,North Northamptonshire,E06000061,North Northamptonshire
NN9  6,52.324023,-0.543502,E06000061,North Northamptonshire,E06000061,North Northamptonshire
NN9  7,52.282566,-0.64399,E06000061,North Northamptonshire,E06000061,North Northamptonshire
NN9  8,52.30255,-0.591534,E06000061,North Northamptonshire,E06000061,North Northamptonshire
NN99 1,52.237057,-0.901935,E06000062,West Northamptonshire,E06000062,West Northamptonshire
NP1  0,51.592441,-3.050867,W06000022,Newport,W06000022,Newport
NP1  2,51.602556,-2.916817,W06000022,Newport,W06000022,Newport
NP1  4,51.671611,-3.14236,W06000018,Caerphilly,W06000018,Caerphilly
NP1  5,51.655515,-3.133282,W06000018,Caerphilly,W06000018,Caerphilly
NP1  6,51.607395,-3.087316,W06000018,Caerphilly,W06000018,Caerphilly
NP1  7,51.616155,-3.11208,W06000018,Caerphilly,W06000018,Caerphilly
NP1  8,51.589232,-3.198034,W06000018,Caerphilly,W06000018,Caerphilly
NP1  9,51.585364,-3.037714,W06000022,Newport,W06000022,Newport
NP10 0,51.594703,-3.05232,W06000022,Newport,W06000022,Newport
NP10 1,51.592441,-3.050867,W06000022,Newport,W06000022,Newport
NP10 8,51.560976,-3.02572,W06000022,Newport,W06000022,Newport
NP10 9,51.586088,-3.038207,W06000022,Newport,W06000022,Newport
NP11 3,51.695653,-3.160877,W06000018,Caerphilly,W06000018,Caerphilly
NP11 4,51.64777,-3.137295,W06000018,Caerphilly,W06000018,Caerphilly
NP11 5,51.656453,-3.132958,W06000018,Caerphilly,W06000018,Caerphilly
NP11 6,51.607379,-3.085178,W06000018,Caerphilly,W06000018,Caerphilly
NP11 7,51.61622,-3.110984,W06000018,Caerphilly,W06000018,Caerphilly
NP11 9,51.647761,-3.137266,W06000018,Caerphilly,W06000018,Caerphilly
NP12 0,51.681895,-3.187054,W06000018,Caerphilly,W06000018,Caerphilly
NP12 1,51.665349,-3.194328,W06000018,Caerphilly,W06000018,Caerphilly
NP12 2,51.657543,-3.182051,W06000018,Caerphilly,W06000018,Caerphilly
NP12 3,51.67615,-3.216986,W06000018,Caerphilly,W06000018,Caerphilly
NP12 4,51.685638,-3.167956,W06000018,Caerphilly,W06000018,Caerphilly
NP12 9,51.664925,-3.194447,W06000018,Caerphilly,W06000018,Caerphilly
NP13 1,51.730779,-3.13289,W06000019,Blaenau Gwent,W06000019,Blaenau Gwent
NP13 2,51.708715,-3.142918,W06000019,Blaenau Gwent,W06000019,Blaenau Gwent
NP13 3,51.770659,-3.161265,W06000019,Blaenau Gwent,W06000019,Blaenau Gwent
NP13 9,51.741616,-3.135493,W06000019,Blaenau Gwent,W06000019,Blaenau Gwent
NP15 1,51.70443,-2.9018,W06000021,Monmouthshire,W06000021,Monmouthshire
NP15 2,51.76738,-2.866997,W06000021,Monmouthshire,W06000021,Monmouthshire
NP15 9,51.702422,-2.905638,W06000021,Monmouthshire,W06000021,Monmouthshire
NP16 5,51.629113,-2.673034,W06000021,Monmouthshire,W06000021,Monmouthshire
NP16 6,51.63778,-2.691774,W06000021,Monmouthshire,W06000021,Monmouthshire
NP16 7,51.640325,-2.658979,E07000080,Forest of Dean,E10000013,Gloucestershire
NP16 9,51.64074,-2.672945,W06000021,Monmouthshire,W06000021,Monmouthshire
NP18 1,51.607791,-2.953847,W06000022,Newport,W06000022,Newport
NP18 2,51.615344,-2.874005,W06000022,Newport,W06000022,Newport
NP18 3,51.61661,-2.96173,W06000022,Newport,W06000022,Newport
NP19 0,51.589953,-2.991597,W06000022,Newport,W06000022,Newport
NP19 1,51.57207,-2.944528,W06000022,Newport,W06000022,Newport
NP19 4,51.572114,-2.944688,W06000022,Newport,W06000022,Newport
NP19 7,51.590953,-2.992499,W06000022,Newport,W06000022,Newport
NP19 8,51.589993,-2.9642,W06000022,Newport,W06000022,Newport
NP19 9,51.587116,-2.960804,W06000022,Newport,W06000022,Newport
NP2  0,51.681055,-3.187437,W06000018,Caerphilly,W06000018,Caerphilly
NP2  1,51.665686,-3.19571,W06000018,Caerphilly,W06000018,Caerphilly
NP2  2,51.656828,-3.182466,W06000018,Caerphilly,W06000018,Caerphilly
NP2  3,51.786675,-3.276473,W06000019,Blaenau Gwent,W06000019,Blaenau Gwent
NP2  4,51.781151,-3.2466,W06000019,Blaenau Gwent,W06000019,Blaenau Gwent
NP2  5,51.744063,-3.267306,W06000018,Caerphilly,W06000018,Caerphilly
NP2  6,51.72004,-3.243471,W06000018,Caerphilly,W06000018,Caerphilly
NP20 1,51.589734,-2.997322,W06000022,Newport,W06000022,Newport
NP20 2,51.58232,-2.990463,W06000022,Newport,W06000022,Newport
NP20 3,51.576252,-3.007173,W06000022,Newport,W06000022,Newport
NP20 4,51.589562,-2.998546,W06000022,Newport,W06000022,Newport
NP20 5,51.585528,-3.022158,W06000022,Newport,W06000022,Newport
NP20 6,51.60675,-3.009566,W06000022,Newport,W06000022,Newport
NP20 7,51.614423,-3.031978,W06000022,Newport,W06000022,Newport
NP20 9,51.590845,-2.99778,W06000022,Newport,W06000022,Newport
NP22 3,51.785025,-3.280181,W06000019,Blaenau Gwent,W06000019,Blaenau Gwent
NP22 4,51.781547,-3.246552,W06000019,Blaenau Gwent,W06000019,Blaenau Gwent
NP22 5,51.742587,-3.260762,W06000018,Caerphilly,W06000018,Caerphilly
NP22 9,51.768719,-3.241141,W06000019,Blaenau Gwent,W06000019,Blaenau Gwent
NP23 4,51.79924,-3.175137,W06000019,Blaenau Gwent,W06000019,Blaenau Gwent
NP23 5,51.787699,-3.204081,W06000019,Blaenau Gwent,W06000019,Blaenau Gwent
NP23 6,51.779922,-3.204034,W06000019,Blaenau Gwent,W06000019,Blaenau Gwent
NP23 7,51.745252,-3.184297,W06000019,Blaenau Gwent,W06000019,Blaenau Gwent
NP23 8,51.75823,-3.19914,W06000019,Blaenau Gwent,W06000019,Blaenau Gwent
NP23 9,51.775063,-3.206079,W06000019,Blaenau Gwent,W06000019,Blaenau Gwent
NP24 6,51.72139,-3.243364,W06000018,Caerphilly,W06000018,Caerphilly
NP25 3,51.826838,-2.713658,W06000021,Monmouthshire,W06000021,Monmouthshire
NP25 4,51.798829,-2.718176,W06000021,Monmouthshire,W06000021,Monmouthshire
NP25 5,51.808891,-2.721091,W06000021,Monmouthshire,W06000021,Monmouthshire
NP25 9,51.813105,-2.715617,W06000021,Monmouthshire,W06000021,Monmouthshire
NP26 3,51.609117,-2.849032,W06000022,Newport,W06000022,Newport
NP26 4,51.588264,-2.759843,W06000021,Monmouthshire,W06000021,Monmouthshire
NP26 5,51.591709,-2.735605,W06000021,Monmouthshire,W06000021,Monmouthshire
NP26 9,51.588001,-2.760185,W06000021,Monmouthshire,W06000021,Monmouthshire
NP3  1,51.730142,-3.133699,W06000019,Blaenau Gwent,W06000019,Blaenau Gwent
NP3  2,51.788475,-3.145309,W06000019,Blaenau Gwent,W06000019,Blaenau Gwent
NP3  3,51.770325,-3.162242,W06000019,Blaenau Gwent,W06000019,Blaenau Gwent
NP3  4,51.800803,-3.171726,W06000019,Blaenau Gwent,W06000019,Blaenau Gwent
NP3  5,51.786982,-3.204714,W06000019,Blaenau Gwent,W06000019,Blaenau Gwent
NP3  6,51.766381,-3.196921,W06000019,Blaenau Gwent,W06000019,Blaenau Gwent
NP4  0,51.741009,-2.97151,W06000021,Monmouthshire,W06000021,Monmouthshire
NP4  1,51.660956,-3.030766,W06000020,Torfaen,W06000020,Torfaen
NP4  2,51.656773,-2.99453,W06000020,Torfaen,W06000020,Torfaen
NP4  3,51.622262,-3.034222,W06000020,Torfaen,W06000020,Torfaen
NP4  4,51.70862,-3.061041,W06000020,Torfaen,W06000020,Torfaen
NP4  5,51.679286,-3.02706,W06000020,Torfaen,W06000020,Torfaen
NP4  6,51.699207,-3.042921,W06000020,Torfaen,W06000020,Torfaen
NP4  7,51.725334,-3.068121,W06000020,Torfaen,W06000020,Torfaen
NP4  8,51.701724,-3.017279,W06000020,Torfaen,W06000020,Torfaen
NP4  9,51.773643,-3.086176,W06000020,Torfaen,W06000020,Torfaen
NP44 1,51.66096,-3.026241,W06000020,Torfaen,W06000020,Torfaen
NP44 2,51.650914,-3.002598,W06000020,Torfaen,W06000020,Torfaen
NP44 3,51.655496,-3.027939,W06000020,Torfaen,W06000020,Torfaen
NP44 4,51.649288,-3.040576,W06000020,Torfaen,W06000020,Torfaen
NP44 5,51.66926,-3.049449,W06000020,Torfaen,W06000020,Torfaen
NP44 6,51.6391,-3.065718,W06000020,Torfaen,W06000020,Torfaen
NP44 7,51.640624,-3.031996,W06000020,Torfaen,W06000020,Torfaen
NP44 8,51.640002,-2.986172,W06000020,Torfaen,W06000020,Torfaen
NP44 9,51.654235,-3.02301,W06000020,Torfaen,W06000020,Torfaen
NP5  1,51.703369,-2.902936,W06000021,Monmouthshire,W06000021,Monmouthshire
NP5  2,51.767514,-2.862189,W06000021,Monmouthshire,W06000021,Monmouthshire
NP5  3,51.80802,-2.722267,W06000021,Monmouthshire,W06000021,Monmouthshire
NP5  4,51.803569,-2.714944,W06000021,Monmouthshire,W06000021,Monmouthshire
NP6  1,51.607663,-2.953021,W06000022,Newport,W06000022,Newport
NP6  2,51.615504,-2.869415,W06000022,Newport,W06000022,Newport
NP6  3,51.611136,-2.852002,W06000022,Newport,W06000022,Newport
NP6  4,51.587495,-2.75918,W06000021,Monmouthshire,W06000021,Monmouthshire
NP6  5,51.629374,-2.674641,W06000021,Monmouthshire,W06000021,Monmouthshire
NP6  6,51.637364,-2.6921,W06000021,Monmouthshire,W06000021,Monmouthshire
NP6  7,51.639346,-2.660338,E07000080,Forest of Dean,E10000013,Gloucestershire
NP7  0,51.826042,-3.084621,W06000021,Monmouthshire,W06000021,Monmouthshire
NP7  1,51.821706,-3.019573,W06000021,Monmouthshire,W06000021,Monmouthshire
NP7  5,51.822198,-3.019831,W06000021,Monmouthshire,W06000021,Monmouthshire
NP7  6,51.828939,-3.009724,W06000021,Monmouthshire,W06000021,Monmouthshire
NP7  7,51.829627,-3.030868,W06000021,Monmouthshire,W06000021,Monmouthshire
NP7  8,51.841042,-2.966767,W06000021,Monmouthshire,W06000021,Monmouthshire
NP7  9,51.79888,-2.997146,W06000021,Monmouthshire,W06000021,Monmouthshire
NP8  1,51.858352,-3.136585,W06000023,Powys,W06000023,Powys
NP9  0,51.588461,-2.991593,W06000022,Newport,W06000022,Newport
NP9  1,51.590197,-2.998848,W06000022,Newport,W06000022,Newport
NP9  2,51.58218,-2.990013,W06000022,Newport,W06000022,Newport
NP9  3,51.575739,-3.00719,W06000022,Newport,W06000022,Newport
NP9  4,51.589298,-2.998829,W06000022,Newport,W06000022,Newport
NP9  5,51.584605,-3.02182,W06000022,Newport,W06000022,Newport
NP9  6,51.605382,-3.010734,W06000022,Newport,W06000022,Newport
NP9  7,51.591158,-2.991652,W06000022,Newport,W06000022,Newport
NP9  8,51.588677,-2.965615,W06000022,Newport,W06000022,Newport
NP9  9,51.587826,-2.959823,W06000022,Newport,W06000022,Newport
NPT  0,51.588461,-2.991593,W06000022,Newport,W06000022,Newport
NPT  1,51.590197,-2.998848,W06000022,Newport,W06000022,Newport
NPT  2,51.58218,-2.990013,W06000022,Newport,W06000022,Newport
NPT  3,51.575739,-3.00719,W06000022,Newport,W06000022,Newport
NPT  4,51.589298,-2.998829,W06000022,Newport,W06000022,Newport
NPT  5,51.584605,-3.02182,W06000022,Newport,W06000022,Newport
NPT  6,51.605382,-3.010734,W06000022,Newport,W06000022,Newport
NPT  7,51.591158,-2.991652,W06000022,Newport,W06000022,Newport
NPT  8,51.588677,-2.965615,W06000022,Newport,W06000022,Newport
NPT  9,51.587826,-2.959823,W06000022,Newport,W06000022,Newport
NR1  1,52.626674,1.309363,E07000148,Norwich,E10000020,Norfolk
NR1  2,52.619463,1.30641,E07000148,Norwich,E10000020,Norfolk
NR1  3,52.647735,1.32296,E07000144,Broadland,E10000020,Norfolk
NR1  4,52.632402,1.306513,E07000148,Norwich,E10000020,Norfolk
NR10 3,52.720636,1.299235,E07000144,Broadland,E10000020,Norfolk
NR10 4,52.770751,1.162854,E07000144,Broadland,E10000020,Norfolk
NR10 5,52.770696,1.292048,E07000144,Broadland,E10000020,Norfolk
NR11 6,52.794005,1.250427,E07000144,Broadland,E10000020,Norfolk
NR11 7,52.861697,1.243911,E07000147,North Norfolk,E10000020,Norfolk
NR11 8,52.910015,1.245038,E07000147,North Norfolk,E10000020,Norfolk
NR12 0,52.851247,1.476644,E07000147,North Norfolk,E10000020,Norfolk
NR12 7,52.728741,1.35743,E07000144,Broadland,E10000020,Norfolk
NR12 8,52.704806,1.463118,E07000147,North Norfolk,E10000020,Norfolk
NR12 9,52.793731,1.475702,E07000147,North Norfolk,E10000020,Norfolk
NR13 3,52.637578,1.549538,E07000144,Broadland,E10000020,Norfolk
NR13 4,52.633979,1.447672,E07000144,Broadland,E10000020,Norfolk
NR13 5,52.623463,1.436278,E07000144,Broadland,E10000020,Norfolk
NR13 6,52.664706,1.383612,E07000144,Broadland,E10000020,Norfolk
NR14 6,52.51592,1.603069,E07000149,South Norfolk,E10000020,Norfolk
NR14 7,52.577676,1.455356,E07000149,South Norfolk,E10000020,Norfolk
NR14 8,52.559296,1.232803,E07000149,South Norfolk,E10000020,Norfolk
NR15 1,52.560452,1.405729,E07000149,South Norfolk,E10000020,Norfolk
NR15 2,52.467288,1.187502,E07000149,South Norfolk,E10000020,Norfolk
NR16 1,52.534231,1.156216,E07000149,South Norfolk,E10000020,Norfolk
NR16 2,52.452328,1.036301,E07000143,Breckland,E10000020,Norfolk
NR17 1,52.512264,1.00053,E07000143,Breckland,E10000020,Norfolk
NR17 2,52.516194,1.013623,E07000143,Breckland,E10000020,Norfolk
NR18 0,52.571663,1.110638,E07000149,South Norfolk,E10000020,Norfolk
NR18 8,52.571663,1.110638,E07000149,South Norfolk,E10000020,Norfolk
NR18 9,52.556013,1.054803,E07000149,South Norfolk,E10000020,Norfolk
NR19 1,52.644421,0.967969,E07000143,Breckland,E10000020,Norfolk
NR19 2,52.68231,0.939377,E07000143,Breckland,E10000020,Norfolk
NR19 9,52.68231,0.939377,E07000143,Breckland,E10000020,Norfolk
NR2  1,52.627547,1.293569,E07000148,Norwich,E10000020,Norfolk
NR2  2,52.624952,1.282718,E07000148,Norwich,E10000020,Norfolk
NR2  3,52.628105,1.274085,E07000148,Norwich,E10000020,Norfolk
NR2  4,52.629827,1.297909,E07000148,Norwich,E10000020,Norfolk
NR20 3,52.658987,1.03196,E07000143,Breckland,E10000020,Norfolk
NR20 4,52.74202,1.02458,E07000143,Breckland,E10000020,Norfolk
NR20 5,52.756205,0.888884,E07000143,Breckland,E10000020,Norfolk
NR21 0,52.884563,0.945697,E07000147,North Norfolk,E10000020,Norfolk
NR21 1,52.830566,0.850535,E07000147,North Norfolk,E10000020,Norfolk
NR21 7,52.800464,0.846622,E07000143,Breckland,E10000020,Norfolk
NR21 8,52.830566,0.850535,E07000147,North Norfolk,E10000020,Norfolk
NR21 9,52.833333,0.846188,E07000147,North Norfolk,E10000020,Norfolk
NR22 6,52.893417,0.873557,E07000147,North Norfolk,E10000020,Norfolk
NR23 1,52.954468,0.853347,E07000147,North Norfolk,E10000020,Norfolk
NR24 2,52.873676,1.075691,E07000147,North Norfolk,E10000020,Norfolk
NR25 6,52.906814,1.090608,E07000147,North Norfolk,E10000020,Norfolk
NR25 7,52.954908,0.986571,E07000147,North Norfolk,E10000020,Norfolk
NR25 9,52.906814,1.090637,E07000147,North Norfolk,E10000020,Norfolk
NR26 8,52.943212,1.211197,E07000147,North Norfolk,E10000020,Norfolk
NR26 9,52.943155,1.211297,E07000147,North Norfolk,E10000020,Norfolk
NR27 0,52.904274,1.337915,E07000147,North Norfolk,E10000020,Norfolk
NR27 7,52.93079,1.301453,E07000147,North Norfolk,E10000020,Norfolk
NR27 9,52.93079,1.301453,E07000147,North Norfolk,E10000020,Norfolk
NR28 0,52.815206,1.337405,E07000147,North Norfolk,E10000020,Norfolk
NR28 8,52.820806,1.38889,E07000147,North Norfolk,E10000020,Norfolk
NR28 9,52.820806,1.38889,E07000147,North Norfolk,E10000020,Norfolk
NR29 3,52.662572,1.643474,E07000145,Great Yarmouth,E10000020,Norfolk
NR29 4,52.694736,1.687369,E07000145,Great Yarmouth,E10000020,Norfolk
NR29 5,52.741566,1.53407,E07000147,North Norfolk,E10000020,Norfolk
NR3  1,52.636039,1.296705,E07000148,Norwich,E10000020,Norfolk
NR3  2,52.645497,1.277071,E07000148,Norwich,E10000020,Norfolk
NR3  3,52.654346,1.292981,E07000148,Norwich,E10000020,Norfolk
NR3  4,52.63962,1.296324,E07000148,Norwich,E10000020,Norfolk
NR30 1,52.612445,1.724641,E07000145,Great Yarmouth,E10000020,Norfolk
NR30 2,52.607235,1.735264,E07000145,Great Yarmouth,E10000020,Norfolk
NR30 3,52.60256,1.735176,E07000145,Great Yarmouth,E10000020,Norfolk
NR30 4,52.620005,1.734476,E07000145,Great Yarmouth,E10000020,Norfolk
NR30 5,52.644872,1.728921,E07000145,Great Yarmouth,E10000020,Norfolk
NR30 9,52.612563,1.724606,E07000145,Great Yarmouth,E10000020,Norfolk
NR31 0,52.6067,1.717947,E07000145,Great Yarmouth,E10000020,Norfolk
NR31 6,52.5793,1.727704,E07000145,Great Yarmouth,E10000020,Norfolk
NR31 7,52.573729,1.714667,E07000145,Great Yarmouth,E10000020,Norfolk
NR31 8,52.58056,1.711938,E07000145,Great Yarmouth,E10000020,Norfolk
NR31 9,52.564871,1.656898,E07000145,Great Yarmouth,E10000020,Norfolk
NR32 1,52.475203,1.751019,E07000244,East Suffolk,E10000029,Suffolk
NR32 2,52.47502,1.749707,E07000244,East Suffolk,E10000029,Suffolk
NR32 3,52.480085,1.716666,E07000244,East Suffolk,E10000029,Suffolk
NR32 4,52.499485,1.732998,E07000244,East Suffolk,E10000029,Suffolk
NR32 5,52.517756,1.706032,E07000244,East Suffolk,E10000029,Suffolk
NR32 9,52.479318,1.733293,E07000244,East Suffolk,E10000029,Suffolk
NR33 0,52.467839,1.745561,E07000244,East Suffolk,E10000029,Suffolk
NR33 7,52.453235,1.730083,E07000244,East Suffolk,E10000029,Suffolk
NR33 8,52.45113,1.69946,E07000244,East Suffolk,E10000029,Suffolk
NR33 9,52.466058,1.7165,E07000244,East Suffolk,E10000029,Suffolk
NR34 0,52.484318,1.630819,E07000149,South Norfolk,E10000020,Norfolk
NR34 4,52.457466,1.564427,E07000244,East Suffolk,E10000029,Suffolk
NR34 7,52.451485,1.576325,E07000244,East Suffolk,E10000029,Suffolk
NR34 8,52.3679,1.60436,E07000244,East Suffolk,E10000029,Suffolk
NR34 9,52.457466,1.564427,E07000244,East Suffolk,E10000029,Suffolk
NR35 1,52.456641,1.434353,E07000244,East Suffolk,E10000029,Suffolk
NR35 2,52.452162,1.409184,E07000149,South Norfolk,E10000020,Norfolk
NR35 9,52.456641,1.434353,E07000244,East Suffolk,E10000029,Suffolk
NR4  6,52.602675,1.244224,E07000149,South Norfolk,E10000020,Norfolk
NR4  7,52.625029,1.259771,E07000148,Norwich,E10000020,Norfolk
NR5  0,52.648969,1.233546,E07000149,South Norfolk,E10000020,Norfolk
NR5  5,52.647744,1.322961,E07000144,Broadland,E10000020,Norfolk
NR5  8,52.638925,1.239722,E07000148,Norwich,E10000020,Norfolk
NR5  9,52.635303,1.216541,E07000148,Norwich,E10000020,Norfolk
NR6  5,52.660297,1.252768,E07000144,Broadland,E10000020,Norfolk
NR6  6,52.662254,1.279938,E07000148,Norwich,E10000020,Norfolk
NR6  7,52.661514,1.30494,E07000144,Broadland,E10000020,Norfolk
NR7  0,52.62638,1.340334,E07000144,Broadland,E10000020,Norfolk
NR7  7,52.647735,1.32296,E07000144,Broadland,E10000020,Norfolk
NR7  8,52.64941,1.316788,E07000144,Broadland,E10000020,Norfolk
NR7  9,52.645046,1.331584,E07000148,Norwich,E10000020,Norfolk
NR8  5,52.658941,1.210484,E07000149,South Norfolk,E10000020,Norfolk
NR8  6,52.674804,1.224787,E07000144,Broadland,E10000020,Norfolk
NR8  7,52.680241,1.227245,E07000144,Broadland,E10000020,Norfolk
NR9  3,52.633728,1.185017,E07000149,South Norfolk,E10000020,Norfolk
NR9  4,52.624058,1.07033,E07000149,South Norfolk,E10000020,Norfolk
NR9  5,52.711012,1.150902,E07000144,Broadland,E10000020,Norfolk
NR99 1,52.626676,1.309289,E07000148,Norwich,E10000020,Norfolk
NW1  0,51.536741,-0.139458,E09000007,Camden,E09000007,Camden
NW1  1,51.530786,-0.135405,E09000007,Camden,E09000007,Camden
NW1  2,51.527949,-0.128355,E09000007,Camden,E09000007,Camden
NW1  3,51.524582,-0.138253,E09000007,Camden,E09000007,Camden
NW1  4,51.534981,-0.146422,E09000007,Camden,E09000007,Camden
NW1  5,51.521591,-0.160761,E09000033,Westminster,E09000033,Westminster
NW1  6,51.523019,-0.164063,E09000033,Westminster,E09000033,Westminster
NW1  7,51.538857,-0.14364,E09000007,Camden,E09000007,Camden
NW1  8,51.541717,-0.145312,E09000007,Camden,E09000007,Camden
NW1  9,51.548497,-0.130036,E09000007,Camden,E09000007,Camden
NW10 0,51.559122,-0.249255,E09000005,Brent,E09000005,Brent
NW10 1,51.556614,-0.243898,E09000005,Brent,E09000005,Brent
NW10 2,51.542539,-0.227582,E09000005,Brent,E09000005,Brent
NW10 3,51.53727,-0.23005,E09000005,Brent,E09000005,Brent
NW10 4,51.537687,-0.248823,E09000005,Brent,E09000005,Brent
NW10 5,51.534015,-0.231835,E09000005,Brent,E09000005,Brent
NW10 6,51.531556,-0.236948,E09000013,Hammersmith and Fulham,E09000013,Hammersmith and Fulham
NW10 7,51.53626,-0.257472,E09000005,Brent,E09000005,Brent
NW10 8,51.53388,-0.248609,E09000005,Brent,E09000005,Brent
NW10 9,51.536123,-0.25008,E09000005,Brent,E09000005,Brent
NW11 0,51.584602,-0.200194,E09000003,Barnet,E09000003,Barnet
NW11 1,51.580296,-0.199094,E09000003,Barnet,E09000003,Barnet
NW11 6,51.586239,-0.19958,E09000003,Barnet,E09000003,Barnet
NW11 7,51.581355,-0.191965,E09000003,Barnet,E09000003,Barnet
NW11 8,51.56867,-0.196841,E09000003,Barnet,E09000003,Barnet
NW11 9,51.575914,-0.203582,E09000003,Barnet,E09000003,Barnet
NW1W 7,51.530786,-0.135405,E09000007,Camden,E09000007,Camden
NW1W 8,51.530786,-0.135405,E09000007,Camden,E09000007,Camden
NW1W 9,51.530786,-0.135405,E09000007,Camden,E09000007,Camden
NW2  1,51.562196,-0.213357,E09000003,Barnet,E09000003,Barnet
NW2  2,51.563554,-0.198067,E09000003,Barnet,E09000003,Barnet
NW2  3,51.557004,-0.213675,E09000003,Barnet,E09000003,Barnet
NW2  4,51.553712,-0.2178,E09000005,Brent,E09000005,Brent
NW2  5,51.548766,-0.223705,E09000005,Brent,E09000005,Brent
NW2  6,51.555142,-0.21897,E09000005,Brent,E09000005,Brent
NW2  7,51.570552,-0.237213,E09000005,Brent,E09000005,Brent
NW2  8,51.571211,-0.220737,E09000003,Barnet,E09000003,Barnet
NW2  9,51.562196,-0.213328,E09000003,Barnet,E09000003,Barnet
NW26 9,51.530786,-0.135405,E09000007,Camden,E09000007,Camden
NW3  1,51.559005,-0.177761,E09000007,Camden,E09000007,Camden
NW3  2,51.552877,-0.168255,E09000007,Camden,E09000007,Camden
NW3  3,51.544981,-0.162457,E09000007,Camden,E09000007,Camden
NW3  4,51.550269,-0.167682,E09000007,Camden,E09000007,Camden
NW3  5,51.552146,-0.168659,E09000007,Camden,E09000007,Camden
NW3  6,51.552548,-0.178337,E09000007,Camden,E09000007,Camden
NW3  7,51.553699,-0.189355,E09000007,Camden,E09000007,Camden
NW3  9,51.554295,-0.173838,E09000007,Camden,E09000007,Camden
NW4  1,51.592281,-0.221949,E09000003,Barnet,E09000003,Barnet
NW4  2,51.587095,-0.222079,E09000003,Barnet,E09000003,Barnet
NW4  3,51.58287,-0.22757,E09000003,Barnet,E09000003,Barnet
NW4  4,51.587946,-0.221916,E09000003,Barnet,E09000003,Barnet
NW4  9,51.588025,-0.22174,E09000003,Barnet,E09000003,Barnet
NW5  1,51.552183,-0.141266,E09000007,Camden,E09000007,Camden
NW5  2,51.550012,-0.140445,E09000007,Camden,E09000007,Camden
NW5  3,51.549214,-0.141718,E09000007,Camden,E09000007,Camden
NW5  4,51.552533,-0.152041,E09000007,Camden,E09000007,Camden
NW5  9,51.550922,-0.143423,E09000007,Camden,E09000007,Camden
NW6  1,51.552428,-0.193256,E09000007,Camden,E09000007,Camden
NW6  2,51.544907,-0.192415,E09000007,Camden,E09000007,Camden
NW6  3,51.541875,-0.190574,E09000007,Camden,E09000007,Camden
NW6  4,51.538324,-0.190672,E09000007,Camden,E09000007,Camden
NW6  5,51.535836,-0.193207,E09000005,Brent,E09000005,Brent
NW6  6,51.537423,-0.194658,E09000005,Brent,E09000005,Brent
NW6  7,51.543074,-0.218403,E09000005,Brent,E09000005,Brent
NW6  9,51.535966,-0.194644,E09000005,Brent,E09000005,Brent
NW7  0,51.615474,-0.24115,E09000003,Barnet,E09000003,Barnet
NW7  1,51.617823,-0.21981,E09000003,Barnet,E09000003,Barnet
NW7  2,51.612955,-0.250767,E09000003,Barnet,E09000003,Barnet
NW7  3,51.624984,-0.251778,E09000003,Barnet,E09000003,Barnet
NW7  4,51.616542,-0.239809,E09000003,Barnet,E09000003,Barnet
NW8  0,51.535626,-0.181925,E09000033,Westminster,E09000033,Westminster
NW8  1,51.528976,-0.169489,E09000033,Westminster,E09000033,Westminster
NW8  6,51.534156,-0.172395,E09000033,Westminster,E09000033,Westminster
NW8  7,51.532583,-0.167816,E09000033,Westminster,E09000033,Westminster
NW8  8,51.524199,-0.171699,E09000033,Westminster,E09000033,Westminster
NW8  9,51.532401,-0.178074,E09000033,Westminster,E09000033,Westminster
NW9  0,51.584512,-0.260389,E09000005,Brent,E09000005,Brent
NW9  1,51.582751,-0.24657,E09000003,Barnet,E09000003,Barnet
NW9  4,51.604891,-0.242426,E09000003,Barnet,E09000003,Barnet
NW9  5,51.596518,-0.242965,E09000003,Barnet,E09000003,Barnet
NW9  6,51.580606,-0.242034,E09000003,Barnet,E09000003,Barnet
NW9  7,51.576007,-0.237608,E09000003,Barnet,E09000003,Barnet
NW9  8,51.580595,-0.263122,E09000005,Brent,E09000005,Brent
NW9  9,51.588322,-0.265686,E09000005,Brent,E09000005,Brent
OL1  1,53.54151,-2.099824,E08000004,Oldham,E08000004,Oldham
OL1  2,53.544489,-2.115239,E08000004,Oldham,E08000004,Oldham
OL1  3,53.542611,-2.115068,E08000004,Oldham,E08000004,Oldham
OL1  4,53.548965,-2.096084,E08000004,Oldham,E08000004,Oldham
OL1  9,53.54151,-2.099824,E08000004,Oldham,E08000004,Oldham
OL10 1,53.59213,-2.216683,E08000005,Rochdale,E08000005,Rochdale
OL10 2,53.58647,-2.22475,E08000005,Rochdale,E08000005,Rochdale
OL10 3,53.592273,-2.22673,E08000005,Rochdale,E08000005,Rochdale
OL10 4,53.600042,-2.220456,E08000005,Rochdale,E08000005,Rochdale
OL10 9,53.592646,-2.219677,E08000005,Rochdale,E08000005,Rochdale
OL11 1,53.607184,-2.146559,E08000005,Rochdale,E08000005,Rochdale
OL11 2,53.595807,-2.145402,E08000005,Rochdale,E08000005,Rochdale
OL11 3,53.595092,-2.181358,E08000005,Rochdale,E08000005,Rochdale
OL11 4,53.607318,-2.207919,E08000005,Rochdale,E08000005,Rochdale
OL11 5,53.622108,-2.177029,E08000005,Rochdale,E08000005,Rochdale
OL12 0,53.628826,-2.1548,E08000005,Rochdale,E08000005,Rochdale
OL12 6,53.617102,-2.170977,E08000005,Rochdale,E08000005,Rochdale
OL12 7,53.620187,-2.169417,E08000005,Rochdale,E08000005,Rochdale
OL12 8,53.659381,-2.177505,E07000125,Rossendale,E10000017,Lancashire
OL12 9,53.634209,-2.133345,E08000005,Rochdale,E08000005,Rochdale
OL13 0,53.702397,-2.200786,E07000125,Rossendale,E10000017,Lancashire
OL13 3,53.703933,-2.201384,E07000125,Rossendale,E10000017,Lancashire
OL13 8,53.703933,-2.201384,E07000125,Rossendale,E10000017,Lancashire
OL13 9,53.703529,-2.201018,E07000125,Rossendale,E10000017,Lancashire
OL14 5,53.713176,-2.098007,E08000033,Calderdale,E08000033,Calderdale
OL14 6,53.713662,-2.085903,E08000033,Calderdale,E08000033,Calderdale
OL14 7,53.71358,-2.098721,E08000033,Calderdale,E08000033,Calderdale
OL14 8,53.718757,-2.074109,E08000033,Calderdale,E08000033,Calderdale
OL14 9,53.713319,-2.099174,E08000033,Calderdale,E08000033,Calderdale
OL15 0,53.626863,-2.119199,E08000005,Rochdale,E08000005,Rochdale
OL15 8,53.642997,-2.098931,E08000005,Rochdale,E08000005,Rochdale
OL15 9,53.643953,-2.095621,E08000005,Rochdale,E08000005,Rochdale
OL16 1,53.61155,-2.148781,E08000005,Rochdale,E08000005,Rochdale
OL16 2,53.613392,-2.149392,E08000005,Rochdale,E08000005,Rochdale
OL16 3,53.616768,-2.12877,E08000005,Rochdale,E08000005,Rochdale
OL16 4,53.613081,-2.130467,E08000005,Rochdale,E08000005,Rochdale
OL16 5,53.619392,-2.1297,E08000005,Rochdale,E08000005,Rochdale
OL16 9,53.616579,-2.15932,E08000005,Rochdale,E08000005,Rochdale
OL2  5,53.559674,-2.120805,E08000004,Oldham,E08000004,Oldham
OL2  6,53.554758,-2.120278,E08000004,Oldham,E08000004,Oldham
OL2  7,53.577501,-2.097553,E08000004,Oldham,E08000004,Oldham
OL2  8,53.577935,-2.094518,E08000004,Oldham,E08000004,Oldham
OL3  5,53.556302,-2.012926,E08000004,Oldham,E08000004,Oldham
OL3  6,53.547395,-2.005694,E08000004,Oldham,E08000004,Oldham
OL3  7,53.537822,-2.008831,E08000004,Oldham,E08000004,Oldham
OL4  1,53.53633,-2.102664,E08000004,Oldham,E08000004,Oldham
OL4  2,53.547019,-2.090511,E08000004,Oldham,E08000004,Oldham
OL4  3,53.539624,-2.074078,E08000004,Oldham,E08000004,Oldham
OL4  4,53.549509,-2.041827,E08000004,Oldham,E08000004,Oldham
OL4  5,53.537845,-2.072113,E08000004,Oldham,E08000004,Oldham
OL5  0,53.513834,-2.040962,E08000008,Tameside,E08000008,Tameside
OL5  9,53.512621,-2.040433,E08000008,Tameside,E08000008,Tameside
OL6  0,53.486488,-2.094211,E08000008,Tameside,E08000008,Tameside
OL6  6,53.488116,-2.09319,E08000008,Tameside,E08000008,Tameside
OL6  7,53.48805,-2.09649,E08000008,Tameside,E08000008,Tameside
OL6  8,53.514228,-2.091436,E08000008,Tameside,E08000008,Tameside
OL6  9,53.520408,-2.071209,E08000008,Tameside,E08000008,Tameside
OL7  0,53.485727,-2.111675,E08000008,Tameside,E08000008,Tameside
OL7  9,53.494062,-2.098297,E08000008,Tameside,E08000008,Tameside
OL8  1,53.531486,-2.121284,E08000004,Oldham,E08000004,Oldham
OL8  2,53.527381,-2.109717,E08000004,Oldham,E08000004,Oldham
OL8  3,53.524809,-2.120058,E08000004,Oldham,E08000004,Oldham
OL8  4,53.535263,-2.128008,E08000004,Oldham,E08000004,Oldham
OL9  0,53.5538,-2.141634,E08000004,Oldham,E08000004,Oldham
OL9  6,53.542642,-2.119957,E08000004,Oldham,E08000004,Oldham
OL9  7,53.517883,-2.148829,E08000004,Oldham,E08000004,Oldham
OL9  8,53.531578,-2.150702,E08000004,Oldham,E08000004,Oldham
OL9  9,53.543155,-2.135924,E08000004,Oldham,E08000004,Oldham
OL95 1,53.556354,-2.105399,E08000004,Oldham,E08000004,Oldham
OX1  1,51.750236,-1.267349,E07000178,Oxford,E10000025,Oxfordshire
OX1  2,51.753256,-1.262794,E07000178,Oxford,E10000025,Oxfordshire
OX1  3,51.754105,-1.259115,E07000178,Oxford,E10000025,Oxfordshire
OX1  4,51.752157,-1.258234,E07000178,Oxford,E10000025,Oxfordshire
OX1  5,51.742012,-1.277939,E07000180,Vale of White Horse,E10000025,Oxfordshire
OX1  9,51.750236,-1.267349,E07000178,Oxford,E10000025,Oxfordshire
OX10 0,51.599754,-1.125318,E07000179,South Oxfordshire,E10000025,Oxfordshire
OX10 1,51.596126,-1.13698,E07000179,South Oxfordshire,E10000025,Oxfordshire
OX10 6,51.613011,-1.088004,E07000179,South Oxfordshire,E10000025,Oxfordshire
OX10 7,51.655226,-1.13661,E07000179,South Oxfordshire,E10000025,Oxfordshire
OX10 8,51.605951,-1.136592,E07000179,South Oxfordshire,E10000025,Oxfordshire
OX10 9,51.597022,-1.124359,E07000179,South Oxfordshire,E10000025,Oxfordshire
OX11 0,51.602154,-1.255728,E07000179,South Oxfordshire,E10000025,Oxfordshire
OX11 1,51.606427,-1.239167,E07000179,South Oxfordshire,E10000025,Oxfordshire
OX11 6,51.609197,-1.266242,E07000179,South Oxfordshire,E10000025,Oxfordshire
OX11 7,51.606668,-1.251495,E07000179,South Oxfordshire,E10000025,Oxfordshire
OX11 8,51.605482,-1.24041,E07000179,South Oxfordshire,E10000025,Oxfordshire
OX11 9,51.59757,-1.211855,E07000179,South Oxfordshire,E10000025,Oxfordshire
OX12 0,51.603582,-1.423662,E07000180,Vale of White Horse,E10000025,Oxfordshire
OX12 2,51.588279,-1.427378,E07000180,Vale of White Horse,E10000025,Oxfordshire
OX12 7,51.589626,-1.425181,E07000180,Vale of White Horse,E10000025,Oxfordshire
OX12 8,51.588576,-1.427374,E07000180,Vale of White Horse,E10000025,Oxfordshire
OX12 9,51.589096,-1.42718,E07000180,Vale of White Horse,E10000025,Oxfordshire
OX13 5,51.680354,-1.420316,E07000180,Vale of White Horse,E10000025,Oxfordshire
OX13 6,51.619877,-1.31661,E07000180,Vale of White Horse,E10000025,Oxfordshire
OX14 1,51.669905,-1.296555,E07000180,Vale of White Horse,E10000025,Oxfordshire
OX14 2,51.680931,-1.273241,E07000180,Vale of White Horse,E10000025,Oxfordshire
OX14 3,51.683619,-1.24881,E07000180,Vale of White Horse,E10000025,Oxfordshire
OX14 4,51.656834,-1.298506,E07000180,Vale of White Horse,E10000025,Oxfordshire
OX14 5,51.670489,-1.283126,E07000180,Vale of White Horse,E10000025,Oxfordshire
OX14 9,51.669213,-1.287687,E07000180,Vale of White Horse,E10000025,Oxfordshire
OX15 0,51.984733,-1.323846,E07000177,Cherwell,E10000025,Oxfordshire
OX15 4,52.039424,-1.32846,E07000177,Cherwell,E10000025,Oxfordshire
OX15 5,52.036208,-1.465893,E07000177,Cherwell,E10000025,Oxfordshire
OX15 6,52.049944,-1.381004,E07000177,Cherwell,E10000025,Oxfordshire
OX16 0,52.060139,-1.339541,E07000177,Cherwell,E10000025,Oxfordshire
OX16 1,52.07736,-1.364749,E07000177,Cherwell,E10000025,Oxfordshire
OX16 2,52.081632,-1.329315,E07000177,Cherwell,E10000025,Oxfordshire
OX16 3,52.076025,-1.318806,E07000177,Cherwell,E10000025,Oxfordshire
OX16 4,52.061536,-1.327414,E07000177,Cherwell,E10000025,Oxfordshire
OX16 5,52.060125,-1.338593,E07000177,Cherwell,E10000025,Oxfordshire
OX16 6,52.061536,-1.327414,E07000177,Cherwell,E10000025,Oxfordshire
OX16 7,52.062842,-1.340624,E07000177,Cherwell,E10000025,Oxfordshire
OX16 8,52.061536,-1.327414,E07000177,Cherwell,E10000025,Oxfordshire
OX16 9,52.059279,-1.340152,E07000177,Cherwell,E10000025,Oxfordshire
OX17 1,52.102929,-1.297942,E07000177,Cherwell,E10000025,Oxfordshire
OX17 2,52.063743,-1.300394,E06000062,West Northamptonshire,E06000062,West Northamptonshire
OX17 3,52.031893,-1.290643,E06000062,West Northamptonshire,E06000062,West Northamptonshire
OX18 1,51.766522,-1.587079,E07000181,West Oxfordshire,E10000025,Oxfordshire
OX18 2,51.723881,-1.537738,E07000181,West Oxfordshire,E10000025,Oxfordshire
OX18 3,51.760361,-1.59451,E07000181,West Oxfordshire,E10000025,Oxfordshire
OX18 4,51.778144,-1.612585,E07000181,West Oxfordshire,E10000025,Oxfordshire
OX18 9,51.757632,-1.593042,E07000181,West Oxfordshire,E10000025,Oxfordshire
OX2  0,51.752394,-1.271587,E07000178,Oxford,E10000025,Oxfordshire
OX2  6,51.758072,-1.263759,E07000178,Oxford,E10000025,Oxfordshire
OX2  7,51.773973,-1.26437,E07000178,Oxford,E10000025,Oxfordshire
OX2  8,51.784629,-1.277563,E07000178,Oxford,E10000025,Oxfordshire
OX2  9,51.750668,-1.296908,E07000180,Vale of White Horse,E10000025,Oxfordshire
OX20 1,51.856198,-1.361389,E07000181,West Oxfordshire,E10000025,Oxfordshire
OX25 1,51.849798,-1.113337,E07000177,Cherwell,E10000025,Oxfordshire
OX25 2,51.868581,-1.124166,E07000177,Cherwell,E10000025,Oxfordshire
OX25 3,51.878616,-1.237823,E07000177,Cherwell,E10000025,Oxfordshire
OX25 4,51.90573,-1.203393,E07000177,Cherwell,E10000025,Oxfordshire
OX25 5,51.927074,-1.261086,E07000177,Cherwell,E10000025,Oxfordshire
OX25 6,51.956611,-1.302512,E07000177,Cherwell,E10000025,Oxfordshire
OX26 1,51.896666,-1.166944,E07000177,Cherwell,E10000025,Oxfordshire
OX26 2,51.897647,-1.15825,E07000177,Cherwell,E10000025,Oxfordshire
OX26 3,51.910811,-1.165869,E07000177,Cherwell,E10000025,Oxfordshire
OX26 4,51.90408,-1.132794,E07000177,Cherwell,E10000025,Oxfordshire
OX26 5,51.905871,-1.130535,E07000177,Cherwell,E10000025,Oxfordshire
OX26 6,51.896922,-1.149877,E07000177,Cherwell,E10000025,Oxfordshire
OX26 9,51.901779,-1.141501,E07000177,Cherwell,E10000025,Oxfordshire
OX27 0,51.912906,-1.025461,E06000060,Buckinghamshire,E06000060,Buckinghamshire
OX27 5,51.915285,-1.142857,E07000177,Cherwell,E10000025,Oxfordshire
OX27 7,51.924088,-1.212463,E07000177,Cherwell,E10000025,Oxfordshire
OX27 8,51.91843,-1.147581,E07000177,Cherwell,E10000025,Oxfordshire
OX27 9,51.931457,-1.116907,E07000177,Cherwell,E10000025,Oxfordshire
OX28 1,51.790658,-1.463502,E07000181,West Oxfordshire,E10000025,Oxfordshire
OX28 2,51.79144,-1.475426,E07000181,West Oxfordshire,E10000025,Oxfordshire
OX28 3,51.787572,-1.475036,E07000181,West Oxfordshire,E10000025,Oxfordshire
OX28 4,51.782681,-1.489285,E07000181,West Oxfordshire,E10000025,Oxfordshire
OX28 5,51.78815,-1.502445,E07000181,West Oxfordshire,E10000025,Oxfordshire
OX28 6,51.784784,-1.48497,E07000181,West Oxfordshire,E10000025,Oxfordshire
OX28 9,51.776836,-1.485046,E07000181,West Oxfordshire,E10000025,Oxfordshire
OX29 0,51.789064,-1.520964,E07000181,West Oxfordshire,E10000025,Oxfordshire
OX29 4,51.769704,-1.394131,E07000181,West Oxfordshire,E10000025,Oxfordshire
OX29 5,51.756047,-1.399486,E07000181,West Oxfordshire,E10000025,Oxfordshire
OX29 6,51.814831,-1.430097,E07000181,West Oxfordshire,E10000025,Oxfordshire
OX29 7,51.781998,-1.525765,E07000181,West Oxfordshire,E10000025,Oxfordshire
OX29 8,51.815272,-1.385338,E07000181,West Oxfordshire,E10000025,Oxfordshire
OX29 9,51.834446,-1.539901,E07000181,West Oxfordshire,E10000025,Oxfordshire
OX3  0,51.764416,-1.22527,E07000178,Oxford,E10000025,Oxfordshire
OX3  3,51.722617,-1.213389,E07000178,Oxford,E10000025,Oxfordshire
OX3  7,51.758991,-1.213989,E07000178,Oxford,E10000025,Oxfordshire
OX3  8,51.760053,-1.204813,E07000178,Oxford,E10000025,Oxfordshire
OX3  9,51.759856,-1.212887,E07000178,Oxford,E10000025,Oxfordshire
OX33 1,51.746777,-1.135388,E07000179,South Oxfordshire,E10000025,Oxfordshire
OX39 4,51.716909,-0.928174,E07000179,South Oxfordshire,E10000025,Oxfordshire
OX4  1,51.750542,-1.243268,E07000178,Oxford,E10000025,Oxfordshire
OX4  2,51.744589,-1.226551,E07000178,Oxford,E10000025,Oxfordshire
OX4  3,51.741052,-1.234316,E07000178,Oxford,E10000025,Oxfordshire
OX4  4,51.739859,-1.236118,E07000178,Oxford,E10000025,Oxfordshire
OX4  5,51.72254,-1.20469,E07000178,Oxford,E10000025,Oxfordshire
OX4  6,51.722548,-1.204487,E07000178,Oxford,E10000025,Oxfordshire
OX4  7,51.722555,-1.213521,E07000178,Oxford,E10000025,Oxfordshire
OX4  9,51.722555,-1.213521,E07000178,Oxford,E10000025,Oxfordshire
OX44 7,51.722555,-1.213521,E07000178,Oxford,E10000025,Oxfordshire
OX44 9,51.718713,-1.162429,E07000179,South Oxfordshire,E10000025,Oxfordshire
OX49 5,51.612994,-0.999645,E07000179,South Oxfordshire,E10000025,Oxfordshire
OX5  1,51.822341,-1.289772,E07000177,Cherwell,E10000025,Oxfordshire
OX5  2,51.831045,-1.298967,E07000177,Cherwell,E10000025,Oxfordshire
OX5  3,51.865884,-1.30926,E07000181,West Oxfordshire,E10000025,Oxfordshire
OX5  4,51.928163,-1.374592,E07000181,West Oxfordshire,E10000025,Oxfordshire
OX5  9,51.823028,-1.287469,E07000177,Cherwell,E10000025,Oxfordshire
OX6  0,51.900432,-1.116266,E07000177,Cherwell,E10000025,Oxfordshire
OX6  3,51.929166,-1.256412,E07000177,Cherwell,E10000025,Oxfordshire
OX6  4,51.958495,-1.304855,E07000177,Cherwell,E10000025,Oxfordshire
OX6  7,51.896895,-1.149907,E07000177,Cherwell,E10000025,Oxfordshire
OX6  8,51.897594,-1.158367,E07000177,Cherwell,E10000025,Oxfordshire
OX6  9,51.915285,-1.142857,E07000177,Cherwell,E10000025,Oxfordshire
OX7  1,51.856168,-1.362522,E07000181,West Oxfordshire,E10000025,Oxfordshire
OX7  2,51.814028,-1.384876,E07000181,West Oxfordshire,E10000025,Oxfordshire
OX7  3,51.866992,-1.47892,E07000181,West Oxfordshire,E10000025,Oxfordshire
OX7  4,51.91697,-1.446617,E07000181,West Oxfordshire,E10000025,Oxfordshire
OX7  5,51.940366,-1.545744,E07000181,West Oxfordshire,E10000025,Oxfordshire
OX7  6,51.865456,-1.565654,E07000181,West Oxfordshire,E10000025,Oxfordshire
OX7  7,51.929181,-1.373284,E07000181,West Oxfordshire,E10000025,Oxfordshire
OX7  9,51.940163,-1.553733,E07000181,West Oxfordshire,E10000025,Oxfordshire
OX8  1,51.769801,-1.393666,E07000181,West Oxfordshire,E10000025,Oxfordshire
OX8  2,51.723918,-1.538114,E07000181,West Oxfordshire,E10000025,Oxfordshire
OX8  3,51.7655,-1.598551,E07000181,West Oxfordshire,E10000025,Oxfordshire
OX8  4,51.777237,-1.612941,E07000181,West Oxfordshire,E10000025,Oxfordshire
OX8  5,51.78815,-1.502358,E07000181,West Oxfordshire,E10000025,Oxfordshire
OX8  6,51.784955,-1.485026,E07000181,West Oxfordshire,E10000025,Oxfordshire
OX8  7,51.78269,-1.48927,E07000181,West Oxfordshire,E10000025,Oxfordshire
OX8  8,51.815127,-1.385122,E07000181,West Oxfordshire,E10000025,Oxfordshire
OX9  0,51.748173,-0.978656,E07000179,South Oxfordshire,E10000025,Oxfordshire
OX9  1,51.804188,-1.145371,E07000177,Cherwell,E10000025,Oxfordshire
OX9  2,51.749065,-0.981983,E07000179,South Oxfordshire,E10000025,Oxfordshire
OX9  3,51.751565,-0.9831,E07000179,South Oxfordshire,E10000025,Oxfordshire
OX9  4,51.716977,-0.928795,E07000179,South Oxfordshire,E10000025,Oxfordshire
OX9  5,51.650282,-0.999605,E07000179,South Oxfordshire,E10000025,Oxfordshire
OX9  6,51.612484,-1.087205,E07000179,South Oxfordshire,E10000025,Oxfordshire
OX9  7,51.710309,-1.007993,E07000179,South Oxfordshire,E10000025,Oxfordshire
OX9  8,51.65512,-1.136945,E07000179,South Oxfordshire,E10000025,Oxfordshire
OX9  9,51.71874,-1.162414,E07000179,South Oxfordshire,E10000025,Oxfordshire
PA1  1,55.846874,-4.422785,S12000038,Renfrewshire,S12000038,Renfrewshire
PA1  2,55.845095,-4.424575,S12000038,Renfrewshire,S12000038,Renfrewshire
PA1  3,55.846951,-4.379688,S12000038,Renfrewshire,S12000038,Renfrewshire
PA10 2,55.829375,-4.532916,S12000038,Renfrewshire,S12000038,Renfrewshire
PA11 3,55.856182,-4.5768,S12000038,Renfrewshire,S12000038,Renfrewshire
PA11 9,55.855765,-4.572218,S12000038,Renfrewshire,S12000038,Renfrewshire
PA12 4,55.796033,-4.626865,S12000038,Renfrewshire,S12000038,Renfrewshire
PA13 4,55.894428,-4.626892,S12000018,Inverclyde,S12000018,Inverclyde
PA13 9,55.855765,-4.572218,S12000038,Renfrewshire,S12000038,Renfrewshire
PA14 5,55.933707,-4.694656,S12000018,Inverclyde,S12000018,Inverclyde
PA14 6,55.926879,-4.646826,S12000018,Inverclyde,S12000018,Inverclyde
PA15 1,55.946761,-4.753036,S12000018,Inverclyde,S12000018,Inverclyde
PA15 2,55.939903,-4.717796,S12000018,Inverclyde,S12000018,Inverclyde
PA15 3,55.939415,-4.749904,S12000018,Inverclyde,S12000018,Inverclyde
PA15 4,55.945369,-4.754171,S12000018,Inverclyde,S12000018,Inverclyde
PA15 9,55.94776,-4.756567,S12000018,Inverclyde,S12000018,Inverclyde
PA16 0,55.918843,-4.843544,S12000018,Inverclyde,S12000018,Inverclyde
PA16 7,55.944161,-4.793039,S12000018,Inverclyde,S12000018,Inverclyde
PA16 8,55.953593,-4.765024,S12000018,Inverclyde,S12000018,Inverclyde
PA16 9,55.946679,-4.771483,S12000018,Inverclyde,S12000018,Inverclyde
PA17 5,55.873957,-4.88773,S12000021,North Ayrshire,S12000021,North Ayrshire
PA18 6,55.878786,-4.888073,S12000018,Inverclyde,S12000018,Inverclyde
PA19 1,55.953998,-4.83731,S12000018,Inverclyde,S12000018,Inverclyde
PA2  0,55.821007,-4.466181,S12000038,Renfrewshire,S12000038,Renfrewshire
PA2  6,55.836184,-4.428843,S12000038,Renfrewshire,S12000038,Renfrewshire
PA2  7,55.833209,-4.399098,S12000038,Renfrewshire,S12000038,Renfrewshire
PA2  8,55.826901,-4.432432,S12000038,Renfrewshire,S12000038,Renfrewshire
PA2  9,55.837551,-4.452838,S12000038,Renfrewshire,S12000038,Renfrewshire
PA20 0,55.838337,-5.055647,S12000035,Argyll and Bute,S12000035,Argyll and Bute
PA20 2,55.837153,-5.05228,S12000035,Argyll and Bute,S12000035,Argyll and Bute
PA20 9,55.836991,-5.053034,S12000035,Argyll and Bute,S12000035,Argyll and Bute
PA21 2,55.893309,-5.245101,S12000035,Argyll and Bute,S12000035,Argyll and Bute
PA22 3,56.00972,-5.215309,S12000035,Argyll and Bute,S12000035,Argyll and Bute
PA23 7,55.950779,-4.929881,S12000035,Argyll and Bute,S12000035,Argyll and Bute
PA23 8,55.949512,-4.925684,S12000035,Argyll and Bute,S12000035,Argyll and Bute
PA23 9,55.951143,-4.928163,S12000035,Argyll and Bute,S12000035,Argyll and Bute
PA24 8,56.1723,-4.902886,S12000035,Argyll and Bute,S12000035,Argyll and Bute
PA25 8,56.223329,-5.030225,S12000035,Argyll and Bute,S12000035,Argyll and Bute
PA26 8,56.274678,-4.919464,S12000035,Argyll and Bute,S12000035,Argyll and Bute
PA27 8,56.165008,-5.057557,S12000035,Argyll and Bute,S12000035,Argyll and Bute
PA28 6,55.423219,-5.606751,S12000035,Argyll and Bute,S12000035,Argyll and Bute
PA28 9,55.423066,-5.606437,S12000035,Argyll and Bute,S12000035,Argyll and Bute
PA29 6,55.876372,-5.40727,S12000035,Argyll and Bute,S12000035,Argyll and Bute
PA3  1,55.841815,-4.457579,S12000038,Renfrewshire,S12000038,Renfrewshire
PA3  2,55.856423,-4.436674,S12000038,Renfrewshire,S12000038,Renfrewshire
PA3  3,55.85431,-4.461532,S12000038,Renfrewshire,S12000038,Renfrewshire
PA3  4,55.848588,-4.421997,S12000038,Renfrewshire,S12000038,Renfrewshire
PA3  9,55.848402,-4.438233,S12000038,Renfrewshire,S12000038,Renfrewshire
PA30 8,56.011447,-5.449562,S12000035,Argyll and Bute,S12000035,Argyll and Bute
PA31 8,56.02925,-5.427293,S12000035,Argyll and Bute,S12000035,Argyll and Bute
PA31 9,56.037423,-5.436289,S12000035,Argyll and Bute,S12000035,Argyll and Bute
PA32 8,56.227203,-5.078989,S12000035,Argyll and Bute,S12000035,Argyll and Bute
PA33 1,56.401148,-4.983546,S12000035,Argyll and Bute,S12000035,Argyll and Bute
PA34 4,56.41121,-5.474638,S12000035,Argyll and Bute,S12000035,Argyll and Bute
PA34 5,56.419129,-5.477891,S12000035,Argyll and Bute,S12000035,Argyll and Bute
PA34 9,56.41121,-5.474638,S12000035,Argyll and Bute,S12000035,Argyll and Bute
PA35 1,56.432216,-5.23434,S12000035,Argyll and Bute,S12000035,Argyll and Bute
PA36 4,56.491253,-4.796655,S12000035,Argyll and Bute,S12000035,Argyll and Bute
PA37 1,56.448531,-5.44912,S12000035,Argyll and Bute,S12000035,Argyll and Bute
PA38 4,56.648215,-5.273096,S12000017,Highland,S12000017,Highland
PA39 4,56.679848,-5.116957,S12000017,Highland,S12000017,Highland
PA4  0,55.874613,-4.387216,S12000038,Renfrewshire,S12000038,Renfrewshire
PA4  4,55.879202,-4.385994,S12000038,Renfrewshire,S12000038,Renfrewshire
PA4  8,55.866893,-4.403349,S12000038,Renfrewshire,S12000038,Renfrewshire
PA4  9,55.878919,-4.395011,S12000038,Renfrewshire,S12000038,Renfrewshire
PA40 4,56.715138,-4.966494,S12000017,Highland,S12000017,Highland
PA41 7,55.682951,-5.737617,S12000035,Argyll and Bute,S12000035,Argyll and Bute
PA42 7,55.63425,-6.205489,S12000035,Argyll and Bute,S12000035,Argyll and Bute
PA43 7,55.752785,-6.290231,S12000035,Argyll and Bute,S12000035,Argyll and Bute
PA44 7,55.775695,-6.250912,S12000035,Argyll and Bute,S12000035,Argyll and Bute
PA45 7,55.814619,-6.140687,S12000035,Argyll and Bute,S12000035,Argyll and Bute
PA46 7,55.851132,-6.117685,S12000035,Argyll and Bute,S12000035,Argyll and Bute
PA47 7,55.680223,-6.501046,S12000035,Argyll and Bute,S12000035,Argyll and Bute
PA48 7,55.737605,-6.380261,S12000035,Argyll and Bute,S12000035,Argyll and Bute
PA49 7,55.768364,-6.359609,S12000035,Argyll and Bute,S12000035,Argyll and Bute
PA5  0,55.83131,-4.504712,S12000038,Renfrewshire,S12000038,Renfrewshire
PA5  5,55.836796,-4.508483,S12000038,Renfrewshire,S12000038,Renfrewshire
PA5  8,55.836877,-4.508488,S12000038,Renfrewshire,S12000038,Renfrewshire
PA5  9,55.83568,-4.482889,S12000038,Renfrewshire,S12000038,Renfrewshire
PA6  7,55.848651,-4.522108,S12000038,Renfrewshire,S12000038,Renfrewshire
PA60 7,55.8292,-5.953416,S12000035,Argyll and Bute,S12000035,Argyll and Bute
PA61 7,56.067632,-6.191937,S12000035,Argyll and Bute,S12000035,Argyll and Bute
PA62 6,56.359242,-5.851459,S12000035,Argyll and Bute,S12000035,Argyll and Bute
PA63 6,56.38174,-5.715812,S12000035,Argyll and Bute,S12000035,Argyll and Bute
PA64 6,56.435986,-5.68961,S12000035,Argyll and Bute,S12000035,Argyll and Bute
PA65 6,56.465942,-5.698723,S12000035,Argyll and Bute,S12000035,Argyll and Bute
PA66 6,56.324206,-6.363545,S12000035,Argyll and Bute,S12000035,Argyll and Bute
PA67 6,56.315179,-6.239914,S12000035,Argyll and Bute,S12000035,Argyll and Bute
PA68 6,56.425593,-6.138629,S12000035,Argyll and Bute,S12000035,Argyll and Bute
PA69 6,56.381675,-6.06004,S12000035,Argyll and Bute,S12000035,Argyll and Bute
PA7  5,55.902351,-4.50158,S12000038,Renfrewshire,S12000038,Renfrewshire
PA7  9,55.905454,-4.454597,S12000038,Renfrewshire,S12000038,Renfrewshire
PA70 6,56.374061,-6.007241,S12000035,Argyll and Bute,S12000035,Argyll and Bute
PA71 6,56.487746,-5.983464,S12000035,Argyll and Bute,S12000035,Argyll and Bute
PA72 6,56.517257,-5.940466,S12000035,Argyll and Bute,S12000035,Argyll and Bute
PA73 6,56.493496,-6.137645,S12000035,Argyll and Bute,S12000035,Argyll and Bute
PA74 6,56.532946,-6.229724,S12000035,Argyll and Bute,S12000035,Argyll and Bute
PA75 6,56.620563,-6.076315,S12000035,Argyll and Bute,S12000035,Argyll and Bute
PA76 6,56.332807,-6.394708,S12000035,Argyll and Bute,S12000035,Argyll and Bute
PA77 6,56.506367,-6.802855,S12000035,Argyll and Bute,S12000035,Argyll and Bute
PA78 6,56.623372,-6.527523,S12000035,Argyll and Bute,S12000035,Argyll and Bute
PA8  6,55.901573,-4.473357,S12000038,Renfrewshire,S12000038,Renfrewshire
PA8  7,55.903883,-4.44861,S12000038,Renfrewshire,S12000038,Renfrewshire
PA8  9,55.905454,-4.454597,S12000038,Renfrewshire,S12000038,Renfrewshire
PA80 5,56.542198,-5.831144,S12000017,Highland,S12000017,Highland
PA81 5,57.085256,-7.301532,S12000013,Na h-Eileanan Siar,S12000013,Na h-Eileanan Siar
PA82 5,57.601363,-7.163363,S12000013,Na h-Eileanan Siar,S12000013,Na h-Eileanan Siar
PA83 3,57.769895,-7.009287,S12000013,Na h-Eileanan Siar,S12000013,Na h-Eileanan Siar
PA84 3,57.87253,-6.698785,S12000013,Na h-Eileanan Siar,S12000013,Na h-Eileanan Siar
PA85 3,57.992412,-6.753999,S12000013,Na h-Eileanan Siar,S12000013,Na h-Eileanan Siar
PA86 0,58.219543,-6.347245,S12000013,Na h-Eileanan Siar,S12000013,Na h-Eileanan Siar
PA86 9,58.26439,-6.782472,S12000013,Na h-Eileanan Siar,S12000013,Na h-Eileanan Siar
PA87 2,58.208167,-6.380048,S12000013,Na h-Eileanan Siar,S12000013,Na h-Eileanan Siar
PA88 5,57.472483,-7.374732,S12000013,Na h-Eileanan Siar,S12000013,Na h-Eileanan Siar
PA9  1,55.815111,-4.522842,S12000038,Renfrewshire,S12000038,Renfrewshire
PA98 1,55.860631,-4.429746,S12000038,Renfrewshire,S12000038,Renfrewshire
PE1  1,52.575382,-0.250029,E06000031,Peterborough,E06000031,Peterborough
PE1  2,52.575904,-0.247602,E06000031,Peterborough,E06000031,Peterborough
PE1  3,52.583335,-0.24366,E06000031,Peterborough,E06000031,Peterborough
PE1  4,52.577171,-0.23607,E06000031,Peterborough,E06000031,Peterborough
PE1  5,52.569779,-0.229327,E06000031,Peterborough,E06000031,Peterborough
PE1  6,52.573543,-0.212987,E06000031,Peterborough,E06000031,Peterborough
PE1  9,52.613507,-0.286558,E06000031,Peterborough,E06000031,Peterborough
PE10 0,52.779136,-0.385318,E07000141,South Kesteven,E10000019,Lincolnshire
PE10 1,52.768296,-0.379597,E07000141,South Kesteven,E10000019,Lincolnshire
PE10 2,52.762372,-0.393496,E07000141,South Kesteven,E10000019,Lincolnshire
PE10 9,52.768124,-0.3795,E07000141,South Kesteven,E10000019,Lincolnshire
PE11 1,52.786416,-0.153371,E07000140,South Holland,E10000019,Lincolnshire
PE11 2,52.788356,-0.147491,E07000140,South Holland,E10000019,Lincolnshire
PE11 3,52.77381,-0.160857,E07000140,South Holland,E10000019,Lincolnshire
PE11 4,52.842257,-0.145748,E07000140,South Holland,E10000019,Lincolnshire
PE11 5,52.807606,-0.167801,E07000140,South Holland,E10000019,Lincolnshire
PE11 6,52.809252,-0.222808,E07000140,South Holland,E10000019,Lincolnshire
PE11 7,52.762847,-0.171709,E07000140,South Holland,E10000019,Lincolnshire
PE11 9,52.803821,-0.147531,E07000140,South Holland,E10000019,Lincolnshire
PE12 0,52.795486,0.101189,E07000140,South Holland,E10000019,Lincolnshire
PE12 2,52.801948,0.016925,E07000140,South Holland,E10000019,Lincolnshire
PE12 6,52.771523,-0.160079,E07000140,South Holland,E10000019,Lincolnshire
PE12 7,52.803119,0.01735,E07000140,South Holland,E10000019,Lincolnshire
PE12 8,52.809865,0.009798,E07000140,South Holland,E10000019,Lincolnshire
PE12 9,52.781329,0.12668,E07000140,South Holland,E10000019,Lincolnshire
PE13 1,52.668213,0.15733,E07000010,Fenland,E10000003,Cambridgeshire
PE13 2,52.664244,0.164441,E07000010,Fenland,E10000003,Cambridgeshire
PE13 3,52.664955,0.163928,E07000010,Fenland,E10000003,Cambridgeshire
PE13 4,52.60778,0.056793,E07000010,Fenland,E10000003,Cambridgeshire
PE13 5,52.682262,0.136245,E07000010,Fenland,E10000003,Cambridgeshire
PE14 0,52.643876,0.174374,E07000010,Fenland,E10000003,Cambridgeshire
PE14 4,52.654119,0.150663,E07000010,Fenland,E10000003,Cambridgeshire
PE14 7,52.683693,0.15756,E07000146,King's Lynn and West Norfolk,E10000020,Norfolk
PE14 8,52.643072,0.203306,E07000146,King's Lynn and West Norfolk,E10000020,Norfolk
PE14 9,52.601794,0.221496,E07000146,King's Lynn and West Norfolk,E10000020,Norfolk
PE15 0,52.576722,0.049185,E07000010,Fenland,E10000003,Cambridgeshire
PE15 5,52.551363,0.086945,E07000010,Fenland,E10000003,Cambridgeshire
PE15 8,52.5514,0.086859,E07000010,Fenland,E10000003,Cambridgeshire
PE15 9,52.551423,0.096772,E07000010,Fenland,E10000003,Cambridgeshire
PE16 6,52.453681,0.048269,E07000010,Fenland,E10000003,Cambridgeshire
PE16 9,52.453681,0.048269,E07000010,Fenland,E10000003,Cambridgeshire
PE17 1,52.448228,-0.107441,E07000011,Huntingdonshire,E10000003,Cambridgeshire
PE17 2,52.337584,-0.138898,E07000011,Huntingdonshire,E10000003,Cambridgeshire
PE17 3,52.376181,-0.094655,E07000011,Huntingdonshire,E10000003,Cambridgeshire
PE17 4,52.32334,-0.074326,E07000011,Huntingdonshire,E10000003,Cambridgeshire
PE17 5,52.339801,-0.21508,E07000011,Huntingdonshire,E10000003,Cambridgeshire
PE17 6,52.322316,-0.074914,E07000011,Huntingdonshire,E10000003,Cambridgeshire
PE18 0,52.333753,-0.295608,E07000011,Huntingdonshire,E10000003,Cambridgeshire
PE18 6,52.330391,-0.187574,E07000011,Huntingdonshire,E10000003,Cambridgeshire
PE18 7,52.337997,-0.188687,E07000011,Huntingdonshire,E10000003,Cambridgeshire
PE18 8,52.327538,-0.177418,E07000011,Huntingdonshire,E10000003,Cambridgeshire
PE18 9,52.318462,-0.112468,E07000011,Huntingdonshire,E10000003,Cambridgeshire
PE19 0,52.223651,-0.248187,E07000011,Huntingdonshire,E10000003,Cambridgeshire
PE19 1,52.233238,-0.262323,E07000011,Huntingdonshire,E10000003,Cambridgeshire
PE19 2,52.227648,-0.269818,E07000011,Huntingdonshire,E10000003,Cambridgeshire
PE19 3,52.227397,-0.277266,E07000011,Huntingdonshire,E10000003,Cambridgeshire
PE19 4,52.233819,-0.277428,E07000011,Huntingdonshire,E10000003,Cambridgeshire
PE19 5,52.287087,-0.208123,E07000011,Huntingdonshire,E10000003,Cambridgeshire
PE19 6,52.228615,-0.239778,E07000011,Huntingdonshire,E10000003,Cambridgeshire
PE19 7,52.227407,-0.277339,E07000011,Huntingdonshire,E10000003,Cambridgeshire
PE19 8,52.340883,-0.183989,E07000011,Huntingdonshire,E10000003,Cambridgeshire
PE19 9,52.233238,-0.262308,E07000011,Huntingdonshire,E10000003,Cambridgeshire
PE2  0,52.55744,-0.272959,E06000031,Peterborough,E06000031,Peterborough
PE2  2,52.613376,-0.286179,E06000031,Peterborough,E06000031,Peterborough
PE2  5,52.54643,-0.290011,E06000031,Peterborough,E06000031,Peterborough
PE2  6,52.542011,-0.312877,E06000031,Peterborough,E06000031,Peterborough
PE2  7,52.55744,-0.272959,E06000031,Peterborough,E06000031,Peterborough
PE2  8,52.567435,-0.239205,E06000031,Peterborough,E06000031,Peterborough
PE2  9,52.566222,-0.245922,E06000031,Peterborough,E06000031,Peterborough
PE20 1,52.935232,-0.029742,E07000136,Boston,E10000019,Lincolnshire
PE20 2,52.913054,-0.084871,E07000136,Boston,E10000019,Lincolnshire
PE20 3,52.918669,-0.175403,E07000136,Boston,E10000019,Lincolnshire
PE21 0,52.970231,-0.012812,E07000136,Boston,E10000019,Lincolnshire
PE21 1,52.973861,-0.021314,E07000136,Boston,E10000019,Lincolnshire
PE21 6,52.980027,-0.022269,E07000136,Boston,E10000019,Lincolnshire
PE21 7,52.955953,-0.007452,E07000136,Boston,E10000019,Lincolnshire
PE21 8,52.971052,-0.025985,E07000136,Boston,E10000019,Lincolnshire
PE21 9,52.981333,-0.01701,E07000136,Boston,E10000019,Lincolnshire
PE22 0,53.010506,0.114164,E07000136,Boston,E10000019,Lincolnshire
PE22 7,53.017412,-0.107538,E07000137,East Lindsey,E10000019,Lincolnshire
PE22 8,53.092095,0.005206,E07000137,East Lindsey,E10000019,Lincolnshire
PE22 9,53.03841,0.119436,E07000136,Boston,E10000019,Lincolnshire
PE23 4,53.206522,0.008581,E07000137,East Lindsey,E10000019,Lincolnshire
PE23 5,53.165535,0.083923,E07000137,East Lindsey,E10000019,Lincolnshire
PE23 9,53.174044,0.09858,E07000137,East Lindsey,E10000019,Lincolnshire
PE24 4,53.108546,0.241197,E07000137,East Lindsey,E10000019,Lincolnshire
PE24 5,53.158625,0.264461,E07000137,East Lindsey,E10000019,Lincolnshire
PE25 1,53.149769,0.341225,E07000137,East Lindsey,E10000019,Lincolnshire
PE25 2,53.144378,0.335997,E07000137,East Lindsey,E10000019,Lincolnshire
PE25 3,53.130275,0.339925,E07000137,East Lindsey,E10000019,Lincolnshire
PE25 9,53.144378,0.335997,E07000137,East Lindsey,E10000019,Lincolnshire
PE26 1,52.448203,-0.107545,E07000011,Huntingdonshire,E10000003,Cambridgeshire
PE26 2,52.441808,-0.156374,E07000011,Huntingdonshire,E10000003,Cambridgeshire
PE26 9,52.450089,-0.107994,E07000011,Huntingdonshire,E10000003,Cambridgeshire
PE27 3,52.344045,-0.078551,E07000011,Huntingdonshire,E10000003,Cambridgeshire
PE27 4,52.329057,-0.057729,E07000011,Huntingdonshire,E10000003,Cambridgeshire
PE27 5,52.323397,-0.074471,E07000011,Huntingdonshire,E10000003,Cambridgeshire
PE27 6,52.333915,-0.094343,E07000011,Huntingdonshire,E10000003,Cambridgeshire
PE27 9,52.32334,-0.074326,E07000011,Huntingdonshire,E10000003,Cambridgeshire
PE28 0,52.333398,-0.295945,E07000011,Huntingdonshire,E10000003,Cambridgeshire
PE28 2,52.337661,-0.139233,E07000011,Huntingdonshire,E10000003,Cambridgeshire
PE28 3,52.376464,-0.094907,E07000011,Huntingdonshire,E10000003,Cambridgeshire
PE28 4,52.375973,-0.232369,E07000011,Huntingdonshire,E10000003,Cambridgeshire
PE28 5,52.362162,-0.331894,E07000011,Huntingdonshire,E10000003,Cambridgeshire
PE28 9,52.318662,-0.112635,E07000011,Huntingdonshire,E10000003,Cambridgeshire
PE29 1,52.342568,-0.17081,E07000011,Huntingdonshire,E10000003,Cambridgeshire
PE29 2,52.326321,-0.176646,E07000011,Huntingdonshire,E10000003,Cambridgeshire
PE29 3,52.332623,-0.190022,E07000011,Huntingdonshire,E10000003,Cambridgeshire
PE29 6,52.339104,-0.210015,E07000011,Huntingdonshire,E10000003,Cambridgeshire
PE29 7,52.337944,-0.188718,E07000011,Huntingdonshire,E10000003,Cambridgeshire
PE29 8,52.329782,-0.209569,E07000011,Huntingdonshire,E10000003,Cambridgeshire
PE29 9,52.340883,-0.183989,E07000011,Huntingdonshire,E10000003,Cambridgeshire
PE3  6,52.573113,-0.251019,E06000031,Peterborough,E06000031,Peterborough
PE3  7,52.586945,-0.268374,E06000031,Peterborough,E06000031,Peterborough
PE3  8,52.588856,-0.287327,E06000031,Peterborough,E06000031,Peterborough
PE3  9,52.574188,-0.29454,E06000031,Peterborough,E06000031,Peterborough
PE30 1,52.757455,0.400617,E07000146,King's Lynn and West Norfolk,E10000020,Norfolk
PE30 2,52.758957,0.398803,E07000146,King's Lynn and West Norfolk,E10000020,Norfolk
PE30 3,52.764283,0.426044,E07000146,King's Lynn and West Norfolk,E10000020,Norfolk
PE30 4,52.759412,0.424647,E07000146,King's Lynn and West Norfolk,E10000020,Norfolk
PE30 5,52.749977,0.396442,E07000146,King's Lynn and West Norfolk,E10000020,Norfolk
PE30 9,52.757676,0.400363,E07000146,King's Lynn and West Norfolk,E10000020,Norfolk
PE31 6,52.791875,0.45769,E07000146,King's Lynn and West Norfolk,E10000020,Norfolk
PE31 7,52.908696,0.487497,E07000146,King's Lynn and West Norfolk,E10000020,Norfolk
PE31 8,52.962966,0.643059,E07000146,King's Lynn and West Norfolk,E10000020,Norfolk
PE32 1,52.773318,0.546272,E07000146,King's Lynn and West Norfolk,E10000020,Norfolk
PE32 2,52.702664,0.684208,E07000146,King's Lynn and West Norfolk,E10000020,Norfolk
PE33 0,52.656602,0.382387,E07000146,King's Lynn and West Norfolk,E10000020,Norfolk
PE33 9,52.595083,0.49269,E07000146,King's Lynn and West Norfolk,E10000020,Norfolk
PE34 3,52.732327,0.379462,E07000146,King's Lynn and West Norfolk,E10000020,Norfolk
PE34 4,52.757107,0.35289,E07000146,King's Lynn and West Norfolk,E10000020,Norfolk
PE35 6,52.830479,0.50705,E07000146,King's Lynn and West Norfolk,E10000020,Norfolk
PE36 5,52.93449,0.488544,E07000146,King's Lynn and West Norfolk,E10000020,Norfolk
PE36 6,52.940394,0.490431,E07000146,King's Lynn and West Norfolk,E10000020,Norfolk
PE36 9,52.934489,0.488559,E07000146,King's Lynn and West Norfolk,E10000020,Norfolk
PE37 7,52.648662,0.685498,E07000143,Breckland,E10000020,Norfolk
PE37 8,52.633234,0.690125,E07000143,Breckland,E10000020,Norfolk
PE37 9,52.648662,0.685498,E07000143,Breckland,E10000020,Norfolk
PE38 0,52.582596,0.401623,E07000146,King's Lynn and West Norfolk,E10000020,Norfolk
PE38 8,52.602193,0.377809,E07000146,King's Lynn and West Norfolk,E10000020,Norfolk
PE38 9,52.601425,0.378004,E07000146,King's Lynn and West Norfolk,E10000020,Norfolk
PE4  5,52.624946,-0.271219,E06000031,Peterborough,E06000031,Peterborough
PE4  6,52.599493,-0.265089,E06000031,Peterborough,E06000031,Peterborough
PE4  7,52.608869,-0.228579,E06000031,Peterborough,E06000031,Peterborough
PE5  7,52.575408,-0.351517,E06000031,Peterborough,E06000031,Peterborough
PE6  0,52.679155,-0.155779,E07000140,South Holland,E10000019,Lincolnshire
PE6  4,52.69417,-0.347167,E07000141,South Kesteven,E10000019,Lincolnshire
PE6  6,52.688941,-0.312342,E07000141,South Kesteven,E10000019,Lincolnshire
PE6  7,52.584469,-0.311765,E06000031,Peterborough,E06000031,Peterborough
PE6  8,52.674963,-0.317555,E07000141,South Kesteven,E10000019,Lincolnshire
PE6  9,52.670645,-0.304188,E06000031,Peterborough,E06000031,Peterborough
PE7  0,52.549091,-0.249938,E06000031,Peterborough,E06000031,Peterborough
PE7  1,52.556071,-0.127884,E07000010,Fenland,E10000003,Cambridgeshire
PE7  2,52.550469,-0.134671,E07000010,Fenland,E10000003,Cambridgeshire
PE7  3,52.535958,-0.228386,E07000011,Huntingdonshire,E10000003,Cambridgeshire
PE7  4,52.544137,-0.340521,E07000011,Huntingdonshire,E10000003,Cambridgeshire
PE7  7,52.510593,-0.282573,E06000031,Peterborough,E06000031,Peterborough
PE7  8,52.541944,-0.270218,E06000031,Peterborough,E06000031,Peterborough
PE8  4,52.481492,-0.470259,E06000061,North Northamptonshire,E06000061,North Northamptonshire
PE8  5,52.486204,-0.494117,E06000061,North Northamptonshire,E06000061,North Northamptonshire
PE8  6,52.60912,-0.446383,E06000031,Peterborough,E06000031,Peterborough
PE8  9,52.481405,-0.46072,E06000061,North Northamptonshire,E06000061,North Northamptonshire
PE9  1,52.653499,-0.480426,E07000141,South Kesteven,E10000019,Lincolnshire
PE9  2,52.65204,-0.480935,E07000141,South Kesteven,E10000019,Lincolnshire
PE9  3,52.657364,-0.455955,E07000141,South Kesteven,E10000019,Lincolnshire
PE9  4,52.671145,-0.523576,E06000017,Rutland,E06000017,Rutland
PE9  9,52.65204,-0.480935,E07000141,South Kesteven,E10000019,Lincolnshire
PE99 1,52.613507,-0.286558,E06000031,Peterborough,E06000031,Peterborough
PH1  0,56.424756,-3.490495,S12000048,Perth and Kinross,S12000048,Perth and Kinross
PH1  1,56.403073,-3.447403,S12000048,Perth and Kinross,S12000048,Perth and Kinross
PH1  2,56.399553,-3.468657,S12000048,Perth and Kinross,S12000048,Perth and Kinross
PH1  3,56.411565,-3.455764,S12000048,Perth and Kinross,S12000048,Perth and Kinross
PH1  4,56.502644,-3.518214,S12000048,Perth and Kinross,S12000048,Perth and Kinross
PH1  5,56.396003,-3.44033,S12000048,Perth and Kinross,S12000048,Perth and Kinross
PH10 6,56.591479,-3.339972,S12000048,Perth and Kinross,S12000048,Perth and Kinross
PH10 7,56.592531,-3.334048,S12000048,Perth and Kinross,S12000048,Perth and Kinross
PH10 9,56.588593,-3.334333,S12000048,Perth and Kinross,S12000048,Perth and Kinross
PH11 8,56.622644,-3.230642,S12000048,Perth and Kinross,S12000048,Perth and Kinross
PH12 8,56.586464,-3.16437,S12000048,Perth and Kinross,S12000048,Perth and Kinross
PH13 9,56.545657,-3.268039,S12000048,Perth and Kinross,S12000048,Perth and Kinross
PH14 9,56.444605,-3.164472,S12000048,Perth and Kinross,S12000048,Perth and Kinross
PH15 2,56.620125,-3.863801,S12000048,Perth and Kinross,S12000048,Perth and Kinross
PH16 5,56.696824,-3.715758,S12000048,Perth and Kinross,S12000048,Perth and Kinross
PH16 9,56.696852,-3.715678,S12000048,Perth and Kinross,S12000048,Perth and Kinross
PH17 2,56.685768,-4.576434,S12000048,Perth and Kinross,S12000048,Perth and Kinross
PH18 5,56.772544,-3.853025,S12000048,Perth and Kinross,S12000048,Perth and Kinross
PH19 1,56.940076,-4.239353,S12000017,Highland,S12000017,Highland
PH2  0,56.379099,-3.435174,S12000048,Perth and Kinross,S12000048,Perth and Kinross
PH2  1,56.380315,-3.431786,S12000048,Perth and Kinross,S12000048,Perth and Kinross
PH2  6,56.432981,-3.417354,S12000048,Perth and Kinross,S12000048,Perth and Kinross
PH2  7,56.394121,-3.421224,S12000048,Perth and Kinross,S12000048,Perth and Kinross
PH2  8,56.392321,-3.434732,S12000048,Perth and Kinross,S12000048,Perth and Kinross
PH2  9,56.349402,-3.406242,S12000048,Perth and Kinross,S12000048,Perth and Kinross
PH20 1,57.067728,-4.115998,S12000017,Highland,S12000017,Highland
PH21 1,57.129116,-3.931808,S12000017,Highland,S12000017,Highland
PH22 1,57.201271,-3.831385,S12000017,Highland,S12000017,Highland
PH23 3,57.280613,-3.812382,S12000017,Highland,S12000017,Highland
PH24 3,57.248702,-3.767404,S12000017,Highland,S12000017,Highland
PH25 3,57.264499,-3.640033,S12000017,Highland,S12000017,Highland
PH26 3,57.332347,-3.61867,S12000017,Highland,S12000017,Highland
PH26 9,57.330692,-3.608979,S12000017,Highland,S12000017,Highland
PH3  1,56.296104,-3.707642,S12000048,Perth and Kinross,S12000048,Perth and Kinross
PH30 4,56.792201,-4.601239,S12000017,Highland,S12000017,Highland
PH31 4,56.891306,-4.843039,S12000017,Highland,S12000017,Highland
PH32 4,57.137433,-4.687396,S12000017,Highland,S12000017,Highland
PH33 6,56.818899,-5.110052,S12000017,Highland,S12000017,Highland
PH33 7,56.723486,-5.246907,S12000017,Highland,S12000017,Highland
PH33 9,56.380315,-3.431786,S12000048,Perth and Kinross,S12000048,Perth and Kinross
PH34 4,56.890091,-4.9229,S12000017,Highland,S12000017,Highland
PH35 4,57.069563,-4.795719,S12000017,Highland,S12000017,Highland
PH36 4,56.698429,-5.568419,S12000017,Highland,S12000017,Highland
PH37 4,56.87311,-5.458045,S12000017,Highland,S12000017,Highland
PH38 4,56.873453,-5.668883,S12000017,Highland,S12000017,Highland
PH39 4,56.912421,-5.84268,S12000017,Highland,S12000017,Highland
PH4  1,56.260826,-3.78468,S12000048,Perth and Kinross,S12000048,Perth and Kinross
PH40 4,56.972012,-5.823191,S12000017,Highland,S12000017,Highland
PH41 2,56.833895,-6.229044,S12000017,Highland,S12000017,Highland
PH41 4,56.975857,-5.658777,S12000017,Highland,S12000017,Highland
PH42 4,56.901858,-6.142726,S12000017,Highland,S12000017,Highland
PH43 4,57.013629,-6.281956,S12000017,Highland,S12000017,Highland
PH44 4,57.056794,-6.503243,S12000017,Highland,S12000017,Highland
PH49 4,56.683521,-5.187017,S12000017,Highland,S12000017,Highland
PH5  2,56.330196,-3.836927,S12000048,Perth and Kinross,S12000048,Perth and Kinross
PH50 4,56.717057,-4.962543,S12000017,Highland,S12000017,Highland
PH6  2,56.355385,-3.994362,S12000048,Perth and Kinross,S12000048,Perth and Kinross
PH7  3,56.372509,-3.838898,S12000048,Perth and Kinross,S12000048,Perth and Kinross
PH7  4,56.376544,-3.840064,S12000048,Perth and Kinross,S12000048,Perth and Kinross
PH7  9,56.372445,-3.83896,S12000048,Perth and Kinross,S12000048,Perth and Kinross
PH8  0,56.559733,-3.579013,S12000048,Perth and Kinross,S12000048,Perth and Kinross
PH9  0,56.647772,-3.681594,S12000048,Perth and Kinross,S12000048,Perth and Kinross
PL1  1,50.378248,-4.145535,E06000026,Plymouth,E06000026,Plymouth
PL1  2,50.369569,-4.143034,E06000026,Plymouth,E06000026,Plymouth
PL1  3,50.368598,-4.145986,E06000026,Plymouth,E06000026,Plymouth
PL1  4,50.373233,-4.178233,E06000026,Plymouth,E06000026,Plymouth
PL1  5,50.375273,-4.14737,E06000026,Plymouth,E06000026,Plymouth
PL1  9,50.36441,-4.104414,E06000026,Plymouth,E06000026,Plymouth
PL10 1,50.347165,-4.218774,E06000052,Cornwall,E06000052,Cornwall
PL11 2,50.376248,-4.196304,E06000052,Cornwall,E06000052,Cornwall
PL11 3,50.371174,-4.250891,E06000052,Cornwall,E06000052,Cornwall
PL12 4,50.410394,-4.229216,E06000052,Cornwall,E06000052,Cornwall
PL12 5,50.432763,-4.292665,E06000052,Cornwall,E06000052,Cornwall
PL12 6,50.408542,-4.213646,E06000052,Cornwall,E06000052,Cornwall
PL12 9,50.408542,-4.213646,E06000052,Cornwall,E06000052,Cornwall
PL13 1,50.354572,-4.454329,E06000052,Cornwall,E06000052,Cornwall
PL13 2,50.359395,-4.45978,E06000052,Cornwall,E06000052,Cornwall
PL13 9,50.363735,-4.448502,E06000052,Cornwall,E06000052,Cornwall
PL14 3,50.454134,-4.462945,E06000052,Cornwall,E06000052,Cornwall
PL14 4,50.453735,-4.466489,E06000052,Cornwall,E06000052,Cornwall
PL14 5,50.515918,-4.422273,E06000052,Cornwall,E06000052,Cornwall
PL14 6,50.454617,-4.464774,E06000052,Cornwall,E06000052,Cornwall
PL14 9,50.454617,-4.464774,E06000052,Cornwall,E06000052,Cornwall
PL15 0,50.627446,-4.379796,E06000052,Cornwall,E06000052,Cornwall
PL15 7,50.63617,-4.360804,E06000052,Cornwall,E06000052,Cornwall
PL15 8,50.636584,-4.360344,E06000052,Cornwall,E06000052,Cornwall
PL15 9,50.635709,-4.359621,E06000052,Cornwall,E06000052,Cornwall
PL16 0,50.643252,-4.283049,E07000047,West Devon,E10000008,Devon
PL17 0,50.505486,-4.303027,E06000052,Cornwall,E06000052,Cornwall
PL17 7,50.502742,-4.314401,E06000052,Cornwall,E06000052,Cornwall
PL17 8,50.501339,-4.298044,E06000052,Cornwall,E06000052,Cornwall
PL18 9,50.508586,-4.210467,E06000052,Cornwall,E06000052,Cornwall
PL19 0,50.549133,-4.144052,E07000047,West Devon,E10000008,Devon
PL19 1,50.54432,-4.147052,E07000047,West Devon,E10000008,Devon
PL19 8,50.549664,-4.145516,E07000047,West Devon,E10000008,Devon
PL19 9,50.544276,-4.141615,E07000047,West Devon,E10000008,Devon
PL2  1,50.379201,-4.168843,E06000026,Plymouth,E06000026,Plymouth
PL2  2,50.388656,-4.167769,E06000026,Plymouth,E06000026,Plymouth
PL2  3,50.385884,-4.158203,E06000026,Plymouth,E06000026,Plymouth
PL2  9,50.365569,-4.105492,E06000026,Plymouth,E06000026,Plymouth
PL20 6,50.492588,-4.091056,E07000047,West Devon,E10000008,Devon
PL20 7,50.480045,-4.189583,E07000047,West Devon,E10000008,Devon
PL21 0,50.39378,-3.919665,E07000044,South Hams,E10000008,Devon
PL21 1,50.385311,-3.927594,E07000044,South Hams,E10000008,Devon
PL21 9,50.385311,-3.927594,E07000044,South Hams,E10000008,Devon
PL22 0,50.406961,-4.671329,E06000052,Cornwall,E06000052,Cornwall
PL23 1,50.336618,-4.633495,E06000052,Cornwall,E06000052,Cornwall
PL24 2,50.35179,-4.69251,E06000052,Cornwall,E06000052,Cornwall
PL25 3,50.346905,-4.778533,E06000052,Cornwall,E06000052,Cornwall
PL25 4,50.338503,-4.790565,E06000052,Cornwall,E06000052,Cornwall
PL25 5,50.338559,-4.794574,E06000052,Cornwall,E06000052,Cornwall
PL25 9,50.341357,-4.758797,E06000052,Cornwall,E06000052,Cornwall
PL26 6,50.327128,-4.773093,E06000052,Cornwall,E06000052,Cornwall
PL26 7,50.32915,-4.793095,E06000052,Cornwall,E06000052,Cornwall
PL26 8,50.385009,-4.880917,E06000052,Cornwall,E06000052,Cornwall
PL27 6,50.516873,-4.833255,E06000052,Cornwall,E06000052,Cornwall
PL27 7,50.515663,-4.836428,E06000052,Cornwall,E06000052,Cornwall
PL27 9,50.515663,-4.836428,E06000052,Cornwall,E06000052,Cornwall
PL28 8,50.541629,-4.939112,E06000052,Cornwall,E06000052,Cornwall
PL29 3,50.590531,-4.830456,E06000052,Cornwall,E06000052,Cornwall
PL3  4,50.385178,-4.157468,E06000026,Plymouth,E06000026,Plymouth
PL3  5,50.382764,-4.1244,E06000026,Plymouth,E06000026,Plymouth
PL3  6,50.382759,-4.117802,E06000026,Plymouth,E06000026,Plymouth
PL30 3,50.483759,-4.766478,E06000052,Cornwall,E06000052,Cornwall
PL30 4,50.455638,-4.697656,E06000052,Cornwall,E06000052,Cornwall
PL30 5,50.457299,-4.720549,E06000052,Cornwall,E06000052,Cornwall
PL31 1,50.470031,-4.718842,E06000052,Cornwall,E06000052,Cornwall
PL31 2,50.470966,-4.714244,E06000052,Cornwall,E06000052,Cornwall
PL31 9,50.47007,-4.719112,E06000052,Cornwall,E06000052,Cornwall
PL32 9,50.621595,-4.680138,E06000052,Cornwall,E06000052,Cornwall
PL33 9,50.626172,-4.728633,E06000052,Cornwall,E06000052,Cornwall
PL34 0,50.662343,-4.747287,E06000052,Cornwall,E06000052,Cornwall
PL35 0,50.685834,-4.693497,E06000052,Cornwall,E06000052,Cornwall
PL4  0,50.370267,-4.137876,E06000026,Plymouth,E06000026,Plymouth
PL4  6,50.377701,-4.142993,E06000026,Plymouth,E06000026,Plymouth
PL4  7,50.384289,-4.133963,E06000026,Plymouth,E06000026,Plymouth
PL4  8,50.375437,-4.13794,E06000026,Plymouth,E06000026,Plymouth
PL4  9,50.372276,-4.13424,E06000026,Plymouth,E06000026,Plymouth
PL5  1,50.398384,-4.180991,E06000026,Plymouth,E06000026,Plymouth
PL5  2,50.402187,-4.17002,E06000026,Plymouth,E06000026,Plymouth
PL5  3,50.404564,-4.134902,E06000026,Plymouth,E06000026,Plymouth
PL5  4,50.417297,-4.144864,E06000026,Plymouth,E06000026,Plymouth
PL5  9,50.412319,-4.166401,E06000026,Plymouth,E06000026,Plymouth
PL6  5,50.413906,-4.118866,E06000026,Plymouth,E06000026,Plymouth
PL6  6,50.422205,-4.119011,E06000026,Plymouth,E06000026,Plymouth
PL6  7,50.435412,-4.110898,E06000026,Plymouth,E06000026,Plymouth
PL6  8,50.420187,-4.12016,E06000026,Plymouth,E06000026,Plymouth
PL7  1,50.387635,-4.059114,E06000026,Plymouth,E06000026,Plymouth
PL7  2,50.3878,-4.051299,E06000026,Plymouth,E06000026,Plymouth
PL7  3,50.3878,-4.051299,E06000026,Plymouth,E06000026,Plymouth
PL7  4,50.39289,-4.054403,E06000026,Plymouth,E06000026,Plymouth
PL7  5,50.374766,-4.025154,E07000044,South Hams,E10000008,Devon
PL7  9,50.39184,-4.050193,E06000026,Plymouth,E06000026,Plymouth
PL8  1,50.314086,-4.039403,E07000044,South Hams,E10000008,Devon
PL8  2,50.351117,-4.036729,E07000044,South Hams,E10000008,Devon
PL9  0,50.337515,-4.113976,E07000044,South Hams,E10000008,Devon
PL9  7,50.359863,-4.092247,E06000026,Plymouth,E06000026,Plymouth
PL9  8,50.371026,-4.079645,E06000026,Plymouth,E06000026,Plymouth
PL9  9,50.35987,-4.092824,E06000026,Plymouth,E06000026,Plymouth
PL95 1,50.436153,-4.105762,E07000044,South Hams,E10000008,Devon
PL95 8,50.36441,-4.104414,E06000026,Plymouth,E06000026,Plymouth
PO1  1,50.799138,-1.088388,E06000044,Portsmouth,E06000044,Portsmouth
PO1  2,50.797317,-1.091275,E06000044,Portsmouth,E06000044,Portsmouth
PO1  3,50.797645,-1.097711,E06000044,Portsmouth,E06000044,Portsmouth
PO1  4,50.80061,-1.091481,E06000044,Portsmouth,E06000044,Portsmouth
PO1  5,50.798324,-1.07637,E06000044,Portsmouth,E06000044,Portsmouth
PO1  9,50.799138,-1.088388,E06000044,Portsmouth,E06000044,Portsmouth
PO10 7,50.847327,-0.93604,E07000090,Havant,E10000014,Hampshire
PO10 8,50.849372,-0.933436,E07000225,Chichester,E10000032,West Sussex
PO10 9,50.848455,-0.937392,E07000090,Havant,E10000014,Hampshire
PO11 0,50.786594,-0.988191,E07000090,Havant,E10000014,Hampshire
PO11 1,50.789861,-0.986446,E07000090,Havant,E10000014,Hampshire
PO11 9,50.788182,-0.985674,E07000090,Havant,E10000014,Hampshire
PO12 1,50.79524,-1.118317,E07000088,Gosport,E10000014,Hampshire
PO12 2,50.786007,-1.124634,E07000088,Gosport,E10000014,Hampshire
PO12 3,50.804059,-1.149401,E07000088,Gosport,E10000014,Hampshire
PO12 4,50.813593,-1.147156,E07000088,Gosport,E10000014,Hampshire
PO12 9,50.804726,-1.149616,E07000088,Gosport,E10000014,Hampshire
PO13 0,50.830989,-1.168848,E07000088,Gosport,E10000014,Hampshire
PO13 8,50.803494,-1.16962,E07000088,Gosport,E10000014,Hampshire
PO13 9,50.795501,-1.195515,E07000088,Gosport,E10000014,Hampshire
PO14 1,50.853017,-1.192394,E07000087,Fareham,E10000014,Hampshire
PO14 2,50.82038,-1.190914,E07000087,Fareham,E10000014,Hampshire
PO14 3,50.849671,-1.22288,E07000087,Fareham,E10000014,Hampshire
PO14 4,50.849805,-1.23241,E07000087,Fareham,E10000014,Hampshire
PO14 9,50.843278,-1.187378,E07000087,Fareham,E10000014,Hampshire
PO15 5,50.854098,-1.195288,E07000087,Fareham,E10000014,Hampshire
PO15 6,50.863314,-1.200216,E07000087,Fareham,E10000014,Hampshire
PO15 7,50.877439,-1.248941,E07000094,Winchester,E10000014,Hampshire
PO16 0,50.852438,-1.181678,E07000087,Fareham,E10000014,Hampshire
PO16 7,50.85316,-1.174321,E07000087,Fareham,E10000014,Hampshire
PO16 8,50.847226,-1.166897,E07000087,Fareham,E10000014,Hampshire
PO16 9,50.845333,-1.134275,E07000087,Fareham,E10000014,Hampshire
PO17 4,50.881621,-1.192099,E07000087,Fareham,E10000014,Hampshire
PO17 5,50.896705,-1.183434,E07000094,Winchester,E10000014,Hampshire
PO17 6,50.862838,-1.164473,E07000087,Fareham,E10000014,Hampshire
PO18 0,50.864897,-0.783773,E07000225,Chichester,E10000032,West Sussex
PO18 8,50.853259,-0.834836,E07000225,Chichester,E10000032,West Sussex
PO18 9,50.860391,-0.804578,E07000225,Chichester,E10000032,West Sussex
PO19 1,50.830761,-0.781323,E07000225,Chichester,E10000032,West Sussex
PO19 2,50.830311,-0.774462,E07000225,Chichester,E10000032,West Sussex
PO19 3,50.838515,-0.792739,E07000225,Chichester,E10000032,West Sussex
PO19 4,50.84229,-0.778736,E07000225,Chichester,E10000032,West Sussex
PO19 5,50.85853,-0.784592,E07000225,Chichester,E10000032,West Sussex
PO19 6,50.848969,-0.779343,E07000225,Chichester,E10000032,West Sussex
PO19 7,50.832443,-0.775344,E07000225,Chichester,E10000032,West Sussex
PO19 8,50.830311,-0.774477,E07000225,Chichester,E10000032,West Sussex
PO19 9,50.83077,-0.781309,E07000225,Chichester,E10000032,West Sussex
PO2  0,50.813824,-1.07825,E06000044,Portsmouth,E06000044,Portsmouth
PO2  7,50.808467,-1.091116,E06000044,Portsmouth,E06000044,Portsmouth
PO2  8,50.813502,-1.08182,E06000044,Portsmouth,E06000044,Portsmouth
PO2  9,50.817781,-1.079393,E06000044,Portsmouth,E06000044,Portsmouth
PO20 0,50.73001,-0.788104,E07000225,Chichester,E10000032,West Sussex
PO20 1,50.814966,-0.752138,E07000225,Chichester,E10000032,West Sussex
PO20 2,50.838323,-0.749768,E07000225,Chichester,E10000032,West Sussex
PO20 3,50.848702,-0.653602,E07000224,Arun,E10000032,West Sussex
PO20 4,50.73007,-0.793076,E07000225,Chichester,E10000032,West Sussex
PO20 6,50.838214,-0.750467,E07000225,Chichester,E10000032,West Sussex
PO20 7,50.801585,-0.866675,E07000225,Chichester,E10000032,West Sussex
PO20 8,50.777203,-0.893703,E07000225,Chichester,E10000032,West Sussex
PO20 9,50.73089,-0.79494,E07000225,Chichester,E10000032,West Sussex
PO21 1,50.787124,-0.677035,E07000224,Arun,E10000032,West Sussex
PO21 2,50.793995,-0.677082,E07000224,Arun,E10000032,West Sussex
PO21 3,50.78608,-0.706658,E07000224,Arun,E10000032,West Sussex
PO21 4,50.779311,-0.702873,E07000224,Arun,E10000032,West Sussex
PO21 5,50.794873,-0.681556,E07000224,Arun,E10000032,West Sussex
PO21 9,50.783937,-0.671195,E07000224,Arun,E10000032,West Sussex
PO22 0,50.83271,-0.620293,E07000224,Arun,E10000032,West Sussex
PO22 6,50.79473,-0.637829,E07000224,Arun,E10000032,West Sussex
PO22 7,50.786435,-0.656101,E07000224,Arun,E10000032,West Sussex
PO22 8,50.794189,-0.669599,E07000224,Arun,E10000032,West Sussex
PO22 9,50.801914,-0.691874,E07000224,Arun,E10000032,West Sussex
PO3  5,50.809422,-1.064044,E06000044,Portsmouth,E06000044,Portsmouth
PO3  6,50.801782,-1.066836,E06000044,Portsmouth,E06000044,Portsmouth
PO30 1,50.699416,-1.297625,E06000046,Isle of Wight,E06000046,Isle of Wight
PO30 2,50.697854,-1.289266,E06000046,Isle of Wight,E06000046,Isle of Wight
PO30 3,50.677917,-1.246315,E06000046,Isle of Wight,E06000046,Isle of Wight
PO30 4,50.642261,-1.370759,E06000046,Isle of Wight,E06000046,Isle of Wight
PO30 5,50.698987,-1.299684,E06000046,Isle of Wight,E06000046,Isle of Wight
PO30 9,50.706863,-1.294837,E06000046,Isle of Wight,E06000046,Isle of Wight
PO31 7,50.761186,-1.300344,E06000046,Isle of Wight,E06000046,Isle of Wight
PO31 8,50.745181,-1.312871,E06000046,Isle of Wight,E06000046,Isle of Wight
PO32 6,50.761788,-1.288426,E06000046,Isle of Wight,E06000046,Isle of Wight
PO33 1,50.722452,-1.144958,E06000046,Isle of Wight,E06000046,Isle of Wight
PO33 2,50.729853,-1.162224,E06000046,Isle of Wight,E06000046,Isle of Wight
PO33 3,50.730843,-1.167477,E06000046,Isle of Wight,E06000046,Isle of Wight
PO33 4,50.731514,-1.233822,E06000046,Isle of Wight,E06000046,Isle of Wight
PO33 9,50.717581,-1.157796,E06000046,Isle of Wight,E06000046,Isle of Wight
PO34 5,50.719509,-1.112161,E06000046,Isle of Wight,E06000046,Isle of Wight
PO35 5,50.691079,-1.090754,E06000046,Isle of Wight,E06000046,Isle of Wight
PO36 0,50.673464,-1.144561,E06000046,Isle of Wight,E06000046,Isle of Wight
PO36 6,50.653628,-1.157172,E06000046,Isle of Wight,E06000046,Isle of Wight
PO36 8,50.657846,-1.153489,E06000046,Isle of Wight,E06000046,Isle of Wight
PO36 9,50.658508,-1.156788,E06000046,Isle of Wight,E06000046,Isle of Wight
PO37 6,50.627096,-1.178303,E06000046,Isle of Wight,E06000046,Isle of Wight
PO37 7,50.630425,-1.178471,E06000046,Isle of Wight,E06000046,Isle of Wight
PO38 1,50.596974,-1.209996,E06000046,Isle of Wight,E06000046,Isle of Wight
PO38 2,50.594432,-1.245783,E06000046,Isle of Wight,E06000046,Isle of Wight
PO38 3,50.626094,-1.222218,E06000046,Isle of Wight,E06000046,Isle of Wight
PO38 9,50.594481,-1.205799,E06000046,Isle of Wight,E06000046,Isle of Wight
PO39 0,50.685016,-1.531728,E06000046,Isle of Wight,E06000046,Isle of Wight
PO4  0,50.795341,-1.074471,E06000044,Portsmouth,E06000044,Portsmouth
PO4  8,50.793494,-1.068463,E06000044,Portsmouth,E06000044,Portsmouth
PO4  9,50.787855,-1.069455,E06000044,Portsmouth,E06000044,Portsmouth
PO40 0,50.682804,-1.525154,E06000046,Isle of Wight,E06000046,Isle of Wight
PO40 9,50.682782,-1.526258,E06000046,Isle of Wight,E06000046,Isle of Wight
PO41 0,50.70956,-1.465273,E06000046,Isle of Wight,E06000046,Isle of Wight
PO5  1,50.79451,-1.080886,E06000044,Portsmouth,E06000044,Portsmouth
PO5  2,50.788902,-1.085877,E06000044,Portsmouth,E06000044,Portsmouth
PO5  3,50.785555,-1.100696,E06000044,Portsmouth,E06000044,Portsmouth
PO5  4,50.792291,-1.094948,E06000044,Portsmouth,E06000044,Portsmouth
PO6  1,50.848014,-1.024962,E06000044,Portsmouth,E06000044,Portsmouth
PO6  2,50.846831,-1.049348,E06000044,Portsmouth,E06000044,Portsmouth
PO6  3,50.841215,-1.082483,E06000044,Portsmouth,E06000044,Portsmouth
PO6  4,50.856283,-1.093524,E06000044,Portsmouth,E06000044,Portsmouth
PO6  9,50.844728,-1.069673,E06000044,Portsmouth,E06000044,Portsmouth
PO7  3,50.882042,-1.04111,E07000094,Winchester,E10000014,Hampshire
PO7  4,50.932466,-1.074498,E07000094,Winchester,E10000014,Hampshire
PO7  5,50.863517,-1.046634,E07000090,Havant,E10000014,Hampshire
PO7  6,50.886864,-1.036987,E07000090,Havant,E10000014,Hampshire
PO7  7,50.877336,-1.03427,E07000090,Havant,E10000014,Hampshire
PO7  8,50.861588,-1.021112,E07000090,Havant,E10000014,Hampshire
PO7  9,50.887408,-1.043999,E07000090,Havant,E10000014,Hampshire
PO8  0,50.914995,-0.991299,E07000085,East Hampshire,E10000014,Hampshire
PO8  8,50.893304,-1.018683,E07000090,Havant,E10000014,Hampshire
PO8  9,50.896695,-1.009241,E07000090,Havant,E10000014,Hampshire
PO9  1,50.851302,-0.980357,E07000090,Havant,E10000014,Hampshire
PO9  2,50.854978,-0.982166,E07000090,Havant,E10000014,Hampshire
PO9  3,50.863727,-0.996612,E07000090,Havant,E10000014,Hampshire
PO9  4,50.86535,-0.99706,E07000090,Havant,E10000014,Hampshire
PO9  5,50.866318,-0.984165,E07000090,Havant,E10000014,Hampshire
PO9  6,50.890068,-0.961611,E07000085,East Hampshire,E10000014,Hampshire
PO9  9,50.851057,-0.978004,E07000090,Havant,E10000014,Hampshire
PR0  2,53.758821,-2.683904,E07000123,Preston,E10000017,Lancashire
PR1  0,53.748041,-2.730207,E07000126,South Ribble,E10000017,Lancashire
PR1  1,53.753711,-2.707965,E07000123,Preston,E10000017,Lancashire
PR1  2,53.75726,-2.702064,E07000123,Preston,E10000017,Lancashire
PR1  3,53.760772,-2.691642,E07000123,Preston,E10000017,Lancashire
PR1  4,53.759786,-2.684876,E07000123,Preston,E10000017,Lancashire
PR1  5,53.763827,-2.690296,E07000123,Preston,E10000017,Lancashire
PR1  6,53.774657,-2.693479,E07000123,Preston,E10000017,Lancashire
PR1  7,53.765141,-2.712952,E07000123,Preston,E10000017,Lancashire
PR1  8,53.756546,-2.704176,E07000123,Preston,E10000017,Lancashire
PR1  9,53.74631,-2.728023,E07000126,South Ribble,E10000017,Lancashire
PR11 1,53.759786,-2.684876,E07000123,Preston,E10000017,Lancashire
PR11 2,53.796663,-2.684991,E07000123,Preston,E10000017,Lancashire
PR2  0,53.754266,-2.708369,E07000123,Preston,E10000017,Lancashire
PR2  1,53.764161,-2.726588,E07000123,Preston,E10000017,Lancashire
PR2  2,53.772365,-2.723938,E07000123,Preston,E10000017,Lancashire
PR2  3,53.773957,-2.713283,E07000123,Preston,E10000017,Lancashire
PR2  4,53.778088,-2.686054,E07000123,Preston,E10000017,Lancashire
PR2  5,53.783502,-2.644968,E07000123,Preston,E10000017,Lancashire
PR2  6,53.774578,-2.664465,E07000123,Preston,E10000017,Lancashire
PR2  7,53.785677,-2.745871,E07000123,Preston,E10000017,Lancashire
PR2  8,53.778143,-2.685888,E07000123,Preston,E10000017,Lancashire
PR2  9,53.784943,-2.712696,E07000123,Preston,E10000017,Lancashire
PR25 1,53.687741,-2.71184,E07000126,South Ribble,E10000017,Lancashire
PR25 2,53.695392,-2.694673,E07000126,South Ribble,E10000017,Lancashire
PR25 3,53.689045,-2.693448,E07000126,South Ribble,E10000017,Lancashire
PR25 4,53.705864,-2.685211,E07000126,South Ribble,E10000017,Lancashire
PR25 5,53.7008,-2.671541,E07000118,Chorley,E10000017,Lancashire
PR25 9,53.700221,-2.706658,E07000126,South Ribble,E10000017,Lancashire
PR26 6,53.70394,-2.712976,E07000126,South Ribble,E10000017,Lancashire
PR26 7,53.691105,-2.742578,E07000126,South Ribble,E10000017,Lancashire
PR26 8,53.699592,-2.712554,E07000126,South Ribble,E10000017,Lancashire
PR26 9,53.667597,-2.778338,E07000118,Chorley,E10000017,Lancashire
PR3  0,53.947993,-2.773737,E07000128,Wyre,E10000017,Lancashire
PR3  1,53.936319,-2.780436,E07000128,Wyre,E10000017,Lancashire
PR3  2,53.828674,-2.609078,E07000124,Ribble Valley,E10000017,Lancashire
PR3  3,53.833844,-2.597985,E07000124,Ribble Valley,E10000017,Lancashire
PR3  5,53.833156,-2.737872,E07000123,Preston,E10000017,Lancashire
PR3  6,53.9318,-2.907986,E07000128,Wyre,E10000017,Lancashire
PR3  8,53.833844,-2.597985,E07000124,Ribble Valley,E10000017,Lancashire
PR3  9,53.899285,-2.775638,E07000128,Wyre,E10000017,Lancashire
PR4  0,53.791013,-2.749123,E07000123,Preston,E10000017,Lancashire
PR4  1,53.754056,-2.868508,E07000119,Fylde,E10000017,Lancashire
PR4  2,53.782297,-2.872217,E07000119,Fylde,E10000017,Lancashire
PR4  3,53.788057,-2.883447,E07000119,Fylde,E10000017,Lancashire
PR4  4,53.726645,-2.748236,E07000126,South Ribble,E10000017,Lancashire
PR4  5,53.726368,-2.78591,E07000126,South Ribble,E10000017,Lancashire
PR4  6,53.69713,-2.842512,E07000127,West Lancashire,E10000017,Lancashire
PR4  8,53.782906,-2.710734,E07000123,Preston,E10000017,Lancashire
PR4  9,53.777522,-2.872573,E07000119,Fylde,E10000017,Lancashire
PR5  0,53.733997,-2.622623,E07000126,South Ribble,E10000017,Lancashire
PR5  1,53.687855,-2.712356,E07000126,South Ribble,E10000017,Lancashire
PR5  2,53.689054,-2.693448,E07000126,South Ribble,E10000017,Lancashire
PR5  3,53.686755,-2.715927,E07000126,South Ribble,E10000017,Lancashire
PR5  4,53.751381,-2.677095,E07000126,South Ribble,E10000017,Lancashire
PR5  5,53.72699,-2.692451,E07000126,South Ribble,E10000017,Lancashire
PR5  6,53.738193,-2.656523,E07000126,South Ribble,E10000017,Lancashire
PR5  7,53.665866,-2.781969,E07000118,Chorley,E10000017,Lancashire
PR5  8,53.718699,-2.654734,E07000126,South Ribble,E10000017,Lancashire
PR5  9,53.733185,-2.658506,E07000126,South Ribble,E10000017,Lancashire
PR6  0,53.654128,-2.626029,E07000118,Chorley,E10000017,Lancashire
PR6  6,53.65318,-2.625153,E07000118,Chorley,E10000017,Lancashire
PR6  7,53.660724,-2.626339,E07000118,Chorley,E10000017,Lancashire
PR6  8,53.676432,-2.623453,E07000118,Chorley,E10000017,Lancashire
PR6  9,53.65318,-2.625153,E07000118,Chorley,E10000017,Lancashire
PR7  1,53.654176,-2.630524,E07000118,Chorley,E10000017,Lancashire
PR7  2,53.652,-2.630748,E07000118,Chorley,E10000017,Lancashire
PR7  3,53.649853,-2.63061,E07000118,Chorley,E10000017,Lancashire
PR7  4,53.641357,-2.617052,E07000118,Chorley,E10000017,Lancashire
PR7  5,53.621674,-2.665569,E07000118,Chorley,E10000017,Lancashire
PR7  6,53.671808,-2.672382,E07000118,Chorley,E10000017,Lancashire
PR7  7,53.682906,-2.661627,E07000126,South Ribble,E10000017,Lancashire
PR8  1,53.648207,-3.004318,E08000014,Sefton,E08000014,Sefton
PR8  2,53.640026,-3.011989,E08000014,Sefton,E08000014,Sefton
PR8  3,53.616539,-3.01832,E08000014,Sefton,E08000014,Sefton
PR8  4,53.637849,-3.009063,E08000014,Sefton,E08000014,Sefton
PR8  5,53.641992,-3.001569,E08000014,Sefton,E08000014,Sefton
PR8  6,53.644004,-2.985521,E08000014,Sefton,E08000014,Sefton
PR8  9,53.627014,-2.98576,E08000014,Sefton,E08000014,Sefton
PR9  0,53.648685,-3.003058,E08000014,Sefton,E08000014,Sefton
PR9  7,53.64631,-2.973942,E08000014,Sefton,E08000014,Sefton
PR9  8,53.63135,-2.942915,E07000127,West Lancashire,E10000017,Lancashire
PR9  9,53.649511,-2.985952,E08000014,Sefton,E08000014,Sefton
RG1  1,51.460727,-0.974779,E06000038,Reading,E06000038,Reading
RG1  2,51.455865,-0.973002,E06000038,Reading,E06000038,Reading
RG1  3,51.454715,-0.967026,E06000038,Reading,E06000038,Reading
RG1  4,51.453975,-0.960682,E06000038,Reading,E06000038,Reading
RG1  5,51.449632,-0.966695,E06000038,Reading,E06000038,Reading
RG1  6,51.449659,-0.97694,E06000038,Reading,E06000038,Reading
RG1  7,51.455584,-0.976923,E06000038,Reading,E06000038,Reading
RG1  8,51.460103,-0.976491,E06000038,Reading,E06000038,Reading
RG1  9,51.431348,-0.971408,E06000038,Reading,E06000038,Reading
RG10 0,51.475507,-0.860481,E06000041,Wokingham,E06000041,Wokingham
RG10 8,51.500354,-0.866287,E06000041,Wokingham,E06000041,Wokingham
RG10 9,51.493037,-0.841678,E06000041,Wokingham,E06000041,Wokingham
RG11 1,51.410738,-0.835061,E06000041,Wokingham,E06000041,Wokingham
RG11 2,51.41051,-0.83649,E06000041,Wokingham,E06000041,Wokingham
RG11 3,51.400011,-0.826952,E06000041,Wokingham,E06000041,Wokingham
RG11 4,51.397552,-0.844681,E06000041,Wokingham,E06000041,Wokingham
RG11 5,51.423168,-0.865537,E06000041,Wokingham,E06000041,Wokingham
RG11 6,51.367978,-0.819497,E06000041,Wokingham,E06000041,Wokingham
RG11 7,51.370194,-0.79078,E06000036,Bracknell Forest,E06000036,Bracknell Forest
RG11 9,51.410854,-0.863297,E06000041,Wokingham,E06000041,Wokingham
RG12 0,51.401182,-0.745369,E06000036,Bracknell Forest,E06000036,Bracknell Forest
RG12 1,51.416386,-0.74701,E06000036,Bracknell Forest,E06000036,Bracknell Forest
RG12 2,51.415552,-0.739727,E06000036,Bracknell Forest,E06000036,Bracknell Forest
RG12 3,51.412731,-0.745758,E06000036,Bracknell Forest,E06000036,Bracknell Forest
RG12 4,51.411649,-0.759059,E06000036,Bracknell Forest,E06000036,Bracknell Forest
RG12 5,51.419549,-0.784344,E06000036,Bracknell Forest,E06000036,Bracknell Forest
RG12 6,51.431546,-0.74612,E06000036,Bracknell Forest,E06000036,Bracknell Forest
RG12 7,51.411871,-0.758723,E06000036,Bracknell Forest,E06000036,Bracknell Forest
RG12 8,51.405541,-0.78197,E06000036,Bracknell Forest,E06000036,Bracknell Forest
RG12 9,51.410873,-0.741035,E06000036,Bracknell Forest,E06000036,Bracknell Forest
RG13 1,51.40189,-1.325727,E06000037,West Berkshire,E06000037,West Berkshire
RG13 2,51.401848,-1.318539,E06000037,West Berkshire,E06000037,West Berkshire
RG13 3,51.404618,-1.294187,E06000037,West Berkshire,E06000037,West Berkshire
RG13 4,51.404819,-1.266911,E06000037,West Berkshire,E06000037,West Berkshire
RG14 1,51.402108,-1.324502,E06000037,West Berkshire,E06000037,West Berkshire
RG14 2,51.413001,-1.319092,E06000037,West Berkshire,E06000037,West Berkshire
RG14 3,51.417911,-1.328468,E06000037,West Berkshire,E06000037,West Berkshire
RG14 5,51.400789,-1.323472,E06000037,West Berkshire,E06000037,West Berkshire
RG14 6,51.396894,-1.327928,E06000037,West Berkshire,E06000037,West Berkshire
RG14 7,51.384953,-1.309378,E06000037,West Berkshire,E06000037,West Berkshire
RG14 9,51.400008,-1.322233,E06000037,West Berkshire,E06000037,West Berkshire
RG15 0,51.349284,-1.404901,E07000084,Basingstoke and Deane,E10000014,Hampshire
RG15 8,51.361369,-1.258026,E07000084,Basingstoke and Deane,E10000014,Hampshire
RG15 9,51.319721,-1.277281,E07000084,Basingstoke and Deane,E10000014,Hampshire
RG16 0,51.50331,-1.293977,E06000037,West Berkshire,E06000037,West Berkshire
RG16 7,51.457875,-1.480049,E06000037,West Berkshire,E06000037,West Berkshire
RG16 8,51.413138,-1.346325,E06000037,West Berkshire,E06000037,West Berkshire
RG16 9,51.417884,-1.328483,E06000037,West Berkshire,E06000037,West Berkshire
RG17 0,51.411564,-1.51711,E06000037,West Berkshire,E06000037,West Berkshire
RG17 1,51.415789,-1.514649,E06000037,West Berkshire,E06000037,West Berkshire
RG17 7,51.457875,-1.480049,E06000037,West Berkshire,E06000037,West Berkshire
RG17 8,51.508921,-1.531356,E06000037,West Berkshire,E06000037,West Berkshire
RG17 9,51.397427,-1.476824,E06000037,West Berkshire,E06000037,West Berkshire
RG18 0,51.481676,-1.228282,E06000037,West Berkshire,E06000037,West Berkshire
RG18 3,51.404627,-1.294259,E06000037,West Berkshire,E06000037,West Berkshire
RG18 4,51.411187,-1.238901,E06000037,West Berkshire,E06000037,West Berkshire
RG18 9,51.44087,-1.290896,E06000037,West Berkshire,E06000037,West Berkshire
RG19 3,51.403218,-1.256788,E06000037,West Berkshire,E06000037,West Berkshire
RG19 4,51.394879,-1.25767,E06000037,West Berkshire,E06000037,West Berkshire
RG19 6,51.374413,-1.280701,E06000037,West Berkshire,E06000037,West Berkshire
RG19 8,51.361376,-1.25781,E07000084,Basingstoke and Deane,E10000014,Hampshire
RG19 9,51.394049,-1.244475,E06000037,West Berkshire,E06000037,West Berkshire
RG2  0,51.42142,-0.972379,E06000038,Reading,E06000038,Reading
RG2  6,51.415174,-0.975869,E06000038,Reading,E06000038,Reading
RG2  7,51.444459,-0.963402,E06000038,Reading,E06000038,Reading
RG2  8,51.425429,-0.968118,E06000038,Reading,E06000038,Reading
RG2  9,51.416605,-0.93264,E06000041,Wokingham,E06000041,Wokingham
RG20 0,51.350379,-1.404586,E07000084,Basingstoke and Deane,E10000014,Hampshire
RG20 4,51.365028,-1.28263,E07000084,Basingstoke and Deane,E10000014,Hampshire
RG20 5,51.323979,-1.23957,E07000084,Basingstoke and Deane,E10000014,Hampshire
RG20 6,51.516744,-1.253315,E06000037,West Berkshire,E06000037,West Berkshire
RG20 7,51.539492,-1.316661,E06000037,West Berkshire,E06000037,West Berkshire
RG20 8,51.413301,-1.346582,E06000037,West Berkshire,E06000037,West Berkshire
RG20 9,51.319721,-1.277295,E07000084,Basingstoke and Deane,E10000014,Hampshire
RG21 1,51.276349,-1.108219,E07000084,Basingstoke and Deane,E10000014,Hampshire
RG21 2,51.262963,-1.081863,E07000084,Basingstoke and Deane,E10000014,Hampshire
RG21 3,51.261172,-1.083977,E07000084,Basingstoke and Deane,E10000014,Hampshire
RG21 4,51.262862,-1.08165,E07000084,Basingstoke and Deane,E10000014,Hampshire
RG21 5,51.273415,-1.093926,E07000084,Basingstoke and Deane,E10000014,Hampshire
RG21 6,51.265386,-1.105651,E07000084,Basingstoke and Deane,E10000014,Hampshire
RG21 7,51.266339,-1.08472,E07000084,Basingstoke and Deane,E10000014,Hampshire
RG21 8,51.260953,-1.091634,E07000084,Basingstoke and Deane,E10000014,Hampshire
RG22 4,51.253924,-1.104971,E07000084,Basingstoke and Deane,E10000014,Hampshire
RG22 5,51.260998,-1.125972,E07000084,Basingstoke and Deane,E10000014,Hampshire
RG22 6,51.2609,-1.107014,E07000084,Basingstoke and Deane,E10000014,Hampshire
RG23 7,51.250344,-1.17588,E07000084,Basingstoke and Deane,E10000014,Hampshire
RG23 8,51.27437,-1.11415,E07000084,Basingstoke and Deane,E10000014,Hampshire
RG24 0,51.258208,-1.037403,E07000084,Basingstoke and Deane,E10000014,Hampshire
RG24 4,51.277434,-1.107897,E07000084,Basingstoke and Deane,E10000014,Hampshire
RG24 7,51.258208,-1.037403,E07000084,Basingstoke and Deane,E10000014,Hampshire
RG24 8,51.285812,-1.051366,E07000084,Basingstoke and Deane,E10000014,Hampshire
RG24 9,51.277326,-1.107856,E07000084,Basingstoke and Deane,E10000014,Hampshire
RG25 1,51.255173,-0.935109,E07000089,Hart,E10000014,Hampshire
RG25 2,51.213389,-1.157327,E07000084,Basingstoke and Deane,E10000014,Hampshire
RG25 3,51.247806,-1.272107,E07000084,Basingstoke and Deane,E10000014,Hampshire
RG26 3,51.340696,-1.127314,E07000084,Basingstoke and Deane,E10000014,Hampshire
RG26 4,51.355775,-1.150551,E07000084,Basingstoke and Deane,E10000014,Hampshire
RG26 5,51.331205,-1.060477,E07000084,Basingstoke and Deane,E10000014,Hampshire
RG26 6,51.340687,-1.127299,E07000084,Basingstoke and Deane,E10000014,Hampshire
RG26 9,51.354425,-1.152945,E07000084,Basingstoke and Deane,E10000014,Hampshire
RG27 0,51.319065,-1.024033,E07000084,Basingstoke and Deane,E10000014,Hampshire
RG27 7,51.431348,-0.971408,E06000038,Reading,E06000038,Reading
RG27 8,51.310034,-0.897111,E07000089,Hart,E10000014,Hampshire
RG27 9,51.27167,-0.96367,E07000089,Hart,E10000014,Hampshire
RG28 7,51.22942,-1.339452,E07000084,Basingstoke and Deane,E10000014,Hampshire
RG28 8,51.230246,-1.343995,E07000084,Basingstoke and Deane,E10000014,Hampshire
RG28 9,51.22942,-1.339452,E07000084,Basingstoke and Deane,E10000014,Hampshire
RG29 1,51.255121,-0.935282,E07000089,Hart,E10000014,Hampshire
RG3  1,51.455979,-0.990328,E06000038,Reading,E06000038,Reading
RG3  2,51.44896,-0.994987,E06000038,Reading,E06000038,Reading
RG3  3,51.44763,-0.994988,E06000038,Reading,E06000038,Reading
RG3  4,51.449706,-1.017191,E06000038,Reading,E06000038,Reading
RG3  5,51.461249,-1.038535,E06000038,Reading,E06000038,Reading
RG3  6,51.461221,-1.016685,E06000038,Reading,E06000038,Reading
RG3  7,51.439253,-1.049341,E06000037,West Berkshire,E06000037,West Berkshire
RG30 1,51.455979,-0.990328,E06000038,Reading,E06000038,Reading
RG30 2,51.448671,-0.994792,E06000038,Reading,E06000038,Reading
RG30 3,51.44763,-0.994988,E06000038,Reading,E06000038,Reading
RG30 4,51.449715,-1.017147,E06000038,Reading,E06000038,Reading
RG30 6,51.461221,-1.016685,E06000038,Reading,E06000038,Reading
RG30 9,51.460183,-0.991862,E06000038,Reading,E06000038,Reading
RG31 4,51.442497,-1.0469,E06000037,West Berkshire,E06000037,West Berkshire
RG31 5,51.461364,-1.038345,E06000038,Reading,E06000038,Reading
RG31 6,51.46455,-1.047477,E06000038,Reading,E06000038,Reading
RG31 7,51.440286,-1.058096,E06000037,West Berkshire,E06000037,West Berkshire
RG4  0,51.466876,-0.965384,E06000038,Reading,E06000038,Reading
RG4  5,51.466831,-0.965385,E06000038,Reading,E06000038,Reading
RG4  6,51.485205,-0.955594,E06000038,Reading,E06000038,Reading
RG4  7,51.467647,-0.977402,E06000038,Reading,E06000038,Reading
RG4  8,51.46687,-0.976973,E06000038,Reading,E06000038,Reading
RG4  9,51.49634,-0.980448,E07000179,South Oxfordshire,E10000025,Oxfordshire
RG40 1,51.410738,-0.835061,E06000041,Wokingham,E06000041,Wokingham
RG40 2,51.410492,-0.83649,E06000041,Wokingham,E06000041,Wokingham
RG40 3,51.400105,-0.826533,E06000041,Wokingham,E06000041,Wokingham
RG40 4,51.386326,-0.865385,E06000041,Wokingham,E06000041,Wokingham
RG40 5,51.420152,-0.820512,E06000041,Wokingham,E06000041,Wokingham
RG40 9,51.410738,-0.835061,E06000041,Wokingham,E06000041,Wokingham
RG41 1,51.414146,-0.841373,E06000041,Wokingham,E06000041,Wokingham
RG41 2,51.405046,-0.844147,E06000041,Wokingham,E06000041,Wokingham
RG41 3,51.418151,-0.854516,E06000041,Wokingham,E06000041,Wokingham
RG41 4,51.397552,-0.844681,E06000041,Wokingham,E06000041,Wokingham
RG41 5,51.423131,-0.865452,E06000041,Wokingham,E06000041,Wokingham
RG42 1,51.420357,-0.769625,E06000036,Bracknell Forest,E06000036,Bracknell Forest
RG42 2,51.418949,-0.75298,E06000036,Bracknell Forest,E06000036,Bracknell Forest
RG42 3,51.4223,-0.730106,E06000036,Bracknell Forest,E06000036,Bracknell Forest
RG42 4,51.419565,-0.784128,E06000036,Bracknell Forest,E06000036,Bracknell Forest
RG42 5,51.428684,-0.761964,E06000036,Bracknell Forest,E06000036,Bracknell Forest
RG42 6,51.431546,-0.74612,E06000036,Bracknell Forest,E06000036,Bracknell Forest
RG42 7,51.426021,-0.709363,E06000036,Bracknell Forest,E06000036,Bracknell Forest
RG42 9,51.415599,-0.77119,E06000036,Bracknell Forest,E06000036,Bracknell Forest
RG45 6,51.368195,-0.819578,E06000041,Wokingham,E06000041,Wokingham
RG45 7,51.370203,-0.790766,E06000036,Bracknell Forest,E06000036,Bracknell Forest
RG45 9,51.410738,-0.835061,E06000041,Wokingham,E06000041,Wokingham
RG5  3,51.458807,-0.916299,E06000041,Wokingham,E06000041,Wokingham
RG5  4,51.446538,-0.89853,E06000041,Wokingham,E06000041,Wokingham
RG6  1,51.457626,-0.945616,E06000041,Wokingham,E06000041,Wokingham
RG6  2,51.443736,-0.937864,E06000041,Wokingham,E06000041,Wokingham
RG6  3,51.432014,-0.905007,E06000041,Wokingham,E06000041,Wokingham
RG6  4,51.421336,-0.937722,E06000041,Wokingham,E06000041,Wokingham
RG6  5,51.43159,-0.932191,E06000041,Wokingham,E06000041,Wokingham
RG6  6,51.457626,-0.945616,E06000041,Wokingham,E06000041,Wokingham
RG6  7,51.439237,-0.916848,E06000041,Wokingham,E06000041,Wokingham
RG6  9,51.457617,-0.945602,E06000041,Wokingham,E06000041,Wokingham
RG7  1,51.392219,-0.973952,E06000041,Wokingham,E06000041,Wokingham
RG7  2,51.377069,-1.021477,E06000037,West Berkshire,E06000037,West Berkshire
RG7  3,51.3769,-1.024914,E06000037,West Berkshire,E06000037,West Berkshire
RG7  4,51.435524,-1.075559,E06000037,West Berkshire,E06000037,West Berkshire
RG7  5,51.435718,-1.085467,E06000037,West Berkshire,E06000037,West Berkshire
RG7  6,51.441491,-1.124344,E06000037,West Berkshire,E06000037,West Berkshire
RG7  8,51.36154,-1.163242,E06000037,West Berkshire,E06000037,West Berkshire
RG8  0,51.523246,-1.1318,E07000179,South Oxfordshire,E10000025,Oxfordshire
RG8  1,51.523245,-1.140246,E07000179,South Oxfordshire,E10000025,Oxfordshire
RG8  6,51.483524,-1.087305,E06000037,West Berkshire,E06000037,West Berkshire
RG8  7,51.483507,-1.087319,E06000037,West Berkshire,E06000037,West Berkshire
RG8  8,51.481452,-1.057148,E06000037,West Berkshire,E06000037,West Berkshire
RG8  9,51.523245,-1.140246,E07000179,South Oxfordshire,E10000025,Oxfordshire
RG9  1,51.535934,-0.904,E07000179,South Oxfordshire,E10000025,Oxfordshire
RG9  2,51.537157,-0.905874,E07000179,South Oxfordshire,E10000025,Oxfordshire
RG9  3,51.547812,-0.902027,E06000060,Buckinghamshire,E06000060,Buckinghamshire
RG9  4,51.510448,-0.894107,E07000179,South Oxfordshire,E10000025,Oxfordshire
RG9  5,51.576603,-0.990025,E07000179,South Oxfordshire,E10000025,Oxfordshire
RG9  6,51.550552,-0.921115,E07000179,South Oxfordshire,E10000025,Oxfordshire
RG9  9,51.535934,-0.904,E07000179,South Oxfordshire,E10000025,Oxfordshire
RH1  1,51.240565,-0.164656,E07000211,Reigate and Banstead,E10000030,Surrey
RH1  2,51.246038,-0.170729,E07000211,Reigate and Banstead,E10000030,Surrey
RH1  3,51.279834,-0.156998,E07000211,Reigate and Banstead,E10000030,Surrey
RH1  4,51.240863,-0.162409,E07000211,Reigate and Banstead,E10000030,Surrey
RH1  5,51.213676,-0.170421,E07000211,Reigate and Banstead,E10000030,Surrey
RH1  6,51.239057,-0.178627,E07000211,Reigate and Banstead,E10000030,Surrey
RH1  9,51.240565,-0.164656,E07000211,Reigate and Banstead,E10000030,Surrey
RH10 0,51.117173,-0.188452,E07000226,Crawley,E10000032,West Sussex
RH10 1,51.116853,-0.18815,E07000226,Crawley,E10000032,West Sussex
RH10 2,51.136773,-0.159325,E07000226,Crawley,E10000032,West Sussex
RH10 3,51.123441,-0.153939,E07000226,Crawley,E10000032,West Sussex
RH10 4,51.1243,-0.079364,E07000228,Mid Sussex,E10000032,West Sussex
RH10 5,51.102219,-0.189651,E07000226,Crawley,E10000032,West Sussex
RH10 6,51.111773,-0.190477,E07000226,Crawley,E10000032,West Sussex
RH10 7,51.11536,-0.160447,E07000226,Crawley,E10000032,West Sussex
RH10 8,51.124134,-0.176333,E07000226,Crawley,E10000032,West Sussex
RH10 9,51.138763,-0.169824,E07000226,Crawley,E10000032,West Sussex
RH11 0,51.123734,-0.201642,E07000226,Crawley,E10000032,West Sussex
RH11 6,51.097834,-0.232254,E07000226,Crawley,E10000032,West Sussex
RH11 7,51.113632,-0.19209,E07000226,Crawley,E10000032,West Sussex
RH11 8,51.110548,-0.193882,E07000226,Crawley,E10000032,West Sussex
RH11 9,51.082724,-0.196765,E07000228,Mid Sussex,E10000032,West Sussex
RH12 0,51.101904,-0.242797,E07000227,Horsham,E10000032,West Sussex
RH12 1,51.06092,-0.324595,E07000227,Horsham,E10000032,West Sussex
RH12 2,51.066588,-0.34119,E07000227,Horsham,E10000032,West Sussex
RH12 3,51.105716,-0.440496,E07000216,Waverley,E10000030,Surrey
RH12 4,51.095998,-0.264586,E07000227,Horsham,E10000032,West Sussex
RH12 5,51.074677,-0.320658,E07000227,Horsham,E10000032,West Sussex
RH12 6,51.091903,-0.302297,E07000227,Horsham,E10000032,West Sussex
RH12 9,51.067522,-0.321559,E07000227,Horsham,E10000032,West Sussex
RH13 0,51.053151,-0.322165,E07000227,Horsham,E10000032,West Sussex
RH13 5,51.0607,-0.323033,E07000227,Horsham,E10000032,West Sussex
RH13 6,51.07305,-0.302017,E07000227,Horsham,E10000032,West Sussex
RH13 7,51.052602,-0.323355,E07000227,Horsham,E10000032,West Sussex
RH13 8,50.988956,-0.271375,E07000227,Horsham,E10000032,West Sussex
RH13 9,51.034147,-0.348567,E07000227,Horsham,E10000032,West Sussex
RH14 0,51.039375,-0.520747,E07000225,Chichester,E10000032,West Sussex
RH14 4,51.023015,-0.45187,E07000227,Horsham,E10000032,West Sussex
RH14 9,51.031444,-0.442576,E07000227,Horsham,E10000032,West Sussex
RH15 0,50.952855,-0.127176,E07000228,Mid Sussex,E10000032,West Sussex
RH15 5,50.954047,-0.154038,E07000228,Mid Sussex,E10000032,West Sussex
RH15 8,50.963477,-0.128387,E07000228,Mid Sussex,E10000032,West Sussex
RH15 9,50.957128,-0.136829,E07000228,Mid Sussex,E10000032,West Sussex
RH16 1,51.006411,-0.103795,E07000228,Mid Sussex,E10000032,West Sussex
RH16 2,51.013234,-0.091485,E07000228,Mid Sussex,E10000032,West Sussex
RH16 3,51.006411,-0.103795,E07000228,Mid Sussex,E10000032,West Sussex
RH16 4,51.000562,-0.108594,E07000228,Mid Sussex,E10000032,West Sussex
RH16 9,51.006411,-0.103795,E07000228,Mid Sussex,E10000032,West Sussex
RH17 1,51.013366,-0.096825,E07000228,Mid Sussex,E10000032,West Sussex
RH17 5,51.003574,-0.144433,E07000228,Mid Sussex,E10000032,West Sussex
RH17 6,51.050915,-0.233842,E07000227,Horsham,E10000032,West Sussex
RH17 7,50.988871,-0.093126,E07000228,Mid Sussex,E10000032,West Sussex
RH18 5,51.097278,0.03376,E07000065,Wealden,E10000011,East Sussex
RH19 1,51.125869,-0.009715,E07000228,Mid Sussex,E10000032,West Sussex
RH19 2,51.134499,-0.022752,E07000228,Mid Sussex,E10000032,West Sussex
RH19 3,51.123706,-0.008422,E07000228,Mid Sussex,E10000032,West Sussex
RH19 4,51.119121,-0.009034,E07000228,Mid Sussex,E10000032,West Sussex
RH19 9,51.125869,-0.009715,E07000228,Mid Sussex,E10000032,West Sussex
RH2  0,51.238007,-0.204956,E07000211,Reigate and Banstead,E10000030,Surrey
RH2  2,51.240989,-0.202964,E07000211,Reigate and Banstead,E10000030,Surrey
RH2  7,51.237691,-0.205456,E07000211,Reigate and Banstead,E10000030,Surrey
RH2  8,51.239652,-0.221411,E07000211,Reigate and Banstead,E10000030,Surrey
RH2  9,51.237415,-0.206254,E07000211,Reigate and Banstead,E10000030,Surrey
RH20 1,50.957263,-0.511753,E07000227,Horsham,E10000032,West Sussex
RH20 2,50.957109,-0.496935,E07000227,Horsham,E10000032,West Sussex
RH20 3,50.923527,-0.435113,E07000227,Horsham,E10000032,West Sussex
RH20 4,50.904578,-0.398641,E07000227,Horsham,E10000032,West Sussex
RH20 6,50.957328,-0.502766,E07000227,Horsham,E10000032,West Sussex
RH20 9,50.917866,-0.454438,E07000227,Horsham,E10000032,West Sussex
RH3  7,51.238365,-0.260828,E07000210,Mole Valley,E10000030,Surrey
RH4  1,51.234111,-0.338843,E07000210,Mole Valley,E10000030,Surrey
RH4  2,51.225789,-0.332941,E07000210,Mole Valley,E10000030,Surrey
RH4  3,51.226433,-0.337071,E07000210,Mole Valley,E10000030,Surrey
RH4  9,51.233193,-0.329981,E07000210,Mole Valley,E10000030,Surrey
RH5  4,51.234777,-0.321901,E07000210,Mole Valley,E10000030,Surrey
RH5  5,51.166548,-0.28959,E07000210,Mole Valley,E10000030,Surrey
RH5  6,51.24744,-0.332015,E07000210,Mole Valley,E10000030,Surrey
RH6  0,51.16833,-0.17891,E07000210,Mole Valley,E10000030,Surrey
RH6  6,51.171928,-0.164563,E07000211,Reigate and Banstead,E10000030,Surrey
RH6  7,51.171928,-0.164563,E07000211,Reigate and Banstead,E10000030,Surrey
RH6  8,51.171197,-0.172445,E07000211,Reigate and Banstead,E10000030,Surrey
RH6  9,51.173459,-0.158966,E07000211,Reigate and Banstead,E10000030,Surrey
RH7  6,51.174315,-0.017087,E07000215,Tandridge,E10000030,Surrey
RH7  9,51.173973,-0.019734,E07000215,Tandridge,E10000030,Surrey
RH77 1,51.138771,-0.169752,E07000226,Crawley,E10000032,West Sussex
RH8  0,51.260359,-0.004228,E07000215,Tandridge,E10000030,Surrey
RH8  8,51.257608,-0.005881,E07000215,Tandridge,E10000030,Surrey
RH8  9,51.254666,-0.005263,E07000215,Tandridge,E10000030,Surrey
RH9  8,51.251095,-0.065245,E07000215,Tandridge,E10000030,Surrey
RM1  1,51.577602,0.178288,E09000016,Havering,E09000016,Havering
RM1  2,51.571448,0.183261,E09000016,Havering,E09000016,Havering
RM1  3,51.578708,0.180231,E09000016,Havering,E09000016,Havering
RM1  4,51.581439,0.177966,E09000016,Havering,E09000016,Havering
RM10 7,51.554175,0.168095,E09000002,Barking and Dagenham,E09000002,Barking and Dagenham
RM10 8,51.54418,0.165861,E09000002,Barking and Dagenham,E09000002,Barking and Dagenham
RM10 9,51.553494,0.141981,E09000002,Barking and Dagenham,E09000002,Barking and Dagenham
RM11 1,51.570193,0.188367,E09000016,Havering,E09000016,Havering
RM11 2,51.573165,0.204947,E09000016,Havering,E09000016,Havering
RM11 3,51.570299,0.239442,E09000016,Havering,E09000016,Havering
RM12 3,51.56135,0.19432,E09000016,Havering,E09000016,Havering
RM12 4,51.561862,0.193868,E09000016,Havering,E09000016,Havering
RM12 5,51.548948,0.199132,E09000016,Havering,E09000016,Havering
RM12 6,51.553127,0.220769,E09000016,Havering,E09000016,Havering
RM12 9,51.561861,0.216361,E09000016,Havering,E09000016,Havering
RM13 0,51.516767,0.192149,E09000016,Havering,E09000016,Havering
RM13 7,51.530454,0.189231,E09000016,Havering,E09000016,Havering
RM13 8,51.526467,0.18506,E09000016,Havering,E09000016,Havering
RM13 9,51.518732,0.193829,E09000016,Havering,E09000016,Havering
RM14 1,51.559386,0.250492,E09000016,Havering,E09000016,Havering
RM14 2,51.552489,0.247656,E09000016,Havering,E09000016,Havering
RM14 3,51.552405,0.249181,E09000016,Havering,E09000016,Havering
RM14 9,51.552321,0.246566,E09000016,Havering,E09000016,Havering
RM15 4,51.499371,0.262376,E06000034,Thurrock,E06000034,Thurrock
RM15 5,51.508853,0.282157,E06000034,Thurrock,E06000034,Thurrock
RM15 6,51.501333,0.291911,E06000034,Thurrock,E06000034,Thurrock
RM15 9,51.509719,0.281119,E06000034,Thurrock,E06000034,Thurrock
RM16 1,51.477623,0.30269,E06000034,Thurrock,E06000034,Thurrock
RM16 2,51.495912,0.331966,E06000034,Thurrock,E06000034,Thurrock
RM16 3,51.491767,0.364717,E06000034,Thurrock,E06000034,Thurrock
RM16 4,51.48801,0.349411,E06000034,Thurrock,E06000034,Thurrock
RM16 5,51.499266,0.29551,E06000034,Thurrock,E06000034,Thurrock
RM16 6,51.490895,0.309625,E06000034,Thurrock,E06000034,Thurrock
RM17 5,51.492202,0.319963,E06000034,Thurrock,E06000034,Thurrock
RM17 6,51.481222,0.341183,E06000034,Thurrock,E06000034,Thurrock
RM17 9,51.479919,0.320779,E06000034,Thurrock,E06000034,Thurrock
RM18 7,51.462445,0.360033,E06000034,Thurrock,E06000034,Thurrock
RM18 8,51.461293,0.364077,E06000034,Thurrock,E06000034,Thurrock
RM19 1,51.479919,0.320779,E06000034,Thurrock,E06000034,Thurrock
RM2  5,51.577915,0.190946,E09000016,Havering,E09000016,Havering
RM2  6,51.586512,0.202937,E09000016,Havering,E09000016,Havering
RM20 1,51.485854,0.279078,E06000034,Thurrock,E06000034,Thurrock
RM20 2,51.484168,0.282062,E06000034,Thurrock,E06000034,Thurrock
RM20 3,51.473124,0.280243,E06000034,Thurrock,E06000034,Thurrock
RM20 4,51.477633,0.303079,E06000034,Thurrock,E06000034,Thurrock
RM3  0,51.593252,0.21464,E09000016,Havering,E09000016,Havering
RM3  3,51.605515,0.223887,E09000016,Havering,E09000016,Havering
RM3  7,51.596638,0.210141,E09000016,Havering,E09000016,Havering
RM3  8,51.594689,0.213323,E09000016,Havering,E09000016,Havering
RM3  9,51.61257,0.221719,E09000016,Havering,E09000016,Havering
RM4  1,51.651515,0.144532,E07000072,Epping Forest,E10000012,Essex
RM5  2,51.59708,0.162283,E09000016,Havering,E09000016,Havering
RM5  3,51.585071,0.172207,E09000016,Havering,E09000016,Havering
RM50 1,51.570252,0.170664,E09000016,Havering,E09000016,Havering
RM50 2,51.570252,0.170664,E09000016,Havering,E09000016,Havering
RM50 4,51.570252,0.170664,E09000016,Havering,E09000016,Havering
RM6  4,51.569758,0.128344,E09000026,Redbridge,E09000026,Redbridge
RM6  5,51.580358,0.132981,E09000026,Redbridge,E09000026,Redbridge
RM6  6,51.572375,0.148627,E09000002,Barking and Dagenham,E09000002,Barking and Dagenham
RM7  0,51.572442,0.180091,E09000016,Havering,E09000016,Havering
RM7  1,51.570143,0.170731,E09000016,Havering,E09000016,Havering
RM7  7,51.577848,0.174244,E09000016,Havering,E09000016,Havering
RM7  8,51.581877,0.164491,E09000016,Havering,E09000016,Havering
RM7  9,51.576932,0.176091,E09000016,Havering,E09000016,Havering
RM8  1,51.561353,0.147458,E09000002,Barking and Dagenham,E09000002,Barking and Dagenham
RM8  2,51.550997,0.122492,E09000002,Barking and Dagenham,E09000002,Barking and Dagenham
RM8  3,51.555004,0.141533,E09000002,Barking and Dagenham,E09000002,Barking and Dagenham
RM9  4,51.544067,0.122328,E09000002,Barking and Dagenham,E09000002,Barking and Dagenham
RM9  5,51.553079,0.143029,E09000002,Barking and Dagenham,E09000002,Barking and Dagenham
RM9  6,51.538277,0.129211,E09000002,Barking and Dagenham,E09000002,Barking and Dagenham
RM9  9,51.553494,0.141981,E09000002,Barking and Dagenham,E09000002,Barking and Dagenham
S1   1,53.381473,-1.464294,E08000039,Sheffield,E08000039,Sheffield
S1   2,53.383826,-1.461935,E08000039,Sheffield,E08000039,Sheffield
S1   3,53.380531,-1.470725,E08000039,Sheffield,E08000039,Sheffield
S1   4,53.381725,-1.476604,E08000039,Sheffield,E08000039,Sheffield
S1   9,53.380392,-1.46981,E08000039,Sheffield,E08000039,Sheffield
S10  1,53.371734,-1.525017,E08000039,Sheffield,E08000039,Sheffield
S10  2,53.379732,-1.502379,E08000039,Sheffield,E08000039,Sheffield
S10  3,53.377377,-1.502362,E08000039,Sheffield,E08000039,Sheffield
S10  4,53.363873,-1.566294,E08000039,Sheffield,E08000039,Sheffield
S10  5,53.380436,-1.505197,E08000039,Sheffield,E08000039,Sheffield
S10  9,53.37924,-1.516185,E08000039,Sheffield,E08000039,Sheffield
S11  0,53.363488,-1.508504,E08000039,Sheffield,E08000039,Sheffield
S11  7,53.366701,-1.507415,E08000039,Sheffield,E08000039,Sheffield
S11  8,53.367756,-1.476444,E08000039,Sheffield,E08000039,Sheffield
S11  9,53.363185,-1.492083,E08000039,Sheffield,E08000039,Sheffield
S12  2,53.36042,-1.427084,E08000039,Sheffield,E08000039,Sheffield
S12  3,53.343508,-1.402272,E08000039,Sheffield,E08000039,Sheffield
S12  4,53.347591,-1.362798,E08000039,Sheffield,E08000039,Sheffield
S12  9,53.360482,-1.425084,E08000039,Sheffield,E08000039,Sheffield
S13  7,53.355336,-1.362157,E08000039,Sheffield,E08000039,Sheffield
S13  8,53.361163,-1.420823,E08000039,Sheffield,E08000039,Sheffield
S13  9,53.376913,-1.392319,E08000039,Sheffield,E08000039,Sheffield
S14  1,53.339515,-1.450717,E08000039,Sheffield,E08000039,Sheffield
S17  3,53.336751,-1.538936,E08000039,Sheffield,E08000039,Sheffield
S17  4,53.312827,-1.54008,E08000039,Sheffield,E08000039,Sheffield
S17  9,53.326149,-1.517356,E08000039,Sheffield,E08000039,Sheffield
S18  1,53.304796,-1.483997,E07000038,North East Derbyshire,E10000007,Derbyshire
S18  2,53.300045,-1.452694,E07000038,North East Derbyshire,E10000007,Derbyshire
S18  3,53.314727,-1.461197,E07000038,North East Derbyshire,E10000007,Derbyshire
S18  4,53.290908,-1.442054,E07000038,North East Derbyshire,E10000007,Derbyshire
S18  5,53.290976,-1.442999,E07000038,North East Derbyshire,E10000007,Derbyshire
S18  6,53.314727,-1.461197,E07000038,North East Derbyshire,E10000007,Derbyshire
S18  7,53.261103,-1.525553,E07000038,North East Derbyshire,E10000007,Derbyshire
S18  8,53.310274,-1.512792,E07000038,North East Derbyshire,E10000007,Derbyshire
S18  9,53.300045,-1.452694,E07000038,North East Derbyshire,E10000007,Derbyshire
S19  5,53.325833,-1.361802,E08000039,Sheffield,E08000039,Sheffield
S19  6,53.352492,-1.339981,E08000039,Sheffield,E08000039,Sheffield
S2   1,53.372962,-1.416544,E08000039,Sheffield,E08000039,Sheffield
S2   2,53.358662,-1.448969,E08000039,Sheffield,E08000039,Sheffield
S2   3,53.362108,-1.471675,E08000039,Sheffield,E08000039,Sheffield
S2   4,53.376808,-1.464308,E08000039,Sheffield,E08000039,Sheffield
S2   5,53.383767,-1.448946,E08000039,Sheffield,E08000039,Sheffield
S2   9,53.381568,-1.463526,E08000039,Sheffield,E08000039,Sheffield
S20  1,53.352511,-1.340191,E08000039,Sheffield,E08000039,Sheffield
S20  2,53.338747,-1.335027,E08000039,Sheffield,E08000039,Sheffield
S20  3,53.332486,-1.338893,E08000039,Sheffield,E08000039,Sheffield
S20  4,53.322705,-1.340366,E08000039,Sheffield,E08000039,Sheffield
S20  5,53.325833,-1.361802,E08000039,Sheffield,E08000039,Sheffield
S20  6,53.340892,-1.377692,E08000039,Sheffield,E08000039,Sheffield
S20  7,53.344216,-1.36028,E08000039,Sheffield,E08000039,Sheffield
S20  8,53.332441,-1.338939,E08000039,Sheffield,E08000039,Sheffield
S20  9,53.332441,-1.338939,E08000039,Sheffield,E08000039,Sheffield
S21  1,53.320194,-1.317211,E07000038,North East Derbyshire,E10000007,Derbyshire
S21  2,53.318451,-1.297078,E07000038,North East Derbyshire,E10000007,Derbyshire
S21  3,53.295654,-1.323482,E07000038,North East Derbyshire,E10000007,Derbyshire
S21  4,53.305219,-1.361283,E07000038,North East Derbyshire,E10000007,Derbyshire
S21  5,53.309572,-1.387481,E07000038,North East Derbyshire,E10000007,Derbyshire
S25  1,53.386711,-1.218973,E08000018,Rotherham,E08000018,Rotherham
S25  2,53.364697,-1.198547,E08000018,Rotherham,E08000018,Rotherham
S25  3,53.377802,-1.228561,E08000018,Rotherham,E08000018,Rotherham
S25  4,53.365443,-1.235592,E08000018,Rotherham,E08000018,Rotherham
S25  5,53.347268,-1.228632,E08000018,Rotherham,E08000018,Rotherham
S25  9,53.36547,-1.235592,E08000018,Rotherham,E08000018,Rotherham
S26  1,53.364259,-1.263069,E08000018,Rotherham,E08000018,Rotherham
S26  2,53.364945,-1.301077,E08000018,Rotherham,E08000018,Rotherham
S26  3,53.380868,-1.30017,E08000018,Rotherham,E08000018,Rotherham
S26  4,53.363566,-1.315961,E08000018,Rotherham,E08000018,Rotherham
S26  5,53.341333,-1.287405,E08000018,Rotherham,E08000018,Rotherham
S26  6,53.339571,-1.256481,E08000018,Rotherham,E08000018,Rotherham
S26  7,53.314862,-1.262343,E08000018,Rotherham,E08000018,Rotherham
S3   7,53.385498,-1.472032,E08000039,Sheffield,E08000039,Sheffield
S3   8,53.395804,-1.485485,E08000039,Sheffield,E08000039,Sheffield
S3   9,53.399905,-1.469568,E08000039,Sheffield,E08000039,Sheffield
S30  1,53.315187,-1.703723,E07000035,Derbyshire Dales,E10000007,Derbyshire
S30  2,53.416389,-1.798335,E07000037,High Peak,E10000007,Derbyshire
S30  3,53.425056,-1.543899,E08000039,Sheffield,E08000039,Sheffield
S30  4,53.460498,-1.467594,E08000039,Sheffield,E08000039,Sheffield
S30  5,53.482148,-1.598303,E08000039,Sheffield,E08000039,Sheffield
S30  6,53.526356,-1.632338,E08000038,Barnsley,E08000038,Barnsley
S30  7,53.507522,-1.567033,E08000038,Barnsley,E08000038,Barnsley
S31  0,53.364892,-1.301153,E08000018,Rotherham,E08000018,Rotherham
S31  7,53.347369,-1.2289,E08000018,Rotherham,E08000018,Rotherham
S31  8,53.320203,-1.317241,E07000038,North East Derbyshire,E10000007,Derbyshire
S31  9,53.30521,-1.361253,E07000038,North East Derbyshire,E10000007,Derbyshire
S32  1,53.33047,-1.654382,E07000035,Derbyshire Dales,E10000007,Derbyshire
S32  2,53.296399,-1.634748,E07000035,Derbyshire Dales,E10000007,Derbyshire
S32  3,53.267878,-1.641003,E07000035,Derbyshire Dales,E10000007,Derbyshire
S32  4,53.275571,-1.655829,E07000035,Derbyshire Dales,E10000007,Derbyshire
S32  5,53.285627,-1.677303,E07000035,Derbyshire Dales,E10000007,Derbyshire
S33  0,53.348221,-1.689569,E07000037,High Peak,E10000007,Derbyshire
S33  6,53.348311,-1.74282,E07000037,High Peak,E10000007,Derbyshire
S33  7,53.363806,-1.793519,E07000037,High Peak,E10000007,Derbyshire
S33  8,53.348329,-1.74282,E07000037,High Peak,E10000007,Derbyshire
S33  9,53.328263,-1.741364,E07000035,Derbyshire Dales,E10000007,Derbyshire
S35  0,53.425065,-1.543854,E08000039,Sheffield,E08000039,Sheffield
S35  1,53.461795,-1.470258,E08000039,Sheffield,E08000039,Sheffield
S35  2,53.474891,-1.454066,E08000018,Rotherham,E08000018,Rotherham
S35  3,53.469587,-1.473988,E08000039,Sheffield,E08000039,Sheffield
S35  4,53.475759,-1.494161,E08000039,Sheffield,E08000039,Sheffield
S35  5,53.461795,-1.470258,E08000039,Sheffield,E08000039,Sheffield
S35  7,53.507459,-1.567215,E08000038,Barnsley,E08000038,Barnsley
S35  8,53.442565,-1.507292,E08000039,Sheffield,E08000039,Sheffield
S35  9,53.443874,-1.435418,E08000018,Rotherham,E08000018,Rotherham
S36  0,53.481476,-1.593623,E08000039,Sheffield,E08000039,Sheffield
S36  1,53.481494,-1.593653,E08000039,Sheffield,E08000039,Sheffield
S36  2,53.482697,-1.590643,E08000039,Sheffield,E08000039,Sheffield
S36  3,53.463933,-1.573697,E08000039,Sheffield,E08000039,Sheffield
S36  4,53.510615,-1.702908,E08000038,Barnsley,E08000038,Barnsley
S36  6,53.525288,-1.630055,E08000038,Barnsley,E08000038,Barnsley
S36  7,53.534089,-1.636224,E08000038,Barnsley,E08000038,Barnsley
S36  8,53.533988,-1.612719,E08000038,Barnsley,E08000038,Barnsley
S36  9,53.525221,-1.665488,E08000038,Barnsley,E08000038,Barnsley
S4   7,53.403791,-1.462059,E08000039,Sheffield,E08000039,Sheffield
S4   8,53.407624,-1.435596,E08000039,Sheffield,E08000039,Sheffield
S40  1,53.235358,-1.434582,E07000034,Chesterfield,E10000007,Derbyshire
S40  2,53.233782,-1.439681,E07000034,Chesterfield,E10000007,Derbyshire
S40  3,53.22585,-1.462223,E07000034,Chesterfield,E10000007,Derbyshire
S40  4,53.23846,-1.438541,E07000034,Chesterfield,E10000007,Derbyshire
S40  9,53.235358,-1.434597,E07000034,Chesterfield,E10000007,Derbyshire
S41  0,53.222969,-1.413521,E07000034,Chesterfield,E10000007,Derbyshire
S41  7,53.245995,-1.442938,E07000034,Chesterfield,E10000007,Derbyshire
S41  8,53.255464,-1.463351,E07000034,Chesterfield,E10000007,Derbyshire
S41  9,53.275272,-1.458604,E07000034,Chesterfield,E10000007,Derbyshire
S42  5,53.198832,-1.398596,E07000038,North East Derbyshire,E10000007,Derbyshire
S42  6,53.178843,-1.437913,E07000038,North East Derbyshire,E10000007,Derbyshire
S42  7,53.221937,-1.475721,E07000034,Chesterfield,E10000007,Derbyshire
S43  1,53.255231,-1.401013,E07000034,Chesterfield,E10000007,Derbyshire
S43  2,53.274313,-1.404404,E07000034,Chesterfield,E10000007,Derbyshire
S43  3,53.275311,-1.321658,E07000034,Chesterfield,E10000007,Derbyshire
S43  4,53.278874,-1.257023,E07000033,Bolsover,E10000007,Derbyshire
S43  9,53.274084,-1.348294,E07000034,Chesterfield,E10000007,Derbyshire
S44  5,53.233616,-1.389209,E07000038,North East Derbyshire,E10000007,Derbyshire
S44  6,53.26075,-1.28645,E07000033,Bolsover,E10000007,Derbyshire
S44  9,53.229075,-1.293193,E07000033,Bolsover,E10000007,Derbyshire
S45  0,53.164701,-1.479141,E07000038,North East Derbyshire,E10000007,Derbyshire
S45  8,53.160175,-1.355001,E07000038,North East Derbyshire,E10000007,Derbyshire
S45  9,53.171044,-1.408933,E07000038,North East Derbyshire,E10000007,Derbyshire
S49  1,53.235358,-1.434582,E07000034,Chesterfield,E10000007,Derbyshire
S5   0,53.436147,-1.44568,E08000039,Sheffield,E08000039,Sheffield
S5   5,53.423296,-1.454138,E08000039,Sheffield,E08000039,Sheffield
S5   6,53.418194,-1.433651,E08000039,Sheffield,E08000039,Sheffield
S5   7,53.405478,-1.455494,E08000039,Sheffield,E08000039,Sheffield
S5   8,53.427345,-1.481462,E08000039,Sheffield,E08000039,Sheffield
S5   9,53.43416,-1.479679,E08000039,Sheffield,E08000039,Sheffield
S6   1,53.425459,-1.492246,E08000039,Sheffield,E08000039,Sheffield
S6   2,53.409905,-1.499908,E08000039,Sheffield,E08000039,Sheffield
S6   3,53.391087,-1.477707,E08000039,Sheffield,E08000039,Sheffield
S6   4,53.415991,-1.513002,E08000039,Sheffield,E08000039,Sheffield
S6   5,53.388247,-1.525285,E08000039,Sheffield,E08000039,Sheffield
S6   6,53.392586,-1.533628,E08000039,Sheffield,E08000039,Sheffield
S6   9,53.400624,-1.49233,E08000039,Sheffield,E08000039,Sheffield
S60  1,53.429176,-1.358345,E08000018,Rotherham,E08000018,Rotherham
S60  2,53.426315,-1.352971,E08000018,Rotherham,E08000018,Rotherham
S60  3,53.417951,-1.338923,E08000018,Rotherham,E08000018,Rotherham
S60  4,53.412609,-1.320832,E08000018,Rotherham,E08000018,Rotherham
S60  5,53.386515,-1.387432,E08000018,Rotherham,E08000018,Rotherham
S60  8,53.381044,-1.372417,E08000018,Rotherham,E08000018,Rotherham
S60  9,53.429176,-1.358345,E08000018,Rotherham,E08000018,Rotherham
S61  1,53.430204,-1.372568,E08000018,Rotherham,E08000018,Rotherham
S61  2,53.444668,-1.408112,E08000018,Rotherham,E08000018,Rotherham
S61  3,53.446213,-1.395248,E08000018,Rotherham,E08000018,Rotherham
S61  4,53.452447,-1.37864,E08000018,Rotherham,E08000018,Rotherham
S62  5,53.461487,-1.342948,E08000018,Rotherham,E08000018,Rotherham
S62  6,53.459338,-1.339457,E08000018,Rotherham,E08000018,Rotherham
S62  7,53.464934,-1.342006,E08000018,Rotherham,E08000018,Rotherham
S63  0,53.548783,-1.313797,E08000038,Barnsley,E08000038,Barnsley
S63  3,53.504385,-1.329047,E08000018,Rotherham,E08000018,Rotherham
S63  5,53.504385,-1.329047,E08000018,Rotherham,E08000018,Rotherham
S63  6,53.500816,-1.366852,E08000018,Rotherham,E08000018,Rotherham
S63  7,53.501229,-1.336937,E08000018,Rotherham,E08000018,Rotherham
S63  8,53.518538,-1.315582,E08000038,Barnsley,E08000038,Barnsley
S63  9,53.533412,-1.307451,E08000038,Barnsley,E08000038,Barnsley
S64  0,53.492999,-1.266704,E08000017,Doncaster,E08000017,Doncaster
S64  5,53.468767,-1.328103,E08000018,Rotherham,E08000018,Rotherham
S64  8,53.489449,-1.299802,E08000018,Rotherham,E08000018,Rotherham
S64  9,53.493733,-1.293039,E08000017,Doncaster,E08000017,Doncaster
S65  1,53.430736,-1.356034,E08000018,Rotherham,E08000018,Rotherham
S65  2,53.429843,-1.348793,E08000018,Rotherham,E08000018,Rotherham
S65  3,53.420696,-1.325082,E08000018,Rotherham,E08000018,Rotherham
S65  4,53.446984,-1.306975,E08000018,Rotherham,E08000018,Rotherham
S66  0,53.420757,-1.284438,E08000018,Rotherham,E08000018,Rotherham
S66  1,53.420748,-1.284498,E08000018,Rotherham,E08000018,Rotherham
S66  2,53.419781,-1.300389,E08000018,Rotherham,E08000018,Rotherham
S66  3,53.427905,-1.26698,E08000018,Rotherham,E08000018,Rotherham
S66  6,53.423636,-1.195874,E08000018,Rotherham,E08000018,Rotherham
S66  7,53.437313,-1.192591,E08000017,Doncaster,E08000017,Doncaster
S66  8,53.423254,-1.205844,E08000018,Rotherham,E08000018,Rotherham
S66  9,53.396705,-1.256748,E08000018,Rotherham,E08000018,Rotherham
S7   1,53.364226,-1.48325,E08000039,Sheffield,E08000039,Sheffield
S7   2,53.350196,-1.4941,E08000039,Sheffield,E08000039,Sheffield
S70  1,53.551636,-1.482799,E08000038,Barnsley,E08000038,Barnsley
S70  2,53.553126,-1.482237,E08000038,Barnsley,E08000038,Barnsley
S70  3,53.545504,-1.451996,E08000038,Barnsley,E08000038,Barnsley
S70  4,53.533756,-1.459842,E08000038,Barnsley,E08000038,Barnsley
S70  5,53.53133,-1.467974,E08000038,Barnsley,E08000038,Barnsley
S70  6,53.551407,-1.4881,E08000038,Barnsley,E08000038,Barnsley
S70  9,53.551734,-1.482451,E08000038,Barnsley,E08000038,Barnsley
S71  1,53.550509,-1.475704,E08000038,Barnsley,E08000038,Barnsley
S71  2,53.561615,-1.46675,E08000038,Barnsley,E08000038,Barnsley
S71  3,53.579632,-1.478033,E08000038,Barnsley,E08000038,Barnsley
S71  4,53.599441,-1.445907,E08000038,Barnsley,E08000038,Barnsley
S71  5,53.54693,-1.439512,E08000038,Barnsley,E08000038,Barnsley
S72  0,53.554777,-1.352434,E08000038,Barnsley,E08000038,Barnsley
S72  7,53.580212,-1.381045,E08000038,Barnsley,E08000038,Barnsley
S72  8,53.583727,-1.413501,E08000038,Barnsley,E08000038,Barnsley
S72  9,53.607629,-1.39937,E08000036,Wakefield,E08000036,Wakefield
S73  0,53.522361,-1.39804,E08000038,Barnsley,E08000038,Barnsley
S73  3,53.522894,-1.398621,E08000038,Barnsley,E08000038,Barnsley
S73  8,53.522983,-1.398544,E08000038,Barnsley,E08000038,Barnsley
S73  9,53.534183,-1.375726,E08000038,Barnsley,E08000038,Barnsley
S74  0,53.498249,-1.461393,E08000038,Barnsley,E08000038,Barnsley
S74  8,53.499508,-1.417238,E08000038,Barnsley,E08000038,Barnsley
S74  9,53.500691,-1.439217,E08000038,Barnsley,E08000038,Barnsley
S75  1,53.563946,-1.494501,E08000038,Barnsley,E08000038,Barnsley
S75  2,53.55519,-1.491994,E08000038,Barnsley,E08000038,Barnsley
S75  3,53.487373,-1.451389,E08000038,Barnsley,E08000038,Barnsley
S75  4,53.562837,-1.582141,E08000038,Barnsley,E08000038,Barnsley
S75  5,53.585685,-1.526479,E08000038,Barnsley,E08000038,Barnsley
S75  6,53.58542,-1.503203,E08000038,Barnsley,E08000038,Barnsley
S8   0,53.362539,-1.475531,E08000039,Sheffield,E08000039,Sheffield
S8   2,53.350838,-1.484298,E08000039,Sheffield,E08000039,Sheffield
S8   7,53.338712,-1.482311,E08000039,Sheffield,E08000039,Sheffield
S8   8,53.334887,-1.460868,E08000039,Sheffield,E08000039,Sheffield
S8   9,53.35848,-1.474484,E08000039,Sheffield,E08000039,Sheffield
S80  1,53.305315,-1.122884,E07000171,Bassetlaw,E10000024,Nottinghamshire
S80  2,53.302535,-1.12138,E07000171,Bassetlaw,E10000024,Nottinghamshire
S80  3,53.300736,-1.142214,E07000171,Bassetlaw,E10000024,Nottinghamshire
S80  4,53.26312,-1.210145,E07000033,Bolsover,E10000007,Derbyshire
S80  7,53.312867,-1.127922,E07000171,Bassetlaw,E10000024,Nottinghamshire
S80  9,53.304908,-1.122592,E07000171,Bassetlaw,E10000024,Nottinghamshire
S81  0,53.311411,-1.11707,E07000171,Bassetlaw,E10000024,Nottinghamshire
S81  7,53.311278,-1.120915,E07000171,Bassetlaw,E10000024,Nottinghamshire
S81  8,53.326784,-1.153253,E07000171,Bassetlaw,E10000024,Nottinghamshire
S81  9,53.357023,-1.112507,E07000171,Bassetlaw,E10000024,Nottinghamshire
S9   1,53.410113,-1.433623,E08000039,Sheffield,E08000039,Sheffield
S9   2,53.396904,-1.42879,E08000039,Sheffield,E08000039,Sheffield
S9   3,53.388877,-1.427033,E08000039,Sheffield,E08000039,Sheffield
S9   4,53.381524,-1.399545,E08000039,Sheffield,E08000039,Sheffield
S9   5,53.392966,-1.424993,E08000039,Sheffield,E08000039,Sheffield
S9   9,53.394845,-1.430607,E08000039,Sheffield,E08000039,Sheffield
S95  1,53.404257,-1.430827,E08000039,Sheffield,E08000039,Sheffield
S96  5,53.401895,-1.423579,E08000039,Sheffield,E08000039,Sheffield
S97  3,53.508623,-1.332931,E08000018,Rotherham,E08000018,Rotherham
S98  1,53.404257,-1.430827,E08000039,Sheffield,E08000039,Sheffield
S98  6,53.404257,-1.430827,E08000039,Sheffield,E08000039,Sheffield
S99  1,53.403685,-1.431407,E08000039,Sheffield,E08000039,Sheffield
S99  2,53.404312,-1.431007,E08000039,Sheffield,E08000039,Sheffield
S99  3,53.404312,-1.431007,E08000039,Sheffield,E08000039,Sheffield
SA1  1,51.647989,-3.923604,W06000011,Swansea,W06000011,Swansea
SA1  2,51.624169,-3.938301,W06000011,Swansea,W06000011,Swansea
SA1  3,51.619412,-3.944281,W06000011,Swansea,W06000011,Swansea
SA1  4,51.61866,-3.951096,W06000011,Swansea,W06000011,Swansea
SA1  5,51.623573,-3.942234,W06000011,Swansea,W06000011,Swansea
SA1  6,51.62225,-3.947754,W06000011,Swansea,W06000011,Swansea
SA1  7,51.638662,-3.925363,W06000011,Swansea,W06000011,Swansea
SA1  8,51.617532,-3.926866,W06000011,Swansea,W06000011,Swansea
SA1  9,51.647963,-3.924051,W06000011,Swansea,W06000011,Swansea
SA10 6,51.655736,-3.845991,W06000012,Neath Port Talbot,W06000012,Neath Port Talbot
SA10 7,51.672266,-3.808265,W06000012,Neath Port Talbot,W06000012,Neath Port Talbot
SA10 8,51.699801,-3.810635,W06000012,Neath Port Talbot,W06000012,Neath Port Talbot
SA10 9,51.765131,-3.710906,W06000012,Neath Port Talbot,W06000012,Neath Port Talbot
SA11 1,51.65657,-3.806238,W06000012,Neath Port Talbot,W06000012,Neath Port Talbot
SA11 2,51.649382,-3.811127,W06000012,Neath Port Talbot,W06000012,Neath Port Talbot
SA11 3,51.66211,-3.801556,W06000012,Neath Port Talbot,W06000012,Neath Port Talbot
SA11 4,51.709548,-3.694941,W06000012,Neath Port Talbot,W06000012,Neath Port Talbot
SA11 5,51.747084,-3.622046,W06000012,Neath Port Talbot,W06000012,Neath Port Talbot
SA11 9,51.661658,-3.806932,W06000012,Neath Port Talbot,W06000012,Neath Port Talbot
SA12 6,51.592443,-3.799954,W06000012,Neath Port Talbot,W06000012,Neath Port Talbot
SA12 7,51.604106,-3.814511,W06000012,Neath Port Talbot,W06000012,Neath Port Talbot
SA12 8,51.600307,-3.789075,W06000012,Neath Port Talbot,W06000012,Neath Port Talbot
SA12 9,51.611209,-3.759664,W06000012,Neath Port Talbot,W06000012,Neath Port Talbot
SA13 1,51.592173,-3.778158,W06000012,Neath Port Talbot,W06000012,Neath Port Talbot
SA13 2,51.577573,-3.759995,W06000012,Neath Port Talbot,W06000012,Neath Port Talbot
SA13 3,51.675441,-3.628105,W06000012,Neath Port Talbot,W06000012,Neath Port Talbot
SA13 9,51.592358,-3.778988,W06000012,Neath Port Talbot,W06000012,Neath Port Talbot
SA14 6,51.755328,-4.117311,W06000010,Carmarthenshire,W06000010,Carmarthenshire
SA14 7,51.798427,-4.133876,W06000010,Carmarthenshire,W06000010,Carmarthenshire
SA14 8,51.693185,-4.145287,W06000010,Carmarthenshire,W06000010,Carmarthenshire
SA14 9,51.684621,-4.121662,W06000010,Carmarthenshire,W06000010,Carmarthenshire
SA15 1,51.680617,-4.163224,W06000010,Carmarthenshire,W06000010,Carmarthenshire
SA15 2,51.672904,-4.15765,W06000010,Carmarthenshire,W06000010,Carmarthenshire
SA15 3,51.681053,-4.164937,W06000010,Carmarthenshire,W06000010,Carmarthenshire
SA15 4,51.687675,-4.191412,W06000010,Carmarthenshire,W06000010,Carmarthenshire
SA15 5,51.78156,-4.162744,W06000010,Carmarthenshire,W06000010,Carmarthenshire
SA15 9,51.680659,-4.166756,W06000010,Carmarthenshire,W06000010,Carmarthenshire
SA16 0,51.685995,-4.252168,W06000010,Carmarthenshire,W06000010,Carmarthenshire
SA17 4,51.720084,-4.241989,W06000010,Carmarthenshire,W06000010,Carmarthenshire
SA17 5,51.743747,-4.302265,W06000010,Carmarthenshire,W06000010,Carmarthenshire
SA18 1,51.8129,-3.867874,W06000010,Carmarthenshire,W06000010,Carmarthenshire
SA18 2,51.789706,-3.929268,W06000010,Carmarthenshire,W06000010,Carmarthenshire
SA18 3,51.794257,-3.992328,W06000010,Carmarthenshire,W06000010,Carmarthenshire
SA18 9,51.791684,-3.984413,W06000010,Carmarthenshire,W06000010,Carmarthenshire
SA19 0,51.891375,-3.988512,W06000010,Carmarthenshire,W06000010,Carmarthenshire
SA19 6,51.882496,-3.993554,W06000010,Carmarthenshire,W06000010,Carmarthenshire
SA19 7,51.899922,-4.040782,W06000010,Carmarthenshire,W06000010,Carmarthenshire
SA19 8,51.969007,-3.875538,W06000010,Carmarthenshire,W06000010,Carmarthenshire
SA19 9,51.938977,-3.883713,W06000010,Carmarthenshire,W06000010,Carmarthenshire
SA2  0,51.617383,-3.966743,W06000011,Swansea,W06000011,Swansea
SA2  6,51.625928,-3.948822,W06000011,Swansea,W06000011,Swansea
SA2  7,51.620063,-4.002888,W06000011,Swansea,W06000011,Swansea
SA2  8,51.613104,-3.99224,W06000011,Swansea,W06000011,Swansea
SA2  9,51.617187,-3.987449,W06000011,Swansea,W06000011,Swansea
SA20 0,51.993929,-3.796757,W06000010,Carmarthenshire,W06000010,Carmarthenshire
SA20 9,51.993753,-3.791739,W06000010,Carmarthenshire,W06000010,Carmarthenshire
SA3  1,51.588751,-4.195901,W06000011,Swansea,W06000011,Swansea
SA3  2,51.580223,-4.067344,W06000011,Swansea,W06000011,Swansea
SA3  3,51.577429,-4.026444,W06000011,Swansea,W06000011,Swansea
SA3  4,51.574885,-3.999632,W06000011,Swansea,W06000011,Swansea
SA3  5,51.583999,-4.002053,W06000011,Swansea,W06000011,Swansea
SA3  9,51.574717,-3.998441,W06000011,Swansea,W06000011,Swansea
SA31 1,51.85686,-4.304957,W06000010,Carmarthenshire,W06000010,Carmarthenshire
SA31 2,51.866067,-4.288941,W06000010,Carmarthenshire,W06000010,Carmarthenshire
SA31 3,51.85406,-4.311538,W06000010,Carmarthenshire,W06000010,Carmarthenshire
SA31 9,51.850859,-4.305565,W06000010,Carmarthenshire,W06000010,Carmarthenshire
SA32 7,51.885575,-4.268817,W06000010,Carmarthenshire,W06000010,Carmarthenshire
SA32 8,51.857431,-4.271947,W06000010,Carmarthenshire,W06000010,Carmarthenshire
SA33 4,51.819872,-4.495747,W06000010,Carmarthenshire,W06000010,Carmarthenshire
SA33 5,51.829029,-4.341301,W06000010,Carmarthenshire,W06000010,Carmarthenshire
SA33 6,51.874072,-4.350397,W06000010,Carmarthenshire,W06000010,Carmarthenshire
SA34 0,51.818993,-4.61517,W06000010,Carmarthenshire,W06000010,Carmarthenshire
SA35 0,51.988064,-4.505207,W06000009,Pembrokeshire,W06000009,Pembrokeshire
SA36 0,51.956462,-4.607953,W06000009,Pembrokeshire,W06000009,Pembrokeshire
SA37 0,52.014672,-4.622618,W06000009,Pembrokeshire,W06000009,Pembrokeshire
SA38 9,52.039163,-4.467233,W06000010,Carmarthenshire,W06000010,Carmarthenshire
SA39 9,52.004426,-4.264347,W06000010,Carmarthenshire,W06000010,Carmarthenshire
SA4  0,51.714088,-4.063762,W06000010,Carmarthenshire,W06000010,Carmarthenshire
SA4  1,51.668887,-4.011594,W06000011,Swansea,W06000011,Swansea
SA4  2,51.668169,-4.041208,W06000011,Swansea,W06000011,Swansea
SA4  3,51.653399,-4.036786,W06000011,Swansea,W06000011,Swansea
SA4  4,51.66817,-4.04115,W06000011,Swansea,W06000011,Swansea
SA4  5,51.666267,-4.017016,W06000011,Swansea,W06000011,Swansea
SA4  6,51.661003,-4.044255,W06000011,Swansea,W06000011,Swansea
SA4  8,51.716832,-4.042605,W06000011,Swansea,W06000011,Swansea
SA4  9,51.668897,-4.012621,W06000011,Swansea,W06000011,Swansea
SA40 9,52.071286,-4.149081,W06000010,Carmarthenshire,W06000010,Carmarthenshire
SA41 3,51.972272,-4.646599,W06000009,Pembrokeshire,W06000009,Pembrokeshire
SA42 0,52.013413,-4.896594,W06000009,Pembrokeshire,W06000009,Pembrokeshire
SA43 1,52.086402,-4.657085,W06000008,Ceredigion,W06000008,Ceredigion
SA43 2,52.089443,-4.613556,W06000008,Ceredigion,W06000008,Ceredigion
SA43 3,52.080089,-4.66103,W06000008,Ceredigion,W06000008,Ceredigion
SA43 9,52.082685,-4.657185,W06000008,Ceredigion,W06000008,Ceredigion
SA44 4,52.03794,-4.313022,W06000010,Carmarthenshire,W06000010,Carmarthenshire
SA44 5,52.017503,-4.32972,W06000010,Carmarthenshire,W06000010,Carmarthenshire
SA44 6,52.118972,-4.440975,W06000008,Ceredigion,W06000008,Ceredigion
SA44 9,52.057784,-4.342742,W06000008,Ceredigion,W06000008,Ceredigion
SA45 9,52.214747,-4.358533,W06000008,Ceredigion,W06000008,Ceredigion
SA46 0,52.243094,-4.258609,W06000008,Ceredigion,W06000008,Ceredigion
SA47 0,52.193932,-4.312056,W06000008,Ceredigion,W06000008,Ceredigion
SA48 7,52.111906,-4.077205,W06000008,Ceredigion,W06000008,Ceredigion
SA48 8,52.123839,-4.095978,W06000008,Ceredigion,W06000008,Ceredigion
SA48 9,52.113577,-4.078349,W06000008,Ceredigion,W06000008,Ceredigion
SA5  4,51.641372,-3.97706,W06000011,Swansea,W06000011,Swansea
SA5  5,51.644895,-3.972386,W06000011,Swansea,W06000011,Swansea
SA5  7,51.648955,-3.964641,W06000011,Swansea,W06000011,Swansea
SA5  8,51.645904,-3.970175,W06000011,Swansea,W06000011,Swansea
SA5  9,51.650961,-3.95815,W06000011,Swansea,W06000011,Swansea
SA6  5,51.682572,-3.911559,W06000011,Swansea,W06000011,Swansea
SA6  6,51.667068,-3.92489,W06000011,Swansea,W06000011,Swansea
SA6  7,51.666931,-3.926677,W06000011,Swansea,W06000011,Swansea
SA6  8,51.664339,-3.924065,W06000011,Swansea,W06000011,Swansea
SA61 1,51.801362,-4.96755,W06000009,Pembrokeshire,W06000009,Pembrokeshire
SA61 2,51.802279,-4.968626,W06000009,Pembrokeshire,W06000009,Pembrokeshire
SA61 9,51.79254,-4.979241,W06000009,Pembrokeshire,W06000009,Pembrokeshire
SA62 3,51.78674,-5.020045,W06000009,Pembrokeshire,W06000009,Pembrokeshire
SA62 4,51.791698,-4.945566,W06000009,Pembrokeshire,W06000009,Pembrokeshire
SA62 5,51.904582,-5.07167,W06000009,Pembrokeshire,W06000009,Pembrokeshire
SA62 6,51.821863,-5.019666,W06000009,Pembrokeshire,W06000009,Pembrokeshire
SA63 4,51.851777,-4.879126,W06000009,Pembrokeshire,W06000009,Pembrokeshire
SA64 0,52.002307,-4.9961,W06000009,Pembrokeshire,W06000009,Pembrokeshire
SA65 0,51.996086,-4.977589,W06000009,Pembrokeshire,W06000009,Pembrokeshire
SA65 9,51.995785,-4.977759,W06000009,Pembrokeshire,W06000009,Pembrokeshire
SA66 7,51.928353,-4.803317,W06000009,Pembrokeshire,W06000009,Pembrokeshire
SA67 7,51.80052,-4.743824,W06000009,Pembrokeshire,W06000009,Pembrokeshire
SA67 8,51.790233,-4.817482,W06000009,Pembrokeshire,W06000009,Pembrokeshire
SA67 9,51.800043,-4.743462,W06000009,Pembrokeshire,W06000009,Pembrokeshire
SA68 0,51.733053,-4.724367,W06000009,Pembrokeshire,W06000009,Pembrokeshire
SA69 9,51.713898,-4.701731,W06000009,Pembrokeshire,W06000009,Pembrokeshire
SA7  0,51.668677,-3.905637,W06000011,Swansea,W06000011,Swansea
SA7  4,51.70444,-4.706291,W06000009,Pembrokeshire,W06000009,Pembrokeshire
SA7  9,51.661639,-3.909868,W06000011,Swansea,W06000011,Swansea
SA70 7,51.67192,-4.699217,W06000009,Pembrokeshire,W06000009,Pembrokeshire
SA70 8,51.674092,-4.702543,W06000009,Pembrokeshire,W06000009,Pembrokeshire
SA70 9,51.672834,-4.703263,W06000009,Pembrokeshire,W06000009,Pembrokeshire
SA71 4,51.673499,-4.90806,W06000009,Pembrokeshire,W06000009,Pembrokeshire
SA71 5,51.662445,-5.023383,W06000009,Pembrokeshire,W06000009,Pembrokeshire
SA72 4,51.694306,-4.927455,W06000009,Pembrokeshire,W06000009,Pembrokeshire
SA72 6,51.687199,-4.972954,W06000009,Pembrokeshire,W06000009,Pembrokeshire
SA72 9,51.693673,-4.941597,W06000009,Pembrokeshire,W06000009,Pembrokeshire
SA73 1,51.720315,-5.023334,W06000009,Pembrokeshire,W06000009,Pembrokeshire
SA73 2,51.713378,-5.037408,W06000009,Pembrokeshire,W06000009,Pembrokeshire
SA73 3,51.711851,-5.03803,W06000009,Pembrokeshire,W06000009,Pembrokeshire
SA73 9,51.792569,-4.979156,W06000009,Pembrokeshire,W06000009,Pembrokeshire
SA8  3,51.716576,-3.848483,W06000012,Neath Port Talbot,W06000012,Neath Port Talbot
SA8  4,51.718187,-3.855773,W06000012,Neath Port Talbot,W06000012,Neath Port Talbot
SA8  9,51.721907,-3.845718,W06000012,Neath Port Talbot,W06000012,Neath Port Talbot
SA80 8,51.647963,-3.924051,W06000011,Swansea,W06000011,Swansea
SA9  1,51.773184,-3.753854,W06000023,Powys,W06000023,Powys
SA9  2,51.765715,-3.787665,W06000012,Neath Port Talbot,W06000012,Neath Port Talbot
SA9  5,51.721915,-3.845747,W06000012,Neath Port Talbot,W06000012,Neath Port Talbot
SA99 1,51.670002,-3.945464,W06000011,Swansea,W06000011,Swansea
SE1  0,51.498709,-0.101747,E09000028,Southwark,E09000028,Southwark
SE1  1,51.502092,-0.091895,E09000028,Southwark,E09000028,Southwark
SE1  2,51.504853,-0.078667,E09000028,Southwark,E09000028,Southwark
SE1  3,51.496337,-0.079817,E09000028,Southwark,E09000028,Southwark
SE1  4,51.496265,-0.09136,E09000028,Southwark,E09000028,Southwark
SE1  5,51.486973,-0.074694,E09000028,Southwark,E09000028,Southwark
SE1  6,51.49809,-0.096874,E09000028,Southwark,E09000028,Southwark
SE1  7,51.502142,-0.110552,E09000022,Lambeth,E09000022,Lambeth
SE1  8,51.503872,-0.103463,E09000028,Southwark,E09000028,Southwark
SE1  9,51.505109,-0.091048,E09000028,Southwark,E09000028,Southwark
SE10 0,51.487122,0.00331,E09000011,Greenwich,E09000011,Greenwich
SE10 1,51.489388,0.01803,E09000011,Greenwich,E09000011,Greenwich
SE10 8,51.472256,-0.012461,E09000023,Lewisham,E09000023,Lewisham
SE10 9,51.484036,-0.000786,E09000011,Greenwich,E09000011,Greenwich
SE11 4,51.485574,-0.109754,E09000022,Lambeth,E09000022,Lambeth
SE11 5,51.484791,-0.119796,E09000022,Lambeth,E09000022,Lambeth
SE11 6,51.491351,-0.115032,E09000022,Lambeth,E09000022,Lambeth
SE11 9,51.48915,-0.098428,E09000028,Southwark,E09000028,Southwark
SE12 0,51.449266,0.013094,E09000023,Lewisham,E09000023,Lewisham
SE12 2,51.449793,0.052711,E09000011,Greenwich,E09000011,Greenwich
SE12 8,51.450752,0.014038,E09000023,Lewisham,E09000023,Lewisham
SE12 9,51.449151,0.023408,E09000011,Greenwich,E09000011,Greenwich
SE13 5,51.4596,-0.005943,E09000023,Lewisham,E09000023,Lewisham
SE13 6,51.46025,-0.010838,E09000023,Lewisham,E09000023,Lewisham
SE13 7,51.460568,-0.016884,E09000023,Lewisham,E09000023,Lewisham
SE13 9,51.45924,-0.013329,E09000023,Lewisham,E09000023,Lewisham
SE14 5,51.474776,-0.046811,E09000023,Lewisham,E09000023,Lewisham
SE14 6,51.474899,-0.039634,E09000023,Lewisham,E09000023,Lewisham
SE14 9,51.474646,-0.045492,E09000023,Lewisham,E09000023,Lewisham
SE15 1,51.476811,-0.068138,E09000028,Southwark,E09000028,Southwark
SE15 2,51.470878,-0.062283,E09000028,Southwark,E09000028,Southwark
SE15 3,51.459322,-0.056842,E09000028,Southwark,E09000028,Southwark
SE15 4,51.467444,-0.073832,E09000028,Southwark,E09000028,Southwark
SE15 5,51.471465,-0.070624,E09000028,Southwark,E09000028,Southwark
SE15 6,51.47802,-0.074394,E09000028,Southwark,E09000028,Southwark
SE15 9,51.471767,-0.070899,E09000028,Southwark,E09000028,Southwark
SE16 1,51.491798,-0.042395,E09000028,Southwark,E09000028,Southwark
SE16 2,51.491923,-0.045617,E09000028,Southwark,E09000028,Southwark
SE16 3,51.486898,-0.058147,E09000028,Southwark,E09000028,Southwark
SE16 4,51.496279,-0.066969,E09000028,Southwark,E09000028,Southwark
SE16 5,51.499203,-0.035147,E09000028,Southwark,E09000028,Southwark
SE16 6,51.50032,-0.042793,E09000028,Southwark,E09000028,Southwark
SE16 7,51.491798,-0.042395,E09000028,Southwark,E09000028,Southwark
SE16 9,51.492763,-0.080126,E09000028,Southwark,E09000028,Southwark
SE17 1,51.489349,-0.091332,E09000028,Southwark,E09000028,Southwark
SE17 2,51.489088,-0.085797,E09000028,Southwark,E09000028,Southwark
SE17 3,51.48915,-0.098428,E09000028,Southwark,E09000028,Southwark
SE17 9,51.48915,-0.098428,E09000028,Southwark,E09000028,Southwark
SE18 1,51.484461,0.08476,E09000011,Greenwich,E09000011,Greenwich
SE18 2,51.482267,0.098905,E09000011,Greenwich,E09000011,Greenwich
SE18 3,51.479757,0.075199,E09000011,Greenwich,E09000011,Greenwich
SE18 4,51.470846,0.055211,E09000011,Greenwich,E09000011,Greenwich
SE18 5,51.493691,0.057089,E09000011,Greenwich,E09000011,Greenwich
SE18 6,51.486757,0.066341,E09000011,Greenwich,E09000011,Greenwich
SE18 7,51.487957,0.073223,E09000011,Greenwich,E09000011,Greenwich
SE18 9,51.489548,0.067173,E09000011,Greenwich,E09000011,Greenwich
SE19 1,51.420962,-0.086042,E09000022,Lambeth,E09000022,Lambeth
SE19 2,51.419477,-0.077158,E09000006,Bromley,E09000006,Bromley
SE19 3,51.418981,-0.079796,E09000008,Croydon,E09000008,Croydon
SE19 9,51.41893,-0.083293,E09000008,Croydon,E09000008,Croydon
SE1P 4,51.492763,-0.080126,E09000028,Southwark,E09000028,Southwark
SE1P 5,51.492763,-0.080126,E09000028,Southwark,E09000028,Southwark
SE1P 6,51.492763,-0.080126,E09000028,Southwark,E09000028,Southwark
SE2  0,51.481604,0.12274,E09000004,Bexley,E09000004,Bexley
SE2  8,51.498489,0.104477,E09000011,Greenwich,E09000011,Greenwich
SE2  9,51.492673,0.119321,E09000011,Greenwich,E09000011,Greenwich
SE20 7,51.409106,-0.059043,E09000006,Bromley,E09000006,Bromley
SE20 8,51.415205,-0.053708,E09000006,Bromley,E09000006,Bromley
SE20 9,51.415205,-0.053708,E09000006,Bromley,E09000006,Bromley
SE21 7,51.434204,-0.0852,E09000028,Southwark,E09000028,Southwark
SE21 8,51.439379,-0.088768,E09000028,Southwark,E09000028,Southwark
SE21 9,51.436412,-0.087137,E09000028,Southwark,E09000028,Southwark
SE22 0,51.447688,-0.072245,E09000028,Southwark,E09000028,Southwark
SE22 2,51.454245,-0.072905,E09000028,Southwark,E09000028,Southwark
SE22 8,51.463869,-0.083369,E09000028,Southwark,E09000028,Southwark
SE22 9,51.458871,-0.07258,E09000028,Southwark,E09000028,Southwark
SE23 1,51.443737,-0.049272,E09000023,Lewisham,E09000023,Lewisham
SE23 2,51.440883,-0.038314,E09000023,Lewisham,E09000023,Lewisham
SE23 3,51.445737,-0.052742,E09000023,Lewisham,E09000023,Lewisham
SE23 9,51.437113,-0.053295,E09000023,Lewisham,E09000023,Lewisham
SE24 0,51.464001,-0.093124,E09000022,Lambeth,E09000022,Lambeth
SE24 4,51.473915,-0.0967,E09000028,Southwark,E09000028,Southwark
SE24 9,51.450613,-0.10049,E09000028,Southwark,E09000028,Southwark
SE25 4,51.40169,-0.076092,E09000008,Croydon,E09000008,Croydon
SE25 5,51.39691,-0.077457,E09000008,Croydon,E09000008,Croydon
SE25 6,51.400149,-0.07643,E09000008,Croydon,E09000008,Croydon
SE25 9,51.399523,-0.079964,E09000008,Croydon,E09000008,Croydon
SE26 4,51.429772,-0.046069,E09000023,Lewisham,E09000023,Lewisham
SE26 5,51.429071,-0.035885,E09000023,Lewisham,E09000023,Lewisham
SE26 6,51.430913,-0.073182,E09000023,Lewisham,E09000023,Lewisham
SE26 9,51.437113,-0.053295,E09000023,Lewisham,E09000023,Lewisham
SE27 0,51.436516,-0.105132,E09000022,Lambeth,E09000022,Lambeth
SE27 7,51.429605,-0.099347,E09000022,Lambeth,E09000022,Lambeth
SE27 9,51.433925,-0.103973,E09000022,Lambeth,E09000022,Lambeth
SE28 0,51.492037,0.087094,E09000011,Greenwich,E09000011,Greenwich
SE28 8,51.503215,0.117692,E09000011,Greenwich,E09000011,Greenwich
SE28 9,51.498489,0.104477,E09000011,Greenwich,E09000011,Greenwich
SE3  0,51.467677,0.018195,E09000011,Greenwich,E09000011,Greenwich
SE3  3,51.46623,0.010774,E09000023,Lewisham,E09000023,Lewisham
SE3  7,51.477172,0.018268,E09000011,Greenwich,E09000011,Greenwich
SE3  8,51.463466,0.037531,E09000011,Greenwich,E09000011,Greenwich
SE3  9,51.463296,0.018275,E09000011,Greenwich,E09000011,Greenwich
SE4  1,51.453268,-0.032472,E09000023,Lewisham,E09000023,Lewisham
SE4  2,51.465368,-0.036501,E09000023,Lewisham,E09000023,Lewisham
SE4  9,51.463509,-0.035602,E09000023,Lewisham,E09000023,Lewisham
SE5  0,51.481797,-0.090351,E09000028,Southwark,E09000028,Southwark
SE5  5,51.473777,-0.096518,E09000028,Southwark,E09000028,Southwark
SE5  7,51.473828,-0.092484,E09000028,Southwark,E09000028,Southwark
SE5  8,51.470338,-0.092385,E09000028,Southwark,E09000028,Southwark
SE5  9,51.466057,-0.100151,E09000022,Lambeth,E09000022,Lambeth
SE6  1,51.445314,-0.006176,E09000023,Lewisham,E09000023,Lewisham
SE6  2,51.448278,-0.014927,E09000023,Lewisham,E09000023,Lewisham
SE6  3,51.427874,-0.01502,E09000023,Lewisham,E09000023,Lewisham
SE6  4,51.446421,-0.018418,E09000023,Lewisham,E09000023,Lewisham
SE6  9,51.438362,-0.019918,E09000023,Lewisham,E09000023,Lewisham
SE7  7,51.483027,0.034874,E09000011,Greenwich,E09000011,Greenwich
SE7  8,51.48463,0.039382,E09000011,Greenwich,E09000011,Greenwich
SE7  9,51.489343,0.018014,E09000011,Greenwich,E09000011,Greenwich
SE8  3,51.486014,-0.031566,E09000023,Lewisham,E09000023,Lewisham
SE8  4,51.47692,-0.026097,E09000023,Lewisham,E09000023,Lewisham
SE8  5,51.487304,-0.042588,E09000023,Lewisham,E09000023,Lewisham
SE8  9,51.481268,-0.025852,E09000023,Lewisham,E09000023,Lewisham
SE9  1,51.449825,0.06319,E09000011,Greenwich,E09000011,Greenwich
SE9  2,51.438631,0.070715,E09000011,Greenwich,E09000011,Greenwich
SE9  3,51.439408,0.053656,E09000011,Greenwich,E09000011,Greenwich
SE9  4,51.428008,0.047779,E09000006,Bromley,E09000006,Bromley
SE9  5,51.450535,0.050931,E09000011,Greenwich,E09000011,Greenwich
SE9  6,51.45427,0.036287,E09000011,Greenwich,E09000011,Greenwich
SE9  9,51.449793,0.052711,E09000011,Greenwich,E09000011,Greenwich
SE99 7,51.478247,-0.081672,E09000028,Southwark,E09000028,Southwark
SG1  1,51.896091,-0.202978,E07000243,Stevenage,E10000015,Hertfordshire
SG1  2,51.90278,-0.213555,E07000243,Stevenage,E10000015,Hertfordshire
SG1  3,51.912155,-0.209737,E07000243,Stevenage,E10000015,Hertfordshire
SG1  4,51.92405,-0.216172,E07000243,Stevenage,E10000015,Hertfordshire
SG1  5,51.906644,-0.191537,E07000243,Stevenage,E10000015,Hertfordshire
SG1  6,51.929241,-0.179283,E07000243,Stevenage,E10000015,Hertfordshire
SG1  9,51.896116,-0.202831,E07000243,Stevenage,E10000015,Hertfordshire
SG10 6,51.850669,0.062554,E07000242,East Hertfordshire,E10000015,Hertfordshire
SG11 1,51.848619,-0.02281,E07000242,East Hertfordshire,E10000015,Hertfordshire
SG11 2,51.87651,0.083161,E07000242,East Hertfordshire,E10000015,Hertfordshire
SG12 0,51.813417,-0.035378,E07000242,East Hertfordshire,E10000015,Hertfordshire
SG12 4,51.805805,-0.022785,E07000242,East Hertfordshire,E10000015,Hertfordshire
SG12 7,51.809771,-0.02705,E07000242,East Hertfordshire,E10000015,Hertfordshire
SG12 8,51.788893,0.007853,E07000242,East Hertfordshire,E10000015,Hertfordshire
SG12 9,51.810877,-0.03295,E07000242,East Hertfordshire,E10000015,Hertfordshire
SG13 6,51.79798,-0.014657,E07000242,East Hertfordshire,E10000015,Hertfordshire
SG13 7,51.801104,-0.073231,E07000242,East Hertfordshire,E10000015,Hertfordshire
SG13 8,51.79518,-0.071714,E07000242,East Hertfordshire,E10000015,Hertfordshire
SG13 9,51.79574,-0.072952,E07000242,East Hertfordshire,E10000015,Hertfordshire
SG14 1,51.796229,-0.075933,E07000242,East Hertfordshire,E10000015,Hertfordshire
SG14 2,51.7949,-0.09258,E07000242,East Hertfordshire,E10000015,Hertfordshire
SG14 3,51.799017,-0.084197,E07000242,East Hertfordshire,E10000015,Hertfordshire
SG15 6,52.013354,-0.263418,E06000056,Central Bedfordshire,E06000056,Central Bedfordshire
SG16 6,52.030958,-0.285988,E06000056,Central Bedfordshire,E06000056,Central Bedfordshire
SG17 5,52.037946,-0.331809,E06000056,Central Bedfordshire,E06000056,Central Bedfordshire
SG17 9,52.035616,-0.360515,E06000056,Central Bedfordshire,E06000056,Central Bedfordshire
SG18 0,52.094984,-0.26599,E06000056,Central Bedfordshire,E06000056,Central Bedfordshire
SG18 1,52.085932,-0.262487,E06000056,Central Bedfordshire,E06000056,Central Bedfordshire
SG18 8,52.085931,-0.262429,E06000056,Central Bedfordshire,E06000056,Central Bedfordshire
SG18 9,52.10476,-0.322733,E06000056,Central Bedfordshire,E06000056,Central Bedfordshire
SG19 1,52.128591,-0.288529,E06000056,Central Bedfordshire,E06000056,Central Bedfordshire
SG19 2,52.120846,-0.277154,E06000056,Central Bedfordshire,E06000056,Central Bedfordshire
SG19 3,52.187777,-0.143095,E07000011,Huntingdonshire,E10000003,Cambridgeshire
SG19 9,52.128609,-0.288499,E06000056,Central Bedfordshire,E06000056,Central Bedfordshire
SG2  0,51.911033,-0.176473,E07000243,Stevenage,E10000015,Hertfordshire
SG2  7,51.911798,-0.161495,E07000243,Stevenage,E10000015,Hertfordshire
SG2  8,51.882139,-0.184442,E07000243,Stevenage,E10000015,Hertfordshire
SG2  9,51.889523,-0.186891,E07000243,Stevenage,E10000015,Hertfordshire
SG3  6,51.864262,-0.180325,E07000099,North Hertfordshire,E10000015,Hertfordshire
SG4  0,51.960337,-0.26704,E07000099,North Hertfordshire,E10000015,Hertfordshire
SG4  7,51.956444,-0.16725,E07000099,North Hertfordshire,E10000015,Hertfordshire
SG4  8,51.874887,-0.275021,E07000099,North Hertfordshire,E10000015,Hertfordshire
SG4  9,51.947936,-0.273733,E07000099,North Hertfordshire,E10000015,Hertfordshire
SG5  1,51.949143,-0.276335,E07000099,North Hertfordshire,E10000015,Hertfordshire
SG5  2,51.940012,-0.28588,E07000099,North Hertfordshire,E10000015,Hertfordshire
SG5  3,51.930478,-0.340277,E07000099,North Hertfordshire,E10000015,Hertfordshire
SG5  4,51.998651,-0.249929,E06000056,Central Bedfordshire,E06000056,Central Bedfordshire
SG5  9,51.949143,-0.276335,E07000099,North Hertfordshire,E10000015,Hertfordshire
SG6  1,51.988356,-0.219411,E07000099,North Hertfordshire,E10000015,Hertfordshire
SG6  2,51.960555,-0.226118,E07000099,North Hertfordshire,E10000015,Hertfordshire
SG6  3,51.978894,-0.229396,E07000099,North Hertfordshire,E10000015,Hertfordshire
SG6  4,51.98155,-0.232568,E07000099,North Hertfordshire,E10000015,Hertfordshire
SG6  9,51.981628,-0.209208,E07000099,North Hertfordshire,E10000015,Hertfordshire
SG7  2,51.907322,-0.15813,E07000243,Stevenage,E10000015,Hertfordshire
SG7  5,51.987585,-0.196503,E07000099,North Hertfordshire,E10000015,Hertfordshire
SG7  6,51.985465,-0.198409,E07000099,North Hertfordshire,E10000015,Hertfordshire
SG8  0,52.109281,-0.050773,E07000012,South Cambridgeshire,E10000003,Cambridgeshire
SG8  1,52.058089,-0.032347,E07000099,North Hertfordshire,E10000015,Hertfordshire
SG8  5,52.048845,-0.024236,E07000099,North Hertfordshire,E10000015,Hertfordshire
SG8  6,52.082581,0.015201,E07000012,South Cambridgeshire,E10000003,Cambridgeshire
SG8  7,52.050343,-0.024563,E07000099,North Hertfordshire,E10000015,Hertfordshire
SG8  8,52.009564,-0.017632,E07000099,North Hertfordshire,E10000015,Hertfordshire
SG8  9,52.047274,-0.023838,E07000099,North Hertfordshire,E10000015,Hertfordshire
SG9  0,51.947798,0.002008,E07000242,East Hertfordshire,E10000015,Hertfordshire
SG9  9,51.946782,-0.019806,E07000242,East Hertfordshire,E10000015,Hertfordshire
SK1  1,53.407578,-2.16156,E08000007,Stockport,E08000007,Stockport
SK1  2,53.415996,-2.143914,E08000007,Stockport,E08000007,Stockport
SK1  3,53.408893,-2.159098,E08000007,Stockport,E08000007,Stockport
SK1  4,53.408931,-2.15072,E08000007,Stockport,E08000007,Stockport
SK1  9,53.407578,-2.16156,E08000007,Stockport,E08000007,Stockport
SK10 1,53.261274,-2.129075,E06000049,Cheshire East,E06000049,Cheshire East
SK10 2,53.263849,-2.124391,E06000049,Cheshire East,E06000049,Cheshire East
SK10 3,53.264474,-2.128755,E06000049,Cheshire East,E06000049,Cheshire East
SK10 4,53.272206,-2.150476,E06000049,Cheshire East,E06000049,Cheshire East
SK10 5,53.284083,-2.12487,E06000049,Cheshire East,E06000049,Cheshire East
SK10 9,53.262303,-2.124311,E06000049,Cheshire East,E06000049,Cheshire East
SK11 0,53.269311,-2.087627,E06000049,Cheshire East,E06000049,Cheshire East
SK11 6,53.259163,-2.12772,E06000049,Cheshire East,E06000049,Cheshire East
SK11 7,53.256815,-2.121087,E06000049,Cheshire East,E06000049,Cheshire East
SK11 8,53.253207,-2.132468,E06000049,Cheshire East,E06000049,Cheshire East
SK11 9,53.240413,-2.263613,E06000049,Cheshire East,E06000049,Cheshire East
SK12 1,53.350376,-2.123113,E06000049,Cheshire East,E06000049,Cheshire East
SK12 2,53.359115,-2.038335,E06000049,Cheshire East,E06000049,Cheshire East
SK12 3,53.375365,-2.04355,E08000007,Stockport,E08000007,Stockport
SK12 4,53.366267,-2.001959,E07000037,High Peak,E10000007,Derbyshire
SK12 5,53.379298,-1.973623,E07000037,High Peak,E10000007,Derbyshire
SK12 6,53.340275,-1.94011,E07000037,High Peak,E10000007,Derbyshire
SK12 7,53.329044,-1.983984,E07000037,High Peak,E10000007,Derbyshire
SK13 0,53.445528,-1.986303,E07000037,High Peak,E10000007,Derbyshire
SK13 1,53.461883,-1.966537,E07000037,High Peak,E10000007,Derbyshire
SK13 2,53.461102,-1.967065,E07000037,High Peak,E10000007,Derbyshire
SK13 5,53.431084,-1.996016,E07000037,High Peak,E10000007,Derbyshire
SK13 6,53.432107,-1.948047,E07000037,High Peak,E10000007,Derbyshire
SK13 7,53.443694,-1.951526,E07000037,High Peak,E10000007,Derbyshire
SK13 8,53.442947,-1.949314,E07000037,High Peak,E10000007,Derbyshire
SK13 9,53.442947,-1.949314,E07000037,High Peak,E10000007,Derbyshire
SK14 1,53.451902,-2.078805,E08000008,Tameside,E08000008,Tameside
SK14 2,53.451803,-2.079964,E08000008,Tameside,E08000008,Tameside
SK14 3,53.431644,-2.061473,E08000008,Tameside,E08000008,Tameside
SK14 4,53.458245,-2.069916,E08000008,Tameside,E08000008,Tameside
SK14 5,53.44527,-2.076564,E08000008,Tameside,E08000008,Tameside
SK14 6,53.440081,-2.008977,E08000008,Tameside,E08000008,Tameside
SK14 7,53.461883,-1.966537,E07000037,High Peak,E10000007,Derbyshire
SK14 8,53.461084,-1.967155,E07000037,High Peak,E10000007,Derbyshire
SK14 9,53.452307,-2.078203,E08000008,Tameside,E08000008,Tameside
SK15 1,53.48494,-2.053955,E08000008,Tameside,E08000008,Tameside
SK15 2,53.483715,-2.058324,E08000008,Tameside,E08000008,Tameside
SK15 3,53.483475,-2.053245,E08000008,Tameside,E08000008,Tameside
SK15 9,53.483438,-2.056139,E08000008,Tameside,E08000008,Tameside
SK16 4,53.476527,-2.083899,E08000008,Tameside,E08000008,Tameside
SK16 5,53.471114,-2.087353,E08000008,Tameside,E08000008,Tameside
SK17 0,53.198103,-1.856135,E07000035,Derbyshire Dales,E10000007,Derbyshire
SK17 1,53.262668,-1.912828,E07000037,High Peak,E10000007,Derbyshire
SK17 6,53.259555,-1.908727,E07000037,High Peak,E10000007,Derbyshire
SK17 7,53.271589,-1.906213,E07000037,High Peak,E10000007,Derbyshire
SK17 8,53.286287,-1.878566,E07000037,High Peak,E10000007,Derbyshire
SK17 9,53.252544,-1.935225,E07000037,High Peak,E10000007,Derbyshire
SK2  5,53.404193,-2.137045,E08000007,Stockport,E08000007,Stockport
SK2  6,53.400445,-2.136507,E08000007,Stockport,E08000007,Stockport
SK2  7,53.391368,-2.142899,E08000007,Stockport,E08000007,Stockport
SK2  9,53.407578,-2.16156,E08000007,Stockport,E08000007,Stockport
SK22 1,53.379298,-1.973623,E07000037,High Peak,E10000007,Derbyshire
SK22 2,53.381449,-1.952214,E07000037,High Peak,E10000007,Derbyshire
SK22 3,53.362708,-2.009246,E07000037,High Peak,E10000007,Derbyshire
SK22 4,53.366223,-2.001959,E07000037,High Peak,E10000007,Derbyshire
SK22 9,53.329496,-1.908143,E07000037,High Peak,E10000007,Derbyshire
SK23 0,53.328104,-1.910593,E07000037,High Peak,E10000007,Derbyshire
SK23 6,53.340257,-1.94011,E07000037,High Peak,E10000007,Derbyshire
SK23 7,53.329521,-1.984179,E07000037,High Peak,E10000007,Derbyshire
SK23 9,53.321322,-1.929898,E07000037,High Peak,E10000007,Derbyshire
SK3  0,53.393466,-2.186108,E08000007,Stockport,E08000007,Stockport
SK3  3,53.407578,-2.16156,E08000007,Stockport,E08000007,Stockport
SK3  8,53.404218,-2.16045,E08000007,Stockport,E08000007,Stockport
SK3  9,53.402613,-2.163602,E08000007,Stockport,E08000007,Stockport
SK4  1,53.408836,-2.161806,E08000007,Stockport,E08000007,Stockport
SK4  2,53.412627,-2.187591,E08000007,Stockport,E08000007,Stockport
SK4  3,53.416119,-2.211544,E08000007,Stockport,E08000007,Stockport
SK4  4,53.423852,-2.183156,E08000007,Stockport,E08000007,Stockport
SK4  5,53.428579,-2.177668,E08000007,Stockport,E08000007,Stockport
SK4  9,53.407578,-2.16156,E08000007,Stockport,E08000007,Stockport
SK5  6,53.437621,-2.158679,E08000007,Stockport,E08000007,Stockport
SK5  7,53.437135,-2.159309,E08000007,Stockport,E08000007,Stockport
SK5  8,53.421554,-2.141179,E08000007,Stockport,E08000007,Stockport
SK5  9,53.407578,-2.16156,E08000007,Stockport,E08000007,Stockport
SK6  0,53.418997,-2.101192,E08000007,Stockport,E08000007,Stockport
SK6  1,53.432348,-2.085782,E08000007,Stockport,E08000007,Stockport
SK6  2,53.423636,-2.109434,E08000007,Stockport,E08000007,Stockport
SK6  3,53.413943,-2.092379,E08000007,Stockport,E08000007,Stockport
SK6  4,53.412857,-2.090271,E08000007,Stockport,E08000007,Stockport
SK6  5,53.40061,-2.053322,E08000007,Stockport,E08000007,Stockport
SK6  6,53.394618,-2.064954,E08000007,Stockport,E08000007,Stockport
SK6  7,53.393486,-2.063629,E08000007,Stockport,E08000007,Stockport
SK6  8,53.365226,-2.078148,E08000007,Stockport,E08000007,Stockport
SK6  9,53.393127,-2.063312,E08000007,Stockport,E08000007,Stockport
SK7  0,53.356392,-2.165514,E08000007,Stockport,E08000007,Stockport
SK7  1,53.356392,-2.165514,E08000007,Stockport,E08000007,Stockport
SK7  2,53.362841,-2.17472,E08000007,Stockport,E08000007,Stockport
SK7  3,53.371013,-2.160896,E08000007,Stockport,E08000007,Stockport
SK7  4,53.382114,-2.122934,E08000007,Stockport,E08000007,Stockport
SK7  5,53.381702,-2.130224,E08000007,Stockport,E08000007,Stockport
SK7  6,53.375966,-2.114153,E08000007,Stockport,E08000007,Stockport
SK7  9,53.407578,-2.16156,E08000007,Stockport,E08000007,Stockport
SK8  1,53.393935,-2.216788,E08000007,Stockport,E08000007,Stockport
SK8  2,53.394916,-2.211033,E08000007,Stockport,E08000007,Stockport
SK8  3,53.367255,-2.21294,E08000007,Stockport,E08000007,Stockport
SK8  4,53.392068,-2.229816,E08000007,Stockport,E08000007,Stockport
SK8  5,53.37686,-2.188606,E08000007,Stockport,E08000007,Stockport
SK8  6,53.375517,-2.196356,E08000007,Stockport,E08000007,Stockport
SK8  7,53.375092,-2.187201,E08000007,Stockport,E08000007,Stockport
SK8  9,53.393134,-2.217761,E08000007,Stockport,E08000007,Stockport
SK9  0,53.328246,-2.231363,E06000049,Cheshire East,E06000049,Cheshire East
SK9  1,53.327923,-2.231121,E06000049,Cheshire East,E06000049,Cheshire East
SK9  2,53.325316,-2.221814,E06000049,Cheshire East,E06000049,Cheshire East
SK9  3,53.346804,-2.214205,E06000049,Cheshire East,E06000049,Cheshire East
SK9  4,53.331098,-2.230148,E06000049,Cheshire East,E06000049,Cheshire East
SK9  5,53.326219,-2.233619,E06000049,Cheshire East,E06000049,Cheshire East
SK9  6,53.322282,-2.247034,E06000049,Cheshire East,E06000049,Cheshire East
SK9  7,53.298905,-2.23671,E06000049,Cheshire East,E06000049,Cheshire East
SL0  0,51.521717,-0.507759,E06000060,Buckinghamshire,E06000060,Buckinghamshire
SL0  1,51.507676,-0.504644,E06000060,Buckinghamshire,E06000060,Buckinghamshire
SL0  9,51.507676,-0.504644,E06000060,Buckinghamshire,E06000060,Buckinghamshire
SL1  0,51.508272,-0.584601,E06000039,Slough,E06000039,Slough
SL1  1,51.508272,-0.584601,E06000039,Slough,E06000039,Slough
SL1  2,51.505857,-0.584157,E06000039,Slough,E06000039,Slough
SL1  3,51.527174,-0.612443,E06000039,Slough,E06000039,Slough
SL1  4,51.514598,-0.622668,E06000039,Slough,E06000039,Slough
SL1  5,51.514776,-0.632492,E06000039,Slough,E06000039,Slough
SL1  6,51.519953,-0.647802,E06000039,Slough,E06000039,Slough
SL1  7,51.535001,-0.665436,E06000060,Buckinghamshire,E06000060,Buckinghamshire
SL1  8,51.535853,-0.659731,E06000060,Buckinghamshire,E06000060,Buckinghamshire
SL1  9,51.511415,-0.628082,E06000039,Slough,E06000039,Slough
SL2  1,51.526762,-0.614877,E06000039,Slough,E06000039,Slough
SL2  2,51.534313,-0.62536,E06000039,Slough,E06000039,Slough
SL2  3,51.532966,-0.617082,E06000039,Slough,E06000039,Slough
SL2  4,51.548316,-0.590685,E06000060,Buckinghamshire,E06000060,Buckinghamshire
SL2  5,51.513207,-0.594147,E06000039,Slough,E06000039,Slough
SL3  0,51.47566,-0.516391,E06000039,Slough,E06000039,Slough
SL3  3,51.508272,-0.584601,E06000039,Slough,E06000039,Slough
SL3  6,51.546327,-0.55433,E06000060,Buckinghamshire,E06000060,Buckinghamshire
SL3  7,51.505701,-0.572044,E06000039,Slough,E06000039,Slough
SL3  8,51.489719,-0.536072,E06000039,Slough,E06000039,Slough
SL3  9,51.489741,-0.584715,E06000040,Windsor and Maidenhead,E06000040,Windsor and Maidenhead
SL4  1,51.481164,-0.610384,E06000040,Windsor and Maidenhead,E06000040,Windsor and Maidenhead
SL4  2,51.478465,-0.605714,E06000040,Windsor and Maidenhead,E06000040,Windsor and Maidenhead
SL4  3,51.477495,-0.608062,E06000040,Windsor and Maidenhead,E06000040,Windsor and Maidenhead
SL4  4,51.470896,-0.63572,E06000040,Windsor and Maidenhead,E06000040,Windsor and Maidenhead
SL4  5,51.48084,-0.626422,E06000040,Windsor and Maidenhead,E06000040,Windsor and Maidenhead
SL4  6,51.486385,-0.608627,E06000040,Windsor and Maidenhead,E06000040,Windsor and Maidenhead
SL4  9,51.481164,-0.610384,E06000040,Windsor and Maidenhead,E06000040,Windsor and Maidenhead
SL5  0,51.402678,-0.652672,E06000040,Windsor and Maidenhead,E06000040,Windsor and Maidenhead
SL5  5,51.401788,-0.653402,E06000040,Windsor and Maidenhead,E06000040,Windsor and Maidenhead
SL5  7,51.401997,-0.65597,E06000040,Windsor and Maidenhead,E06000040,Windsor and Maidenhead
SL5  8,51.410166,-0.687335,E06000040,Windsor and Maidenhead,E06000040,Windsor and Maidenhead
SL5  9,51.401716,-0.653448,E06000040,Windsor and Maidenhead,E06000040,Windsor and Maidenhead
SL6  0,51.526859,-0.700343,E06000060,Buckinghamshire,E06000060,Buckinghamshire
SL6  1,51.518548,-0.714776,E06000040,Windsor and Maidenhead,E06000040,Windsor and Maidenhead
SL6  2,51.50823,-0.702977,E06000040,Windsor and Maidenhead,E06000040,Windsor and Maidenhead
SL6  3,51.504052,-0.731971,E06000040,Windsor and Maidenhead,E06000040,Windsor and Maidenhead
SL6  4,51.521701,-0.725195,E06000040,Windsor and Maidenhead,E06000040,Windsor and Maidenhead
SL6  5,51.519338,-0.750426,E06000040,Windsor and Maidenhead,E06000040,Windsor and Maidenhead
SL6  6,51.523584,-0.727189,E06000040,Windsor and Maidenhead,E06000040,Windsor and Maidenhead
SL6  7,51.523584,-0.725575,E06000040,Windsor and Maidenhead,E06000040,Windsor and Maidenhead
SL6  8,51.523428,-0.720275,E06000040,Windsor and Maidenhead,E06000040,Windsor and Maidenhead
SL6  9,51.562914,-0.731227,E06000040,Windsor and Maidenhead,E06000040,Windsor and Maidenhead
SL60 1,51.518548,-0.714776,E06000040,Windsor and Maidenhead,E06000040,Windsor and Maidenhead
SL7  1,51.570925,-0.775187,E06000060,Buckinghamshire,E06000060,Buckinghamshire
SL7  2,51.568711,-0.773284,E06000060,Buckinghamshire,E06000060,Buckinghamshire
SL7  3,51.573396,-0.776708,E06000060,Buckinghamshire,E06000060,Buckinghamshire
SL7  9,51.570925,-0.775187,E06000060,Buckinghamshire,E06000060,Buckinghamshire
SL8  5,51.575944,-0.708251,E06000060,Buckinghamshire,E06000060,Buckinghamshire
SL9  0,51.608598,-0.553652,E06000060,Buckinghamshire,E06000060,Buckinghamshire
SL9  1,51.587111,-0.554003,E06000060,Buckinghamshire,E06000060,Buckinghamshire
SL9  7,51.585693,-0.554207,E06000060,Buckinghamshire,E06000060,Buckinghamshire
SL9  8,51.586963,-0.553661,E06000060,Buckinghamshire,E06000060,Buckinghamshire
SL9  9,51.601527,-0.554122,E06000060,Buckinghamshire,E06000060,Buckinghamshire
SL95 1,51.508272,-0.584601,E06000039,Slough,E06000039,Slough
SM1  1,51.359722,-0.193121,E09000029,Sutton,E09000029,Sutton
SM1  2,51.359918,-0.192999,E09000029,Sutton,E09000029,Sutton
SM1  3,51.370791,-0.193031,E09000029,Sutton,E09000029,Sutton
SM1  4,51.360249,-0.189955,E09000029,Sutton,E09000029,Sutton
SM1  9,51.359918,-0.192999,E09000029,Sutton,E09000029,Sutton
SM2  5,51.3531,-0.187709,E09000029,Sutton,E09000029,Sutton
SM2  6,51.351958,-0.193499,E09000029,Sutton,E09000029,Sutton
SM2  7,51.344548,-0.20522,E09000029,Sutton,E09000029,Sutton
SM3  2,51.369597,-0.159675,E09000029,Sutton,E09000029,Sutton
SM3  8,51.355383,-0.222218,E09000029,Sutton,E09000029,Sutton
SM3  9,51.372117,-0.225708,E09000029,Sutton,E09000029,Sutton
SM4  4,51.384564,-0.224609,E09000024,Merton,E09000024,Merton
SM4  5,51.400275,-0.200452,E09000024,Merton,E09000024,Merton
SM4  6,51.39781,-0.184663,E09000024,Merton,E09000024,Merton
SM4  9,51.395957,-0.199788,E09000024,Merton,E09000024,Merton
SM5  1,51.380188,-0.183708,E09000029,Sutton,E09000029,Sutton
SM5  2,51.378816,-0.168918,E09000029,Sutton,E09000029,Sutton
SM5  3,51.366721,-0.156888,E09000029,Sutton,E09000029,Sutton
SM5  4,51.352172,-0.157615,E09000029,Sutton,E09000029,Sutton
SM5  9,51.360159,-0.153086,E09000029,Sutton,E09000029,Sutton
SM6  0,51.365887,-0.153057,E09000029,Sutton,E09000029,Sutton
SM6  6,51.360342,-0.15272,E09000029,Sutton,E09000029,Sutton
SM6  7,51.377194,-0.159542,E09000029,Sutton,E09000029,Sutton
SM6  8,51.363816,-0.148917,E09000029,Sutton,E09000029,Sutton
SM6  9,51.358352,-0.146308,E09000029,Sutton,E09000029,Sutton
SM7  1,51.319037,-0.213534,E07000211,Reigate and Banstead,E10000030,Surrey
SM7  2,51.327405,-0.207367,E07000211,Reigate and Banstead,E10000030,Surrey
SM7  3,51.324653,-0.194514,E07000211,Reigate and Banstead,E10000030,Surrey
SM7  9,51.321592,-0.203001,E07000211,Reigate and Banstead,E10000030,Surrey
SN1  1,51.563687,-1.787874,E06000030,Swindon,E06000030,Swindon
SN1  2,51.565652,-1.781055,E06000030,Swindon,E06000030,Swindon
SN1  3,51.56006,-1.772023,E06000030,Swindon,E06000030,Swindon
SN1  4,51.551982,-1.779275,E06000030,Swindon,E06000030,Swindon
SN1  5,51.562862,-1.788974,E06000030,Swindon,E06000030,Swindon
SN1  7,51.543137,-1.79557,E06000030,Swindon,E06000030,Swindon
SN10 1,51.351619,-1.992032,E06000054,Wiltshire,E06000054,Wiltshire
SN10 2,51.354317,-2.001954,E06000054,Wiltshire,E06000054,Wiltshire
SN10 3,51.351996,-1.985756,E06000054,Wiltshire,E06000054,Wiltshire
SN10 4,51.286975,-1.979409,E06000054,Wiltshire,E06000054,Wiltshire
SN10 5,51.349605,-1.98939,E06000054,Wiltshire,E06000054,Wiltshire
SN10 9,51.351646,-1.991917,E06000054,Wiltshire,E06000054,Wiltshire
SN11 0,51.43402,-2.001584,E06000054,Wiltshire,E06000054,Wiltshire
SN11 7,51.439361,-2.005944,E06000054,Wiltshire,E06000054,Wiltshire
SN11 8,51.440539,-2.004491,E06000054,Wiltshire,E06000054,Wiltshire
SN11 9,51.441492,-2.004649,E06000054,Wiltshire,E06000054,Wiltshire
SN12 6,51.369373,-2.134619,E06000054,Wiltshire,E06000054,Wiltshire
SN12 7,51.378467,-2.131355,E06000054,Wiltshire,E06000054,Wiltshire
SN12 8,51.378888,-2.140725,E06000054,Wiltshire,E06000054,Wiltshire
SN12 9,51.372756,-2.140045,E06000054,Wiltshire,E06000054,Wiltshire
SN13 0,51.434765,-2.195505,E06000054,Wiltshire,E06000054,Wiltshire
SN13 7,51.464998,-2.1441,E06000054,Wiltshire,E06000054,Wiltshire
SN13 8,51.41491,-2.256678,E06000054,Wiltshire,E06000054,Wiltshire
SN13 9,51.42749,-2.184888,E06000054,Wiltshire,E06000054,Wiltshire
SN14 0,51.461951,-2.127652,E06000054,Wiltshire,E06000054,Wiltshire
SN14 6,51.517348,-2.11047,E06000054,Wiltshire,E06000054,Wiltshire
SN14 7,51.471775,-2.25979,E06000054,Wiltshire,E06000054,Wiltshire
SN14 8,51.459803,-2.322968,E06000025,South Gloucestershire,E06000025,South Gloucestershire
SN14 9,51.414508,-2.259336,E06000054,Wiltshire,E06000054,Wiltshire
SN15 1,51.465568,-2.117153,E06000054,Wiltshire,E06000054,Wiltshire
SN15 2,51.458704,-2.119712,E06000054,Wiltshire,E06000054,Wiltshire
SN15 3,51.449975,-2.099369,E06000054,Wiltshire,E06000054,Wiltshire
SN15 4,51.515448,-1.987969,E06000054,Wiltshire,E06000054,Wiltshire
SN15 5,51.559543,-1.984308,E06000054,Wiltshire,E06000054,Wiltshire
SN15 9,51.46489,-2.144157,E06000054,Wiltshire,E06000054,Wiltshire
SN16 0,51.584067,-2.099042,E06000054,Wiltshire,E06000054,Wiltshire
SN16 1,51.53232,-1.90024,E06000054,Wiltshire,E06000054,Wiltshire
SN16 9,51.583051,-2.09803,E06000054,Wiltshire,E06000054,Wiltshire
SN17 1,51.546536,-1.842438,E06000030,Swindon,E06000030,Swindon
SN17 2,51.546536,-1.842438,E06000030,Swindon,E06000030,Swindon
SN17 3,51.54624,-1.842468,E06000030,Swindon,E06000030,Swindon
SN17 4,51.546536,-1.842438,E06000030,Swindon,E06000030,Swindon
SN17 5,51.546536,-1.842438,E06000030,Swindon,E06000030,Swindon
SN17 6,51.546536,-1.842438,E06000030,Swindon,E06000030,Swindon
SN2  1,51.570518,-1.77715,E06000030,Swindon,E06000030,Swindon
SN2  2,51.562889,-1.799765,E06000030,Swindon,E06000030,Swindon
SN2  3,51.586108,-1.776424,E06000030,Swindon,E06000030,Swindon
SN2  4,51.611285,-1.791753,E06000030,Swindon,E06000030,Swindon
SN2  5,51.586394,-1.775672,E06000030,Swindon,E06000030,Swindon
SN2  6,51.570113,-1.776532,E06000030,Swindon,E06000030,Swindon
SN2  7,51.590522,-1.757709,E06000030,Swindon,E06000030,Swindon
SN2  8,51.569996,-1.776547,E06000030,Swindon,E06000030,Swindon
SN2  9,51.551996,-1.722535,E06000030,Swindon,E06000030,Swindon
SN25 1,51.59523,-1.826749,E06000030,Swindon,E06000030,Swindon
SN25 2,51.603806,-1.825965,E06000030,Swindon,E06000030,Swindon
SN25 3,51.586036,-1.776425,E06000030,Swindon,E06000030,Swindon
SN25 4,51.598552,-1.781156,E06000030,Swindon,E06000030,Swindon
SN25 5,51.597789,-1.772498,E06000030,Swindon,E06000030,Swindon
SN25 6,51.595424,-1.754392,E06000030,Swindon,E06000030,Swindon
SN26 7,51.612578,-1.79039,E06000030,Swindon,E06000030,Swindon
SN26 8,51.611222,-1.791681,E06000030,Swindon,E06000030,Swindon
SN3  0,51.560447,-1.707106,E06000030,Swindon,E06000030,Swindon
SN3  1,51.559751,-1.769875,E06000030,Swindon,E06000030,Swindon
SN3  2,51.559872,-1.741687,E06000030,Swindon,E06000030,Swindon
SN3  3,51.558598,-1.760158,E06000030,Swindon,E06000030,Swindon
SN3  4,51.572272,-1.734186,E06000030,Swindon,E06000030,Swindon
SN3  5,51.567391,-1.738716,E06000030,Swindon,E06000030,Swindon
SN3  6,51.543293,-1.734254,E06000030,Swindon,E06000030,Swindon
SN3  9,51.551996,-1.722535,E06000030,Swindon,E06000030,Swindon
SN38 0,51.564249,-1.785635,E06000030,Swindon,E06000030,Swindon
SN38 1,51.572271,-1.83675,E06000030,Swindon,E06000030,Swindon
SN38 2,51.564249,-1.785635,E06000030,Swindon,E06000030,Swindon
SN38 3,51.564249,-1.785635,E06000030,Swindon,E06000030,Swindon
SN38 4,51.564249,-1.785635,E06000030,Swindon,E06000030,Swindon
SN38 5,51.564249,-1.785635,E06000030,Swindon,E06000030,Swindon
SN38 6,51.564249,-1.785635,E06000030,Swindon,E06000030,Swindon
SN38 7,51.564249,-1.785635,E06000030,Swindon,E06000030,Swindon
SN38 8,51.564249,-1.785635,E06000030,Swindon,E06000030,Swindon
SN38 9,51.540414,-1.776678,E06000030,Swindon,E06000030,Swindon
SN4  0,51.557976,-1.707786,E06000030,Swindon,E06000030,Swindon
SN4  4,51.53232,-1.90024,E06000054,Wiltshire,E06000054,Wiltshire
SN4  6,51.5395,-2.152785,E06000054,Wiltshire,E06000054,Wiltshire
SN4  7,51.54102,-1.906046,E06000054,Wiltshire,E06000054,Wiltshire
SN4  8,51.541008,-1.902398,E06000054,Wiltshire,E06000054,Wiltshire
SN4  9,51.537988,-1.787129,E06000030,Swindon,E06000030,Swindon
SN5  0,51.588568,-1.906929,E06000054,Wiltshire,E06000054,Wiltshire
SN5  1,51.562677,-1.818203,E06000030,Swindon,E06000030,Swindon
SN5  3,51.562713,-1.818102,E06000030,Swindon,E06000030,Swindon
SN5  4,51.587839,-1.868218,E06000054,Wiltshire,E06000054,Wiltshire
SN5  5,51.575083,-1.841487,E06000030,Swindon,E06000030,Swindon
SN5  6,51.558274,-1.838661,E06000030,Swindon,E06000030,Swindon
SN5  7,51.55807,-1.810504,E06000030,Swindon,E06000030,Swindon
SN5  8,51.553871,-1.816176,E06000030,Swindon,E06000030,Swindon
SN5  9,51.587883,-1.867929,E06000054,Wiltshire,E06000054,Wiltshire
SN6  6,51.641512,-1.855865,E06000054,Wiltshire,E06000054,Wiltshire
SN6  7,51.631054,-1.709455,E06000030,Swindon,E06000030,Swindon
SN6  8,51.598457,-1.655436,E07000180,Vale of White Horse,E10000025,Oxfordshire
SN7  7,51.657886,-1.581432,E07000180,Vale of White Horse,E10000025,Oxfordshire
SN7  8,51.658497,-1.578939,E07000180,Vale of White Horse,E10000025,Oxfordshire
SN7  9,51.65877,-1.58232,E07000180,Vale of White Horse,E10000025,Oxfordshire
SN8  1,51.420952,-1.730219,E06000054,Wiltshire,E06000054,Wiltshire
SN8  2,51.41981,-1.722748,E06000054,Wiltshire,E06000054,Wiltshire
SN8  3,51.351446,-1.67069,E06000054,Wiltshire,E06000054,Wiltshire
SN8  4,51.419288,-1.726044,E06000054,Wiltshire,E06000054,Wiltshire
SN8  9,51.419647,-1.733606,E06000054,Wiltshire,E06000054,Wiltshire
SN9  1,51.419665,-1.733621,E06000054,Wiltshire,E06000054,Wiltshire
SN9  5,51.33931,-1.765555,E06000054,Wiltshire,E06000054,Wiltshire
SN9  6,51.294888,-1.803973,E06000054,Wiltshire,E06000054,Wiltshire
SN99 8,51.551996,-1.722535,E06000030,Swindon,E06000030,Swindon
SN99 9,51.560588,-1.78949,E06000030,Swindon,E06000030,Swindon
SO1  0,50.899063,-1.404065,E06000045,Southampton,E06000045,Southampton
SO1  1,50.896904,-1.395191,E06000045,Southampton,E06000045,Southampton
SO1  2,50.912844,-1.403278,E06000045,Southampton,E06000045,Southampton
SO1  3,50.909241,-1.418003,E06000045,Southampton,E06000045,Southampton
SO1  4,50.924017,-1.453672,E06000045,Southampton,E06000045,Southampton
SO1  5,50.910431,-1.415058,E06000045,Southampton,E06000045,Southampton
SO1  6,50.927644,-1.437266,E06000045,Southampton,E06000045,Southampton
SO1  7,50.93596,-1.407735,E06000045,Southampton,E06000045,Southampton
SO1  8,50.952931,-1.465947,E07000093,Test Valley,E10000014,Hampshire
SO1  9,50.918583,-1.457079,E06000045,Southampton,E06000045,Southampton
SO14 0,50.907053,-1.399839,E06000045,Southampton,E06000045,Southampton
SO14 1,50.902308,-1.39697,E06000045,Southampton,E06000045,Southampton
SO14 2,50.899225,-1.404149,E06000045,Southampton,E06000045,Southampton
SO14 3,50.89692,-1.396613,E06000045,Southampton,E06000045,Southampton
SO14 5,50.901409,-1.396982,E06000045,Southampton,E06000045,Southampton
SO14 6,50.917731,-1.386713,E06000045,Southampton,E06000045,Southampton
SO14 7,50.903252,-1.405491,E06000045,Southampton,E06000045,Southampton
SO15 0,50.912775,-1.442026,E06000045,Southampton,E06000045,Southampton
SO15 1,50.905867,-1.421302,E06000045,Southampton,E06000045,Southampton
SO15 2,50.912844,-1.403278,E06000045,Southampton,E06000045,Southampton
SO15 3,50.909259,-1.418116,E06000045,Southampton,E06000045,Southampton
SO15 4,50.916936,-1.445149,E06000045,Southampton,E06000045,Southampton
SO15 5,50.910431,-1.415058,E06000045,Southampton,E06000045,Southampton
SO15 7,50.920493,-1.416667,E06000045,Southampton,E06000045,Southampton
SO15 8,50.91928,-1.439046,E06000045,Southampton,E06000045,Southampton
SO15 9,50.919231,-1.430781,E06000045,Southampton,E06000045,Southampton
SO16 0,50.941569,-1.486971,E07000093,Test Valley,E10000014,Hampshire
SO16 2,50.938378,-1.379965,E06000045,Southampton,E06000045,Southampton
SO16 3,50.937348,-1.390824,E06000045,Southampton,E06000045,Southampton
SO16 4,50.924017,-1.453672,E06000045,Southampton,E06000045,Southampton
SO16 5,50.934088,-1.442141,E06000045,Southampton,E06000045,Southampton
SO16 6,50.92704,-1.436918,E06000045,Southampton,E06000045,Southampton
SO16 7,50.93596,-1.407735,E06000045,Southampton,E06000045,Southampton
SO16 8,50.952931,-1.465947,E07000093,Test Valley,E10000014,Hampshire
SO16 9,50.918592,-1.457079,E06000045,Southampton,E06000045,Southampton
SO17 1,50.92194,-1.404072,E06000045,Southampton,E06000045,Southampton
SO17 2,50.933581,-1.382477,E06000045,Southampton,E06000045,Southampton
SO17 3,50.93081,-1.387338,E06000045,Southampton,E06000045,Southampton
SO18 1,50.916742,-1.38344,E06000045,Southampton,E06000045,Southampton
SO18 2,50.925848,-1.362602,E06000045,Southampton,E06000045,Southampton
SO18 3,50.922706,-1.344064,E06000045,Southampton,E06000045,Southampton
SO18 4,50.917731,-1.386713,E06000045,Southampton,E06000045,Southampton
SO18 5,50.915867,-1.336948,E06000045,Southampton,E06000045,Southampton
SO18 6,50.917087,-1.354116,E06000045,Southampton,E06000045,Southampton
SO18 9,50.917767,-1.386812,E06000045,Southampton,E06000045,Southampton
SO19 0,50.899603,-1.331178,E06000045,Southampton,E06000045,Southampton
SO19 1,50.90102,-1.343303,E06000045,Southampton,E06000045,Southampton
SO19 2,50.901813,-1.368107,E06000045,Southampton,E06000045,Southampton
SO19 4,50.913596,-1.365259,E06000045,Southampton,E06000045,Southampton
SO19 5,50.912502,-1.346171,E06000045,Southampton,E06000045,Southampton
SO19 6,50.903587,-1.328191,E06000045,Southampton,E06000045,Southampton
SO19 7,50.908673,-1.369366,E06000045,Southampton,E06000045,Southampton
SO19 8,50.902644,-1.355453,E06000045,Southampton,E06000045,Southampton
SO19 9,50.897965,-1.37982,E06000045,Southampton,E06000045,Southampton
SO2  0,50.906993,-1.400366,E06000045,Southampton,E06000045,Southampton
SO2  1,50.919777,-1.401482,E06000045,Southampton,E06000045,Southampton
SO2  2,50.925848,-1.362602,E06000045,Southampton,E06000045,Southampton
SO2  3,50.93081,-1.387338,E06000045,Southampton,E06000045,Southampton
SO2  4,50.916742,-1.38344,E06000045,Southampton,E06000045,Southampton
SO2  5,50.917087,-1.354059,E06000045,Southampton,E06000045,Southampton
SO2  6,50.915236,-1.330371,E06000045,Southampton,E06000045,Southampton
SO2  7,50.908645,-1.369323,E06000045,Southampton,E06000045,Southampton
SO2  8,50.902679,-1.35541,E06000045,Southampton,E06000045,Southampton
SO2  9,50.897946,-1.379735,E06000045,Southampton,E06000045,Southampton
SO20 6,51.153764,-1.444227,E07000093,Test Valley,E10000014,Hampshire
SO20 8,51.094533,-1.560917,E07000093,Test Valley,E10000014,Hampshire
SO21 1,51.0936,-1.291625,E07000094,Winchester,E10000014,Hampshire
SO21 2,51.023958,-1.328991,E07000094,Winchester,E10000014,Hampshire
SO21 3,51.145404,-1.276793,E07000094,Winchester,E10000014,Hampshire
SO21 4,51.047725,-1.348006,E07000094,Winchester,E10000014,Hampshire
SO22 4,51.055663,-1.325394,E07000094,Winchester,E10000014,Hampshire
SO22 5,51.06549,-1.321982,E07000094,Winchester,E10000014,Hampshire
SO22 6,51.075264,-1.320369,E07000094,Winchester,E10000014,Hampshire
SO23 0,51.067557,-1.297333,E07000094,Winchester,E10000014,Hampshire
SO23 3,51.067547,-1.29729,E07000094,Winchester,E10000014,Hampshire
SO23 5,51.067557,-1.297333,E07000094,Winchester,E10000014,Hampshire
SO23 6,51.070099,-1.329137,E07000094,Winchester,E10000014,Hampshire
SO23 7,51.06669,-1.316442,E07000094,Winchester,E10000014,Hampshire
SO23 8,51.064209,-1.313553,E07000094,Winchester,E10000014,Hampshire
SO23 9,51.062261,-1.317178,E07000094,Winchester,E10000014,Hampshire
SO24 0,51.084709,-1.140394,E07000094,Winchester,E10000014,Hampshire
SO24 4,51.090001,-1.162028,E07000094,Winchester,E10000014,Hampshire
SO24 9,51.090049,-1.162399,E07000094,Winchester,E10000014,Hampshire
SO25 1,51.067557,-1.297333,E07000094,Winchester,E10000014,Hampshire
SO3  1,50.953981,-1.212655,E07000094,Winchester,E10000014,Hampshire
SO3  2,50.953754,-1.25483,E07000094,Winchester,E10000014,Hampshire
SO3  3,50.928202,-1.339604,E07000086,Eastleigh,E10000014,Hampshire
SO3  4,50.913234,-1.303131,E07000086,Eastleigh,E10000014,Hampshire
SO3  5,50.874582,-1.353069,E07000086,Eastleigh,E10000014,Hampshire
SO3  6,50.875739,-1.290401,E07000087,Fareham,E10000014,Hampshire
SO3  7,50.872274,-1.269646,E07000087,Fareham,E10000014,Hampshire
SO3  8,50.884015,-1.305912,E07000086,Eastleigh,E10000014,Hampshire
SO3  9,50.851171,-1.296386,E07000087,Fareham,E10000014,Hampshire
SO30 0,50.904304,-1.304615,E07000086,Eastleigh,E10000014,Hampshire
SO30 2,50.917492,-1.271513,E07000086,Eastleigh,E10000014,Hampshire
SO30 3,50.928102,-1.339378,E07000086,Eastleigh,E10000014,Hampshire
SO30 4,50.913234,-1.303159,E07000086,Eastleigh,E10000014,Hampshire
SO30 9,50.925385,-1.3081,E07000086,Eastleigh,E10000014,Hampshire
SO31 0,50.871516,-1.273609,E07000087,Fareham,E10000014,Hampshire
SO31 1,50.892758,-1.301773,E07000086,Eastleigh,E10000014,Hampshire
SO31 4,50.871516,-1.273609,E07000087,Fareham,E10000014,Hampshire
SO31 5,50.8746,-1.353055,E07000086,Eastleigh,E10000014,Hampshire
SO31 6,50.868412,-1.258934,E07000087,Fareham,E10000014,Hampshire
SO31 7,50.875739,-1.290401,E07000087,Fareham,E10000014,Hampshire
SO31 8,50.884015,-1.305912,E07000086,Eastleigh,E10000014,Hampshire
SO31 9,50.851171,-1.296386,E07000087,Fareham,E10000014,Hampshire
SO32 1,50.95408,-1.212682,E07000094,Winchester,E10000014,Hampshire
SO32 2,50.953711,-1.255144,E07000094,Winchester,E10000014,Hampshire
SO32 3,50.974864,-1.126784,E07000094,Winchester,E10000014,Hampshire
SO4  0,50.78631,-1.609833,E07000091,New Forest,E10000014,Hampshire
SO4  1,50.8026,-1.332862,E07000091,New Forest,E10000014,Hampshire
SO4  2,50.890454,-1.527001,E07000091,New Forest,E10000014,Hampshire
SO4  3,50.918767,-1.481474,E07000091,New Forest,E10000014,Hampshire
SO4  4,50.912484,-1.494389,E07000091,New Forest,E10000014,Hampshire
SO4  5,50.869567,-1.407511,E07000091,New Forest,E10000014,Hampshire
SO4  6,50.872204,-1.406355,E07000091,New Forest,E10000014,Hampshire
SO4  7,50.873428,-1.57784,E07000091,New Forest,E10000014,Hampshire
SO4  8,50.746524,-1.549215,E07000091,New Forest,E10000014,Hampshire
SO4  9,50.758175,-1.539179,E07000091,New Forest,E10000014,Hampshire
SO40 0,50.934241,-1.508027,E07000091,New Forest,E10000014,Hampshire
SO40 2,50.914674,-1.553028,E07000091,New Forest,E10000014,Hampshire
SO40 3,50.918785,-1.481503,E07000091,New Forest,E10000014,Hampshire
SO40 4,50.900873,-1.446748,E07000091,New Forest,E10000014,Hampshire
SO40 7,50.88021,-1.526593,E07000091,New Forest,E10000014,Hampshire
SO40 8,50.922082,-1.520761,E07000091,New Forest,E10000014,Hampshire
SO40 9,50.912484,-1.494389,E07000091,New Forest,E10000014,Hampshire
SO41 0,50.761497,-1.622701,E07000091,New Forest,E10000014,Hampshire
SO41 1,50.757573,-1.543878,E07000091,New Forest,E10000014,Hampshire
SO41 3,50.754828,-1.536405,E07000091,New Forest,E10000014,Hampshire
SO41 5,50.762786,-1.492968,E07000091,New Forest,E10000014,Hampshire
SO41 6,50.786283,-1.609819,E07000091,New Forest,E10000014,Hampshire
SO41 8,50.746816,-1.548121,E07000091,New Forest,E10000014,Hampshire
SO41 9,50.758857,-1.538677,E07000091,New Forest,E10000014,Hampshire
SO42 7,50.820742,-1.571017,E07000091,New Forest,E10000014,Hampshire
SO43 7,50.873467,-1.576276,E07000091,New Forest,E10000014,Hampshire
SO45 1,50.802555,-1.332877,E07000091,New Forest,E10000014,Hampshire
SO45 2,50.829405,-1.382971,E07000091,New Forest,E10000014,Hampshire
SO45 3,50.859289,-1.393645,E07000091,New Forest,E10000014,Hampshire
SO45 4,50.856852,-1.411252,E07000091,New Forest,E10000014,Hampshire
SO45 5,50.86967,-1.408377,E07000091,New Forest,E10000014,Hampshire
SO45 6,50.872223,-1.406397,E07000091,New Forest,E10000014,Hampshire
SO45 9,50.867496,-1.399948,E07000091,New Forest,E10000014,Hampshire
SO5  0,50.967637,-1.522869,E07000093,Test Valley,E10000014,Hampshire
SO5  1,50.998161,-1.373297,E07000086,Eastleigh,E10000014,Hampshire
SO5  2,50.984719,-1.368535,E07000086,Eastleigh,E10000014,Hampshire
SO5  3,50.974919,-1.375519,E07000086,Eastleigh,E10000014,Hampshire
SO5  4,50.971642,-1.346907,E07000086,Eastleigh,E10000014,Hampshire
SO5  5,50.960432,-1.349314,E07000086,Eastleigh,E10000014,Hampshire
SO5  6,50.970335,-1.336856,E07000086,Eastleigh,E10000014,Hampshire
SO5  7,50.964899,-1.308026,E07000086,Eastleigh,E10000014,Hampshire
SO5  8,50.989086,-1.491305,E07000093,Test Valley,E10000014,Hampshire
SO5  9,50.984475,-1.465713,E07000093,Test Valley,E10000014,Hampshire
SO50 0,50.977504,-1.366311,E07000086,Eastleigh,E10000014,Hampshire
SO50 4,50.9776,-1.36584,E07000086,Eastleigh,E10000014,Hampshire
SO50 5,50.960432,-1.349314,E07000086,Eastleigh,E10000014,Hampshire
SO50 6,50.971318,-1.346912,E07000086,Eastleigh,E10000014,Hampshire
SO50 7,50.963418,-1.303989,E07000086,Eastleigh,E10000014,Hampshire
SO50 8,50.96489,-1.30804,E07000086,Eastleigh,E10000014,Hampshire
SO50 9,50.9776,-1.36584,E07000086,Eastleigh,E10000014,Hampshire
SO51 0,51.005535,-1.471485,E07000093,Test Valley,E10000014,Hampshire
SO51 1,50.990004,-1.499829,E07000093,Test Valley,E10000014,Hampshire
SO51 5,50.988291,-1.484218,E07000093,Test Valley,E10000014,Hampshire
SO51 6,50.974643,-1.518567,E07000093,Test Valley,E10000014,Hampshire
SO51 7,51.008483,-1.485149,E07000093,Test Valley,E10000014,Hampshire
SO51 8,50.989734,-1.491355,E07000093,Test Valley,E10000014,Hampshire
SO51 9,50.980062,-1.472017,E07000093,Test Valley,E10000014,Hampshire
SO52 9,50.979257,-1.442027,E07000093,Test Valley,E10000014,Hampshire
SO53 1,50.996609,-1.391017,E07000086,Eastleigh,E10000014,Hampshire
SO53 2,50.984781,-1.368363,E07000086,Eastleigh,E10000014,Hampshire
SO53 3,50.975233,-1.375372,E07000086,Eastleigh,E10000014,Hampshire
SO53 4,50.983051,-1.394884,E07000093,Test Valley,E10000014,Hampshire
SO53 5,50.998395,-1.373266,E07000086,Eastleigh,E10000014,Hampshire
SO9  1,50.898726,-1.403259,E06000045,Southampton,E06000045,Southampton
SO9  2,50.915552,-1.354592,E06000045,Southampton,E06000045,Southampton
SO9  3,50.896058,-1.405583,E06000045,Southampton,E06000045,Southampton
SO9  4,50.914763,-1.403837,E06000045,Southampton,E06000045,Southampton
SO9  5,50.916475,-1.355533,E06000045,Southampton,E06000045,Southampton
SO9  7,50.900014,-1.405518,E06000045,Southampton,E06000045,Southampton
SO97 4,50.948479,-1.361951,E07000086,Eastleigh,E10000014,Hampshire
SP1  1,51.070559,-1.795787,E06000054,Wiltshire,E06000054,Wiltshire
SP1  2,51.068238,-1.795555,E06000054,Wiltshire,E06000054,Wiltshire
SP1  3,51.074218,-1.795699,E06000054,Wiltshire,E06000054,Wiltshire
SP10 1,51.206324,-1.481728,E07000093,Test Valley,E10000014,Hampshire
SP10 2,51.205589,-1.476154,E07000093,Test Valley,E10000014,Hampshire
SP10 3,51.206807,-1.487177,E07000093,Test Valley,E10000014,Hampshire
SP10 4,51.222371,-1.510016,E07000093,Test Valley,E10000014,Hampshire
SP10 5,51.216838,-1.458257,E07000093,Test Valley,E10000014,Hampshire
SP10 9,51.206324,-1.481728,E07000093,Test Valley,E10000014,Hampshire
SP11 0,51.276538,-1.452838,E07000093,Test Valley,E10000014,Hampshire
SP11 6,51.226229,-1.470663,E07000093,Test Valley,E10000014,Hampshire
SP11 7,51.167259,-1.545884,E07000093,Test Valley,E10000014,Hampshire
SP11 8,51.199756,-1.562153,E07000093,Test Valley,E10000014,Hampshire
SP11 9,51.22582,-1.565816,E07000093,Test Valley,E10000014,Hampshire
SP2  0,51.096864,-1.867674,E06000054,Wiltshire,E06000054,Wiltshire
SP2  2,51.071247,-1.803591,E06000054,Wiltshire,E06000054,Wiltshire
SP2  7,51.073544,-1.806308,E06000054,Wiltshire,E06000054,Wiltshire
SP2  8,51.059704,-1.794979,E06000054,Wiltshire,E06000054,Wiltshire
SP2  9,51.078776,-1.834722,E06000054,Wiltshire,E06000054,Wiltshire
SP3  4,51.082165,-1.920153,E06000054,Wiltshire,E06000054,Wiltshire
SP3  5,51.097831,-2.060494,E06000054,Wiltshire,E06000054,Wiltshire
SP3  6,51.074974,-2.169288,E06000054,Wiltshire,E06000054,Wiltshire
SP4  0,51.14889,-1.710718,E06000054,Wiltshire,E06000054,Wiltshire
SP4  4,51.071247,-1.803591,E06000054,Wiltshire,E06000054,Wiltshire
SP4  5,51.188937,-1.735666,E06000054,Wiltshire,E06000054,Wiltshire
SP4  6,51.098208,-1.816501,E06000054,Wiltshire,E06000054,Wiltshire
SP4  7,51.174402,-1.776918,E06000054,Wiltshire,E06000054,Wiltshire
SP4  8,51.199803,-1.776423,E06000054,Wiltshire,E06000054,Wiltshire
SP4  9,51.19465,-1.732957,E06000054,Wiltshire,E06000054,Wiltshire
SP5  1,51.062206,-1.683076,E06000054,Wiltshire,E06000054,Wiltshire
SP5  2,50.978821,-1.637136,E06000054,Wiltshire,E06000054,Wiltshire
SP5  3,51.038812,-1.727451,E06000054,Wiltshire,E06000054,Wiltshire
SP5  4,51.031922,-1.903569,E06000054,Wiltshire,E06000054,Wiltshire
SP5  5,50.9619,-2.124535,E06000059,Dorset,E06000059,Dorset
SP6  1,50.928638,-1.789012,E07000091,New Forest,E10000014,Hampshire
SP6  2,50.957582,-1.773133,E07000091,New Forest,E10000014,Hampshire
SP6  3,50.911725,-1.840976,E06000059,Dorset,E06000059,Dorset
SP6  9,50.928647,-1.789069,E07000091,New Forest,E10000014,Hampshire
SP7  0,51.004015,-2.232851,E06000059,Dorset,E06000059,Dorset
SP7  7,51.009692,-2.191628,E06000059,Dorset,E06000059,Dorset
SP7  8,51.006477,-2.194836,E06000059,Dorset,E06000059,Dorset
SP7  9,51.010653,-2.175839,E06000054,Wiltshire,E06000054,Wiltshire
SP8  4,51.037429,-2.27485,E06000059,Dorset,E06000059,Dorset
SP8  5,51.057531,-2.287925,E06000059,Dorset,E06000059,Dorset
SP8  9,51.036535,-2.272463,E06000059,Dorset,E06000059,Dorset
SP9  7,51.231309,-1.669012,E06000054,Wiltshire,E06000054,Wiltshire
SP9  9,51.231964,-1.66852,E06000054,Wiltshire,E06000054,Wiltshire
SR1  1,54.90855,-1.379742,E08000024,Sunderland,E08000024,Sunderland
SR1  2,54.909702,-1.372971,E08000024,Sunderland,E08000024,Sunderland
SR1  3,54.908205,-1.38608,E08000024,Sunderland,E08000024,Sunderland
SR2  0,54.871463,-1.371009,E08000024,Sunderland,E08000024,Sunderland
SR2  7,54.902281,-1.391114,E08000024,Sunderland,E08000024,Sunderland
SR2  8,54.901339,-1.373709,E08000024,Sunderland,E08000024,Sunderland
SR2  9,54.892395,-1.389189,E08000024,Sunderland,E08000024,Sunderland
SR3  1,54.882793,-1.391828,E08000024,Sunderland,E08000024,Sunderland
SR3  2,54.871304,-1.410887,E08000024,Sunderland,E08000024,Sunderland
SR3  3,54.877585,-1.420224,E08000024,Sunderland,E08000024,Sunderland
SR3  4,54.892212,-1.404861,E08000024,Sunderland,E08000024,Sunderland
SR4  0,54.908169,-1.424714,E08000024,Sunderland,E08000024,Sunderland
SR4  6,54.907438,-1.394498,E08000024,Sunderland,E08000024,Sunderland
SR4  7,54.907262,-1.395312,E08000024,Sunderland,E08000024,Sunderland
SR4  8,54.90153,-1.426992,E08000024,Sunderland,E08000024,Sunderland
SR4  9,54.900104,-1.442902,E08000024,Sunderland,E08000024,Sunderland
SR43 1,54.910186,-1.425559,E08000024,Sunderland,E08000024,Sunderland
SR5  1,54.912134,-1.38301,E08000024,Sunderland,E08000024,Sunderland
SR5  2,54.919351,-1.397533,E08000024,Sunderland,E08000024,Sunderland
SR5  3,54.91762,-1.439431,E08000024,Sunderland,E08000024,Sunderland
SR5  4,54.92923,-1.44328,E08000024,Sunderland,E08000024,Sunderland
SR5  5,54.922975,-1.410866,E08000024,Sunderland,E08000024,Sunderland
SR5  9,54.9184,-1.419935,E08000024,Sunderland,E08000024,Sunderland
SR6  0,54.911482,-1.382037,E08000024,Sunderland,E08000024,Sunderland
SR6  7,54.951645,-1.364949,E08000023,South Tyneside,E08000023,South Tyneside
SR6  8,54.936458,-1.368263,E08000024,Sunderland,E08000024,Sunderland
SR6  9,54.929634,-1.3836,E08000024,Sunderland,E08000024,Sunderland
SR7  0,54.839009,-1.348127,E06000047,County Durham,E06000047,County Durham
SR7  1,54.83759,-1.335087,E06000047,County Durham,E06000047,County Durham
SR7  7,54.841903,-1.335,E06000047,County Durham,E06000047,County Durham
SR7  8,54.83656,-1.352324,E06000047,County Durham,E06000047,County Durham
SR7  9,54.816898,-1.383404,E06000047,County Durham,E06000047,County Durham
SR8  1,54.757951,-1.3333,E06000047,County Durham,E06000047,County Durham
SR8  2,54.763288,-1.341372,E06000047,County Durham,E06000047,County Durham
SR8  3,54.785276,-1.345773,E06000047,County Durham,E06000047,County Durham
SR8  4,54.772835,-1.325408,E06000047,County Durham,E06000047,County Durham
SR8  5,54.772958,-1.336412,E06000047,County Durham,E06000047,County Durham
SR8  9,54.757951,-1.3333,E06000047,County Durham,E06000047,County Durham
SR88 1,54.756729,-1.334936,E06000047,County Durham,E06000047,County Durham
SR88 2,54.756729,-1.334936,E06000047,County Durham,E06000047,County Durham
SR9  9,54.895908,-1.364407,E08000024,Sunderland,E08000024,Sunderland
SS0  0,51.552021,0.677791,E06000033,Southend-on-Sea,E06000033,Southend-on-Sea
SS0  7,51.547335,0.703308,E06000033,Southend-on-Sea,E06000033,Southend-on-Sea
SS0  8,51.543009,0.689234,E06000033,Southend-on-Sea,E06000033,Southend-on-Sea
SS0  9,51.548409,0.70001,E06000033,Southend-on-Sea,E06000033,Southend-on-Sea
SS1  1,51.543527,0.7124,E06000033,Southend-on-Sea,E06000033,Southend-on-Sea
SS1  2,51.539398,0.713625,E06000033,Southend-on-Sea,E06000033,Southend-on-Sea
SS1  3,51.530449,0.741485,E06000033,Southend-on-Sea,E06000033,Southend-on-Sea
SS1  9,51.543527,0.7124,E06000033,Southend-on-Sea,E06000033,Southend-on-Sea
SS11 7,51.614529,0.523071,E07000066,Basildon,E10000012,Essex
SS11 8,51.614084,0.524115,E07000066,Basildon,E10000012,Essex
SS11 9,51.614084,0.524115,E07000066,Basildon,E10000012,Essex
SS12 0,51.612907,0.519428,E07000066,Basildon,E10000012,Essex
SS12 9,51.604066,0.525755,E07000066,Basildon,E10000012,Essex
SS13 1,51.585563,0.511635,E07000066,Basildon,E10000012,Essex
SS13 2,51.566069,0.509391,E07000066,Basildon,E10000012,Essex
SS13 3,51.563767,0.498818,E07000066,Basildon,E10000012,Essex
SS14 0,51.571106,0.460069,E07000066,Basildon,E10000012,Essex
SS14 1,51.571106,0.460069,E07000066,Basildon,E10000012,Essex
SS14 2,51.573608,0.462123,E07000066,Basildon,E10000012,Essex
SS14 3,51.585522,0.471212,E07000066,Basildon,E10000012,Essex
SS14 9,51.590907,0.484094,E07000066,Basildon,E10000012,Essex
SS15 4,51.586302,0.431757,E07000066,Basildon,E10000012,Essex
SS15 5,51.569432,0.450223,E07000066,Basildon,E10000012,Essex
SS15 6,51.568986,0.42408,E07000066,Basildon,E10000012,Essex
SS16 4,51.564432,0.472492,E07000066,Basildon,E10000012,Essex
SS16 5,51.563659,0.464803,E07000066,Basildon,E10000012,Essex
SS16 6,51.565883,0.421086,E07000066,Basildon,E10000012,Essex
SS17 0,51.516683,0.440862,E06000034,Thurrock,E06000034,Thurrock
SS17 1,51.525319,0.448099,E06000034,Thurrock,E06000034,Thurrock
SS17 7,51.522424,0.432476,E06000034,Thurrock,E06000034,Thurrock
SS17 8,51.522227,0.430721,E06000034,Thurrock,E06000034,Thurrock
SS17 9,51.526588,0.459687,E06000034,Thurrock,E06000034,Thurrock
SS2  4,51.547416,0.723522,E06000033,Southend-on-Sea,E06000033,Southend-on-Sea
SS2  5,51.547156,0.716871,E06000033,Southend-on-Sea,E06000033,Southend-on-Sea
SS2  6,51.542237,0.709842,E06000033,Southend-on-Sea,E06000033,Southend-on-Sea
SS22 7,51.556985,0.706852,E06000033,Southend-on-Sea,E06000033,Southend-on-Sea
SS22 8,51.556985,0.706852,E06000033,Southend-on-Sea,E06000033,Southend-on-Sea
SS3  0,51.553603,0.808564,E07000075,Rochford,E10000012,Essex
SS3  3,51.543527,0.7124,E06000033,Southend-on-Sea,E06000033,Southend-on-Sea
SS3  8,51.538341,0.771511,E06000033,Southend-on-Sea,E06000033,Southend-on-Sea
SS3  9,51.528908,0.796806,E06000033,Southend-on-Sea,E06000033,Southend-on-Sea
SS4  1,51.583158,0.708379,E07000075,Rochford,E10000012,Essex
SS4  2,51.582132,0.722393,E07000075,Rochford,E10000012,Essex
SS4  3,51.598829,0.689064,E07000075,Rochford,E10000012,Essex
SS4  9,51.582876,0.710065,E07000075,Rochford,E10000012,Essex
SS5  4,51.602286,0.656499,E07000075,Rochford,E10000012,Essex
SS5  5,51.603896,0.660478,E07000075,Rochford,E10000012,Essex
SS5  6,51.607843,0.639028,E07000075,Rochford,E10000012,Essex
SS5  9,51.602286,0.656499,E07000075,Rochford,E10000012,Essex
SS6  0,51.584476,0.602045,E07000075,Rochford,E10000012,Essex
SS6  7,51.582769,0.600345,E07000075,Rochford,E10000012,Essex
SS6  8,51.590985,0.610257,E07000075,Rochford,E10000012,Essex
SS6  9,51.5902,0.601058,E07000075,Rochford,E10000012,Essex
SS7  1,51.562399,0.575821,E07000069,Castle Point,E10000012,Essex
SS7  2,51.553145,0.606359,E07000069,Castle Point,E10000012,Essex
SS7  3,51.565739,0.577294,E07000069,Castle Point,E10000012,Essex
SS7  4,51.570354,0.564941,E07000069,Castle Point,E10000012,Essex
SS7  5,51.560024,0.548273,E07000069,Castle Point,E10000012,Essex
SS7  9,51.568085,0.575709,E07000069,Castle Point,E10000012,Essex
SS8  0,51.518413,0.592079,E07000069,Castle Point,E10000012,Essex
SS8  1,51.522574,0.591825,E07000069,Castle Point,E10000012,Essex
SS8  7,51.522574,0.59181,E07000069,Castle Point,E10000012,Essex
SS8  8,51.523922,0.593458,E07000069,Castle Point,E10000012,Essex
SS8  9,51.523096,0.5922,E07000069,Castle Point,E10000012,Essex
SS9  0,51.548738,0.648503,E06000033,Southend-on-Sea,E06000033,Southend-on-Sea
SS9  1,51.542448,0.661363,E06000033,Southend-on-Sea,E06000033,Southend-on-Sea
SS9  2,51.548738,0.648503,E06000033,Southend-on-Sea,E06000033,Southend-on-Sea
SS9  3,51.549542,0.648362,E06000033,Southend-on-Sea,E06000033,Southend-on-Sea
SS9  4,51.55537,0.666619,E06000033,Southend-on-Sea,E06000033,Southend-on-Sea
SS9  5,51.57267,0.644958,E06000033,Southend-on-Sea,E06000033,Southend-on-Sea
SS99 0,51.53117,0.729459,E06000033,Southend-on-Sea,E06000033,Southend-on-Sea
SS99 1,51.542237,0.709842,E06000033,Southend-on-Sea,E06000033,Southend-on-Sea
SS99 2,51.556985,0.706852,E06000033,Southend-on-Sea,E06000033,Southend-on-Sea
SS99 3,51.556953,0.706273,E06000033,Southend-on-Sea,E06000033,Southend-on-Sea
SS99 4,51.551564,0.705953,E06000033,Southend-on-Sea,E06000033,Southend-on-Sea
SS99 5,51.555785,0.706204,E06000033,Southend-on-Sea,E06000033,Southend-on-Sea
SS99 6,51.555785,0.706204,E06000033,Southend-on-Sea,E06000033,Southend-on-Sea
SS99 7,51.53985,0.723214,E06000033,Southend-on-Sea,E06000033,Southend-on-Sea
SS99 8,51.551564,0.705953,E06000033,Southend-on-Sea,E06000033,Southend-on-Sea
SS99 9,51.53117,0.729459,E06000033,Southend-on-Sea,E06000033,Southend-on-Sea
ST1  1,53.024941,-2.174542,E06000021,Stoke-on-Trent,E06000021,Stoke-on-Trent
ST1  2,53.026062,-2.170014,E06000021,Stoke-on-Trent,E06000021,Stoke-on-Trent
ST1  3,53.021982,-2.175872,E06000021,Stoke-on-Trent,E06000021,Stoke-on-Trent
ST1  4,53.023143,-2.180722,E06000021,Stoke-on-Trent,E06000021,Stoke-on-Trent
ST1  5,53.029872,-2.177172,E06000021,Stoke-on-Trent,E06000021,Stoke-on-Trent
ST1  6,53.02532,-2.160365,E06000021,Stoke-on-Trent,E06000021,Stoke-on-Trent
ST10 1,52.987953,-1.987906,E07000198,Staffordshire Moorlands,E10000028,Staffordshire
ST10 2,53.018794,-1.981755,E07000198,Staffordshire Moorlands,E10000028,Staffordshire
ST10 3,53.001725,-1.920013,E07000198,Staffordshire Moorlands,E10000028,Staffordshire
ST10 4,52.976526,-1.893447,E07000198,Staffordshire Moorlands,E10000028,Staffordshire
ST10 9,52.986856,-1.986029,E07000198,Staffordshire Moorlands,E10000028,Staffordshire
ST11 9,52.962983,-2.042149,E07000198,Staffordshire Moorlands,E10000028,Staffordshire
ST12 9,52.945004,-2.158505,E07000197,Stafford,E10000028,Staffordshire
ST13 5,53.105753,-2.025305,E07000198,Staffordshire Moorlands,E10000028,Staffordshire
ST13 6,53.111374,-2.009249,E07000198,Staffordshire Moorlands,E10000028,Staffordshire
ST13 7,53.095924,-2.039217,E07000198,Staffordshire Moorlands,E10000028,Staffordshire
ST13 8,53.10666,-2.029682,E07000198,Staffordshire Moorlands,E10000028,Staffordshire
ST13 9,53.105645,-2.026918,E07000198,Staffordshire Moorlands,E10000028,Staffordshire
ST14 5,52.908297,-1.858716,E07000193,East Staffordshire,E10000028,Staffordshire
ST14 7,52.903334,-1.865675,E07000193,East Staffordshire,E10000028,Staffordshire
ST14 8,52.899752,-1.862014,E07000193,East Staffordshire,E10000028,Staffordshire
ST14 9,52.89794,-1.865855,E07000193,East Staffordshire,E10000028,Staffordshire
ST15 0,52.893345,-2.149204,E07000197,Stafford,E10000028,Staffordshire
ST15 8,52.903701,-2.148674,E07000197,Stafford,E10000028,Staffordshire
ST15 9,52.886035,-2.150561,E07000197,Stafford,E10000028,Staffordshire
ST16 1,52.803076,-2.123009,E07000197,Stafford,E10000028,Staffordshire
ST16 2,52.803805,-2.122284,E07000197,Stafford,E10000028,Staffordshire
ST16 3,52.805711,-2.112885,E07000197,Stafford,E10000028,Staffordshire
ST16 9,52.803076,-2.123009,E07000197,Stafford,E10000028,Staffordshire
ST17 0,52.793337,-2.086485,E07000197,Stafford,E10000028,Staffordshire
ST17 4,52.802687,-2.116214,E07000197,Stafford,E10000028,Staffordshire
ST17 9,52.800153,-2.124647,E07000197,Stafford,E10000028,Staffordshire
ST18 0,52.811095,-2.081788,E07000197,Stafford,E10000028,Staffordshire
ST18 9,52.76743,-2.107509,E07000196,South Staffordshire,E10000028,Staffordshire
ST19 5,52.725774,-2.115446,E07000196,South Staffordshire,E10000028,Staffordshire
ST19 9,52.680209,-2.23413,E07000196,South Staffordshire,E10000028,Staffordshire
ST2  0,53.011897,-2.13298,E06000021,Stoke-on-Trent,E06000021,Stoke-on-Trent
ST2  7,53.044023,-2.142328,E06000021,Stoke-on-Trent,E06000021,Stoke-on-Trent
ST2  8,53.024177,-2.147882,E06000021,Stoke-on-Trent,E06000021,Stoke-on-Trent
ST2  9,53.024311,-2.133361,E06000021,Stoke-on-Trent,E06000021,Stoke-on-Trent
ST20 0,52.741467,-2.208538,E07000197,Stafford,E10000028,Staffordshire
ST21 6,52.858669,-2.252039,E07000197,Stafford,E10000028,Staffordshire
ST3  1,52.99619,-2.128194,E06000021,Stoke-on-Trent,E06000021,Stoke-on-Trent
ST3  2,52.983396,-2.159316,E06000021,Stoke-on-Trent,E06000021,Stoke-on-Trent
ST3  3,52.976391,-2.147317,E06000021,Stoke-on-Trent,E06000021,Stoke-on-Trent
ST3  4,52.953687,-2.120775,E07000197,Stafford,E10000028,Staffordshire
ST3  5,52.996514,-2.127421,E06000021,Stoke-on-Trent,E06000021,Stoke-on-Trent
ST3  6,52.97698,-2.099886,E06000021,Stoke-on-Trent,E06000021,Stoke-on-Trent
ST3  7,52.981046,-2.115877,E06000021,Stoke-on-Trent,E06000021,Stoke-on-Trent
ST3  9,52.981046,-2.115877,E06000021,Stoke-on-Trent,E06000021,Stoke-on-Trent
ST4  1,53.003255,-2.183306,E06000021,Stoke-on-Trent,E06000021,Stoke-on-Trent
ST4  2,53.007826,-2.180658,E06000021,Stoke-on-Trent,E06000021,Stoke-on-Trent
ST4  3,52.999354,-2.164486,E06000021,Stoke-on-Trent,E06000021,Stoke-on-Trent
ST4  4,53.003316,-2.184231,E06000021,Stoke-on-Trent,E06000021,Stoke-on-Trent
ST4  5,52.998526,-2.189723,E06000021,Stoke-on-Trent,E06000021,Stoke-on-Trent
ST4  6,53.010133,-2.209566,E06000021,Stoke-on-Trent,E06000021,Stoke-on-Trent
ST4  7,53.01605,-2.192423,E06000021,Stoke-on-Trent,E06000021,Stoke-on-Trent
ST4  8,52.966975,-2.199531,E07000197,Stafford,E10000028,Staffordshire
ST4  9,53.008134,-2.178498,E06000021,Stoke-on-Trent,E06000021,Stoke-on-Trent
ST5  0,53.038417,-2.217609,E07000195,Newcastle-under-Lyme,E10000028,Staffordshire
ST5  1,53.011307,-2.226429,E07000195,Newcastle-under-Lyme,E10000028,Staffordshire
ST5  2,53.013412,-2.230286,E07000195,Newcastle-under-Lyme,E10000028,Staffordshire
ST5  3,53.007201,-2.225305,E07000195,Newcastle-under-Lyme,E10000028,Staffordshire
ST5  4,52.985608,-2.220917,E07000195,Newcastle-under-Lyme,E10000028,Staffordshire
ST5  5,53.006346,-2.257088,E07000195,Newcastle-under-Lyme,E10000028,Staffordshire
ST5  6,53.011757,-2.313116,E07000195,Newcastle-under-Lyme,E10000028,Staffordshire
ST5  7,53.05064,-2.250311,E07000195,Newcastle-under-Lyme,E10000028,Staffordshire
ST5  8,53.036024,-2.223249,E07000195,Newcastle-under-Lyme,E10000028,Staffordshire
ST5  9,53.024323,-2.235682,E07000195,Newcastle-under-Lyme,E10000028,Staffordshire
ST55 9,53.016688,-2.254511,E07000195,Newcastle-under-Lyme,E10000028,Staffordshire
ST6  1,53.046644,-2.195753,E06000021,Stoke-on-Trent,E06000021,Stoke-on-Trent
ST6  2,53.045573,-2.195957,E06000021,Stoke-on-Trent,E06000021,Stoke-on-Trent
ST6  3,53.045464,-2.197209,E06000021,Stoke-on-Trent,E06000021,Stoke-on-Trent
ST6  4,53.046332,-2.199168,E06000021,Stoke-on-Trent,E06000021,Stoke-on-Trent
ST6  5,53.058536,-2.211399,E06000021,Stoke-on-Trent,E06000021,Stoke-on-Trent
ST6  6,53.05534,-2.204058,E06000021,Stoke-on-Trent,E06000021,Stoke-on-Trent
ST6  7,53.055367,-2.187662,E06000021,Stoke-on-Trent,E06000021,Stoke-on-Trent
ST6  8,53.070342,-2.164086,E06000021,Stoke-on-Trent,E06000021,Stoke-on-Trent
ST6  9,53.054277,-2.205605,E06000021,Stoke-on-Trent,E06000021,Stoke-on-Trent
ST7  1,53.086606,-2.241098,E07000195,Newcastle-under-Lyme,E10000028,Staffordshire
ST7  2,53.096767,-2.302698,E06000049,Cheshire East,E06000049,Cheshire East
ST7  3,53.089396,-2.248356,E07000195,Newcastle-under-Lyme,E10000028,Staffordshire
ST7  4,53.087364,-2.239834,E07000195,Newcastle-under-Lyme,E10000028,Staffordshire
ST7  8,53.037109,-2.298029,E07000195,Newcastle-under-Lyme,E10000028,Staffordshire
ST7  9,53.085903,-2.25907,E07000195,Newcastle-under-Lyme,E10000028,Staffordshire
ST8  6,53.115899,-2.175898,E07000198,Staffordshire Moorlands,E10000028,Staffordshire
ST8  7,53.108334,-2.179676,E07000198,Staffordshire Moorlands,E10000028,Staffordshire
ST8  9,53.11557,-2.173984,E07000198,Staffordshire Moorlands,E10000028,Staffordshire
ST9  0,53.036727,-2.049439,E07000198,Staffordshire Moorlands,E10000028,Staffordshire
ST9  9,53.084009,-2.105315,E07000198,Staffordshire Moorlands,E10000028,Staffordshire
SW10 0,51.477517,-0.17973,E09000013,Hammersmith and Fulham,E09000013,Hammersmith and Fulham
SW10 1,51.484754,-0.183605,E09000020,Kensington and Chelsea,E09000020,Kensington and Chelsea
SW10 9,51.48369,-0.186916,E09000020,Kensington and Chelsea,E09000020,Kensington and Chelsea
SW11 1,51.464444,-0.164298,E09000032,Wandsworth,E09000032,Wandsworth
SW11 2,51.46189,-0.174031,E09000032,Wandsworth,E09000032,Wandsworth
SW11 3,51.472608,-0.1659,E09000032,Wandsworth,E09000032,Wandsworth
SW11 4,51.476488,-0.166767,E09000032,Wandsworth,E09000032,Wandsworth
SW11 5,51.471693,-0.164339,E09000032,Wandsworth,E09000032,Wandsworth
SW11 6,51.453729,-0.157675,E09000032,Wandsworth,E09000032,Wandsworth
SW11 7,51.481091,-0.131917,E09000032,Wandsworth,E09000032,Wandsworth
SW11 8,51.482097,-0.138083,E09000032,Wandsworth,E09000032,Wandsworth
SW11 9,51.464567,-0.164667,E09000032,Wandsworth,E09000032,Wandsworth
SW12 0,51.448264,-0.142409,E09000022,Lambeth,E09000022,Lambeth
SW12 2,51.446374,-0.151452,E09000032,Wandsworth,E09000032,Wandsworth
SW12 8,51.448792,-0.14908,E09000032,Wandsworth,E09000032,Wandsworth
SW12 9,51.445891,-0.150478,E09000032,Wandsworth,E09000032,Wandsworth
SW13 0,51.471836,-0.248971,E09000027,Richmond upon Thames,E09000027,Richmond upon Thames
SW13 3,51.469284,-0.266073,E09000027,Richmond upon Thames,E09000027,Richmond upon Thames
SW13 8,51.483834,-0.23228,E09000027,Richmond upon Thames,E09000027,Richmond upon Thames
SW13 9,51.482634,-0.239786,E09000027,Richmond upon Thames,E09000027,Richmond upon Thames
SW14 7,51.4614,-0.269898,E09000027,Richmond upon Thames,E09000027,Richmond upon Thames
SW14 8,51.467905,-0.266456,E09000027,Richmond upon Thames,E09000027,Richmond upon Thames
SW14 9,51.469275,-0.266087,E09000027,Richmond upon Thames,E09000027,Richmond upon Thames
SW15 1,51.464124,-0.222906,E09000032,Wandsworth,E09000032,Wandsworth
SW15 2,51.459642,-0.21617,E09000032,Wandsworth,E09000032,Wandsworth
SW15 3,51.452753,-0.230975,E09000032,Wandsworth,E09000032,Wandsworth
SW15 4,51.448265,-0.23751,E09000032,Wandsworth,E09000032,Wandsworth
SW15 5,51.46358,-0.238144,E09000032,Wandsworth,E09000032,Wandsworth
SW15 6,51.46075,-0.217451,E09000032,Wandsworth,E09000032,Wandsworth
SW15 9,51.460497,-0.218541,E09000032,Wandsworth,E09000032,Wandsworth
SW16 1,51.438393,-0.130738,E09000022,Lambeth,E09000022,Lambeth
SW16 2,51.422995,-0.124447,E09000022,Lambeth,E09000022,Lambeth
SW16 3,51.41659,-0.120352,E09000008,Croydon,E09000008,Croydon
SW16 4,51.41298,-0.124569,E09000008,Croydon,E09000008,Croydon
SW16 5,51.418438,-0.13752,E09000022,Lambeth,E09000022,Lambeth
SW16 6,51.422782,-0.138135,E09000022,Lambeth,E09000022,Lambeth
SW16 9,51.430919,-0.130669,E09000022,Lambeth,E09000022,Lambeth
SW17 0,51.433772,-0.182936,E09000032,Wandsworth,E09000032,Wandsworth
SW17 1,51.428565,-0.165578,E09000032,Wandsworth,E09000032,Wandsworth
SW17 6,51.428893,-0.15092,E09000032,Wandsworth,E09000032,Wandsworth
SW17 7,51.436118,-0.159218,E09000032,Wandsworth,E09000032,Wandsworth
SW17 8,51.440789,-0.153692,E09000032,Wandsworth,E09000032,Wandsworth
SW17 9,51.421879,-0.160682,E09000032,Wandsworth,E09000032,Wandsworth
SW18 1,51.45848,-0.185568,E09000032,Wandsworth,E09000032,Wandsworth
SW18 2,51.456973,-0.186348,E09000032,Wandsworth,E09000032,Wandsworth
SW18 3,51.449177,-0.188139,E09000032,Wandsworth,E09000032,Wandsworth
SW18 4,51.453637,-0.191043,E09000032,Wandsworth,E09000032,Wandsworth
SW18 5,51.445923,-0.198745,E09000032,Wandsworth,E09000032,Wandsworth
SW18 9,51.44823,-0.191501,E09000032,Wandsworth,E09000032,Wandsworth
SW19 1,51.421629,-0.186194,E09000024,Merton,E09000024,Merton
SW19 2,51.421116,-0.176304,E09000024,Merton,E09000024,Merton
SW19 3,51.4151,-0.193758,E09000024,Merton,E09000024,Merton
SW19 4,51.421863,-0.21078,E09000024,Merton,E09000024,Merton
SW19 5,51.427684,-0.213933,E09000024,Merton,E09000024,Merton
SW19 6,51.442515,-0.222939,E09000032,Wandsworth,E09000032,Wandsworth
SW19 7,51.422956,-0.208206,E09000024,Merton,E09000024,Merton
SW19 8,51.434598,-0.199161,E09000024,Merton,E09000024,Merton
SW19 9,51.416938,-0.213374,E09000024,Merton,E09000024,Merton
SW1A 0,51.499842,-0.124638,E09000033,Westminster,E09000033,Westminster
SW1A 1,51.50101,-0.141563,E09000033,Westminster,E09000033,Westminster
SW1A 2,51.503541,-0.12767,E09000033,Westminster,E09000033,Westminster
SW1E 5,51.497499,-0.140712,E09000033,Westminster,E09000033,Westminster
SW1E 6,51.498097,-0.137085,E09000033,Westminster,E09000033,Westminster
SW1H 0,51.499463,-0.135315,E09000033,Westminster,E09000033,Westminster
SW1H 9,51.500873,-0.132347,E09000033,Westminster,E09000033,Westminster
SW1P 1,51.49643,-0.137413,E09000033,Westminster,E09000033,Westminster
SW1P 2,51.494764,-0.130508,E09000033,Westminster,E09000033,Westminster
SW1P 3,51.501103,-0.12875,E09000033,Westminster,E09000033,Westminster
SW1P 4,51.492562,-0.132817,E09000033,Westminster,E09000033,Westminster
SW1P 9,51.481087,-0.133948,E09000032,Wandsworth,E09000032,Wandsworth
SW1V 1,51.495401,-0.141705,E09000033,Westminster,E09000033,Westminster
SW1V 2,51.491317,-0.141626,E09000033,Westminster,E09000033,Westminster
SW1V 3,51.486341,-0.142548,E09000033,Westminster,E09000033,Westminster
SW1V 4,51.487564,-0.144832,E09000033,Westminster,E09000033,Westminster
SW1W 0,51.495815,-0.145722,E09000033,Westminster,E09000033,Westminster
SW1W 8,51.491976,-0.158338,E09000020,Kensington and Chelsea,E09000020,Kensington and Chelsea
SW1W 9,51.497423,-0.150742,E09000033,Westminster,E09000033,Westminster
SW1X 0,51.497344,-0.159433,E09000020,Kensington and Chelsea,E09000020,Kensington and Chelsea
SW1X 1,51.49892,-0.148708,E09000033,Westminster,E09000033,Westminster
SW1X 7,51.49836,-0.148543,E09000033,Westminster,E09000033,Westminster
SW1X 8,51.498707,-0.151713,E09000033,Westminster,E09000033,Westminster
SW1X 9,51.493886,-0.156821,E09000020,Kensington and Chelsea,E09000020,Kensington and Chelsea
SW1Y 4,51.507991,-0.133785,E09000033,Westminster,E09000033,Westminster
SW1Y 5,51.50556,-0.133611,E09000033,Westminster,E09000033,Westminster
SW1Y 6,51.506802,-0.138171,E09000033,Westminster,E09000033,Westminster
SW2  1,51.454694,-0.119305,E09000022,Lambeth,E09000022,Lambeth
SW2  2,51.450971,-0.121013,E09000022,Lambeth,E09000022,Lambeth
SW2  3,51.438157,-0.124978,E09000022,Lambeth,E09000022,Lambeth
SW2  4,51.443524,-0.125448,E09000022,Lambeth,E09000022,Lambeth
SW2  5,51.458027,-0.123041,E09000022,Lambeth,E09000022,Lambeth
SW2  9,51.454192,-0.122262,E09000022,Lambeth,E09000022,Lambeth
SW20 0,51.421143,-0.25367,E09000021,Kingston upon Thames,E09000021,Kingston upon Thames
SW20 2,51.417013,-0.213558,E09000024,Merton,E09000024,Merton
SW20 8,51.413099,-0.223504,E09000024,Merton,E09000024,Merton
SW20 9,51.410341,-0.207707,E09000024,Merton,E09000024,Merton
SW3  1,51.501274,-0.160557,E09000020,Kensington and Chelsea,E09000020,Kensington and Chelsea
SW3  2,51.497525,-0.168689,E09000020,Kensington and Chelsea,E09000020,Kensington and Chelsea
SW3  3,51.491703,-0.162729,E09000020,Kensington and Chelsea,E09000020,Kensington and Chelsea
SW3  4,51.485497,-0.164332,E09000020,Kensington and Chelsea,E09000020,Kensington and Chelsea
SW3  5,51.483839,-0.174495,E09000020,Kensington and Chelsea,E09000020,Kensington and Chelsea
SW3  6,51.485701,-0.176293,E09000020,Kensington and Chelsea,E09000020,Kensington and Chelsea
SW3  9,51.463241,-0.139311,E09000022,Lambeth,E09000022,Lambeth
SW4  0,51.461792,-0.14831,E09000022,Lambeth,E09000022,Lambeth
SW4  4,51.463324,-0.138876,E09000022,Lambeth,E09000022,Lambeth
SW4  6,51.469324,-0.13843,E09000022,Lambeth,E09000022,Lambeth
SW4  7,51.461518,-0.137855,E09000022,Lambeth,E09000022,Lambeth
SW4  8,51.457793,-0.129787,E09000022,Lambeth,E09000022,Lambeth
SW4  9,51.45276,-0.148128,E09000032,Wandsworth,E09000032,Wandsworth
SW5  0,51.484754,-0.183605,E09000020,Kensington and Chelsea,E09000020,Kensington and Chelsea
SW5  5,51.484754,-0.183605,E09000020,Kensington and Chelsea,E09000020,Kensington and Chelsea
SW5  9,51.492068,-0.193124,E09000020,Kensington and Chelsea,E09000020,Kensington and Chelsea
SW6  1,51.480062,-0.19658,E09000013,Hammersmith and Fulham,E09000013,Hammersmith and Fulham
SW6  2,51.476622,-0.191632,E09000013,Hammersmith and Fulham,E09000013,Hammersmith and Fulham
SW6  3,51.471185,-0.195345,E09000013,Hammersmith and Fulham,E09000013,Hammersmith and Fulham
SW6  4,51.477217,-0.192271,E09000013,Hammersmith and Fulham,E09000013,Hammersmith and Fulham
SW6  5,51.476777,-0.206372,E09000013,Hammersmith and Fulham,E09000013,Hammersmith and Fulham
SW6  6,51.48081,-0.214322,E09000013,Hammersmith and Fulham,E09000013,Hammersmith and Fulham
SW6  7,51.479459,-0.203026,E09000013,Hammersmith and Fulham,E09000013,Hammersmith and Fulham
SW6  9,51.479215,-0.198211,E09000013,Hammersmith and Fulham,E09000013,Hammersmith and Fulham
SW7  1,51.499582,-0.171445,E09000033,Westminster,E09000033,Westminster
SW7  2,51.499349,-0.176065,E09000033,Westminster,E09000033,Westminster
SW7  3,51.49213,-0.176209,E09000020,Kensington and Chelsea,E09000020,Kensington and Chelsea
SW7  4,51.497304,-0.187442,E09000020,Kensington and Chelsea,E09000020,Kensington and Chelsea
SW7  5,51.493102,-0.179196,E09000020,Kensington and Chelsea,E09000020,Kensington and Chelsea
SW7  9,51.497993,-0.174506,E09000020,Kensington and Chelsea,E09000020,Kensington and Chelsea
SW8  1,51.4784,-0.117726,E09000022,Lambeth,E09000022,Lambeth
SW8  2,51.47108,-0.13689,E09000022,Lambeth,E09000022,Lambeth
SW8  3,51.468391,-0.144227,E09000022,Lambeth,E09000022,Lambeth
SW8  4,51.478716,-0.14486,E09000032,Wandsworth,E09000032,Wandsworth
SW8  5,51.478091,-0.13947,E09000032,Wandsworth,E09000032,Wandsworth
SW8  9,51.475661,-0.130353,E09000022,Lambeth,E09000022,Lambeth
SW9  0,51.471957,-0.113009,E09000022,Lambeth,E09000022,Lambeth
SW9  1,51.468675,-0.113562,E09000022,Lambeth,E09000022,Lambeth
SW9  6,51.469546,-0.112936,E09000022,Lambeth,E09000022,Lambeth
SW9  7,51.468543,-0.113207,E09000022,Lambeth,E09000022,Lambeth
SW9  8,51.464294,-0.117932,E09000022,Lambeth,E09000022,Lambeth
SW9  9,51.471321,-0.120422,E09000022,Lambeth,E09000022,Lambeth
SW95 9,51.480625,-0.13653,E09000032,Wandsworth,E09000032,Wandsworth
SW99 0,51.476134,-0.117733,E09000022,Lambeth,E09000022,Lambeth
SY1  1,52.713159,-2.749114,E06000051,Shropshire,E06000051,Shropshire
SY1  2,52.711418,-2.750135,E06000051,Shropshire,E06000051,Shropshire
SY1  3,52.736283,-2.725798,E06000051,Shropshire,E06000051,Shropshire
SY1  4,52.742247,-2.720757,E06000051,Shropshire,E06000051,Shropshire
SY1  9,52.713168,-2.749114,E06000051,Shropshire,E06000051,Shropshire
SY10 0,52.820929,-3.292382,W06000023,Powys,W06000023,Powys
SY10 1,52.843982,-3.040563,E06000051,Shropshire,E06000051,Shropshire
SY10 7,52.869936,-3.050722,E06000051,Shropshire,E06000051,Shropshire
SY10 8,52.826088,-3.056357,E06000051,Shropshire,E06000051,Shropshire
SY10 9,52.848692,-3.070938,E06000051,Shropshire,E06000051,Shropshire
SY11 1,52.859353,-3.056021,E06000051,Shropshire,E06000051,Shropshire
SY11 2,52.855336,-3.057869,E06000051,Shropshire,E06000051,Shropshire
SY11 3,52.922458,-3.009884,E06000051,Shropshire,E06000051,Shropshire
SY11 4,52.869949,-3.032924,E06000051,Shropshire,E06000051,Shropshire
SY12 0,52.906911,-2.896206,E06000051,Shropshire,E06000051,Shropshire
SY12 2,52.843964,-3.040563,E06000051,Shropshire,E06000051,Shropshire
SY12 9,52.902419,-2.892129,E06000051,Shropshire,E06000051,Shropshire
SY13 1,52.969202,-2.681587,E06000051,Shropshire,E06000051,Shropshire
SY13 2,52.955536,-2.674167,E06000051,Shropshire,E06000051,Shropshire
SY13 3,52.967708,-2.708186,E06000051,Shropshire,E06000051,Shropshire
SY13 4,52.967971,-2.656062,E06000051,Shropshire,E06000051,Shropshire
SY13 9,52.966289,-2.683253,E06000051,Shropshire,E06000051,Shropshire
SY14 7,53.016532,-2.777034,E06000050,Cheshire West and Chester,E06000050,Cheshire West and Chester
SY14 8,53.04233,-2.736287,E06000050,Cheshire West and Chester,E06000050,Cheshire West and Chester
SY15 6,52.538263,-3.074277,W06000023,Powys,W06000023,Powys
SY16 1,52.514269,-3.313059,W06000023,Powys,W06000023,Powys
SY16 2,52.515089,-3.313658,W06000023,Powys,W06000023,Powys
SY16 3,52.508792,-3.316388,W06000023,Powys,W06000023,Powys
SY16 4,52.477079,-3.317473,W06000023,Powys,W06000023,Powys
SY16 9,52.514329,-3.313267,W06000023,Powys,W06000023,Powys
SY17 5,52.486122,-3.426137,W06000023,Powys,W06000023,Powys
SY18 6,52.449233,-3.540755,W06000023,Powys,W06000023,Powys
SY19 7,52.613029,-3.628623,W06000023,Powys,W06000023,Powys
SY2  2,52.704317,-2.732535,E06000051,Shropshire,E06000051,Shropshire
SY2  5,52.707953,-2.740662,E06000051,Shropshire,E06000051,Shropshire
SY2  6,52.707438,-2.746737,E06000051,Shropshire,E06000051,Shropshire
SY20 0,52.588919,-3.843614,W06000023,Powys,W06000023,Powys
SY20 8,52.590707,-3.852902,W06000023,Powys,W06000023,Powys
SY20 9,52.647722,-3.710445,W06000023,Powys,W06000023,Powys
SY21 0,52.626586,-3.367894,W06000023,Powys,W06000023,Powys
SY21 1,52.659311,-3.145815,W06000023,Powys,W06000023,Powys
SY21 7,52.658776,-3.147221,W06000023,Powys,W06000023,Powys
SY21 8,52.61502,-3.17937,W06000023,Powys,W06000023,Powys
SY21 9,52.656462,-3.170549,W06000023,Powys,W06000023,Powys
SY22 5,52.766815,-3.27437,W06000023,Powys,W06000023,Powys
SY22 6,52.774825,-3.15125,W06000023,Powys,W06000023,Powys
SY23 1,52.414778,-4.083968,W06000008,Ceredigion,W06000008,Ceredigion
SY23 2,52.414778,-4.083968,W06000008,Ceredigion,W06000008,Ceredigion
SY23 3,52.405474,-4.049892,W06000008,Ceredigion,W06000008,Ceredigion
SY23 4,52.378873,-3.821202,W06000008,Ceredigion,W06000008,Ceredigion
SY23 5,52.306221,-4.141694,W06000008,Ceredigion,W06000008,Ceredigion
SY23 9,52.403479,-4.043595,W06000008,Ceredigion,W06000008,Ceredigion
SY24 5,52.453742,-4.019518,W06000008,Ceredigion,W06000008,Ceredigion
SY25 6,52.290961,-3.898975,W06000008,Ceredigion,W06000008,Ceredigion
SY3  0,52.669561,-2.782086,E06000051,Shropshire,E06000051,Shropshire
SY3  5,52.714302,-2.799953,E06000051,Shropshire,E06000051,Shropshire
SY3  6,52.695038,-2.772597,E06000051,Shropshire,E06000051,Shropshire
SY3  7,52.701942,-2.768501,E06000051,Shropshire,E06000051,Shropshire
SY3  8,52.703809,-2.778509,E06000051,Shropshire,E06000051,Shropshire
SY3  9,52.70185,-2.772954,E06000051,Shropshire,E06000051,Shropshire
SY4  1,52.728772,-2.862027,E06000051,Shropshire,E06000051,Shropshire
SY4  2,52.818306,-2.853871,E06000051,Shropshire,E06000051,Shropshire
SY4  3,52.732984,-2.75169,E06000051,Shropshire,E06000051,Shropshire
SY4  4,52.757064,-2.716038,E06000051,Shropshire,E06000051,Shropshire
SY4  5,52.85578,-2.723186,E06000051,Shropshire,E06000051,Shropshire
SY4  9,52.713168,-2.749114,E06000051,Shropshire,E06000051,Shropshire
SY5  0,52.639923,-2.927697,E06000051,Shropshire,E06000051,Shropshire
SY5  6,52.634253,-2.608484,E06000051,Shropshire,E06000051,Shropshire
SY5  7,52.649424,-2.750065,E06000051,Shropshire,E06000051,Shropshire
SY5  8,52.631296,-2.837979,E06000051,Shropshire,E06000051,Shropshire
SY5  9,52.714607,-2.907342,E06000051,Shropshire,E06000051,Shropshire
SY6  1,52.533888,-2.812253,E06000051,Shropshire,E06000051,Shropshire
SY6  6,52.53428,-2.812732,E06000051,Shropshire,E06000051,Shropshire
SY6  7,52.537844,-2.797671,E06000051,Shropshire,E06000051,Shropshire
SY6  9,52.447035,-2.840287,E06000051,Shropshire,E06000051,Shropshire
SY7  0,52.360088,-2.948418,E06000051,Shropshire,E06000051,Shropshire
SY7  7,52.447035,-2.840272,E06000051,Shropshire,E06000051,Shropshire
SY7  8,52.453337,-2.936189,E06000051,Shropshire,E06000051,Shropshire
SY7  9,52.43944,-2.847615,E06000051,Shropshire,E06000051,Shropshire
SY8  1,52.368703,-2.717319,E06000051,Shropshire,E06000051,Shropshire
SY8  2,52.394329,-2.719763,E06000051,Shropshire,E06000051,Shropshire
SY8  3,52.357195,-2.627474,E06000051,Shropshire,E06000051,Shropshire
SY8  4,52.355426,-2.721524,E06000051,Shropshire,E06000051,Shropshire
SY8  9,52.368633,-2.697402,E06000051,Shropshire,E06000051,Shropshire
SY9  5,52.490761,-2.998018,E06000051,Shropshire,E06000051,Shropshire
SY99 8,52.713168,-2.749114,E06000051,Shropshire,E06000051,Shropshire
TA1  1,51.023437,-3.109655,E06000066,Somerset,E06000066,Somerset
TA1  2,51.014807,-3.084472,E06000066,Somerset,E06000066,Somerset
TA1  3,51.01468,-3.09422,E06000066,Somerset,E06000066,Somerset
TA1  4,51.015884,-3.104841,E06000066,Somerset,E06000066,Somerset
TA1  5,51.021833,-3.130648,E06000066,Somerset,E06000066,Somerset
TA1  9,51.023446,-3.109712,E06000066,Somerset,E06000066,Somerset
TA10 0,51.014619,-2.88939,E06000066,Somerset,E06000066,Somerset
TA10 1,51.035317,-2.836104,E06000066,Somerset,E06000066,Somerset
TA10 9,51.045922,-2.808863,E06000066,Somerset,E06000066,Somerset
TA11 6,51.063719,-2.707566,E06000066,Somerset,E06000066,Somerset
TA11 7,51.052822,-2.729257,E06000066,Somerset,E06000066,Somerset
TA11 9,51.059147,-2.749976,E06000066,Somerset,E06000066,Somerset
TA12 6,50.976858,-2.770541,E06000066,Somerset,E06000066,Somerset
TA13 5,50.948875,-2.806322,E06000066,Somerset,E06000066,Somerset
TA14 6,50.942121,-2.756729,E06000066,Somerset,E06000066,Somerset
TA15 6,50.95752,-2.71761,E06000066,Somerset,E06000066,Somerset
TA16 5,50.906243,-2.795599,E06000066,Somerset,E06000066,Somerset
TA17 8,50.908723,-2.82561,E06000066,Somerset,E06000066,Somerset
TA18 7,50.885258,-2.795027,E06000066,Somerset,E06000066,Somerset
TA18 8,50.881601,-2.790587,E06000066,Somerset,E06000066,Somerset
TA18 9,50.882061,-2.786401,E06000066,Somerset,E06000066,Somerset
TA19 0,50.926678,-2.909439,E06000066,Somerset,E06000066,Somerset
TA19 9,50.928049,-2.913521,E06000066,Somerset,E06000066,Somerset
TA2  6,51.025513,-3.119258,E06000066,Somerset,E06000066,Somerset
TA2  7,51.028902,-3.100473,E06000066,Somerset,E06000066,Somerset
TA2  8,51.042729,-3.103668,E06000066,Somerset,E06000066,Somerset
TA20 1,50.880704,-2.956006,E06000066,Somerset,E06000066,Somerset
TA20 2,50.870464,-2.965489,E06000066,Somerset,E06000066,Somerset
TA20 3,50.886391,-2.963203,E06000066,Somerset,E06000066,Somerset
TA20 4,50.875315,-2.919381,E06000066,Somerset,E06000066,Somerset
TA20 9,50.87284,-2.962013,E06000066,Somerset,E06000066,Somerset
TA21 0,50.986196,-3.242949,E06000066,Somerset,E06000066,Somerset
TA21 1,50.979074,-3.227602,E06000066,Somerset,E06000066,Somerset
TA21 8,50.978067,-3.228387,E06000066,Somerset,E06000066,Somerset
TA21 9,50.984756,-3.218249,E06000066,Somerset,E06000066,Somerset
TA22 9,51.029432,-3.53979,E06000066,Somerset,E06000066,Somerset
TA23 0,51.180591,-3.330352,E06000066,Somerset,E06000066,Somerset
TA24 3,51.220505,-3.580797,E06000066,Somerset,E06000066,Somerset
TA24 5,51.205062,-3.481423,E06000066,Somerset,E06000066,Somerset
TA24 6,51.199289,-3.469215,E06000066,Somerset,E06000066,Somerset
TA24 7,51.105764,-3.575651,E06000066,Somerset,E06000066,Somerset
TA24 8,51.205148,-3.481727,E06000066,Somerset,E06000066,Somerset
TA24 9,51.204954,-3.481405,E06000066,Somerset,E06000066,Somerset
TA3  5,51.005756,-3.071262,E06000066,Somerset,E06000066,Somerset
TA3  6,50.985572,-2.990159,E06000066,Somerset,E06000066,Somerset
TA3  7,50.988436,-3.11358,E06000066,Somerset,E06000066,Somerset
TA4  1,51.033877,-3.170518,E06000066,Somerset,E06000066,Somerset
TA4  2,51.038553,-3.316694,E06000066,Somerset,E06000066,Somerset
TA4  3,51.023446,-3.109712,E06000066,Somerset,E06000066,Somerset
TA4  4,51.121694,-3.229707,E06000066,Somerset,E06000066,Somerset
TA4  9,51.161359,-3.319773,E06000066,Somerset,E06000066,Somerset
TA5  1,51.127719,-3.097805,E06000066,Somerset,E06000066,Somerset
TA5  2,51.109486,-3.015547,E06000066,Somerset,E06000066,Somerset
TA6  3,51.128866,-3.003154,E06000066,Somerset,E06000066,Somerset
TA6  4,51.135159,-2.992756,E06000066,Somerset,E06000066,Somerset
TA6  5,51.128902,-2.998867,E06000066,Somerset,E06000066,Somerset
TA6  6,51.114228,-3.016294,E06000066,Somerset,E06000066,Somerset
TA6  7,51.129227,-3.012408,E06000066,Somerset,E06000066,Somerset
TA6  9,51.126544,-3.004404,E06000066,Somerset,E06000066,Somerset
TA7  0,51.113552,-2.976421,E06000066,Somerset,E06000066,Somerset
TA7  8,51.169509,-2.95047,E06000066,Somerset,E06000066,Somerset
TA7  9,51.140229,-2.911187,E06000066,Somerset,E06000066,Somerset
TA8  1,51.231676,-2.997713,E06000066,Somerset,E06000066,Somerset
TA8  2,51.238624,-2.996946,E06000066,Somerset,E06000066,Somerset
TA8  9,51.236874,-2.993327,E06000066,Somerset,E06000066,Somerset
TA9  3,51.223744,-2.972109,E06000066,Somerset,E06000066,Somerset
TA9  4,51.21967,-2.969961,E06000066,Somerset,E06000066,Somerset
TD1  1,55.617463,-2.809014,S12000026,Scottish Borders,S12000026,Scottish Borders
TD1  2,55.615339,-2.799984,S12000026,Scottish Borders,S12000026,Scottish Borders
TD1  3,55.615243,-2.806412,S12000026,Scottish Borders,S12000026,Scottish Borders
TD1  9,55.617463,-2.809014,S12000026,Scottish Borders,S12000026,Scottish Borders
TD10 6,55.707214,-2.462774,S12000026,Scottish Borders,S12000026,Scottish Borders
TD11 3,55.776936,-2.346157,S12000026,Scottish Borders,S12000026,Scottish Borders
TD11 9,55.776848,-2.345582,S12000026,Scottish Borders,S12000026,Scottish Borders
TD12 4,55.652695,-2.252159,S12000026,Scottish Borders,S12000026,Scottish Borders
TD12 9,55.655737,-2.250001,S12000026,Scottish Borders,S12000026,Scottish Borders
TD13 5,55.927488,-2.308562,S12000026,Scottish Borders,S12000026,Scottish Borders
TD13 9,56.000821,-2.515373,S12000010,East Lothian,S12000010,East Lothian
TD14 5,55.87182,-2.092333,S12000026,Scottish Borders,S12000026,Scottish Borders
TD14 9,55.871434,-2.091884,S12000026,Scottish Borders,S12000026,Scottish Borders
TD15 1,55.769095,-2.001435,E06000057,Northumberland,E06000057,Northumberland
TD15 2,55.766147,-2.010392,E06000057,Northumberland,E06000057,Northumberland
TD15 9,55.769176,-2.001275,E06000057,Northumberland,E06000057,Northumberland
TD2  6,55.773197,-2.799358,S12000026,Scottish Borders,S12000026,Scottish Borders
TD3  6,55.681402,-2.561417,S12000026,Scottish Borders,S12000026,Scottish Borders
TD4  6,55.626564,-2.669083,S12000026,Scottish Borders,S12000026,Scottish Borders
TD5  7,55.599452,-2.431652,S12000026,Scottish Borders,S12000026,Scottish Borders
TD5  8,55.552396,-2.391541,S12000026,Scottish Borders,S12000026,Scottish Borders
TD5  9,55.599557,-2.432335,S12000026,Scottish Borders,S12000026,Scottish Borders
TD6  0,55.570853,-2.645997,S12000026,Scottish Borders,S12000026,Scottish Borders
TD6  6,55.598599,-2.72031,S12000026,Scottish Borders,S12000026,Scottish Borders
TD6  9,55.602614,-2.740191,S12000026,Scottish Borders,S12000026,Scottish Borders
TD7  4,55.546922,-2.840403,S12000026,Scottish Borders,S12000026,Scottish Borders
TD7  5,55.546132,-2.845632,S12000026,Scottish Borders,S12000026,Scottish Borders
TD7  9,55.546854,-2.841178,S12000026,Scottish Borders,S12000026,Scottish Borders
TD8  6,55.478163,-2.55547,S12000026,Scottish Borders,S12000026,Scottish Borders
TD8  9,55.47862,-2.553736,S12000026,Scottish Borders,S12000026,Scottish Borders
TD9  0,55.420852,-2.789176,S12000026,Scottish Borders,S12000026,Scottish Borders
TD9  1,55.421875,-2.790918,S12000026,Scottish Borders,S12000026,Scottish Borders
TD9  7,55.428183,-2.785198,S12000026,Scottish Borders,S12000026,Scottish Borders
TD9  8,55.429589,-2.778952,S12000026,Scottish Borders,S12000026,Scottish Borders
TD9  9,55.427532,-2.781724,S12000026,Scottish Borders,S12000026,Scottish Borders
TF1  1,52.699797,-2.519838,E06000020,Telford and Wrekin,E06000020,Telford and Wrekin
TF1  2,52.701889,-2.530563,E06000020,Telford and Wrekin,E06000020,Telford and Wrekin
TF1  3,52.703569,-2.518507,E06000020,Telford and Wrekin,E06000020,Telford and Wrekin
TF1  4,52.696767,-2.494736,E06000020,Telford and Wrekin,E06000020,Telford and Wrekin
TF1  5,52.697865,-2.483606,E06000020,Telford and Wrekin,E06000020,Telford and Wrekin
TF1  6,52.71049,-2.478151,E06000020,Telford and Wrekin,E06000020,Telford and Wrekin
TF1  7,52.724999,-2.460038,E06000020,Telford and Wrekin,E06000020,Telford and Wrekin
TF1  9,52.699985,-2.519914,E06000020,Telford and Wrekin,E06000020,Telford and Wrekin
TF10 0,52.7705,-2.380199,E06000020,Telford and Wrekin,E06000020,Telford and Wrekin
TF10 7,52.768104,-2.37874,E06000020,Telford and Wrekin,E06000020,Telford and Wrekin
TF10 8,52.779132,-2.382364,E06000020,Telford and Wrekin,E06000020,Telford and Wrekin
TF10 9,52.765251,-2.393536,E06000020,Telford and Wrekin,E06000020,Telford and Wrekin
TF11 8,52.666668,-2.377742,E06000051,Shropshire,E06000051,Shropshire
TF11 9,52.664963,-2.373972,E06000051,Shropshire,E06000051,Shropshire
TF12 5,52.614617,-2.48418,E06000051,Shropshire,E06000051,Shropshire
TF13 6,52.595395,-2.558003,E06000051,Shropshire,E06000051,Shropshire
TF13 9,52.64086,-2.444614,E06000020,Telford and Wrekin,E06000020,Telford and Wrekin
TF2  0,52.693267,-2.461865,E06000020,Telford and Wrekin,E06000020,Telford and Wrekin
TF2  2,52.69367,-2.448213,E06000020,Telford and Wrekin,E06000020,Telford and Wrekin
TF2  5,52.685944,-2.409434,E06000020,Telford and Wrekin,E06000020,Telford and Wrekin
TF2  6,52.694642,-2.450353,E06000020,Telford and Wrekin,E06000020,Telford and Wrekin
TF2  7,52.705951,-2.445734,E06000020,Telford and Wrekin,E06000020,Telford and Wrekin
TF2  8,52.716512,-2.446152,E06000020,Telford and Wrekin,E06000020,Telford and Wrekin
TF2  9,52.695733,-2.447183,E06000020,Telford and Wrekin,E06000020,Telford and Wrekin
TF3  1,52.655382,-2.43635,E06000020,Telford and Wrekin,E06000020,Telford and Wrekin
TF3  2,52.6609,-2.434424,E06000020,Telford and Wrekin,E06000020,Telford and Wrekin
TF3  3,52.677959,-2.430304,E06000020,Telford and Wrekin,E06000020,Telford and Wrekin
TF3  4,52.675101,-2.447224,E06000020,Telford and Wrekin,E06000020,Telford and Wrekin
TF3  5,52.68037,-2.472423,E06000020,Telford and Wrekin,E06000020,Telford and Wrekin
TF4  2,52.664337,-2.466779,E06000020,Telford and Wrekin,E06000020,Telford and Wrekin
TF4  3,52.663606,-2.469906,E06000020,Telford and Wrekin,E06000020,Telford and Wrekin
TF5  0,52.716646,-2.535362,E06000020,Telford and Wrekin,E06000020,Telford and Wrekin
TF6  5,52.698142,-2.542089,E06000020,Telford and Wrekin,E06000020,Telford and Wrekin
TF6  6,52.753621,-2.590176,E06000020,Telford and Wrekin,E06000020,Telford and Wrekin
TF7  4,52.628779,-2.437163,E06000020,Telford and Wrekin,E06000020,Telford and Wrekin
TF7  5,52.635003,-2.445973,E06000020,Telford and Wrekin,E06000020,Telford and Wrekin
TF7  9,52.640869,-2.444584,E06000020,Telford and Wrekin,E06000020,Telford and Wrekin
TF8  7,52.627594,-2.480822,E06000020,Telford and Wrekin,E06000020,Telford and Wrekin
TF9  1,52.903445,-2.483962,E06000051,Shropshire,E06000051,Shropshire
TF9  2,52.898772,-2.479153,E06000051,Shropshire,E06000051,Shropshire
TF9  3,52.906797,-2.486423,E06000051,Shropshire,E06000051,Shropshire
TF9  4,52.915619,-2.46069,E06000051,Shropshire,E06000051,Shropshire
TF9  9,52.905347,-2.484786,E06000051,Shropshire,E06000051,Shropshire
TN1  1,51.129304,0.260963,E07000116,Tunbridge Wells,E10000016,Kent
TN1  2,51.134767,0.263988,E07000116,Tunbridge Wells,E10000016,Kent
TN10 3,51.200962,0.275923,E07000115,Tonbridge and Malling,E10000016,Kent
TN10 4,51.210076,0.291864,E07000115,Tonbridge and Malling,E10000016,Kent
TN11 0,51.208235,0.309555,E07000115,Tonbridge and Malling,E10000016,Kent
TN11 8,51.183989,0.249514,E07000115,Tonbridge and Malling,E10000016,Kent
TN11 9,51.212118,0.248265,E07000115,Tonbridge and Malling,E10000016,Kent
TN12 0,51.160209,0.552293,E07000110,Maidstone,E10000016,Kent
TN12 5,51.212674,0.386813,E07000115,Tonbridge and Malling,E10000016,Kent
TN12 6,51.18077,0.386539,E07000116,Tunbridge Wells,E10000016,Kent
TN12 7,51.149867,0.401517,E07000116,Tunbridge Wells,E10000016,Kent
TN12 8,51.138729,0.429589,E07000116,Tunbridge Wells,E10000016,Kent
TN12 9,51.173678,0.497053,E07000110,Maidstone,E10000016,Kent
TN13 1,51.270281,0.191735,E07000111,Sevenoaks,E10000016,Kent
TN13 2,51.283831,0.169636,E07000111,Sevenoaks,E10000016,Kent
TN13 3,51.273533,0.192406,E07000111,Sevenoaks,E10000016,Kent
TN13 6,51.350747,0.250306,E07000111,Sevenoaks,E10000016,Kent
TN13 9,51.270285,0.191993,E07000111,Sevenoaks,E10000016,Kent
TN14 5,51.289187,0.203105,E07000111,Sevenoaks,E10000016,Kent
TN14 6,51.273771,0.142638,E07000111,Sevenoaks,E10000016,Kent
TN14 7,51.324319,0.155571,E07000111,Sevenoaks,E10000016,Kent
TN15 0,51.289801,0.21108,E07000111,Sevenoaks,E10000016,Kent
TN15 6,51.322197,0.239334,E07000111,Sevenoaks,E10000016,Kent
TN15 7,51.30845,0.309963,E07000115,Tonbridge and Malling,E10000016,Kent
TN15 8,51.293006,0.306864,E07000115,Tonbridge and Malling,E10000016,Kent
TN15 9,51.286098,0.283557,E07000115,Tonbridge and Malling,E10000016,Kent
TN16 1,51.267988,0.071192,E07000111,Sevenoaks,E10000016,Kent
TN16 2,51.293853,0.02541,E07000215,Tandridge,E10000030,Surrey
TN16 3,51.317949,0.059293,E09000006,Bromley,E09000006,Bromley
TN16 9,51.314322,0.033745,E09000006,Bromley,E09000006,Bromley
TN17 1,51.112618,0.457652,E07000116,Tunbridge Wells,E10000016,Kent
TN17 2,51.105504,0.553706,E07000116,Tunbridge Wells,E10000016,Kent
TN17 3,51.09574,0.537842,E07000116,Tunbridge Wells,E10000016,Kent
TN17 4,51.075219,0.571826,E07000116,Tunbridge Wells,E10000016,Kent
TN17 9,51.096115,0.535078,E07000116,Tunbridge Wells,E10000016,Kent
TN18 4,51.047719,0.509618,E07000116,Tunbridge Wells,E10000016,Kent
TN18 5,51.058589,0.489612,E07000116,Tunbridge Wells,E10000016,Kent
TN19 7,51.007047,0.435301,E07000064,Rother,E10000011,East Sussex
TN2  3,51.148287,0.28421,E07000116,Tunbridge Wells,E10000016,Kent
TN2  4,51.138746,0.320266,E07000116,Tunbridge Wells,E10000016,Kent
TN2  5,51.127277,0.27184,E07000116,Tunbridge Wells,E10000016,Kent
TN2  9,51.156104,0.285498,E07000116,Tunbridge Wells,E10000016,Kent
TN20 6,51.020421,0.262208,E07000065,Wealden,E10000011,East Sussex
TN21 0,50.969686,0.250112,E07000065,Wealden,E10000011,East Sussex
TN21 1,50.971299,0.251329,E07000065,Wealden,E10000011,East Sussex
TN21 8,50.965665,0.255757,E07000065,Wealden,E10000011,East Sussex
TN21 9,50.963332,0.275853,E07000065,Wealden,E10000011,East Sussex
TN22 1,50.971719,0.096456,E07000065,Wealden,E10000011,East Sussex
TN22 2,50.980458,0.099571,E07000065,Wealden,E10000011,East Sussex
TN22 3,50.988437,0.103479,E07000065,Wealden,E10000011,East Sussex
TN22 4,51.021369,0.13048,E07000065,Wealden,E10000011,East Sussex
TN22 5,50.968452,0.097591,E07000065,Wealden,E10000011,East Sussex
TN22 9,50.967904,0.086499,E07000065,Wealden,E10000011,East Sussex
TN23 1,51.148835,0.870913,E07000105,Ashford,E10000016,Kent
TN23 2,51.133374,0.85583,E07000105,Ashford,E10000016,Kent
TN23 3,51.14656,0.875648,E07000105,Ashford,E10000016,Kent
TN23 4,51.146664,0.854891,E07000105,Ashford,E10000016,Kent
TN23 5,51.133391,0.854758,E07000105,Ashford,E10000016,Kent
TN23 6,51.126267,0.860322,E07000105,Ashford,E10000016,Kent
TN23 7,51.13814,0.870592,E07000105,Ashford,E10000016,Kent
TN23 8,51.134736,0.82196,E07000105,Ashford,E10000016,Kent
TN23 9,51.14656,0.875648,E07000105,Ashford,E10000016,Kent
TN24 0,51.128234,0.900597,E07000105,Ashford,E10000016,Kent
TN24 8,51.150685,0.876176,E07000105,Ashford,E10000016,Kent
TN24 9,51.162892,0.876492,E07000105,Ashford,E10000016,Kent
TN25 4,51.16859,0.867862,E07000105,Ashford,E10000016,Kent
TN25 5,51.185235,0.981014,E07000105,Ashford,E10000016,Kent
TN25 6,51.114435,0.927011,E07000105,Ashford,E10000016,Kent
TN25 7,51.118471,0.893497,E07000105,Ashford,E10000016,Kent
TN26 1,51.14656,0.875648,E07000105,Ashford,E10000016,Kent
TN26 2,51.065322,0.890938,E07000105,Ashford,E10000016,Kent
TN26 3,51.131399,0.759789,E07000105,Ashford,E10000016,Kent
TN27 0,51.211219,0.789577,E07000105,Ashford,E10000016,Kent
TN27 8,51.14656,0.875648,E07000105,Ashford,E10000016,Kent
TN27 9,51.170199,0.633132,E07000110,Maidstone,E10000016,Kent
TN28 8,50.986367,0.942119,E07000112,Folkestone and Hythe,E10000016,Kent
TN28 9,50.986367,0.942119,E07000112,Folkestone and Hythe,E10000016,Kent
TN29 0,51.008936,0.896355,E07000112,Folkestone and Hythe,E10000016,Kent
TN29 9,50.948809,0.899891,E07000112,Folkestone and Hythe,E10000016,Kent
TN3  0,51.132012,0.221973,E07000116,Tunbridge Wells,E10000016,Kent
TN3  8,51.106921,0.398503,E07000116,Tunbridge Wells,E10000016,Kent
TN3  9,51.131619,0.313662,E07000116,Tunbridge Wells,E10000016,Kent
TN30 6,51.070873,0.690103,E07000105,Ashford,E10000016,Kent
TN30 7,51.01471,0.722426,E07000105,Ashford,E10000016,Kent
TN30 9,51.070873,0.690103,E07000105,Ashford,E10000016,Kent
TN31 6,50.946004,0.715375,E07000064,Rother,E10000011,East Sussex
TN31 7,50.951729,0.731387,E07000064,Rother,E10000011,East Sussex
TN31 9,50.951557,0.731419,E07000064,Rother,E10000011,East Sussex
TN32 5,50.986961,0.475175,E07000064,Rother,E10000011,East Sussex
TN33 0,50.915704,0.485164,E07000064,Rother,E10000011,East Sussex
TN33 3,50.915713,0.485164,E07000064,Rother,E10000011,East Sussex
TN33 9,50.893239,0.498558,E07000064,Rother,E10000011,East Sussex
TN34 1,50.855755,0.578145,E07000062,Hastings,E10000011,East Sussex
TN34 2,50.875094,0.605212,E07000062,Hastings,E10000011,East Sussex
TN34 3,50.855286,0.58349,E07000062,Hastings,E10000011,East Sussex
TN34 9,50.857811,0.575871,E07000062,Hastings,E10000011,East Sussex
TN35 4,50.875981,0.635428,E07000062,Hastings,E10000011,East Sussex
TN35 5,50.86901,0.60095,E07000062,Hastings,E10000011,East Sussex
TN36 4,50.923515,0.706209,E07000064,Rother,E10000011,East Sussex
TN37 6,50.852302,0.560137,E07000062,Hastings,E10000011,East Sussex
TN37 7,50.869446,0.554794,E07000062,Hastings,E10000011,East Sussex
TN38 0,50.851435,0.540127,E07000062,Hastings,E10000011,East Sussex
TN38 1,50.868095,0.548296,E07000062,Hastings,E10000011,East Sussex
TN38 8,50.850676,0.530766,E07000062,Hastings,E10000011,East Sussex
TN38 9,50.867819,0.548153,E07000062,Hastings,E10000011,East Sussex
TN39 3,50.8331,0.428025,E07000064,Rother,E10000011,East Sussex
TN39 4,50.847275,0.469535,E07000064,Rother,E10000011,East Sussex
TN39 5,50.855237,0.473721,E07000064,Rother,E10000011,East Sussex
TN4  0,51.155646,0.263723,E07000116,Tunbridge Wells,E10000016,Kent
TN4  8,51.135379,0.260745,E07000116,Tunbridge Wells,E10000016,Kent
TN4  9,51.146644,0.26281,E07000116,Tunbridge Wells,E10000016,Kent
TN40 1,50.840438,0.474273,E07000064,Rother,E10000011,East Sussex
TN40 2,50.846382,0.471789,E07000064,Rother,E10000011,East Sussex
TN40 9,50.840417,0.473164,E07000064,Rother,E10000011,East Sussex
TN5  6,51.063064,0.338273,E07000065,Wealden,E10000011,East Sussex
TN5  7,51.04609,0.407942,E07000064,Rother,E10000011,East Sussex
TN6  1,51.060213,0.160735,E07000065,Wealden,E10000011,East Sussex
TN6  2,51.052799,0.178369,E07000065,Wealden,E10000011,East Sussex
TN6  3,51.04479,0.153925,E07000065,Wealden,E10000011,East Sussex
TN6  9,51.060213,0.160735,E07000065,Wealden,E10000011,East Sussex
TN7  4,51.102702,0.111319,E07000065,Wealden,E10000011,East Sussex
TN8  5,51.197884,0.064167,E07000111,Sevenoaks,E10000016,Kent
TN8  6,51.20302,0.061533,E07000111,Sevenoaks,E10000016,Kent
TN8  7,51.192025,0.140961,E07000111,Sevenoaks,E10000016,Kent
TN8  9,51.197884,0.064167,E07000111,Sevenoaks,E10000016,Kent
TN9  1,51.190124,0.287025,E07000115,Tonbridge and Malling,E10000016,Kent
TN9  2,51.190348,0.270877,E07000115,Tonbridge and Malling,E10000016,Kent
TN9  9,51.189882,0.2879,E07000115,Tonbridge and Malling,E10000016,Kent
TQ1  1,50.464705,-3.526386,E06000027,Torbay,E06000027,Torbay
TQ1  2,50.461506,-3.524099,E06000027,Torbay,E06000027,Torbay
TQ1  3,50.466757,-3.528974,E06000027,Torbay,E06000027,Torbay
TQ1  4,50.477356,-3.54506,E06000027,Torbay,E06000027,Torbay
TQ1  9,50.484768,-3.549699,E06000027,Torbay,E06000027,Torbay
TQ10 9,50.426143,-3.834863,E07000044,South Hams,E10000008,Devon
TQ11 0,50.48124,-3.777637,E07000045,Teignbridge,E10000008,Devon
TQ12 1,50.526588,-3.602227,E07000045,Teignbridge,E10000008,Devon
TQ12 2,50.530093,-3.612237,E07000045,Teignbridge,E10000008,Devon
TQ12 3,50.530607,-3.614033,E07000045,Teignbridge,E10000008,Devon
TQ12 4,50.531844,-3.599357,E07000045,Teignbridge,E10000008,Devon
TQ12 5,50.501278,-3.57857,E07000045,Teignbridge,E10000008,Devon
TQ12 6,50.519537,-3.621682,E07000045,Teignbridge,E10000008,Devon
TQ12 9,50.527289,-3.595704,E07000045,Teignbridge,E10000008,Devon
TQ13 0,50.601206,-3.586008,E07000045,Teignbridge,E10000008,Devon
TQ13 7,50.515434,-3.755787,E07000045,Teignbridge,E10000008,Devon
TQ13 8,50.673306,-3.840122,E07000047,West Devon,E10000008,Devon
TQ13 9,50.594848,-3.672859,E07000045,Teignbridge,E10000008,Devon
TQ14 0,50.540185,-3.510178,E07000045,Teignbridge,E10000008,Devon
TQ14 4,50.545704,-3.495774,E07000045,Teignbridge,E10000008,Devon
TQ14 8,50.545704,-3.495774,E07000045,Teignbridge,E10000008,Devon
TQ14 9,50.54669,-3.51071,E07000045,Teignbridge,E10000008,Devon
TQ2  5,50.469668,-3.540159,E06000027,Torbay,E06000027,Torbay
TQ2  6,50.476733,-3.549253,E06000027,Torbay,E06000027,Torbay
TQ2  7,50.482303,-3.553819,E06000027,Torbay,E06000027,Torbay
TQ2  8,50.484348,-3.535899,E06000027,Torbay,E06000027,Torbay
TQ3  1,50.450059,-3.585204,E06000027,Torbay,E06000027,Torbay
TQ3  2,50.439781,-3.567101,E06000027,Torbay,E06000027,Torbay
TQ3  3,50.437286,-3.567399,E06000027,Torbay,E06000027,Torbay
TQ4  5,50.435339,-3.567701,E06000027,Torbay,E06000027,Torbay
TQ4  6,50.435424,-3.563423,E06000027,Torbay,E06000027,Torbay
TQ4  7,50.414216,-3.575407,E06000027,Torbay,E06000027,Torbay
TQ4  9,50.436729,-3.567324,E06000027,Torbay,E06000027,Torbay
TQ5  0,50.38388,-3.523325,E06000027,Torbay,E06000027,Torbay
TQ5  5,50.394525,-3.516772,E06000027,Torbay,E06000027,Torbay
TQ5  8,50.394392,-3.514545,E06000027,Torbay,E06000027,Torbay
TQ5  9,50.397763,-3.507082,E06000027,Torbay,E06000027,Torbay
TQ6  0,50.348455,-3.573117,E07000044,South Hams,E10000008,Devon
TQ6  6,50.351303,-3.581996,E07000044,South Hams,E10000008,Devon
TQ6  9,50.350297,-3.577943,E07000044,South Hams,E10000008,Devon
TQ7  1,50.284524,-3.777206,E07000044,South Hams,E10000008,Devon
TQ7  2,50.268883,-3.758886,E07000044,South Hams,E10000008,Devon
TQ7  3,50.290862,-3.837011,E07000044,South Hams,E10000008,Devon
TQ7  4,50.293427,-3.774982,E07000044,South Hams,E10000008,Devon
TQ7  9,50.284108,-3.776783,E07000044,South Hams,E10000008,Devon
TQ8  8,50.234824,-3.779395,E07000044,South Hams,E10000008,Devon
TQ9  5,50.429963,-3.680913,E07000044,South Hams,E10000008,Devon
TQ9  6,50.453281,-3.719902,E07000044,South Hams,E10000008,Devon
TQ9  7,50.345582,-3.690694,E07000044,South Hams,E10000008,Devon
TQ9  9,50.43647,-3.686171,E07000044,South Hams,E10000008,Devon
TR1  1,50.25527,-5.046154,E06000052,Cornwall,E06000052,Cornwall
TR1  2,50.263872,-5.048836,E06000052,Cornwall,E06000052,Cornwall
TR1  3,50.265894,-5.056094,E06000052,Cornwall,E06000052,Cornwall
TR1  9,50.25527,-5.046154,E06000052,Cornwall,E06000052,Cornwall
TR10 8,50.170846,-5.107154,E06000052,Cornwall,E06000052,Cornwall
TR10 9,50.19148,-5.131377,E06000052,Cornwall,E06000052,Cornwall
TR11 2,50.157101,-5.071298,E06000052,Cornwall,E06000052,Cornwall
TR11 3,50.155869,-5.069931,E06000052,Cornwall,E06000052,Cornwall
TR11 4,50.15188,-5.0867,E06000052,Cornwall,E06000052,Cornwall
TR11 5,50.118153,-5.173137,E06000052,Cornwall,E06000052,Cornwall
TR11 9,50.152098,-5.10045,E06000052,Cornwall,E06000052,Cornwall
TR12 6,50.078965,-5.20621,E06000052,Cornwall,E06000052,Cornwall
TR12 7,50.090028,-5.247668,E06000052,Cornwall,E06000052,Cornwall
TR13 0,50.135688,-5.306481,E06000052,Cornwall,E06000052,Cornwall
TR13 3,50.100336,-5.275569,E06000052,Cornwall,E06000052,Cornwall
TR13 8,50.100498,-5.273664,E06000052,Cornwall,E06000052,Cornwall
TR13 9,50.086998,-5.311251,E06000052,Cornwall,E06000052,Cornwall
TR14 0,50.221239,-5.302805,E06000052,Cornwall,E06000052,Cornwall
TR14 4,50.21335,-5.299625,E06000052,Cornwall,E06000052,Cornwall
TR14 7,50.207363,-5.28361,E06000052,Cornwall,E06000052,Cornwall
TR14 8,50.21408,-5.298315,E06000052,Cornwall,E06000052,Cornwall
TR14 9,50.204633,-5.28659,E06000052,Cornwall,E06000052,Cornwall
TR15 1,50.234328,-5.228954,E06000052,Cornwall,E06000052,Cornwall
TR15 2,50.233733,-5.226712,E06000052,Cornwall,E06000052,Cornwall
TR15 3,50.231911,-5.23593,E06000052,Cornwall,E06000052,Cornwall
TR15 9,50.233733,-5.226712,E06000052,Cornwall,E06000052,Cornwall
TR16 4,50.246307,-5.234577,E06000052,Cornwall,E06000052,Cornwall
TR16 5,50.249266,-5.206703,E06000052,Cornwall,E06000052,Cornwall
TR16 6,50.224658,-5.189837,E06000052,Cornwall,E06000052,Cornwall
TR17 0,50.128746,-5.489406,E06000052,Cornwall,E06000052,Cornwall
TR18 2,50.121016,-5.539051,E06000052,Cornwall,E06000052,Cornwall
TR18 3,50.123401,-5.534021,E06000052,Cornwall,E06000052,Cornwall
TR18 4,50.116651,-5.532026,E06000052,Cornwall,E06000052,Cornwall
TR18 5,50.102144,-5.553394,E06000052,Cornwall,E06000052,Cornwall
TR18 9,50.118857,-5.539647,E06000052,Cornwall,E06000052,Cornwall
TR19 6,50.102158,-5.582168,E06000052,Cornwall,E06000052,Cornwall
TR19 7,50.066019,-5.713697,E06000052,Cornwall,E06000052,Cornwall
TR2  4,50.279287,-4.99051,E06000052,Cornwall,E06000052,Cornwall
TR2  5,50.167167,-5.016805,E06000052,Cornwall,E06000052,Cornwall
TR20 8,50.140666,-5.484941,E06000052,Cornwall,E06000052,Cornwall
TR20 9,50.113207,-5.385977,E06000052,Cornwall,E06000052,Cornwall
TR21 0,50.118857,-5.539647,E06000052,Cornwall,E06000052,Cornwall
TR22 0,49.895165,-6.340938,E06000053,Isles of Scilly,E06000053,Isles of Scilly
TR23 0,49.953599,-6.352711,E06000053,Isles of Scilly,E06000053,Isles of Scilly
TR24 0,49.956902,-6.339285,E06000053,Isles of Scilly,E06000053,Isles of Scilly
TR25 0,49.960938,-6.283087,E06000053,Isles of Scilly,E06000053,Isles of Scilly
TR26 1,50.211966,-5.481289,E06000052,Cornwall,E06000052,Cornwall
TR26 2,50.207078,-5.476602,E06000052,Cornwall,E06000052,Cornwall
TR26 3,50.212495,-5.492432,E06000052,Cornwall,E06000052,Cornwall
TR26 9,50.202518,-5.493315,E06000052,Cornwall,E06000052,Cornwall
TR27 4,50.184226,-5.4209,E06000052,Cornwall,E06000052,Cornwall
TR27 5,50.193016,-5.414774,E06000052,Cornwall,E06000052,Cornwall
TR27 6,50.159719,-5.356229,E06000052,Cornwall,E06000052,Cornwall
TR27 9,50.184226,-5.4209,E06000052,Cornwall,E06000052,Cornwall
TR3  6,50.247885,-5.057789,E06000052,Cornwall,E06000052,Cornwall
TR3  7,50.186696,-5.172075,E06000052,Cornwall,E06000052,Cornwall
TR4  8,50.283647,-5.238246,E06000052,Cornwall,E06000052,Cornwall
TR4  9,50.289177,-5.046775,E06000052,Cornwall,E06000052,Cornwall
TR5  0,50.3167,-5.209344,E06000052,Cornwall,E06000052,Cornwall
TR6  0,50.346381,-5.140042,E06000052,Cornwall,E06000052,Cornwall
TR7  1,50.413661,-5.08732,E06000052,Cornwall,E06000052,Cornwall
TR7  2,50.408772,-5.085101,E06000052,Cornwall,E06000052,Cornwall
TR7  3,50.420231,-5.066444,E06000052,Cornwall,E06000052,Cornwall
TR7  9,50.414337,-5.079804,E06000052,Cornwall,E06000052,Cornwall
TR8  4,50.444837,-5.04134,E06000052,Cornwall,E06000052,Cornwall
TR8  5,50.383476,-5.010314,E06000052,Cornwall,E06000052,Cornwall
TR9  6,50.436062,-4.940805,E06000052,Cornwall,E06000052,Cornwall
TR93 0,50.129377,-5.502804,E06000052,Cornwall,E06000052,Cornwall
TS1  1,54.575865,-1.244956,E06000002,Middlesbrough,E06000002,Middlesbrough
TS1  2,54.57527,-1.227564,E06000002,Middlesbrough,E06000002,Middlesbrough
TS1  3,54.57272,-1.23646,E06000002,Middlesbrough,E06000002,Middlesbrough
TS1  4,54.573394,-1.240702,E06000002,Middlesbrough,E06000002,Middlesbrough
TS1  5,54.576458,-1.243507,E06000002,Middlesbrough,E06000002,Middlesbrough
TS1  9,54.575865,-1.244956,E06000002,Middlesbrough,E06000002,Middlesbrough
TS10 1,54.619237,-1.069436,E06000003,Redcar and Cleveland,E06000003,Redcar and Cleveland
TS10 2,54.615271,-1.067932,E06000003,Redcar and Cleveland,E06000003,Redcar and Cleveland
TS10 3,54.619533,-1.068221,E06000003,Redcar and Cleveland,E06000003,Redcar and Cleveland
TS10 4,54.606156,-1.079364,E06000003,Redcar and Cleveland,E06000003,Redcar and Cleveland
TS10 5,54.617007,-1.085886,E06000003,Redcar and Cleveland,E06000003,Redcar and Cleveland
TS10 9,54.591383,-1.089075,E06000003,Redcar and Cleveland,E06000003,Redcar and Cleveland
TS11 1,54.591959,-1.023459,E06000003,Redcar and Cleveland,E06000003,Redcar and Cleveland
TS11 6,54.592096,-1.020407,E06000003,Redcar and Cleveland,E06000003,Redcar and Cleveland
TS11 7,54.59411,-1.014973,E06000003,Redcar and Cleveland,E06000003,Redcar and Cleveland
TS11 8,54.587151,-1.020185,E06000003,Redcar and Cleveland,E06000003,Redcar and Cleveland
TS12 1,54.582842,-0.974009,E06000003,Redcar and Cleveland,E06000003,Redcar and Cleveland
TS12 2,54.564518,-0.982667,E06000003,Redcar and Cleveland,E06000003,Redcar and Cleveland
TS12 3,54.543564,-0.982184,E06000003,Redcar and Cleveland,E06000003,Redcar and Cleveland
TS12 9,54.564094,-0.965526,E06000003,Redcar and Cleveland,E06000003,Redcar and Cleveland
TS13 4,54.563247,-0.90698,E06000003,Redcar and Cleveland,E06000003,Redcar and Cleveland
TS13 5,54.557595,-0.793504,E06000065,North Yorkshire,E06000065,North Yorkshire
TS14 6,54.53534,-1.052986,E06000003,Redcar and Cleveland,E06000003,Redcar and Cleveland
TS14 7,54.534675,-1.050683,E06000003,Redcar and Cleveland,E06000003,Redcar and Cleveland
TS14 8,54.52644,-1.068812,E06000003,Redcar and Cleveland,E06000003,Redcar and Cleveland
TS14 9,54.529674,-1.057041,E06000003,Redcar and Cleveland,E06000003,Redcar and Cleveland
TS15 0,54.454277,-1.341788,E06000065,North Yorkshire,E06000065,North Yorkshire
TS15 9,54.50758,-1.35355,E06000004,Stockton-on-Tees,E06000004,Stockton-on-Tees
TS16 0,54.530371,-1.348368,E06000004,Stockton-on-Tees,E06000004,Stockton-on-Tees
TS16 9,54.531628,-1.344902,E06000004,Stockton-on-Tees,E06000004,Stockton-on-Tees
TS17 0,54.539272,-1.303915,E06000004,Stockton-on-Tees,E06000004,Stockton-on-Tees
TS17 5,54.52231,-1.322326,E06000004,Stockton-on-Tees,E06000004,Stockton-on-Tees
TS17 6,54.558899,-1.305205,E06000004,Stockton-on-Tees,E06000004,Stockton-on-Tees
TS17 7,54.557024,-1.299531,E06000004,Stockton-on-Tees,E06000004,Stockton-on-Tees
TS17 8,54.550123,-1.305957,E06000004,Stockton-on-Tees,E06000004,Stockton-on-Tees
TS17 9,54.541743,-1.277767,E06000002,Middlesbrough,E06000002,Middlesbrough
TS18 1,54.561874,-1.313211,E06000004,Stockton-on-Tees,E06000004,Stockton-on-Tees
TS18 2,54.568131,-1.313647,E06000004,Stockton-on-Tees,E06000004,Stockton-on-Tees
TS18 3,54.560728,-1.312349,E06000004,Stockton-on-Tees,E06000004,Stockton-on-Tees
TS18 4,54.56437,-1.327243,E06000004,Stockton-on-Tees,E06000004,Stockton-on-Tees
TS18 5,54.56152,-1.34679,E06000004,Stockton-on-Tees,E06000004,Stockton-on-Tees
TS19 0,54.568466,-1.320401,E06000004,Stockton-on-Tees,E06000004,Stockton-on-Tees
TS19 1,54.571619,-1.320132,E06000004,Stockton-on-Tees,E06000004,Stockton-on-Tees
TS19 7,54.562308,-1.344581,E06000004,Stockton-on-Tees,E06000004,Stockton-on-Tees
TS19 8,54.58041,-1.338381,E06000004,Stockton-on-Tees,E06000004,Stockton-on-Tees
TS19 9,54.581315,-1.336123,E06000004,Stockton-on-Tees,E06000004,Stockton-on-Tees
TS2  1,54.579928,-1.233665,E06000002,Middlesbrough,E06000002,Middlesbrough
TS20 1,54.590943,-1.312568,E06000004,Stockton-on-Tees,E06000004,Stockton-on-Tees
TS20 2,54.570582,-1.31322,E06000004,Stockton-on-Tees,E06000004,Stockton-on-Tees
TS21 1,54.550741,-1.357845,E06000004,Stockton-on-Tees,E06000004,Stockton-on-Tees
TS21 2,54.652348,-1.449672,E06000047,County Durham,E06000047,County Durham
TS21 3,54.653269,-1.442701,E06000047,County Durham,E06000047,County Durham
TS21 4,54.68329,-1.44001,E06000047,County Durham,E06000047,County Durham
TS22 5,54.604528,-1.30107,E06000004,Stockton-on-Tees,E06000004,Stockton-on-Tees
TS23 1,54.597315,-1.295343,E06000004,Stockton-on-Tees,E06000004,Stockton-on-Tees
TS23 2,54.613407,-1.299448,E06000004,Stockton-on-Tees,E06000004,Stockton-on-Tees
TS23 3,54.608547,-1.282857,E06000004,Stockton-on-Tees,E06000004,Stockton-on-Tees
TS23 4,54.601552,-1.280859,E06000004,Stockton-on-Tees,E06000004,Stockton-on-Tees
TS24 0,54.701132,-1.205499,E06000001,Hartlepool,E06000001,Hartlepool
TS24 4,54.681581,-1.210394,E06000001,Hartlepool,E06000001,Hartlepool
TS24 7,54.681581,-1.210394,E06000001,Hartlepool,E06000001,Hartlepool
TS24 8,54.685697,-1.213168,E06000001,Hartlepool,E06000001,Hartlepool
TS24 9,54.69973,-1.222238,E06000001,Hartlepool,E06000001,Hartlepool
TS25 1,54.669589,-1.19216,E06000001,Hartlepool,E06000001,Hartlepool
TS25 2,54.658941,-1.196355,E06000001,Hartlepool,E06000001,Hartlepool
TS25 3,54.658063,-1.222957,E06000001,Hartlepool,E06000001,Hartlepool
TS25 4,54.664814,-1.23737,E06000001,Hartlepool,E06000001,Hartlepool
TS25 5,54.674164,-1.215454,E06000001,Hartlepool,E06000001,Hartlepool
TS26 0,54.682495,-1.24377,E06000001,Hartlepool,E06000001,Hartlepool
TS26 8,54.686391,-1.216288,E06000001,Hartlepool,E06000001,Hartlepool
TS26 9,54.678706,-1.216111,E06000001,Hartlepool,E06000001,Hartlepool
TS27 3,54.721345,-1.252534,E06000047,County Durham,E06000047,County Durham
TS27 4,54.741207,-1.278015,E06000047,County Durham,E06000047,County Durham
TS28 5,54.724953,-1.377486,E06000047,County Durham,E06000047,County Durham
TS29 6,54.718933,-1.411762,E06000047,County Durham,E06000047,County Durham
TS3  0,54.550024,-1.196966,E06000002,Middlesbrough,E06000002,Middlesbrough
TS3  6,54.579874,-1.211201,E06000002,Middlesbrough,E06000002,Middlesbrough
TS3  7,54.566609,-1.209833,E06000002,Middlesbrough,E06000002,Middlesbrough
TS3  8,54.574444,-1.209511,E06000002,Middlesbrough,E06000002,Middlesbrough
TS3  9,54.556839,-1.182621,E06000002,Middlesbrough,E06000002,Middlesbrough
TS4  2,54.57529,-1.226373,E06000002,Middlesbrough,E06000002,Middlesbrough
TS4  3,54.55656,-1.222011,E06000002,Middlesbrough,E06000002,Middlesbrough
TS5  4,54.563159,-1.273136,E06000002,Middlesbrough,E06000002,Middlesbrough
TS5  5,54.559208,-1.252995,E06000002,Middlesbrough,E06000002,Middlesbrough
TS5  6,54.565105,-1.241629,E06000002,Middlesbrough,E06000002,Middlesbrough
TS5  7,54.548761,-1.259571,E06000002,Middlesbrough,E06000002,Middlesbrough
TS5  8,54.548315,-1.260213,E06000002,Middlesbrough,E06000002,Middlesbrough
TS6  0,54.566839,-1.174208,E06000003,Redcar and Cleveland,E06000003,Redcar and Cleveland
TS6  1,54.570676,-1.167573,E06000003,Redcar and Cleveland,E06000003,Redcar and Cleveland
TS6  6,54.582101,-1.177118,E06000003,Redcar and Cleveland,E06000003,Redcar and Cleveland
TS6  7,54.57812,-1.154967,E06000003,Redcar and Cleveland,E06000003,Redcar and Cleveland
TS6  8,54.566817,-1.141404,E06000003,Redcar and Cleveland,E06000003,Redcar and Cleveland
TS6  9,54.573098,-1.155318,E06000003,Redcar and Cleveland,E06000003,Redcar and Cleveland
TS7  0,54.525692,-1.173725,E06000002,Middlesbrough,E06000002,Middlesbrough
TS7  8,54.535898,-1.202682,E06000002,Middlesbrough,E06000002,Middlesbrough
TS7  9,54.549469,-1.179924,E06000003,Redcar and Cleveland,E06000003,Redcar and Cleveland
TS8  0,54.504058,-1.216645,E06000065,North Yorkshire,E06000065,North Yorkshire
TS8  8,54.521806,-1.223381,E06000002,Middlesbrough,E06000002,Middlesbrough
TS8  9,54.534509,-1.215691,E06000002,Middlesbrough,E06000002,Middlesbrough
TS9  5,54.469333,-1.1937,E06000065,North Yorkshire,E06000065,North Yorkshire
TS9  6,54.49021,-1.141466,E06000065,North Yorkshire,E06000065,North Yorkshire
TS9  7,54.464801,-1.182635,E06000065,North Yorkshire,E06000065,North Yorkshire
TS90 8,54.575865,-1.244956,E06000002,Middlesbrough,E06000002,Middlesbrough
TW1  1,51.450384,-0.331899,E09000027,Richmond upon Thames,E09000027,Richmond upon Thames
TW1  2,51.455262,-0.31963,E09000027,Richmond upon Thames,E09000027,Richmond upon Thames
TW1  3,51.447499,-0.324506,E09000027,Richmond upon Thames,E09000027,Richmond upon Thames
TW1  4,51.447372,-0.329462,E09000027,Richmond upon Thames,E09000027,Richmond upon Thames
TW1  9,51.456007,-0.336574,E09000018,Hounslow,E09000018,Hounslow
TW10 3,51.483003,-0.284737,E09000027,Richmond upon Thames,E09000027,Richmond upon Thames
TW10 5,51.463405,-0.285802,E09000027,Richmond upon Thames,E09000027,Richmond upon Thames
TW10 6,51.456783,-0.30102,E09000027,Richmond upon Thames,E09000027,Richmond upon Thames
TW10 7,51.446534,-0.300566,E09000027,Richmond upon Thames,E09000027,Richmond upon Thames
TW11 0,51.426102,-0.334913,E09000027,Richmond upon Thames,E09000027,Richmond upon Thames
TW11 1,51.427388,-0.333039,E09000027,Richmond upon Thames,E09000027,Richmond upon Thames
TW11 8,51.429672,-0.327979,E09000027,Richmond upon Thames,E09000027,Richmond upon Thames
TW11 9,51.425357,-0.332437,E09000027,Richmond upon Thames,E09000027,Richmond upon Thames
TW12 1,51.432255,-0.375387,E09000027,Richmond upon Thames,E09000027,Richmond upon Thames
TW12 2,51.414573,-0.370046,E09000027,Richmond upon Thames,E09000027,Richmond upon Thames
TW12 3,51.423617,-0.362777,E09000027,Richmond upon Thames,E09000027,Richmond upon Thames
TW12 9,51.414573,-0.370032,E09000027,Richmond upon Thames,E09000027,Richmond upon Thames
TW13 4,51.445926,-0.415743,E09000018,Hounslow,E09000018,Hounslow
TW13 5,51.446835,-0.406472,E09000018,Hounslow,E09000018,Hounslow
TW13 6,51.439778,-0.389452,E09000018,Hounslow,E09000018,Hounslow
TW13 7,51.441881,-0.412472,E09000018,Hounslow,E09000018,Hounslow
TW13 9,51.439532,-0.408323,E09000018,Hounslow,E09000018,Hounslow
TW14 0,51.450906,-0.404992,E09000018,Hounslow,E09000018,Hounslow
TW14 8,51.452214,-0.427284,E09000018,Hounslow,E09000018,Hounslow
TW14 9,51.45003,-0.41596,E09000018,Hounslow,E09000018,Hounslow
TW15 1,51.432101,-0.440217,E07000213,Spelthorne,E10000030,Surrey
TW15 2,51.424313,-0.455168,E07000213,Spelthorne,E10000030,Surrey
TW15 3,51.444022,-0.472792,E07000213,Spelthorne,E10000030,Surrey
TW15 9,51.427504,-0.444876,E07000213,Spelthorne,E10000030,Surrey
TW16 5,51.418759,-0.41428,E07000213,Spelthorne,E10000030,Surrey
TW16 6,51.404223,-0.412009,E07000213,Spelthorne,E10000030,Surrey
TW16 7,51.419788,-0.421205,E07000213,Spelthorne,E10000030,Surrey
TW16 9,51.419788,-0.421191,E07000213,Spelthorne,E10000030,Surrey
TW17 0,51.398636,-0.454869,E07000213,Spelthorne,E10000030,Surrey
TW17 7,51.394583,-0.44894,E07000213,Spelthorne,E10000030,Surrey
TW17 8,51.396945,-0.443972,E07000213,Spelthorne,E10000030,Surrey
TW17 9,51.394565,-0.448955,E07000213,Spelthorne,E10000030,Surrey
TW18 1,51.430518,-0.498029,E07000213,Spelthorne,E10000030,Surrey
TW18 2,51.430695,-0.508396,E07000213,Spelthorne,E10000030,Surrey
TW18 3,51.434107,-0.530081,E07000212,Runnymede,E10000030,Surrey
TW18 4,51.435227,-0.507687,E07000213,Spelthorne,E10000030,Surrey
TW18 9,51.434063,-0.530096,E07000212,Runnymede,E10000030,Surrey
TW19 5,51.45087,-0.554714,E06000040,Windsor and Maidenhead,E06000040,Windsor and Maidenhead
TW19 6,51.460086,-0.49323,E07000213,Spelthorne,E10000030,Surrey
TW19 7,51.445483,-0.468988,E07000213,Spelthorne,E10000030,Surrey
TW2  5,51.444871,-0.340116,E09000027,Richmond upon Thames,E09000027,Richmond upon Thames
TW2  6,51.444384,-0.374036,E09000027,Richmond upon Thames,E09000027,Richmond upon Thames
TW2  7,51.451724,-0.367673,E09000027,Richmond upon Thames,E09000027,Richmond upon Thames
TW20 0,51.439457,-0.542268,E07000212,Runnymede,E10000030,Surrey
TW20 2,51.434063,-0.530096,E07000212,Runnymede,E10000030,Surrey
TW20 8,51.431505,-0.536307,E07000212,Runnymede,E10000030,Surrey
TW20 9,51.434306,-0.541641,E07000212,Runnymede,E10000030,Surrey
TW3  1,51.470271,-0.360964,E09000018,Hounslow,E09000018,Hounslow
TW3  2,51.463952,-0.363739,E09000018,Hounslow,E09000018,Hounslow
TW3  3,51.470773,-0.369254,E09000018,Hounslow,E09000018,Hounslow
TW3  4,51.473239,-0.357172,E09000018,Hounslow,E09000018,Hounslow
TW3  9,51.470271,-0.360964,E09000018,Hounslow,E09000018,Hounslow
TW4  5,51.463737,-0.383901,E09000018,Hounslow,E09000018,Hounslow
TW4  6,51.464984,-0.38629,E09000018,Hounslow,E09000018,Hounslow
TW4  7,51.466867,-0.378089,E09000018,Hounslow,E09000018,Hounslow
TW5  0,51.477373,-0.383448,E09000018,Hounslow,E09000018,Hounslow
TW5  9,51.476793,-0.388379,E09000018,Hounslow,E09000018,Hounslow
TW6  1,51.471907,-0.458327,E09000017,Hillingdon,E09000017,Hillingdon
TW6  2,51.480871,-0.41845,E09000017,Hillingdon,E09000017,Hillingdon
TW6  3,51.45978,-0.447709,E09000017,Hillingdon,E09000017,Hillingdon
TW7  4,51.474162,-0.349867,E09000018,Hounslow,E09000018,Hounslow
TW7  5,51.475097,-0.335851,E09000018,Hounslow,E09000018,Hounslow
TW7  6,51.471316,-0.328616,E09000018,Hounslow,E09000018,Hounslow
TW7  7,51.46867,-0.327806,E09000018,Hounslow,E09000018,Hounslow
TW7  9,51.481787,-0.315689,E09000018,Hounslow,E09000018,Hounslow
TW8  0,51.483357,-0.303548,E09000018,Hounslow,E09000018,Hounslow
TW8  1,51.481787,-0.315689,E09000018,Hounslow,E09000018,Hounslow
TW8  8,51.483337,-0.307768,E09000018,Hounslow,E09000018,Hounslow
TW8  9,51.491311,-0.305687,E09000018,Hounslow,E09000018,Hounslow
TW9  1,51.460801,-0.302152,E09000027,Richmond upon Thames,E09000027,Richmond upon Thames
TW9  2,51.474125,-0.292644,E09000027,Richmond upon Thames,E09000027,Richmond upon Thames
TW9  3,51.483661,-0.289148,E09000027,Richmond upon Thames,E09000027,Richmond upon Thames
TW9  4,51.479342,-0.281605,E09000027,Richmond upon Thames,E09000027,Richmond upon Thames
TW9  9,51.463955,-0.305073,E09000027,Richmond upon Thames,E09000027,Richmond upon Thames
UB1  1,51.5075,-0.378462,E09000009,Ealing,E09000009,Ealing
UB1  2,51.51215,-0.376525,E09000009,Ealing,E09000009,Ealing
UB1  3,51.517957,-0.35575,E09000009,Ealing,E09000009,Ealing
UB1  9,51.5075,-0.378462,E09000009,Ealing,E09000009,Ealing
UB10 0,51.536915,-0.47156,E09000017,Hillingdon,E09000017,Hillingdon
UB10 8,51.559603,-0.466096,E09000017,Hillingdon,E09000017,Hillingdon
UB10 9,51.54987,-0.452823,E09000017,Hillingdon,E09000017,Hillingdon
UB11 1,51.512377,-0.444366,E09000017,Hillingdon,E09000017,Hillingdon
UB18 7,51.50072,-0.402664,E09000009,Ealing,E09000009,Ealing
UB18 9,51.50072,-0.402664,E09000009,Ealing,E09000009,Ealing
UB2  4,51.506173,-0.378034,E09000009,Ealing,E09000009,Ealing
UB2  5,51.502134,-0.383163,E09000009,Ealing,E09000009,Ealing
UB3  1,51.504896,-0.420861,E09000017,Hillingdon,E09000017,Hillingdon
UB3  2,51.507476,-0.418812,E09000017,Hillingdon,E09000017,Hillingdon
UB3  3,51.514838,-0.408641,E09000017,Hillingdon,E09000017,Hillingdon
UB3  4,51.505542,-0.419383,E09000017,Hillingdon,E09000017,Hillingdon
UB3  5,51.493366,-0.434166,E09000017,Hillingdon,E09000017,Hillingdon
UB3  9,51.503711,-0.414331,E09000017,Hillingdon,E09000017,Hillingdon
UB4  0,51.525886,-0.417684,E09000017,Hillingdon,E09000017,Hillingdon
UB4  8,51.525121,-0.426965,E09000017,Hillingdon,E09000017,Hillingdon
UB4  9,51.526282,-0.399794,E09000017,Hillingdon,E09000017,Hillingdon
UB5  4,51.548213,-0.368419,E09000009,Ealing,E09000009,Ealing
UB5  5,51.546773,-0.370894,E09000009,Ealing,E09000009,Ealing
UB5  6,51.545028,-0.369543,E09000009,Ealing,E09000009,Ealing
UB5  9,51.546773,-0.370894,E09000009,Ealing,E09000009,Ealing
UB6  0,51.54236,-0.344069,E09000009,Ealing,E09000009,Ealing
UB6  7,51.537014,-0.317789,E09000009,Ealing,E09000009,Ealing
UB6  8,51.53214,-0.307833,E09000009,Ealing,E09000009,Ealing
UB6  9,51.534241,-0.349223,E09000009,Ealing,E09000009,Ealing
UB7  0,51.489461,-0.471405,E09000017,Hillingdon,E09000017,Hillingdon
UB7  7,51.50814,-0.47503,E09000017,Hillingdon,E09000017,Hillingdon
UB7  8,51.516105,-0.474144,E09000017,Hillingdon,E09000017,Hillingdon
UB7  9,51.504732,-0.461946,E09000017,Hillingdon,E09000017,Hillingdon
UB8  1,51.537326,-0.487335,E09000017,Hillingdon,E09000017,Hillingdon
UB8  2,51.544598,-0.482955,E09000017,Hillingdon,E09000017,Hillingdon
UB8  3,51.530145,-0.480638,E09000017,Hillingdon,E09000017,Hillingdon
UB8  9,51.537326,-0.487335,E09000017,Hillingdon,E09000017,Hillingdon
UB9  4,51.551189,-0.485029,E06000060,Buckinghamshire,E06000060,Buckinghamshire
UB9  5,51.567891,-0.502798,E06000060,Buckinghamshire,E06000060,Buckinghamshire
UB9  6,51.592681,-0.48375,E09000017,Hillingdon,E09000017,Hillingdon
W1   3,51.519658,-0.152191,E09000033,Westminster,E09000033,Westminster
W10  4,51.52907,-0.215851,E09000033,Westminster,E09000033,Westminster
W10  5,51.524208,-0.214282,E09000020,Kensington and Chelsea,E09000020,Kensington and Chelsea
W10  6,51.522304,-0.223351,E09000020,Kensington and Chelsea,E09000020,Kensington and Chelsea
W10  9,51.513922,-0.321609,E09000009,Ealing,E09000009,Ealing
W11  1,51.520273,-0.200411,E09000033,Westminster,E09000033,Westminster
W11  2,51.513996,-0.199246,E09000020,Kensington and Chelsea,E09000020,Kensington and Chelsea
W11  3,51.507251,-0.206861,E09000020,Kensington and Chelsea,E09000020,Kensington and Chelsea
W11  4,51.515203,-0.212905,E09000020,Kensington and Chelsea,E09000020,Kensington and Chelsea
W11  9,51.513922,-0.321609,E09000009,Ealing,E09000009,Ealing
W12  0,51.516416,-0.244422,E09000013,Hammersmith and Fulham,E09000013,Hammersmith and Fulham
W12  2,51.51106,-0.220734,E09000013,Hammersmith and Fulham,E09000013,Hammersmith and Fulham
W12  6,51.513922,-0.321609,E09000009,Ealing,E09000009,Ealing
W12  7,51.515593,-0.233904,E09000013,Hammersmith and Fulham,E09000013,Hammersmith and Fulham
W12  8,51.505071,-0.2231,E09000013,Hammersmith and Fulham,E09000013,Hammersmith and Fulham
W12  9,51.506114,-0.244645,E09000013,Hammersmith and Fulham,E09000013,Hammersmith and Fulham
W13  0,51.528477,-0.32955,E09000009,Ealing,E09000009,Ealing
W13  3,51.513922,-0.321609,E09000009,Ealing,E09000009,Ealing
W13  8,51.515249,-0.320724,E09000009,Ealing,E09000009,Ealing
W13  9,51.511034,-0.317752,E09000009,Ealing,E09000009,Ealing
W14  0,51.499437,-0.218651,E09000013,Hammersmith and Fulham,E09000013,Hammersmith and Fulham
W14  4,51.496735,-0.21249,E09000013,Hammersmith and Fulham,E09000013,Hammersmith and Fulham
W14  8,51.500552,-0.203926,E09000020,Kensington and Chelsea,E09000020,Kensington and Chelsea
W14  9,51.491426,-0.206373,E09000013,Hammersmith and Fulham,E09000013,Hammersmith and Fulham
W1A  0,51.517134,-0.134218,E09000033,Westminster,E09000033,Westminster
W1A  1,51.518563,-0.143774,E09000033,Westminster,E09000033,Westminster
W1A  2,51.524567,-0.112017,E09000019,Islington,E09000019,Islington
W1A  3,51.524567,-0.112017,E09000019,Islington,E09000019,Islington
W1A  4,51.517134,-0.134218,E09000033,Westminster,E09000033,Westminster
W1A  5,51.517134,-0.134218,E09000033,Westminster,E09000033,Westminster
W1A  6,51.517134,-0.134218,E09000033,Westminster,E09000033,Westminster
W1A  7,51.517134,-0.134218,E09000033,Westminster,E09000033,Westminster
W1A  8,51.517134,-0.134218,E09000033,Westminster,E09000033,Westminster
W1A  9,51.517134,-0.134218,E09000033,Westminster,E09000033,Westminster
W1B  1,51.52278,-0.147134,E09000033,Westminster,E09000033,Westminster
W1B  2,51.515592,-0.14241,E09000033,Westminster,E09000033,Westminster
W1B  3,51.51476,-0.141565,E09000033,Westminster,E09000033,Westminster
W1B  4,51.509779,-0.137646,E09000033,Westminster,E09000033,Westminster
W1B  5,51.510121,-0.136508,E09000033,Westminster,E09000033,Westminster
W1C  1,51.515374,-0.149107,E09000033,Westminster,E09000033,Westminster
W1C  2,51.513983,-0.14703,E09000033,Westminster,E09000033,Westminster
W1D  1,51.516311,-0.134468,E09000033,Westminster,E09000033,Westminster
W1D  2,51.516191,-0.131446,E09000033,Westminster,E09000033,Westminster
W1D  3,51.516066,-0.130961,E09000033,Westminster,E09000033,Westminster
W1D  4,51.515593,-0.13062,E09000033,Westminster,E09000033,Westminster
W1D  5,51.512972,-0.130339,E09000033,Westminster,E09000033,Westminster
W1D  6,51.511825,-0.132879,E09000033,Westminster,E09000033,Westminster
W1D  7,51.509476,-0.133868,E09000033,Westminster,E09000033,Westminster
W1F  0,51.512958,-0.133986,E09000033,Westminster,E09000033,Westminster
W1F  7,51.514031,-0.139231,E09000033,Westminster,E09000033,Westminster
W1F  8,51.514058,-0.136434,E09000033,Westminster,E09000033,Westminster
W1F  9,51.512249,-0.136911,E09000033,Westminster,E09000033,Westminster
W1G  0,51.516185,-0.148094,E09000033,Westminster,E09000033,Westminster
W1G  6,51.520779,-0.1503,E09000033,Westminster,E09000033,Westminster
W1G  7,51.52205,-0.146472,E09000033,Westminster,E09000033,Westminster
W1G  8,51.520028,-0.14886,E09000033,Westminster,E09000033,Westminster
W1G  9,51.518938,-0.145315,E09000033,Westminster,E09000033,Westminster
W1H  0,51.515403,-0.153213,E09000033,Westminster,E09000033,Westminster
W1H  1,51.520103,-0.157059,E09000033,Westminster,E09000033,Westminster
W1H  2,51.519578,-0.164259,E09000033,Westminster,E09000033,Westminster
W1H  3,51.518199,-0.152062,E09000033,Westminster,E09000033,Westminster
W1H  4,51.519578,-0.164259,E09000033,Westminster,E09000033,Westminster
W1H  5,51.514597,-0.158031,E09000033,Westminster,E09000033,Westminster
W1H  6,51.520248,-0.163424,E09000033,Westminster,E09000033,Westminster
W1H  7,51.513856,-0.160093,E09000033,Westminster,E09000033,Westminster
W1H  8,51.51348,-0.159647,E09000033,Westminster,E09000033,Westminster
W1H  9,51.515684,-0.151689,E09000033,Westminster,E09000033,Westminster
W1J  0,51.509094,-0.13753,E09000033,Westminster,E09000033,Westminster
W1J  5,51.51017,-0.14756,E09000033,Westminster,E09000033,Westminster
W1J  6,51.509576,-0.144687,E09000033,Westminster,E09000033,Westminster
W1J  7,51.506302,-0.149792,E09000033,Westminster,E09000033,Westminster
W1J  8,51.507911,-0.142363,E09000033,Westminster,E09000033,Westminster
W1J  9,51.508189,-0.138864,E09000033,Westminster,E09000033,Westminster
W1K  1,51.504848,-0.151104,E09000033,Westminster,E09000033,Westminster
W1K  2,51.509883,-0.152183,E09000033,Westminster,E09000033,Westminster
W1K  3,51.511266,-0.145771,E09000033,Westminster,E09000033,Westminster
W1K  4,51.511731,-0.1496,E09000033,Westminster,E09000033,Westminster
W1K  5,51.51314,-0.147713,E09000033,Westminster,E09000033,Westminster
W1K  6,51.513339,-0.155214,E09000033,Westminster,E09000033,Westminster
W1K  7,51.512964,-0.157708,E09000033,Westminster,E09000033,Westminster
W1M  0,51.51595,-0.145134,E09000033,Westminster,E09000033,Westminster
W1M  1,51.517122,-0.155623,E09000033,Westminster,E09000033,Westminster
W1M  2,51.51703,-0.156621,E09000033,Westminster,E09000033,Westminster
W1M  3,51.5205,-0.151407,E09000033,Westminster,E09000033,Westminster
W1M  4,51.5205,-0.151407,E09000033,Westminster,E09000033,Westminster
W1M  5,51.516085,-0.152552,E09000033,Westminster,E09000033,Westminster
W1M  6,51.515114,-0.150847,E09000033,Westminster,E09000033,Westminster
W1M  7,51.516369,-0.147222,E09000033,Westminster,E09000033,Westminster
W1M  8,51.518714,-0.149346,E09000033,Westminster,E09000033,Westminster
W1M  9,51.516668,-0.146186,E09000033,Westminster,E09000033,Westminster
W1N  0,51.514221,-0.149528,E09000033,Westminster,E09000033,Westminster
W1N  1,51.517257,-0.145917,E09000033,Westminster,E09000033,Westminster
W1N  2,51.520779,-0.1503,E09000033,Westminster,E09000033,Westminster
W1N  3,51.518414,-0.144573,E09000033,Westminster,E09000033,Westminster
W1N  4,51.521365,-0.146356,E09000033,Westminster,E09000033,Westminster
W1N  5,51.515931,-0.140566,E09000033,Westminster,E09000033,Westminster
W1N  6,51.522938,-0.14351,E09000033,Westminster,E09000033,Westminster
W1N  7,51.515974,-0.142697,E09000033,Westminster,E09000033,Westminster
W1N  8,51.518958,-0.13805,E09000033,Westminster,E09000033,Westminster
W1N  9,51.514861,-0.146836,E09000033,Westminster,E09000033,Westminster
W1P  0,51.521974,-0.13601,E09000007,Camden,E09000007,Camden
W1P  1,51.517134,-0.134218,E09000033,Westminster,E09000033,Westminster
W1P  2,51.517587,-0.134978,E09000033,Westminster,E09000033,Westminster
W1P  3,51.518214,-0.137648,E09000033,Westminster,E09000033,Westminster
W1P  4,51.518404,-0.137121,E09000033,Westminster,E09000033,Westminster
W1P  5,51.521816,-0.138524,E09000007,Camden,E09000007,Camden
W1P  6,51.520721,-0.135801,E09000007,Camden,E09000007,Camden
W1P  7,51.516724,-0.139539,E09000033,Westminster,E09000033,Westminster
W1P  8,51.517787,-0.141341,E09000033,Westminster,E09000033,Westminster
W1P  9,51.516634,-0.129886,E09000007,Camden,E09000007,Camden
W1R  0,51.512332,-0.14384,E09000033,Westminster,E09000033,Westminster
W1R  1,51.515136,-0.141449,E09000033,Westminster,E09000033,Westminster
W1R  2,51.516191,-0.131446,E09000033,Westminster,E09000033,Westminster
W1R  3,51.512132,-0.137435,E09000033,Westminster,E09000033,Westminster
W1R  4,51.512249,-0.136911,E09000033,Westminster,E09000033,Westminster
W1R  5,51.517327,-0.142383,E09000033,Westminster,E09000033,Westminster
W1R  6,51.515904,-0.142253,E09000033,Westminster,E09000033,Westminster
W1R  7,51.515043,-0.142389,E09000033,Westminster,E09000033,Westminster
W1R  8,51.515592,-0.14241,E09000033,Westminster,E09000033,Westminster
W1R  9,51.514337,-0.145546,E09000033,Westminster,E09000033,Westminster
W1S  1,51.5144,-0.146076,E09000033,Westminster,E09000033,Westminster
W1S  2,51.510965,-0.142714,E09000033,Westminster,E09000033,Westminster
W1S  3,51.524567,-0.112017,E09000019,Islington,E09000019,Islington
W1S  4,51.508587,-0.14075,E09000033,Westminster,E09000033,Westminster
W1T  1,51.517134,-0.134218,E09000033,Westminster,E09000033,Westminster
W1T  2,51.517123,-0.136309,E09000033,Westminster,E09000033,Westminster
W1T  3,51.518958,-0.13805,E09000033,Westminster,E09000033,Westminster
W1T  4,51.520287,-0.13739,E09000007,Camden,E09000007,Camden
W1T  5,51.52297,-0.136993,E09000007,Camden,E09000007,Camden
W1T  6,51.522289,-0.139442,E09000007,Camden,E09000007,Camden
W1T  7,51.52125,-0.133459,E09000007,Camden,E09000007,Camden
W1U  1,51.515114,-0.150847,E09000033,Westminster,E09000033,Westminster
W1U  2,51.516769,-0.150895,E09000033,Westminster,E09000033,Westminster
W1U  3,51.516702,-0.15466,E09000033,Westminster,E09000033,Westminster
W1U  4,51.5205,-0.151407,E09000033,Westminster,E09000033,Westminster
W1U  5,51.520806,-0.155431,E09000033,Westminster,E09000033,Westminster
W1U  6,51.519945,-0.156129,E09000033,Westminster,E09000033,Westminster
W1U  7,51.517709,-0.155196,E09000033,Westminster,E09000033,Westminster
W1U  8,51.517948,-0.156065,E09000033,Westminster,E09000033,Westminster
W1V  0,51.509094,-0.13753,E09000033,Westminster,E09000033,Westminster
W1V  1,51.514846,-0.141316,E09000033,Westminster,E09000033,Westminster
W1V  2,51.513117,-0.136602,E09000033,Westminster,E09000033,Westminster
W1V  3,51.515667,-0.135258,E09000033,Westminster,E09000033,Westminster
W1V  4,51.514058,-0.136434,E09000033,Westminster,E09000033,Westminster
W1V  5,51.514712,-0.133409,E09000033,Westminster,E09000033,Westminster
W1V  6,51.51397,-0.133685,E09000033,Westminster,E09000033,Westminster
W1V  7,51.512086,-0.132277,E09000033,Westminster,E09000033,Westminster
W1V  8,51.511825,-0.132879,E09000033,Westminster,E09000033,Westminster
W1V  9,51.508267,-0.139826,E09000033,Westminster,E09000033,Westminster
W1W  5,51.522938,-0.14351,E09000033,Westminster,E09000033,Westminster
W1W  6,51.520451,-0.142011,E09000033,Westminster,E09000033,Westminster
W1W  7,51.517787,-0.141341,E09000033,Westminster,E09000033,Westminster
W1W  8,51.517043,-0.14091,E09000033,Westminster,E09000033,Westminster
W1X  0,51.51168,-0.149213,E09000033,Westminster,E09000033,Westminster
W1X  1,51.511667,-0.141561,E09000033,Westminster,E09000033,Westminster
W1X  2,51.511388,-0.140996,E09000033,Westminster,E09000033,Westminster
W1X  3,51.509159,-0.141663,E09000033,Westminster,E09000033,Westminster
W1X  4,51.508715,-0.142546,E09000033,Westminster,E09000033,Westminster
W1X  5,51.507474,-0.14202,E09000033,Westminster,E09000033,Westminster
W1X  6,51.507839,-0.144023,E09000033,Westminster,E09000033,Westminster
W1X  7,51.511058,-0.145131,E09000033,Westminster,E09000033,Westminster
W1X  8,51.508828,-0.149747,E09000033,Westminster,E09000033,Westminster
W1X  9,51.510857,-0.149521,E09000033,Westminster,E09000033,Westminster
W1Y  0,51.510965,-0.142714,E09000033,Westminster,E09000033,Westminster
W1Y  1,51.513508,-0.144816,E09000033,Westminster,E09000033,Westminster
W1Y  2,51.513322,-0.149565,E09000033,Westminster,E09000033,Westminster
W1Y  3,51.512964,-0.157708,E09000033,Westminster,E09000033,Westminster
W1Y  4,51.512537,-0.156803,E09000033,Westminster,E09000033,Westminster
W1Y  5,51.510453,-0.147851,E09000033,Westminster,E09000033,Westminster
W1Y  6,51.509883,-0.152183,E09000033,Westminster,E09000033,Westminster
W1Y  7,51.505925,-0.150945,E09000033,Westminster,E09000033,Westminster
W1Y  8,51.506155,-0.151296,E09000033,Westminster,E09000033,Westminster
W1Y  9,51.513334,-0.145803,E09000033,Westminster,E09000033,Westminster
W2   1,51.516377,-0.175226,E09000033,Westminster,E09000033,Westminster
W2   2,51.514396,-0.167551,E09000033,Westminster,E09000033,Westminster
W2   3,51.513182,-0.182589,E09000033,Westminster,E09000033,Westminster
W2   4,51.514645,-0.193513,E09000033,Westminster,E09000033,Westminster
W2   5,51.516123,-0.187891,E09000033,Westminster,E09000033,Westminster
W2   6,51.518044,-0.180651,E09000033,Westminster,E09000033,Westminster
W2   7,51.500496,-0.276962,E09000009,Ealing,E09000009,Ealing
W3   0,51.519839,-0.268391,E09000009,Ealing,E09000009,Ealing
W3   3,51.500496,-0.276962,E09000009,Ealing,E09000009,Ealing
W3   6,51.517141,-0.264746,E09000009,Ealing,E09000009,Ealing
W3   7,51.513072,-0.255922,E09000009,Ealing,E09000009,Ealing
W3   8,51.506166,-0.269313,E09000009,Ealing,E09000009,Ealing
W3   9,51.502708,-0.282426,E09000009,Ealing,E09000009,Ealing
W4   1,51.501347,-0.254194,E09000009,Ealing,E09000009,Ealing
W4   2,51.490364,-0.260635,E09000018,Hounslow,E09000018,Hounslow
W4   3,51.490815,-0.282124,E09000018,Hounslow,E09000018,Hounslow
W4   4,51.491081,-0.279435,E09000018,Hounslow,E09000018,Hounslow
W4   5,51.499214,-0.265038,E09000009,Ealing,E09000009,Ealing
W4   9,51.491534,-0.262564,E09000018,Hounslow,E09000018,Hounslow
W5   1,51.528643,-0.297914,E09000009,Ealing,E09000009,Ealing
W5   2,51.514118,-0.304595,E09000009,Ealing,E09000009,Ealing
W5   3,51.520152,-0.288516,E09000009,Ealing,E09000009,Ealing
W5   4,51.500708,-0.301376,E09000009,Ealing,E09000009,Ealing
W5   5,51.512324,-0.306161,E09000009,Ealing,E09000009,Ealing
W5   9,51.509853,-0.307578,E09000009,Ealing,E09000009,Ealing
W6   0,51.495136,-0.227391,E09000013,Hammersmith and Fulham,E09000013,Hammersmith and Fulham
W6   6,51.492367,-0.238792,E09000013,Hammersmith and Fulham,E09000013,Hammersmith and Fulham
W6   7,51.493398,-0.224908,E09000013,Hammersmith and Fulham,E09000013,Hammersmith and Fulham
W6   8,51.491989,-0.223897,E09000013,Hammersmith and Fulham,E09000013,Hammersmith and Fulham
W6   9,51.492791,-0.243688,E09000013,Hammersmith and Fulham,E09000013,Hammersmith and Fulham
W7   1,51.518506,-0.337872,E09000009,Ealing,E09000009,Ealing
W7   2,51.502306,-0.330595,E09000009,Ealing,E09000009,Ealing
W7   3,51.519201,-0.338697,E09000009,Ealing,E09000009,Ealing
W7   9,51.504639,-0.332757,E09000009,Ealing,E09000009,Ealing
W8   4,51.504691,-0.192985,E09000020,Kensington and Chelsea,E09000020,Kensington and Chelsea
W8   5,51.499728,-0.185444,E09000020,Kensington and Chelsea,E09000020,Kensington and Chelsea
W8   6,51.497794,-0.197047,E09000020,Kensington and Chelsea,E09000020,Kensington and Chelsea
W8   7,51.504243,-0.197167,E09000020,Kensington and Chelsea,E09000020,Kensington and Chelsea
W8   9,51.498446,-0.198563,E09000020,Kensington and Chelsea,E09000020,Kensington and Chelsea
W9   1,51.522737,-0.18117,E09000033,Westminster,E09000033,Westminster
W9   2,51.525914,-0.197103,E09000033,Westminster,E09000033,Westminster
W9   3,51.527976,-0.204259,E09000033,Westminster,E09000033,Westminster
W9   4,51.525745,-0.196634,E09000033,Westminster,E09000033,Westminster
WA1  1,53.387355,-2.598368,E06000007,Warrington,E06000007,Warrington
WA1  2,53.390212,-2.593296,E06000007,Warrington,E06000007,Warrington
WA1  3,53.392387,-2.580514,E06000007,Warrington,E06000007,Warrington
WA1  4,53.398766,-2.545063,E06000007,Warrington,E06000007,Warrington
WA1  9,53.389647,-2.607241,E06000007,Warrington,E06000007,Warrington
WA10 1,53.450739,-2.741737,E08000013,St. Helens,E08000013,St. Helens
WA10 2,53.457519,-2.745696,E08000013,St. Helens,E08000013,St. Helens
WA10 3,53.442421,-2.763708,E08000013,St. Helens,E08000013,St. Helens
WA10 4,53.452273,-2.762138,E08000013,St. Helens,E08000013,St. Helens
WA10 5,53.451199,-2.771335,E08000013,St. Helens,E08000013,St. Helens
WA10 6,53.462543,-2.758617,E08000013,St. Helens,E08000013,St. Helens
WA10 9,53.450639,-2.741916,E08000013,St. Helens,E08000013,St. Helens
WA11 0,53.465858,-2.674984,E08000013,St. Helens,E08000013,St. Helens
WA11 7,53.473742,-2.735676,E08000013,St. Helens,E08000013,St. Helens
WA11 8,53.491525,-2.765255,E08000013,St. Helens,E08000013,St. Helens
WA11 9,53.472174,-2.721622,E08000013,St. Helens,E08000013,St. Helens
WA12 0,53.453727,-2.612568,E08000013,St. Helens,E08000013,St. Helens
WA12 2,53.452704,-2.639688,E08000013,St. Helens,E08000013,St. Helens
WA12 8,53.444617,-2.625625,E08000013,St. Helens,E08000013,St. Helens
WA12 9,53.452704,-2.639688,E08000013,St. Helens,E08000013,St. Helens
WA13 0,53.381324,-2.478873,E06000007,Warrington,E06000007,Warrington
WA13 9,53.385853,-2.499071,E06000007,Warrington,E06000007,Warrington
WA14 1,53.384549,-2.346922,E08000009,Trafford,E08000009,Trafford
WA14 2,53.385948,-2.354135,E08000009,Trafford,E08000009,Trafford
WA14 3,53.375359,-2.363291,E08000009,Trafford,E08000009,Trafford
WA14 4,53.396824,-2.357083,E08000009,Trafford,E08000009,Trafford
WA14 5,53.403576,-2.350778,E08000009,Trafford,E08000009,Trafford
WA15 0,53.366196,-2.313831,E08000009,Trafford,E08000009,Trafford
WA15 5,53.385922,-2.338394,E08000009,Trafford,E08000009,Trafford
WA15 6,53.397378,-2.336681,E08000009,Trafford,E08000009,Trafford
WA15 7,53.388069,-2.315918,E08000009,Trafford,E08000009,Trafford
WA15 8,53.385814,-2.338498,E08000009,Trafford,E08000009,Trafford
WA15 9,53.380234,-2.347022,E08000009,Trafford,E08000009,Trafford
WA16 0,53.357403,-2.47267,E06000049,Cheshire East,E06000049,Cheshire East
WA16 1,53.312504,-2.35944,E06000049,Cheshire East,E06000049,Cheshire East
WA16 6,53.349369,-2.441575,E06000049,Cheshire East,E06000049,Cheshire East
WA16 7,53.313913,-2.312367,E06000049,Cheshire East,E06000049,Cheshire East
WA16 8,53.312504,-2.35944,E06000049,Cheshire East,E06000049,Cheshire East
WA16 9,53.29712,-2.372334,E06000049,Cheshire East,E06000049,Cheshire East
WA2  0,53.408636,-2.552787,E06000007,Warrington,E06000007,Warrington
WA2  7,53.395503,-2.592106,E06000007,Warrington,E06000007,Warrington
WA2  8,53.40446,-2.600338,E06000007,Warrington,E06000007,Warrington
WA2  9,53.41347,-2.587046,E06000007,Warrington,E06000007,Warrington
WA3  1,53.47274,-2.555246,E08000010,Wigan,E08000010,Wigan
WA3  2,53.479672,-2.571941,E08000010,Wigan,E08000010,Wigan
WA3  3,53.48316,-2.60826,E08000010,Wigan,E08000010,Wigan
WA3  4,53.448911,-2.531551,E06000007,Warrington,E06000007,Warrington
WA3  5,53.432848,-2.46264,E06000007,Warrington,E06000007,Warrington
WA3  6,53.431288,-2.514399,E06000007,Warrington,E06000007,Warrington
WA3  7,53.422986,-2.542108,E06000007,Warrington,E06000007,Warrington
WA3  9,53.431324,-2.514385,E06000007,Warrington,E06000007,Warrington
WA4  1,53.385137,-2.551279,E06000007,Warrington,E06000007,Warrington
WA4  2,53.380127,-2.52205,E06000007,Warrington,E06000007,Warrington
WA4  3,53.372531,-2.532313,E06000007,Warrington,E06000007,Warrington
WA4  4,53.330877,-2.643405,E06000006,Halton,E06000006,Halton
WA4  5,53.350858,-2.558197,E06000007,Warrington,E06000007,Warrington
WA4  6,53.382458,-2.592496,E06000007,Warrington,E06000007,Warrington
WA4  9,53.38965,-2.606685,E06000007,Warrington,E06000007,Warrington
WA5  0,53.401146,-2.60148,E06000007,Warrington,E06000007,Warrington
WA5  1,53.38965,-2.606685,E06000007,Warrington,E06000007,Warrington
WA5  2,53.389827,-2.651617,E06000007,Warrington,E06000007,Warrington
WA5  3,53.400174,-2.66283,E06000007,Warrington,E06000007,Warrington
WA5  4,53.444214,-2.678148,E06000007,Warrington,E06000007,Warrington
WA5  5,53.397156,-2.610116,E06000007,Warrington,E06000007,Warrington
WA5  6,53.413914,-2.650345,E06000007,Warrington,E06000007,Warrington
WA5  7,53.413384,-2.643823,E06000007,Warrington,E06000007,Warrington
WA5  8,53.41063,-2.635943,E06000007,Warrington,E06000007,Warrington
WA5  9,53.400965,-2.615885,E06000007,Warrington,E06000007,Warrington
WA55 1,53.389647,-2.607241,E06000007,Warrington,E06000007,Warrington
WA6  0,53.264865,-2.774498,E06000050,Cheshire West and Chester,E06000050,Cheshire West and Chester
WA6  1,53.298635,-2.723254,E06000050,Cheshire West and Chester,E06000050,Cheshire West and Chester
WA6  6,53.289977,-2.720572,E06000050,Cheshire West and Chester,E06000050,Cheshire West and Chester
WA6  7,53.295555,-2.727223,E06000050,Cheshire West and Chester,E06000050,Cheshire West and Chester
WA6  8,53.268395,-2.674253,E06000050,Cheshire West and Chester,E06000050,Cheshire West and Chester
WA6  9,53.276722,-2.7633,E06000050,Cheshire West and Chester,E06000050,Cheshire West and Chester
WA7  1,53.325791,-2.694468,E06000006,Halton,E06000006,Halton
WA7  2,53.327868,-2.694336,E06000006,Halton,E06000006,Halton
WA7  3,53.325791,-2.694468,E06000006,Halton,E06000006,Halton
WA7  4,53.335349,-2.74041,E06000006,Halton,E06000006,Halton
WA7  5,53.328313,-2.716385,E06000006,Halton,E06000006,Halton
WA7  6,53.316383,-2.678163,E06000006,Halton,E06000006,Halton
WA7  9,53.325791,-2.694468,E06000006,Halton,E06000006,Halton
WA8  0,53.368405,-2.717659,E06000006,Halton,E06000006,Halton
WA8  2,53.363304,-2.731683,E06000006,Halton,E06000006,Halton
WA8  3,53.38475,-2.715708,E06000006,Halton,E06000006,Halton
WA8  4,53.380425,-2.767876,E06000006,Halton,E06000006,Halton
WA8  5,53.389957,-2.724125,E06000006,Halton,E06000006,Halton
WA8  6,53.363304,-2.731683,E06000006,Halton,E06000006,Halton
WA8  7,53.369877,-2.745909,E06000006,Halton,E06000006,Halton
WA8  8,53.368599,-2.756181,E06000006,Halton,E06000006,Halton
WA8  9,53.383755,-2.741671,E06000006,Halton,E06000006,Halton
WA88 1,53.367989,-2.768674,E06000006,Halton,E06000006,Halton
WA9  1,53.452275,-2.724266,E08000013,St. Helens,E08000013,St. Helens
WA9  2,53.453171,-2.70371,E08000013,St. Helens,E08000013,St. Helens
WA9  3,53.441671,-2.710415,E08000013,St. Helens,E08000013,St. Helens
WA9  4,53.414641,-2.735858,E08000013,St. Helens,E08000013,St. Helens
WA9  5,53.442023,-2.72656,E08000013,St. Helens,E08000013,St. Helens
WC1A 1,51.516597,-0.129253,E09000007,Camden,E09000007,Camden
WC1A 2,51.517403,-0.123455,E09000007,Camden,E09000007,Camden
WC1A 5,51.51738,-0.122014,E09000007,Camden,E09000007,Camden
WC1A 9,51.516329,-0.123744,E09000007,Camden,E09000007,Camden
WC1B 3,51.518139,-0.128945,E09000007,Camden,E09000007,Camden
WC1B 4,51.517989,-0.120173,E09000007,Camden,E09000007,Camden
WC1B 5,51.520627,-0.122587,E09000007,Camden,E09000007,Camden
WC1E 6,51.522575,-0.133059,E09000007,Camden,E09000007,Camden
WC1E 7,51.520467,-0.13117,E09000007,Camden,E09000007,Camden
WC1H 0,51.522909,-0.129802,E09000007,Camden,E09000007,Camden
WC1H 8,51.529815,-0.123002,E09000007,Camden,E09000007,Camden
WC1H 9,51.527735,-0.129027,E09000007,Camden,E09000007,Camden
WC1N 1,51.524572,-0.12525,E09000007,Camden,E09000007,Camden
WC1N 2,51.524513,-0.117036,E09000007,Camden,E09000007,Camden
WC1N 3,51.520027,-0.121069,E09000007,Camden,E09000007,Camden
WC1R 4,51.518267,-0.120118,E09000007,Camden,E09000007,Camden
WC1R 5,51.519361,-0.113198,E09000007,Camden,E09000007,Camden
WC1V 6,51.518437,-0.11387,E09000007,Camden,E09000007,Camden
WC1V 7,51.515849,-0.125219,E09000007,Camden,E09000007,Camden
WC1X 0,51.523789,-0.111717,E09000019,Islington,E09000019,Islington
WC1X 8,51.52099,-0.112698,E09000007,Camden,E09000007,Camden
WC1X 9,51.526934,-0.11326,E09000019,Islington,E09000019,Islington
WC2A 1,51.517915,-0.113849,E09000007,Camden,E09000007,Camden
WC2A 2,51.514338,-0.116245,E09000033,Westminster,E09000033,Westminster
WC2A 3,51.516828,-0.118391,E09000007,Camden,E09000007,Camden
WC2B 4,51.514375,-0.119688,E09000033,Westminster,E09000033,Westminster
WC2B 5,51.515139,-0.121876,E09000007,Camden,E09000007,Camden
WC2B 6,51.517229,-0.119873,E09000007,Camden,E09000007,Camden
WC2B 8,51.511113,-0.123713,E09000033,Westminster,E09000033,Westminster
WC2E 7,51.513723,-0.122741,E09000033,Westminster,E09000033,Westminster
WC2E 8,51.512195,-0.12168,E09000033,Westminster,E09000033,Westminster
WC2E 9,51.512365,-0.126083,E09000033,Westminster,E09000033,Westminster
WC2H 0,51.513035,-0.129212,E09000033,Westminster,E09000033,Westminster
WC2H 7,51.511699,-0.127797,E09000033,Westminster,E09000033,Westminster
WC2H 8,51.513591,-0.129088,E09000007,Camden,E09000007,Camden
WC2H 9,51.514796,-0.125147,E09000007,Camden,E09000007,Camden
WC2N 4,51.511498,-0.12756,E09000033,Westminster,E09000033,Westminster
WC2N 5,51.506665,-0.126778,E09000033,Westminster,E09000033,Westminster
WC2N 6,51.509664,-0.121957,E09000033,Westminster,E09000033,Westminster
WC2R 0,51.510589,-0.120233,E09000033,Westminster,E09000033,Westminster
WC2R 1,51.512771,-0.114998,E09000033,Westminster,E09000033,Westminster
WC2R 2,51.509981,-0.117073,E09000033,Westminster,E09000033,Westminster
WC2R 3,51.512295,-0.112784,E09000033,Westminster,E09000033,Westminster
WC99 0,51.516329,-0.123744,E09000007,Camden,E09000007,Camden
WC99 9,51.511652,-0.125421,E09000033,Westminster,E09000033,Westminster
WD1  1,51.648625,-0.424485,E07000103,Watford,E10000015,Hertfordshire
WD1  2,51.656839,-0.398884,E07000103,Watford,E10000015,Hertfordshire
WD1  3,51.658857,-0.407777,E07000103,Watford,E10000015,Hertfordshire
WD1  4,51.64624,-0.382708,E07000103,Watford,E10000015,Hertfordshire
WD1  5,51.629826,-0.381848,E07000102,Three Rivers,E10000015,Hertfordshire
WD1  6,51.62728,-0.388267,E07000102,Three Rivers,E10000015,Hertfordshire
WD1  7,51.655172,-0.397281,E07000103,Watford,E10000015,Hertfordshire
WD1  8,51.653228,-0.393909,E07000103,Watford,E10000015,Hertfordshire
WD17 1,51.656881,-0.398652,E07000103,Watford,E10000015,Hertfordshire
WD17 2,51.651718,-0.392011,E07000103,Watford,E10000015,Hertfordshire
WD17 3,51.658858,-0.407792,E07000103,Watford,E10000015,Hertfordshire
WD17 4,51.661186,-0.403112,E07000103,Watford,E10000015,Hertfordshire
WD18 0,51.653142,-0.394186,E07000103,Watford,E10000015,Hertfordshire
WD18 1,51.641755,-0.427874,E07000103,Watford,E10000015,Hertfordshire
WD18 6,51.646516,-0.416767,E07000103,Watford,E10000015,Hertfordshire
WD18 7,51.654561,-0.419233,E07000103,Watford,E10000015,Hertfordshire
WD18 8,51.649586,-0.422428,E07000103,Watford,E10000015,Hertfordshire
WD18 9,51.639706,-0.431312,E07000102,Three Rivers,E10000015,Hertfordshire
WD19 4,51.646141,-0.382697,E07000103,Watford,E10000015,Hertfordshire
WD19 5,51.629782,-0.381922,E07000102,Three Rivers,E10000015,Hertfordshire
WD19 6,51.616428,-0.396321,E07000102,Three Rivers,E10000015,Hertfordshire
WD19 7,51.62728,-0.388267,E07000102,Three Rivers,E10000015,Hertfordshire
WD2  1,51.640461,-0.357666,E07000098,Hertsmere,E10000015,Hertfordshire
WD2  2,51.669878,-0.37987,E07000098,Hertsmere,E10000015,Hertfordshire
WD2  3,51.646274,-0.369568,E07000098,Hertsmere,E10000015,Hertfordshire
WD2  4,51.664687,-0.398044,E07000103,Watford,E10000015,Hertfordshire
WD2  5,51.676341,-0.408018,E07000103,Watford,E10000015,Hertfordshire
WD2  6,51.681051,-0.392649,E07000103,Watford,E10000015,Hertfordshire
WD2  7,51.686342,-0.414741,E07000103,Watford,E10000015,Hertfordshire
WD2  8,51.673871,-0.373408,E07000098,Hertsmere,E10000015,Hertfordshire
WD23 1,51.6405,-0.357881,E07000098,Hertsmere,E10000015,Hertfordshire
WD23 2,51.668674,-0.378033,E07000098,Hertsmere,E10000015,Hertfordshire
WD23 3,51.646283,-0.369597,E07000098,Hertsmere,E10000015,Hertfordshire
WD23 4,51.643912,-0.349173,E07000098,Hertsmere,E10000015,Hertfordshire
WD23 9,51.649586,-0.422428,E07000103,Watford,E10000015,Hertfordshire
WD24 4,51.668117,-0.397041,E07000103,Watford,E10000015,Hertfordshire
WD24 5,51.683619,-0.409585,E07000103,Watford,E10000015,Hertfordshire
WD24 6,51.679241,-0.396402,E07000103,Watford,E10000015,Hertfordshire
WD24 7,51.678292,-0.3843,E07000103,Watford,E10000015,Hertfordshire
WD24 9,51.687819,-0.395115,E07000103,Watford,E10000015,Hertfordshire
WD25 0,51.702063,-0.401731,E07000102,Three Rivers,E10000015,Hertfordshire
WD25 7,51.686421,-0.414608,E07000103,Watford,E10000015,Hertfordshire
WD25 8,51.673871,-0.373408,E07000098,Hertsmere,E10000015,Hertfordshire
WD25 9,51.688305,-0.378764,E07000103,Watford,E10000015,Hertfordshire
WD3  0,51.639743,-0.474536,E07000102,Three Rivers,E10000015,Hertfordshire
WD3  1,51.639026,-0.469805,E07000102,Three Rivers,E10000015,Hertfordshire
WD3  2,51.639743,-0.474536,E07000102,Three Rivers,E10000015,Hertfordshire
WD3  3,51.64459,-0.459313,E07000102,Three Rivers,E10000015,Hertfordshire
WD3  4,51.644558,-0.461655,E07000102,Three Rivers,E10000015,Hertfordshire
WD3  5,51.651657,-0.519453,E07000102,Three Rivers,E10000015,Hertfordshire
WD3  6,51.665377,-0.486804,E07000102,Three Rivers,E10000015,Hertfordshire
WD3  7,51.637644,-0.478407,E07000102,Three Rivers,E10000015,Hertfordshire
WD3  8,51.63109,-0.503637,E07000102,Three Rivers,E10000015,Hertfordshire
WD3  9,51.626928,-0.505869,E07000102,Three Rivers,E10000015,Hertfordshire
WD4  4,51.712839,-0.450279,E07000096,Dacorum,E10000015,Hertfordshire
WD4  8,51.712839,-0.450279,E07000096,Dacorum,E10000015,Hertfordshire
WD4  9,51.685497,-0.463566,E07000102,Three Rivers,E10000015,Hertfordshire
WD5  0,51.707305,-0.416295,E07000102,Three Rivers,E10000015,Hertfordshire
WD5  5,51.712839,-0.450279,E07000096,Dacorum,E10000015,Hertfordshire
WD6  1,51.654247,-0.27929,E07000098,Hertsmere,E10000015,Hertfordshire
WD6  2,51.650512,-0.261362,E07000098,Hertsmere,E10000015,Hertfordshire
WD6  3,51.660828,-0.303274,E07000098,Hertsmere,E10000015,Hertfordshire
WD6  4,51.668627,-0.274479,E07000098,Hertsmere,E10000015,Hertfordshire
WD6  5,51.665071,-0.266892,E07000098,Hertsmere,E10000015,Hertfordshire
WD6  9,51.655287,-0.27902,E07000098,Hertsmere,E10000015,Hertfordshire
WD7  0,51.682952,-0.317216,E07000098,Hertsmere,E10000015,Hertfordshire
WD7  7,51.683141,-0.317252,E07000098,Hertsmere,E10000015,Hertfordshire
WD7  8,51.677763,-0.317177,E07000098,Hertsmere,E10000015,Hertfordshire
WD7  9,51.682062,-0.289822,E07000098,Hertsmere,E10000015,Hertfordshire
WD99 1,51.648781,-0.422065,E07000103,Watford,E10000015,Hertfordshire
WF1  1,53.67949,-1.500932,E08000036,Wakefield,E08000036,Wakefield
WF1  2,53.692062,-1.509098,E08000036,Wakefield,E08000036,Wakefield
WF1  3,53.683889,-1.49767,E08000036,Wakefield,E08000036,Wakefield
WF1  4,53.688166,-1.486747,E08000036,Wakefield,E08000036,Wakefield
WF1  5,53.664581,-1.482387,E08000036,Wakefield,E08000036,Wakefield
WF1  9,53.679417,-1.500736,E08000036,Wakefield,E08000036,Wakefield
WF10 1,53.726965,-1.353794,E08000036,Wakefield,E08000036,Wakefield
WF10 2,53.750185,-1.344688,E08000035,Leeds,E08000035,Leeds
WF10 3,53.722649,-1.333765,E08000036,Wakefield,E08000036,Wakefield
WF10 4,53.724285,-1.350243,E08000036,Wakefield,E08000036,Wakefield
WF10 5,53.718753,-1.355965,E08000036,Wakefield,E08000036,Wakefield
WF10 9,53.716452,-1.390336,E08000036,Wakefield,E08000036,Wakefield
WF11 0,53.695836,-1.26149,E08000036,Wakefield,E08000036,Wakefield
WF11 8,53.706015,-1.239179,E08000036,Wakefield,E08000036,Wakefield
WF11 9,53.709574,-1.226344,E08000036,Wakefield,E08000036,Wakefield
WF12 0,53.672318,-1.627576,E08000034,Kirklees,E08000034,Kirklees
WF12 7,53.692002,-1.613485,E08000034,Kirklees,E08000034,Kirklees
WF12 8,53.692079,-1.626341,E08000034,Kirklees,E08000034,Kirklees
WF12 9,53.676798,-1.626053,E08000034,Kirklees,E08000034,Kirklees
WF13 1,53.69204,-1.62822,E08000034,Kirklees,E08000034,Kirklees
WF13 2,53.69358,-1.632174,E08000034,Kirklees,E08000034,Kirklees
WF13 3,53.67996,-1.66522,E08000034,Kirklees,E08000034,Kirklees
WF13 4,53.702202,-1.645034,E08000034,Kirklees,E08000034,Kirklees
WF13 9,53.687744,-1.634178,E08000034,Kirklees,E08000034,Kirklees
WF14 0,53.685185,-1.696399,E08000034,Kirklees,E08000034,Kirklees
WF14 8,53.673868,-1.692424,E08000034,Kirklees,E08000034,Kirklees
WF14 9,53.676012,-1.697873,E08000034,Kirklees,E08000034,Kirklees
WF15 6,53.713791,-1.681103,E08000034,Kirklees,E08000034,Kirklees
WF15 7,53.70062,-1.693638,E08000034,Kirklees,E08000034,Kirklees
WF15 8,53.706634,-1.673568,E08000034,Kirklees,E08000034,Kirklees
WF16 0,53.706634,-1.673568,E08000034,Kirklees,E08000034,Kirklees
WF16 6,53.706634,-1.673568,E08000034,Kirklees,E08000034,Kirklees
WF16 9,53.716734,-1.675914,E08000034,Kirklees,E08000034,Kirklees
WF17 0,53.721419,-1.642024,E08000034,Kirklees,E08000034,Kirklees
WF17 1,53.708121,-1.611625,E08000034,Kirklees,E08000034,Kirklees
WF17 5,53.713726,-1.633498,E08000034,Kirklees,E08000034,Kirklees
WF17 6,53.703796,-1.634115,E08000034,Kirklees,E08000034,Kirklees
WF17 7,53.70312,-1.642315,E08000034,Kirklees,E08000034,Kirklees
WF17 8,53.712681,-1.660006,E08000034,Kirklees,E08000034,Kirklees
WF17 9,53.731282,-1.658159,E08000034,Kirklees,E08000034,Kirklees
WF2  0,53.685449,-1.520773,E08000036,Wakefield,E08000036,Wakefield
WF2  6,53.662931,-1.483209,E08000036,Wakefield,E08000036,Wakefield
WF2  7,53.668272,-1.505045,E08000036,Wakefield,E08000036,Wakefield
WF2  8,53.670235,-1.535234,E08000036,Wakefield,E08000036,Wakefield
WF2  9,53.688234,-1.529388,E08000036,Wakefield,E08000036,Wakefield
WF3  1,53.723798,-1.567379,E08000035,Leeds,E08000035,Leeds
WF3  2,53.721675,-1.540139,E08000035,Leeds,E08000035,Leeds
WF3  3,53.743016,-1.506853,E08000035,Leeds,E08000035,Leeds
WF3  4,53.713111,-1.470702,E08000036,Wakefield,E08000036,Wakefield
WF4  1,53.666438,-1.417164,E08000036,Wakefield,E08000036,Wakefield
WF4  2,53.62264,-1.417602,E08000036,Wakefield,E08000036,Wakefield
WF4  3,53.648096,-1.532724,E08000036,Wakefield,E08000036,Wakefield
WF4  4,53.630752,-1.635003,E08000034,Kirklees,E08000034,Kirklees
WF4  5,53.659441,-1.55451,E08000036,Wakefield,E08000036,Wakefield
WF4  6,53.659434,-1.559701,E08000036,Wakefield,E08000036,Wakefield
WF5  0,53.66415,-1.579068,E08000036,Wakefield,E08000036,Wakefield
WF5  5,53.680328,-1.578952,E08000036,Wakefield,E08000036,Wakefield
WF5  8,53.679345,-1.580612,E08000036,Wakefield,E08000036,Wakefield
WF5  9,53.68031,-1.578877,E08000036,Wakefield,E08000036,Wakefield
WF6  1,53.69958,-1.415662,E08000036,Wakefield,E08000036,Wakefield
WF6  2,53.699186,-1.41953,E08000036,Wakefield,E08000036,Wakefield
WF7  5,53.674142,-1.350545,E08000036,Wakefield,E08000036,Wakefield
WF7  6,53.686902,-1.353286,E08000036,Wakefield,E08000036,Wakefield
WF7  7,53.640836,-1.348227,E08000036,Wakefield,E08000036,Wakefield
WF8  1,53.693192,-1.307983,E08000036,Wakefield,E08000036,Wakefield
WF8  2,53.688834,-1.301892,E08000036,Wakefield,E08000036,Wakefield
WF8  3,53.677234,-1.273865,E08000036,Wakefield,E08000036,Wakefield
WF8  4,53.691024,-1.316939,E08000036,Wakefield,E08000036,Wakefield
WF8  9,53.693122,-1.308166,E08000036,Wakefield,E08000036,Wakefield
WF9  1,53.627089,-1.295108,E08000036,Wakefield,E08000036,Wakefield
WF9  2,53.594469,-1.295138,E08000036,Wakefield,E08000036,Wakefield
WF9  3,53.59529,-1.314192,E08000036,Wakefield,E08000036,Wakefield
WF9  4,53.615846,-1.354567,E08000036,Wakefield,E08000036,Wakefield
WF9  5,53.633405,-1.372326,E08000036,Wakefield,E08000036,Wakefield
WF90 8,53.67445,-1.490894,E08000036,Wakefield,E08000036,Wakefield
WN1  1,53.546982,-2.635089,E08000010,Wigan,E08000010,Wigan
WN1  2,53.550454,-2.62942,E08000010,Wigan,E08000010,Wigan
WN1  3,53.552648,-2.619068,E08000010,Wigan,E08000010,Wigan
WN1  9,53.546982,-2.635089,E08000010,Wigan,E08000010,Wigan
WN2  1,53.555454,-2.610052,E08000010,Wigan,E08000010,Wigan
WN2  2,53.544598,-2.609639,E08000010,Wigan,E08000010,Wigan
WN2  3,53.534574,-2.579305,E08000010,Wigan,E08000010,Wigan
WN2  4,53.512448,-2.561706,E08000010,Wigan,E08000010,Wigan
WN2  5,53.52307,-2.602723,E08000010,Wigan,E08000010,Wigan
WN3  4,53.542342,-2.637147,E08000010,Wigan,E08000010,Wigan
WN3  5,53.541911,-2.64369,E08000010,Wigan,E08000010,Wigan
WN3  6,53.526859,-2.674115,E08000010,Wigan,E08000010,Wigan
WN4  0,53.501422,-2.646242,E08000010,Wigan,E08000010,Wigan
WN4  8,53.488833,-2.635561,E08000010,Wigan,E08000010,Wigan
WN4  9,53.487314,-2.637166,E08000010,Wigan,E08000010,Wigan
WN5  0,53.53783,-2.689076,E08000010,Wigan,E08000010,Wigan
WN5  7,53.529006,-2.714699,E08000010,Wigan,E08000010,Wigan
WN5  8,53.537373,-2.679261,E08000010,Wigan,E08000010,Wigan
WN5  9,53.538083,-2.651795,E08000010,Wigan,E08000010,Wigan
WN6  0,53.573719,-2.64082,E08000010,Wigan,E08000010,Wigan
WN6  7,53.552213,-2.641854,E08000010,Wigan,E08000010,Wigan
WN6  8,53.583343,-2.685329,E08000010,Wigan,E08000010,Wigan
WN6  9,53.579136,-2.711647,E08000010,Wigan,E08000010,Wigan
WN7  1,53.497417,-2.516239,E08000010,Wigan,E08000010,Wigan
WN7  2,53.495019,-2.505266,E08000010,Wigan,E08000010,Wigan
WN7  3,53.491214,-2.499735,E08000010,Wigan,E08000010,Wigan
WN7  4,53.496715,-2.520572,E08000010,Wigan,E08000010,Wigan
WN7  5,53.498051,-2.531592,E08000010,Wigan,E08000010,Wigan
WN7  9,53.490983,-2.509529,E08000010,Wigan,E08000010,Wigan
WN8  0,53.54046,-2.745192,E07000127,West Lancashire,E10000017,Lancashire
WN8  1,53.544398,-2.780257,E07000127,West Lancashire,E10000017,Lancashire
WN8  6,53.544671,-2.75749,E07000127,West Lancashire,E10000017,Lancashire
WN8  7,53.596393,-2.766921,E07000127,West Lancashire,E10000017,Lancashire
WN8  8,53.553513,-2.815248,E07000127,West Lancashire,E10000017,Lancashire
WN8  9,53.54062,-2.751216,E07000127,West Lancashire,E10000017,Lancashire
WR1  1,52.196683,-2.216947,E07000237,Worcester,E10000034,Worcestershire
WR1  2,52.183907,-2.2218,E07000237,Worcester,E10000034,Worcestershire
WR1  3,52.196725,-2.223546,E07000237,Worcester,E10000034,Worcestershire
WR1  9,52.196692,-2.216933,E07000237,Worcester,E10000034,Worcestershire
WR10 1,52.11055,-2.074827,E07000238,Wychavon,E10000034,Worcestershire
WR10 2,52.114974,-2.087408,E07000238,Wychavon,E10000034,Worcestershire
WR10 3,52.090794,-2.103138,E07000238,Wychavon,E10000034,Worcestershire
WR10 9,52.128366,-2.065668,E07000238,Wychavon,E10000034,Worcestershire
WR11 1,52.071953,-1.940333,E07000238,Wychavon,E10000034,Worcestershire
WR11 2,52.089199,-1.970975,E07000238,Wychavon,E10000034,Worcestershire
WR11 3,52.09158,-1.940934,E07000238,Wychavon,E10000034,Worcestershire
WR11 4,52.093552,-1.947894,E07000238,Wychavon,E10000034,Worcestershire
WR11 5,52.091724,-1.940847,E07000238,Wychavon,E10000034,Worcestershire
WR11 6,52.091661,-1.941898,E07000238,Wychavon,E10000034,Worcestershire
WR11 7,52.085119,-1.893702,E07000238,Wychavon,E10000034,Worcestershire
WR11 8,52.122849,-1.889918,E07000238,Wychavon,E10000034,Worcestershire
WR11 9,52.095152,-1.947294,E07000238,Wychavon,E10000034,Worcestershire
WR12 7,52.035692,-1.862783,E07000238,Wychavon,E10000034,Worcestershire
WR13 5,52.126081,-2.287595,E07000235,Malvern Hills,E10000034,Worcestershire
WR13 6,52.031444,-2.325585,E07000235,Malvern Hills,E10000034,Worcestershire
WR14 1,52.128145,-2.313932,E07000235,Malvern Hills,E10000034,Worcestershire
WR14 2,52.111596,-2.329308,E07000235,Malvern Hills,E10000034,Worcestershire
WR14 3,52.111112,-2.322062,E07000235,Malvern Hills,E10000034,Worcestershire
WR14 4,52.114697,-2.32958,E07000235,Malvern Hills,E10000034,Worcestershire
WR14 9,52.111299,-2.329262,E07000235,Malvern Hills,E10000034,Worcestershire
WR15 8,52.31265,-2.593942,E07000235,Malvern Hills,E10000034,Worcestershire
WR2  4,52.187772,-2.231853,E07000237,Worcester,E10000034,Worcestershire
WR2  5,52.188561,-2.232925,E07000237,Worcester,E10000034,Worcestershire
WR2  6,52.19522,-2.239002,E07000237,Worcester,E10000034,Worcestershire
WR3  7,52.207325,-2.228428,E07000237,Worcester,E10000034,Worcestershire
WR3  8,52.204204,-2.219662,E07000237,Worcester,E10000034,Worcestershire
WR4  0,52.214596,-2.158299,E07000238,Wychavon,E10000034,Worcestershire
WR4  4,52.215905,-2.179541,E07000237,Worcester,E10000034,Worcestershire
WR4  9,52.206029,-2.193521,E07000237,Worcester,E10000034,Worcestershire
WR5  1,52.189459,-2.214879,E07000237,Worcester,E10000034,Worcestershire
WR5  2,52.185566,-2.214831,E07000237,Worcester,E10000034,Worcestershire
WR5  3,52.186489,-2.216488,E07000237,Worcester,E10000034,Worcestershire
WR6  5,52.147746,-2.442458,E06000019,"Herefordshire, County of",E06000019,"Herefordshire, County of"
WR6  6,52.306702,-2.373759,E07000235,Malvern Hills,E10000034,Worcestershire
WR7  4,52.206975,-2.117458,E07000238,Wychavon,E10000034,Worcestershire
WR78 1,52.197696,-2.223492,E07000237,Worcester,E10000034,Worcestershire
WR8  0,52.089709,-2.237487,E07000235,Malvern Hills,E10000034,Worcestershire
WR8  9,52.091313,-2.114962,E07000238,Wychavon,E10000034,Worcestershire
WR9  0,52.265574,-2.163725,E07000238,Wychavon,E10000034,Worcestershire
WR9  1,52.275368,-2.154601,E07000238,Wychavon,E10000034,Worcestershire
WR9  7,52.263429,-2.147408,E07000238,Wychavon,E10000034,Worcestershire
WR9  8,52.266283,-2.144106,E07000238,Wychavon,E10000034,Worcestershire
WR9  9,52.273864,-2.156281,E07000238,Wychavon,E10000034,Worcestershire
WR99 1,52.185393,-2.25207,E07000237,Worcester,E10000034,Worcestershire
WR99 2,52.197696,-2.223492,E07000237,Worcester,E10000034,Worcestershire
WS1  1,52.586012,-1.981281,E08000030,Walsall,E08000030,Walsall
WS1  2,52.585121,-1.976292,E08000030,Walsall,E08000030,Walsall
WS1  3,52.57916,-1.974229,E08000030,Walsall,E08000030,Walsall
WS1  4,52.570083,-1.987882,E08000030,Walsall,E08000030,Walsall
WS1  9,52.586102,-1.981413,E08000030,Walsall,E08000030,Walsall
WS10 0,52.548596,-2.019713,E08000028,Sandwell,E08000028,Sandwell
WS10 1,52.560245,-2.02758,E08000028,Sandwell,E08000028,Sandwell
WS10 7,52.551886,-2.021749,E08000028,Sandwell,E08000028,Sandwell
WS10 8,52.568676,-2.034387,E08000030,Walsall,E08000030,Walsall
WS10 9,52.552039,-2.016691,E08000028,Sandwell,E08000028,Sandwell
WS11 0,52.686633,-2.027867,E07000192,Cannock Chase,E10000028,Staffordshire
WS11 1,52.688707,-2.034969,E07000192,Cannock Chase,E10000028,Staffordshire
WS11 2,52.689688,-2.030828,E07000192,Cannock Chase,E10000028,Staffordshire
WS11 3,52.687073,-2.028415,E07000192,Cannock Chase,E10000028,Staffordshire
WS11 4,52.706139,-2.030782,E07000192,Cannock Chase,E10000028,Staffordshire
WS11 5,52.703381,-2.024135,E07000192,Cannock Chase,E10000028,Staffordshire
WS11 6,52.691785,-2.022485,E07000192,Cannock Chase,E10000028,Staffordshire
WS11 7,52.69292,-1.998088,E07000192,Cannock Chase,E10000028,Staffordshire
WS11 8,52.673268,-2.005881,E07000192,Cannock Chase,E10000028,Staffordshire
WS11 9,52.665438,-1.985342,E07000192,Cannock Chase,E10000028,Staffordshire
WS12 0,52.711526,-1.974347,E07000192,Cannock Chase,E10000028,Staffordshire
WS12 1,52.707501,-2.00321,E07000192,Cannock Chase,E10000028,Staffordshire
WS12 2,52.688927,-1.978662,E07000192,Cannock Chase,E10000028,Staffordshire
WS12 3,52.689385,-1.980985,E07000192,Cannock Chase,E10000028,Staffordshire
WS12 4,52.70911,-2.004128,E07000192,Cannock Chase,E10000028,Staffordshire
WS12 5,52.707654,-2.003565,E07000192,Cannock Chase,E10000028,Staffordshire
WS12 9,52.691954,-2.028403,E07000192,Cannock Chase,E10000028,Staffordshire
WS13 2,52.703794,-1.818496,E07000194,Lichfield,E10000028,Staffordshire
WS13 6,52.684606,-1.828147,E07000194,Lichfield,E10000028,Staffordshire
WS13 7,52.685405,-1.833469,E07000194,Lichfield,E10000028,Staffordshire
WS13 8,52.680673,-1.837658,E07000194,Lichfield,E10000028,Staffordshire
WS14 0,52.672938,-1.834862,E07000194,Lichfield,E10000028,Staffordshire
WS14 4,52.68481,-1.803042,E07000194,Lichfield,E10000028,Staffordshire
WS14 9,52.67976,-1.821066,E07000194,Lichfield,E10000028,Staffordshire
WS15 1,52.747007,-1.927201,E07000192,Cannock Chase,E10000028,Staffordshire
WS15 2,52.76269,-1.936912,E07000192,Cannock Chase,E10000028,Staffordshire
WS15 3,52.80454,-1.873781,E07000193,East Staffordshire,E10000028,Staffordshire
WS15 4,52.741959,-1.878136,E07000194,Lichfield,E10000028,Staffordshire
WS15 9,52.761655,-1.935609,E07000192,Cannock Chase,E10000028,Staffordshire
WS2  0,52.587978,-2.030919,E08000030,Walsall,E08000030,Walsall
WS2  7,52.602491,-1.986855,E08000030,Walsall,E08000030,Walsall
WS2  8,52.591235,-1.981337,E08000030,Walsall,E08000030,Walsall
WS2  9,52.572978,-2.001014,E08000030,Walsall,E08000030,Walsall
WS3  1,52.607138,-1.97823,E08000030,Walsall,E08000030,Walsall
WS3  2,52.604712,-1.995625,E08000030,Walsall,E08000030,Walsall
WS3  3,52.617118,-1.990513,E08000030,Walsall,E08000030,Walsall
WS3  4,52.633899,-1.970547,E08000030,Walsall,E08000030,Walsall
WS3  5,52.635851,-1.979648,E08000030,Walsall,E08000030,Walsall
WS4  1,52.619518,-1.952862,E08000030,Walsall,E08000030,Walsall
WS4  2,52.589688,-1.976644,E08000030,Walsall,E08000030,Walsall
WS5  3,52.572891,-1.96141,E08000030,Walsall,E08000030,Walsall
WS5  4,52.554653,-1.971928,E08000028,Sandwell,E08000028,Sandwell
WS6  6,52.659568,-2.006678,E07000196,South Staffordshire,E10000028,Staffordshire
WS6  7,52.661011,-2.031369,E07000196,South Staffordshire,E10000028,Staffordshire
WS6  9,52.651026,-2.020867,E07000196,South Staffordshire,E10000028,Staffordshire
WS7  0,52.678013,-1.916531,E07000194,Lichfield,E10000028,Staffordshire
WS7  1,52.686771,-1.933409,E07000194,Lichfield,E10000028,Staffordshire
WS7  2,52.682077,-1.932085,E07000194,Lichfield,E10000028,Staffordshire
WS7  3,52.67076,-1.934336,E07000194,Lichfield,E10000028,Staffordshire
WS7  4,52.679348,-1.922593,E07000194,Lichfield,E10000028,Staffordshire
WS7  8,52.686771,-1.933365,E07000194,Lichfield,E10000028,Staffordshire
WS7  9,52.679918,-1.914782,E07000194,Lichfield,E10000028,Staffordshire
WS8  6,52.647161,-1.93177,E08000030,Walsall,E08000030,Walsall
WS8  7,52.638372,-1.922607,E08000030,Walsall,E08000030,Walsall
WS9  0,52.600298,-1.920134,E08000030,Walsall,E08000030,Walsall
WS9  1,52.606473,-1.917982,E08000030,Walsall,E08000030,Walsall
WS9  8,52.605251,-1.9189,E08000030,Walsall,E08000030,Walsall
WS9  9,52.619497,-1.927677,E08000030,Walsall,E08000030,Walsall
WV1  1,52.588483,-2.114949,E08000031,Wolverhampton,E08000031,Wolverhampton
WV1  2,52.591797,-2.099074,E08000031,Wolverhampton,E08000031,Wolverhampton
WV1  3,52.584311,-2.12459,E08000031,Wolverhampton,E08000031,Wolverhampton
WV1  4,52.589642,-2.132798,E08000031,Wolverhampton,E08000031,Wolverhampton
WV1  9,52.588331,-2.114771,E08000031,Wolverhampton,E08000031,Wolverhampton
WV10 0,52.593249,-2.122475,E08000031,Wolverhampton,E08000031,Wolverhampton
WV10 6,52.61702,-2.129056,E08000031,Wolverhampton,E08000031,Wolverhampton
WV10 7,52.642473,-2.086997,E07000196,South Staffordshire,E10000028,Staffordshire
WV10 8,52.628317,-2.11535,E08000031,Wolverhampton,E08000031,Wolverhampton
WV10 9,52.595174,-2.121418,E08000031,Wolverhampton,E08000031,Wolverhampton
WV11 1,52.615871,-2.089469,E08000031,Wolverhampton,E08000031,Wolverhampton
WV11 2,52.637808,-2.033849,E07000196,South Staffordshire,E10000028,Staffordshire
WV11 3,52.610053,-2.078426,E08000031,Wolverhampton,E08000031,Wolverhampton
WV11 9,52.608426,-2.062564,E08000031,Wolverhampton,E08000031,Wolverhampton
WV12 4,52.601291,-2.03549,E08000030,Walsall,E08000030,Walsall
WV12 5,52.610221,-2.051106,E08000031,Wolverhampton,E08000031,Wolverhampton
WV12 9,52.608534,-2.062564,E08000031,Wolverhampton,E08000031,Wolverhampton
WV13 1,52.590099,-2.056471,E08000030,Walsall,E08000030,Walsall
WV13 2,52.583951,-2.055164,E08000030,Walsall,E08000030,Walsall
WV13 3,52.592434,-2.061035,E08000030,Walsall,E08000030,Walsall
WV14 0,52.565251,-2.073596,E08000031,Wolverhampton,E08000031,Wolverhampton
WV14 4,52.565251,-2.073596,E08000031,Wolverhampton,E08000031,Wolverhampton
WV14 6,52.56738,-2.075429,E08000031,Wolverhampton,E08000031,Wolverhampton
WV14 7,52.570776,-2.064178,E08000031,Wolverhampton,E08000031,Wolverhampton
WV14 8,52.560288,-2.057465,E08000031,Wolverhampton,E08000031,Wolverhampton
WV14 9,52.545823,-2.099074,E08000027,Dudley,E08000027,Dudley
WV15 5,52.534195,-2.41486,E06000051,Shropshire,E06000051,Shropshire
WV15 6,52.508203,-2.380668,E06000051,Shropshire,E06000051,Shropshire
WV16 4,52.534331,-2.419741,E06000051,Shropshire,E06000051,Shropshire
WV16 5,52.535899,-2.431226,E06000051,Shropshire,E06000051,Shropshire
WV16 6,52.499098,-2.437524,E06000051,Shropshire,E06000051,Shropshire
WV16 8,52.592283,-2.175616,E08000031,Wolverhampton,E08000031,Wolverhampton
WV16 9,52.534331,-2.419741,E06000051,Shropshire,E06000051,Shropshire
WV2  1,52.581704,-2.124642,E08000031,Wolverhampton,E08000031,Wolverhampton
WV2  2,52.56662,-2.095034,E08000031,Wolverhampton,E08000031,Wolverhampton
WV2  3,52.576829,-2.126768,E08000031,Wolverhampton,E08000031,Wolverhampton
WV2  4,52.582457,-2.126873,E08000031,Wolverhampton,E08000031,Wolverhampton
WV3  0,52.57255,-2.142883,E08000031,Wolverhampton,E08000031,Wolverhampton
WV3  7,52.578536,-2.150547,E08000031,Wolverhampton,E08000031,Wolverhampton
WV3  8,52.577694,-2.161936,E08000031,Wolverhampton,E08000031,Wolverhampton
WV3  9,52.579791,-2.173382,E08000031,Wolverhampton,E08000031,Wolverhampton
WV4  4,52.567863,-2.14486,E08000031,Wolverhampton,E08000031,Wolverhampton
WV4  5,52.566126,-2.139838,E08000031,Wolverhampton,E08000031,Wolverhampton
WV4  6,52.565626,-2.120274,E08000031,Wolverhampton,E08000031,Wolverhampton
WV5  0,52.524742,-2.198236,E07000196,South Staffordshire,E10000028,Staffordshire
WV5  5,52.527819,-2.212518,E07000196,South Staffordshire,E10000028,Staffordshire
WV5  7,52.536841,-2.308188,E06000051,Shropshire,E06000051,Shropshire
WV5  8,52.54371,-2.193116,E07000196,South Staffordshire,E10000028,Staffordshire
WV5  9,52.533417,-2.187204,E07000196,South Staffordshire,E10000028,Staffordshire
WV6  0,52.593421,-2.145786,E08000031,Wolverhampton,E08000031,Wolverhampton
WV6  6,52.600573,-2.133392,E08000031,Wolverhampton,E08000031,Wolverhampton
WV6  7,52.591421,-2.232238,E07000196,South Staffordshire,E10000028,Staffordshire
WV6  8,52.586884,-2.173292,E08000031,Wolverhampton,E08000031,Wolverhampton
WV6  9,52.599217,-2.161042,E08000031,Wolverhampton,E08000031,Wolverhampton
WV7  3,52.642754,-2.281222,E06000051,Shropshire,E06000051,Shropshire
WV8  1,52.626101,-2.193805,E07000196,South Staffordshire,E10000028,Staffordshire
WV8  2,52.629573,-2.20332,E07000196,South Staffordshire,E10000028,Staffordshire
WV9  5,52.660631,-2.136164,E07000196,South Staffordshire,E10000028,Staffordshire
WV98 1,52.600428,-2.134307,E08000031,Wolverhampton,E08000031,Wolverhampton
WV99 1,52.67137,-2.420271,E06000020,Telford and Wrekin,E06000020,Telford and Wrekin
WV99 2,52.67137,-2.420271,E06000020,Telford and Wrekin,E06000020,Telford and Wrekin
YO1  0,53.960448,-1.092345,E06000014,York,E06000014,York
YO1  1,53.960448,-1.092345,E06000014,York,E06000014,York
YO1  2,53.960299,-1.085779,E06000014,York,E06000014,York
YO1  3,53.95451,-1.057759,E06000014,York,E06000014,York
YO1  4,53.95434,-1.078686,E06000014,York,E06000014,York
YO1  5,53.953969,-1.071456,E06000014,York,E06000014,York
YO1  6,53.95778,-1.086611,E06000014,York,E06000014,York
YO1  7,53.962775,-1.084003,E06000014,York,E06000014,York
YO1  8,53.960307,-1.085642,E06000014,York,E06000014,York
YO1  9,53.956843,-1.076894,E06000014,York,E06000014,York
YO10 3,53.95451,-1.057759,E06000014,York,E06000014,York
YO10 4,53.95434,-1.078686,E06000014,York,E06000014,York
YO10 5,53.953908,-1.07164,E06000014,York,E06000014,York
YO11 1,54.282361,-0.402319,E06000065,North Yorkshire,E06000065,North Yorkshire
YO11 2,54.277009,-0.401374,E06000065,North Yorkshire,E06000065,North Yorkshire
YO11 3,54.259831,-0.387729,E06000065,North Yorkshire,E06000065,North Yorkshire
YO11 9,54.282361,-0.402319,E06000065,North Yorkshire,E06000065,North Yorkshire
YO12 4,54.276036,-0.417584,E06000065,North Yorkshire,E06000065,North Yorkshire
YO12 5,54.276319,-0.410385,E06000065,North Yorkshire,E06000065,North Yorkshire
YO12 6,54.288194,-0.417349,E06000065,North Yorkshire,E06000065,North Yorkshire
YO12 7,54.282308,-0.408527,E06000065,North Yorkshire,E06000065,North Yorkshire
YO13 0,54.315366,-0.448529,E06000065,North Yorkshire,E06000065,North Yorkshire
YO13 9,54.22717,-0.559756,E06000065,North Yorkshire,E06000065,North Yorkshire
YO14 0,54.209122,-0.293942,E06000065,North Yorkshire,E06000065,North Yorkshire
YO14 4,54.282361,-0.402319,E06000065,North Yorkshire,E06000065,North Yorkshire
YO14 9,54.20923,-0.288862,E06000065,North Yorkshire,E06000065,North Yorkshire
YO15 1,54.113454,-0.150158,E06000011,East Riding of Yorkshire,E06000011,East Riding of Yorkshire
YO15 2,54.084456,-0.194577,E06000011,East Riding of Yorkshire,E06000011,East Riding of Yorkshire
YO15 3,54.084499,-0.195034,E06000011,East Riding of Yorkshire,E06000011,East Riding of Yorkshire
YO15 9,54.084456,-0.194577,E06000011,East Riding of Yorkshire,E06000011,East Riding of Yorkshire
YO16 4,54.089877,-0.209051,E06000011,East Riding of Yorkshire,E06000011,East Riding of Yorkshire
YO16 5,54.095228,-0.203193,E06000011,East Riding of Yorkshire,E06000011,East Riding of Yorkshire
YO16 6,54.1049,-0.208052,E06000011,East Riding of Yorkshire,E06000011,East Riding of Yorkshire
YO16 7,54.095146,-0.203151,E06000011,East Riding of Yorkshire,E06000011,East Riding of Yorkshire
YO17 0,54.134321,-0.798179,E06000065,North Yorkshire,E06000065,North Yorkshire
YO17 1,54.136054,-0.797134,E06000065,North Yorkshire,E06000065,North Yorkshire
YO17 6,54.136363,-0.834916,E06000065,North Yorkshire,E06000065,North Yorkshire
YO17 7,54.134364,-0.798009,E06000065,North Yorkshire,E06000065,North Yorkshire
YO17 8,54.135456,-0.777881,E06000065,North Yorkshire,E06000065,North Yorkshire
YO17 9,54.131716,-0.787587,E06000065,North Yorkshire,E06000065,North Yorkshire
YO18 7,54.245941,-0.77752,E06000065,North Yorkshire,E06000065,North Yorkshire
YO18 8,54.246223,-0.781425,E06000065,North Yorkshire,E06000065,North Yorkshire
YO18 9,54.237886,-0.760635,E06000065,North Yorkshire,E06000065,North Yorkshire
YO19 4,53.934931,-1.061961,E06000014,York,E06000014,York
YO19 5,53.971626,-0.971388,E06000014,York,E06000014,York
YO19 6,53.896272,-0.963209,E06000014,York,E06000014,York
YO19 9,53.959745,-1.08858,E06000014,York,E06000014,York
YO2  1,53.954154,-1.087331,E06000014,York,E06000014,York
YO2  2,53.956173,-1.091706,E06000014,York,E06000014,York
YO2  3,53.950803,-1.129947,E06000014,York,E06000014,York
YO2  4,53.953504,-1.096442,E06000014,York,E06000014,York
YO2  5,53.95171,-1.143704,E06000014,York,E06000014,York
YO2  6,53.966018,-1.126003,E06000014,York,E06000014,York
YO21 1,54.485521,-0.615389,E06000065,North Yorkshire,E06000065,North Yorkshire
YO21 2,54.466295,-0.792133,E06000065,North Yorkshire,E06000065,North Yorkshire
YO21 3,54.487067,-0.620864,E06000065,North Yorkshire,E06000065,North Yorkshire
YO21 9,54.487212,-0.62177,E06000065,North Yorkshire,E06000065,North Yorkshire
YO22 4,54.482397,-0.609382,E06000065,North Yorkshire,E06000065,North Yorkshire
YO22 5,54.459884,-0.662936,E06000065,North Yorkshire,E06000065,North Yorkshire
YO23 1,53.954099,-1.087256,E06000014,York,E06000014,York
YO23 2,53.930758,-1.087246,E06000014,York,E06000014,York
YO23 3,53.920631,-1.138857,E06000014,York,E06000014,York
YO23 7,53.86279,-1.192715,E06000065,North Yorkshire,E06000065,North Yorkshire
YO24 1,53.958694,-1.09217,E06000014,York,E06000014,York
YO24 2,53.942372,-1.1176,E06000014,York,E06000014,York
YO24 3,53.950803,-1.129917,E06000014,York,E06000014,York
YO24 4,53.95365,-1.095601,E06000014,York,E06000014,York
YO25 0,54.024915,-0.465949,E06000011,East Riding of Yorkshire,E06000011,East Riding of Yorkshire
YO25 1,53.999445,-0.459135,E06000011,East Riding of Yorkshire,E06000011,East Riding of Yorkshire
YO25 3,54.024934,-0.465979,E06000011,East Riding of Yorkshire,E06000011,East Riding of Yorkshire
YO25 4,54.01779,-0.388505,E06000011,East Riding of Yorkshire,E06000011,East Riding of Yorkshire
YO25 5,54.010708,-0.432776,E06000011,East Riding of Yorkshire,E06000011,East Riding of Yorkshire
YO25 6,54.002337,-0.432556,E06000011,East Riding of Yorkshire,E06000011,East Riding of Yorkshire
YO25 7,54.005219,-0.440642,E06000011,East Riding of Yorkshire,E06000011,East Riding of Yorkshire
YO25 8,53.971337,-0.27459,E06000011,East Riding of Yorkshire,E06000011,East Riding of Yorkshire
YO25 9,53.993299,-0.440507,E06000011,East Riding of Yorkshire,E06000011,East Riding of Yorkshire
YO26 0,53.960448,-1.092345,E06000014,York,E06000014,York
YO26 4,53.95697,-1.098425,E06000014,York,E06000014,York
YO26 5,53.951756,-1.143764,E06000014,York,E06000014,York
YO26 6,53.965871,-1.125595,E06000014,York,E06000014,York
YO26 7,53.966962,-1.291434,E06000065,North Yorkshire,E06000065,North Yorkshire
YO26 8,54.005562,-1.301749,E06000065,North Yorkshire,E06000065,North Yorkshire
YO26 9,54.035612,-1.293199,E06000065,North Yorkshire,E06000065,North Yorkshire
YO3  0,53.967036,-1.060754,E06000014,York,E06000014,York
YO3  3,54.015525,-1.081654,E06000014,York,E06000014,York
YO3  4,53.980146,-1.074229,E06000014,York,E06000014,York
YO3  5,54.030541,-1.043264,E06000014,York,E06000014,York
YO3  6,53.965887,-1.091434,E06000014,York,E06000014,York
YO3  7,53.964622,-1.091751,E06000014,York,E06000014,York
YO3  8,53.98479,-1.072784,E06000014,York,E06000014,York
YO3  9,53.976299,-1.069603,E06000014,York,E06000014,York
YO30 1,54.0221,-1.157293,E06000065,North Yorkshire,E06000065,North Yorkshire
YO30 2,54.043846,-1.240251,E06000065,North Yorkshire,E06000065,North Yorkshire
YO30 4,53.989712,-1.103056,E06000014,York,E06000014,York
YO30 5,53.978226,-1.065367,E06000014,York,E06000014,York
YO30 6,53.965887,-1.091434,E06000014,York,E06000014,York
YO30 7,53.964786,-1.091977,E06000014,York,E06000014,York
YO31 0,53.967027,-1.060785,E06000014,York,E06000014,York
YO31 1,53.971136,-1.049517,E06000014,York,E06000014,York
YO31 6,53.978369,-1.065318,E06000014,York,E06000014,York
YO31 7,53.965566,-1.067052,E06000014,York,E06000014,York
YO31 8,53.967993,-1.071693,E06000014,York,E06000014,York
YO31 9,53.976308,-1.069572,E06000014,York,E06000014,York
YO32 2,54.02483,-1.144202,E06000014,York,E06000014,York
YO32 3,54.006453,-1.0754,E06000014,York,E06000014,York
YO32 4,53.989726,-1.075359,E06000014,York,E06000014,York
YO32 5,54.030595,-1.043263,E06000014,York,E06000014,York
YO32 9,53.991659,-1.05689,E06000014,York,E06000014,York
YO4  1,53.990858,-0.913885,E06000011,East Riding of Yorkshire,E06000011,East Riding of Yorkshire
YO4  2,53.931983,-0.777082,E06000011,East Riding of Yorkshire,E06000011,East Riding of Yorkshire
YO4  3,53.864196,-0.665951,E06000011,East Riding of Yorkshire,E06000011,East Riding of Yorkshire
YO4  4,53.836502,-0.767631,E06000011,East Riding of Yorkshire,E06000011,East Riding of Yorkshire
YO4  5,53.91984,-0.935659,E06000014,York,E06000014,York
YO4  6,53.896499,-0.963523,E06000014,York,E06000014,York
YO41 1,53.990848,-0.913809,E06000011,East Riding of Yorkshire,E06000011,East Riding of Yorkshire
YO41 4,53.920003,-0.932731,E06000014,York,E06000014,York
YO41 5,53.956618,-0.883913,E06000011,East Riding of Yorkshire,E06000011,East Riding of Yorkshire
YO42 1,53.952524,-0.800513,E06000011,East Riding of Yorkshire,E06000011,East Riding of Yorkshire
YO42 2,53.93202,-0.777249,E06000011,East Riding of Yorkshire,E06000011,East Riding of Yorkshire
YO42 4,53.874339,-0.780437,E06000011,East Riding of Yorkshire,E06000011,East Riding of Yorkshire
YO42 9,53.93202,-0.777249,E06000011,East Riding of Yorkshire,E06000011,East Riding of Yorkshire
YO43 3,53.864187,-0.665997,E06000011,East Riding of Yorkshire,E06000011,East Riding of Yorkshire
YO43 4,53.836466,-0.767571,E06000011,East Riding of Yorkshire,E06000011,East Riding of Yorkshire
YO5  7,53.86279,-1.192715,E06000065,North Yorkshire,E06000065,North Yorkshire
YO5  8,54.005553,-1.301765,E06000065,North Yorkshire,E06000065,North Yorkshire
YO5  9,54.096133,-1.396913,E06000065,North Yorkshire,E06000065,North Yorkshire
YO51 9,54.096133,-1.396928,E06000065,North Yorkshire,E06000065,North Yorkshire
YO6  1,54.022109,-1.157278,E06000065,North Yorkshire,E06000065,North Yorkshire
YO6  2,54.043064,-1.24167,E06000065,North Yorkshire,E06000065,North Yorkshire
YO6  3,54.122115,-1.192647,E06000065,North Yorkshire,E06000065,North Yorkshire
YO6  4,54.186947,-1.180014,E06000065,North Yorkshire,E06000065,North Yorkshire
YO6  5,54.24463,-1.058254,E06000065,North Yorkshire,E06000065,North Yorkshire
YO6  6,54.269796,-0.931997,E06000065,North Yorkshire,E06000065,North Yorkshire
YO6  7,54.164819,-0.933048,E06000065,North Yorkshire,E06000065,North Yorkshire
YO60 6,54.089061,-0.995855,E06000065,North Yorkshire,E06000065,North Yorkshire
YO60 7,54.061536,-0.907613,E06000065,North Yorkshire,E06000065,North Yorkshire
YO61 1,54.082455,-1.247068,E06000065,North Yorkshire,E06000065,North Yorkshire
YO61 2,54.124022,-1.327441,E06000065,North Yorkshire,E06000065,North Yorkshire
YO61 3,54.122249,-1.19243,E06000065,North Yorkshire,E06000065,North Yorkshire
YO61 4,54.186938,-1.179969,E06000065,North Yorkshire,E06000065,North Yorkshire
YO62 4,54.164686,-0.933174,E06000065,North Yorkshire,E06000065,North Yorkshire
YO62 5,54.244604,-1.058362,E06000065,North Yorkshire,E06000065,North Yorkshire
YO62 6,54.269832,-0.932104,E06000065,North Yorkshire,E06000065,North Yorkshire
YO62 7,54.240047,-0.984077,E06000065,North Yorkshire,E06000065,North Yorkshire
YO7  1,54.233551,-1.342002,E06000065,North Yorkshire,E06000065,North Yorkshire
YO7  2,54.233575,-1.317148,E06000065,North Yorkshire,E06000065,North Yorkshire
YO7  3,54.228492,-1.329105,E06000065,North Yorkshire,E06000065,North Yorkshire
YO7  4,54.243301,-1.35001,E06000065,North Yorkshire,E06000065,North Yorkshire
YO7  9,54.232615,-1.328747,E06000065,North Yorkshire,E06000065,North Yorkshire
YO8  0,53.781626,-1.065077,E06000065,North Yorkshire,E06000065,North Yorkshire
YO8  1,53.784954,-1.067705,E06000065,North Yorkshire,E06000065,North Yorkshire
YO8  3,53.786709,-1.070322,E06000065,North Yorkshire,E06000065,North Yorkshire
YO8  4,53.783199,-1.063858,E06000065,North Yorkshire,E06000065,North Yorkshire
YO8  5,53.786348,-1.062012,E06000065,North Yorkshire,E06000065,North Yorkshire
YO8  6,53.777149,-0.996965,E06000065,North Yorkshire,E06000065,North Yorkshire
YO8  7,53.786348,-1.062012,E06000065,North Yorkshire,E06000065,North Yorkshire
YO8  8,53.779069,-1.064542,E06000065,North Yorkshire,E06000065,North Yorkshire
YO8  9,53.778933,-1.078324,E06000065,North Yorkshire,E06000065,North Yorkshire
YO90 1,53.958935,-1.088385,E06000014,York,E06000014,York
YO91 1,53.974726,-1.075431,E06000014,York,E06000014,York
YO95 1,53.926683,-0.815113,E06000011,East Riding of Yorkshire,E06000011,East Riding of Yorkshire
ZE1  0,60.153231,-1.141602,S12000027,Shetland Islands,S12000027,Shetland Islands
ZE1  9,60.153231,-1.141602,S12000027,Shetland Islands,S12000027,Shetland Islands
ZE2  9,60.340022,-1.022469,S12000027,Shetland Islands,S12000027,Shetland Islands
ZE3  9,59.887056,-1.307637,S12000027,Shetland Islands,S12000027,Shetland Islands
